ax,ay,az,temp
-0.88,-11.6,-1.96,32.82
-1.01,-10.98,-1.06,32.79
-0.54,-9.29,-1.76,32.8
-1.58,-5.77,-6.73,32.79
-3.87,-7.32,-5.85,32.83
-2.64,-10.2,-2.39,32.78
-1.04,-12.31,-0.4,32.74
-1.96,-8.63,-2.23,32.78
-1.75,-5.15,-7.1,32.79
-4.92,-7.07,-5.96,32.78
-2.88,-10.23,-1.02,32.74
0.28,-11.75,-2.18,32.79
-1.98,-8.88,-1.79,32.76
-2.43,-4.9,-7.22,32.83
-2.62,-6.89,-5.83,32.78
-1.5,-11.34,-1.55,32.78
-0.82,-10.97,-0.71,32.77
-1.41,-9.28,-1.36,32.76
-1.03,-5.28,-7.29,32.77
-6.12,-6.92,-5.71,32.77
-2.6,-11.4,-0.36,32.82
-0.5,-5.91,-4.37,32.84
-2.76,-5.19,-5.78,32.82
-1.18,-10.08,-2.78,32.74
1.46,-13.41,-0.99,32.76
0.23,-10.3,-0.79,32.78
-0.29,-5.13,-5.31,32.78
-1.8,-5.24,-7.64,32.77
-1.58,-11.49,-1.79,32.77
-0.31,-12.73,-2.07,32.77
-0.84,-10.72,-2.35,32.82
-0.12,-5.28,-5.59,32.79
-4.37,-4.26,-7.42,32.77
-2.89,-10.19,-2.37,32.77
-0.66,-13.73,-1.42,32.76
0.31,-10.3,0.2,32.79
0.51,-6.3,-6.01,32.77
-3.55,-5.74,-6.35,32.76
-3.49,-10.91,-0.86,32.78
0.12,-12.84,-1.63,32.77
-0.32,-7.85,-4.5,32.79
-0.79,-5.76,-5.93,32.82
-3.89,-8.12,-1.53,32.79
0.26,-13.2,-0.38,32.79
0.76,-11.12,-1.84,32.81
0.65,-7.24,-3.23,32.85
2.25,-5.76,-7.52,32.82
-2.53,-8.56,-1.26,32.76
-1.41,-12.08,0.43,32.77
0.59,-13.82,-3.15,32.81
0.62,-8.34,-3.63,32.78
2.09,-5.75,-7.05,32.78
-3.43,-8.02,-3.63,32.79
-3.11,-11.88,-0.44,32.76
-0.41,-13.58,-2.99,32.79
0.82,-6.88,-4.86,32.81
-0.33,-4.96,-7.65,32.75
-4.45,-8.47,-2.02,32.81
-1.1,-13.24,-0.33,32.77
2.89,-10.23,-3.61,32.84
-0.99,-12.62,0.35,32.79
-2.03,-9.84,0.07,32.75
-0.99,-8.55,-6.4,32.77
-3.23,-7.9,-8.03,32.79
1.35,-9.99,-4.06,32.75
0.28,-12.02,0.02,32.76
-2.58,-10.33,-1.02,32.76
-0.98,-7.67,-7.93,32.77
-4.15,-7.07,-7.95,32.77
0.62,-10.0,-4.52,32.78
-0.06,-12.02,0.19,32.77
-3.64,-9.57,-1.57,32.78
-2.59,-6.88,-8.53,32.77
-4.51,-7.57,-5.84,32.79
0.24,-10.78,-3.72,32.71
0.48,-12.83,-1.49,32.79
-2.75,-9.4,-1.14,32.77
-1.95,-7.57,-8.29,32.78
-3.88,-7.54,-7.58,32.74
-0.61,-10.96,-3.38,32.74
1.7,-11.43,-1.26,32.77
-2.99,-9.46,-2.66,32.76
-3.71,-6.02,-8.57,32.81
-5.15,-7.62,-6.61,32.74
1.65,-10.73,-4.77,32.79
2.6,-10.89,-1.82,32.76
-0.62,-12.62,0.21,32.75
-1.47,-8.58,-5.46,32.74
-3.19,-7.65,-6.48,32.76
0.18,-9.66,-6.48,32.75
0.42,-11.26,-1.65,32.73
-0.88,-12.07,-1.2,32.73
-2.83,-7.18,-5.49,32.74
-4.24,-8.11,-8.76,32.75
-0.26,-9.49,-5.67,32.77
1.08,-12.29,-0.5,32.77
-1.11,-11.18,-1.96,32.79
-4.57,-7.99,-6.9,32.74
0.29,-8.71,-5.18,32.79
0.63,-8.55,-3.49,32.77
-2.56,-11.26,-0.82,32.75
-2.51,-11.17,-1.9,32.7
-2.8,-8.16,-7.25,32.78
-0.34,-7.8,-7.91,32.77
0.91,-9.48,-2.76,32.76
-0.03,-12.33,-0.18,32.76
-2.04,-10.91,-3.45,32.75
-3.98,-6.38,-7.56,32.77
0.52,-8.62,-6.95,32.74
0.18,-10.55,-3.03,32.78
-1.57,-11.35,0.15,32.76
-1.72,-12.2,-3.39,32.76
-4.33,-6.98,-7.78,32.77
-0.9,-8.35,-5.16,32.77
2.37,-12.11,-2.8,32.81
-0.23,-11.58,0.03,32.74
-1.44,-11.26,-2.44,32.75
-4.92,-7.23,-6.79,32.79
0.9,-8.62,-6.35,32.76
1.5,-10.82,-2.8,32.82
0.06,-11.64,-0.08,32.72
1.14,-11.03,-3.7,32.78
-4.05,-6.91,-5.83,32.77
-0.48,-8.29,-5.83,32.77
4.06,-10.07,-2.56,32.78
0.57,-10.69,-0.4,32.76
-2.12,-12.06,-2.66,32.74
-2.2,-8.13,-6.62,32.76
0.56,-8.09,-6.89,32.77
2.91,-9.89,-3.12,32.74
-0.07,-12.73,0.11,32.76
-3.27,-10.47,-2.66,32.76
-3.33,-8.0,-7.71,32.79
2.75,-8.46,-9.06,32.78
-0.33,-9.97,-2.77,32.74
-2.25,-11.97,-0.16,32.76
-1.69,-9.93,-3.81,32.78
-4.51,-7.43,-6.55,32.75
0.09,-8.83,-5.98,32.79
0.65,-11.36,-1.85,32.72
-2.03,-10.37,0.23,32.72
-2.94,-10.19,-4.26,32.77
-5.25,-7.1,-7.04,32.77
0.03,-9.39,-5.79,32.79
-0.61,-9.97,-1.71,32.76
-1.42,-11.6,0.05,32.77
-2.71,-9.73,-3.47,32.77
-3.93,-8.94,-6.32,32.82
1.49,-9.69,-6.85,32.75
2.47,-10.29,-2.14,32.77
-1.61,-11.07,-0.41,32.77
-3.06,-7.94,-6.2,32.78
-3.82,-7.18,-8.12,32.76
-0.86,-9.36,-5.59,32.77
0.47,-10.08,-1.02,32.8
-2.16,-10.79,-0.07,32.79
-3.65,-8.55,-4.58,32.74
-3.27,-6.81,-7.24,32.74
1.69,-9.93,-5.73,32.75
1.78,-9.98,-0.78,32.78
-2.38,-11.42,-0.37,32.72
-2.69,-9.35,-4.66,32.74
-3.76,-8.17,-5.91,32.78
2.92,-9.95,-7.08,32.71
1.08,-10.12,-0.53,32.78
-2.14,-12.66,0.71,32.72
-0.78,-8.15,-6.01,32.74
-3.38,-8.17,-7.59,32.77
-0.39,-8.05,-5.15,32.76
0.01,-10.62,-0.52,32.78
-3.34,-10.92,-1.09,32.78
-3.28,-7.95,-5.72,32.8
-2.7,-9.17,-6.15,32.74
-0.27,-8.82,-5.61,32.77
-2.0,-7.17,-3.77,32.73
-1.83,-6.47,-7.05,32.75
-4.47,-7.69,-4.19,32.73
0.63,-11.92,-2.25,32.74
-1.46,-9.93,-0.45,32.77
-3.37,-8.61,-2.03,32.71
-1.92,-5.74,-8.19,32.72
-4.16,-5.39,-9.18,32.73
-1.41,-11.58,-0.79,32.75
-1.49,-9.27,-0.17,32.76
-2.84,-9.32,-0.35,32.76
-2.95,-5.94,-7.13,32.77
-4.83,-5.81,-7.86,32.77
-2.05,-11.24,-2.83,32.8
-1.26,-11.21,1.95,32.72
-3.19,-9.12,-0.68,32.79
-3.52,-7.13,-5.16,32.78
-4.62,-7.52,-6.24,32.75
-2.74,-11.03,-3.45,32.76
-0.41,-6.78,-4.22,32.7
0.66,-5.14,-6.27,32.79
-3.54,-5.75,-7.0,32.69
-2.27,-11.43,0.11,32.73
1.76,-12.29,-2.83,32.73
-0.25,-9.14,-0.87,32.77
0.34,-5.57,-6.32,32.75
-1.7,-7.06,-5.56,32.72
-0.7,-12.74,-0.34,32.76
2.19,-13.74,-1.4,32.75
-1.02,-8.88,-2.03,32.74
0.35,-4.77,-7.32,32.73
-2.46,-7.68,-6.1,32.78
-2.71,-12.31,1.37,32.72
0.02,-12.58,-0.54,32.76
-0.05,-8.37,-2.85,32.74
0.79,-5.5,-8.02,32.71
-2.92,-7.44,-3.48,32.73
-0.39,-13.36,0.65,32.77
-2.6,-9.08,-4.82,32.74
-2.88,-8.64,-8.01,32.74
-0.77,-7.78,-6.16,32.77
1.01,-9.49,-5.02,32.74
-3.24,-11.53,0.21,32.79
-2.83,-10.47,-2.59,32.76
-2.19,-9.27,-6.62,32.74
-1.4,-6.89,-7.25,32.74
1.21,-8.53,-4.24,32.74
-1.52,-11.16,-0.77,32.72
-2.67,-10.64,-2.41,32.73
-3.8,-8.52,-6.15,32.74
0.14,-8.26,-8.44,32.72
0.82,-9.37,-4.06,32.75
-0.41,-11.37,-0.71,32.76
-1.85,-10.28,-2.44,32.8
-2.59,-8.46,-7.09,32.72
-0.23,-6.95,-7.11,32.75
2.71,-9.93,-4.28,32.73
-2.31,-8.28,-1.91,32.72
-0.85,-6.76,-5.08,32.79
-4.69,-5.91,-7.23,32.79
-3.57,-9.78,-0.86,32.7
2.08,-13.58,-2.29,32.75
-0.81,-9.02,-0.22,32.77
-1.48,-3.92,-6.17,32.75
-2.29,-4.94,-6.92,32.8
-1.57,-11.86,0.11,32.77
-0.28,-11.44,0.72,32.74
-0.17,-11.21,-1.3,32.76
1.1,-5.44,-5.8,32.73
-2.25,-6.68,-5.7,32.76
-2.65,-10.17,-0.51,32.71
1.43,-11.96,-0.68,32.73
-1.0,-9.51,-1.2,32.77
0.87,-5.83,-6.44,32.74
-2.55,-6.32,-5.47,32.74
-1.69,-10.92,-0.48,32.73
-3.16,-7.95,-6.48,32.74
-3.72,-8.09,-9.18,32.74
0.53,-10.11,-5.17,32.7
-1.15,-11.33,-0.69,32.72
-3.57,-10.32,-2.58,32.77
-2.06,-8.42,-6.96,32.79
-4.19,-8.48,-6.55,32.77
0.91,-10.27,-4.21,32.71
0.84,-11.36,-2.64,32.75
-2.86,-10.71,-1.24,32.73
-2.92,-8.09,-7.29,32.72
-4.13,-8.08,-6.76,32.77
0.11,-10.54,-4.18,32.72
-1.29,-11.41,-0.04,32.74
-0.85,-10.89,-2.64,32.71
-1.58,-6.42,-9.0,32.73
-4.43,-8.88,-6.63,32.75
2.09,-9.04,-5.58,32.7
0.66,-11.36,-0.93,32.72
-2.8,-9.57,-3.54,32.72
-1.69,-11.23,-3.28,32.69
0.37,-12.55,-0.31,32.74
-0.88,-10.5,-1.77,32.78
-2.79,-5.07,-7.19,32.74
-5.22,-8.27,-7.12,32.72
-1.5,-10.15,-3.38,32.68
-0.51,-13.28,-1.77,32.79
-2.3,-9.19,-2.22,32.74
-3.34,-5.4,-7.54,32.74
-3.13,-10.1,-5.56,32.79
-2.66,-12.02,-2.58,32.73
-0.04,-11.79,-2.39,32.72
0.32,-8.88,-4.41,32.76
-4.91,-4.84,-8.13,32.74
-5.32,-6.84,-7.61,32.72
-0.4,-11.83,-3.93,32.75
-0.46,-11.17,-0.53,32.71
-2.04,-8.77,-2.49,32.72
-4.53,-7.81,-6.03,32.75
-2.42,-9.74,-5.16,32.71
0.53,-12.25,-2.28,32.71
-2.19,-10.7,0.79,32.7
-2.25,-9.72,-4.92,32.73
-4.9,-5.16,-8.9,32.72
-3.1,-9.85,-4.02,32.74
1.49,-12.96,-2.01,32.75
-2.09,-10.32,0.22,32.74
-2.38,-8.32,-5.44,32.73
-3.57,-7.17,-8.43,32.69
-2.27,-11.38,-2.12,32.73
1.0,-11.48,-2.75,32.73
-0.42,-10.11,-0.93,32.75
-2.59,-5.14,-6.76,32.79
-4.88,-6.74,-7.46,32.71
-1.11,-11.83,-3.02,32.69
1.3,-11.41,-1.28,32.78
0.52,-11.29,1.52,32.68
-1.67,-6.77,-4.95,32.74
-4.85,-6.17,-7.49,32.74
-2.05,-10.56,-4.23,32.77
1.64,-12.6,-1.26,32.77
-1.88,-10.25,-0.39,32.71
-0.89,-6.21,-5.94,32.75
-1.74,-8.26,-7.68,32.75
-1.85,-10.83,-2.19,32.71
0.39,-12.8,-1.61,32.7
0.24,-9.78,-2.13,32.73
-2.67,-5.62,-6.54,32.7
-4.52,-7.63,-6.19,32.73
-2.85,-10.98,-1.99,32.76
-0.04,-12.0,-0.6,32.7
-2.1,-10.75,-1.07,32.7
-2.15,-6.39,-6.81,32.75
-4.09,-7.44,-5.64,32.73
-2.8,-10.38,-2.03,32.74
0.77,-12.6,-1.0,32.74
0.59,-9.2,-1.39,32.73
-2.88,-5.3,-7.14,32.7
-4.69,-6.29,-6.16,32.71
-1.1,-11.46,-1.98,32.7
-0.22,-11.87,-0.91,32.71
-1.81,-8.21,-1.71,32.74
-2.91,-5.81,-6.74,32.71
-3.78,-7.84,-6.8,32.78
-1.59,-12.59,-1.18,32.77
2.05,-12.3,-2.25,32.71
-1.67,-7.74,-2.57,32.77
-2.97,-4.95,-7.71,32.72
-3.68,-6.32,-8.13,32.73
-2.89,-11.46,-0.96,32.71
0.65,-12.7,-0.43,32.74
-2.0,-9.47,-2.04,32.75
-3.12,-4.74,-7.78,32.77
-3.32,-7.24,-6.06,32.73
-0.38,-12.09,-2.11,32.68
-0.5,-10.65,0.02,32.74
-1.15,-10.14,-2.05,32.77
-1.23,-3.78,-7.52,32.72
-4.31,-7.36,-5.46,32.69
-2.81,-11.62,-1.36,32.71
-0.15,-11.16,0.14,32.73
-0.33,-9.09,-2.41,32.72
-1.73,-4.59,-7.76,32.72
-4.8,-7.88,-3.05,32.72
-1.5,-12.12,-1.63,32.73
2.05,-12.21,-1.48,32.75
-1.14,-7.86,-2.96,32.74
-1.9,-5.42,-6.6,32.73
-3.16,-8.81,-3.83,32.71
-0.48,-11.33,-1.61,32.74
0.13,-11.6,-1.64,32.76
-1.62,-7.09,-3.53,32.7
-1.8,-5.13,-7.04,32.73
-3.65,-6.6,-6.8,32.75
-1.5,-12.08,-0.91,32.76
0.27,-5.78,-4.24,32.72
0.33,-11.39,-0.66,32.7
-1.52,-11.56,2.07,32.72
-0.88,-11.26,-2.8,32.71
0.45,-8.0,-6.75,32.73
2.27,-8.25,-4.67,32.72
1.92,-9.41,-2.6,32.73
-0.6,-11.41,1.81,32.71
-1.41,-11.01,-3.11,32.72
-0.12,-9.26,-5.12,32.74
1.11,-6.75,-6.07,32.7
1.92,-8.42,-3.2,32.73
-1.64,-12.11,-0.05,32.74
-3.07,-10.4,-1.07,32.72
-0.52,-10.68,-5.99,32.72
1.47,-6.9,-6.2,32.69
0.06,-9.35,-2.99,32.74
-0.56,-11.85,-0.93,32.72
-0.18,-10.42,-3.59,32.71
-0.33,-10.15,-0.57,32.73
-2.42,-8.08,-1.68,32.7
-1.7,-5.92,-8.13,32.68
-3.95,-7.65,-4.11,32.73
1.2,-11.49,-3.14,32.69
-0.01,-11.57,-0.22,32.67
-3.51,-7.74,-2.53,32.72
-3.04,-5.37,-8.63,32.7
-2.64,-8.65,-5.51,32.68
-0.46,-11.34,-2.8,32.69
-1.76,-11.42,0.79,32.7
-1.26,-7.8,-4.73,32.75
-3.22,-6.75,-6.98,32.74
-3.57,-8.44,-3.72,32.74
0.93,-11.84,-2.4,32.68
-1.86,-11.32,-0.43,32.73
-3.27,-7.62,-2.77,32.72
-2.32,-6.78,-8.14,32.69
-4.19,-8.28,-4.21,32.72
-2.36,-10.67,-0.51,32.71
-3.16,-10.05,-0.85,32.7
-2.75,-7.25,-6.4,32.69
-3.0,-8.31,-7.35,32.69
-0.82,-11.65,-3.46,32.72
-0.88,-10.96,-0.88,32.7
-2.09,-9.07,-2.51,32.74
-2.52,-6.1,-6.86,32.71
-2.9,-9.07,-5.85,32.72
-0.63,-11.34,-2.79,32.69
-1.07,-12.51,0.34,32.72
-1.68,-8.91,-2.93,32.71
-2.24,-4.92,-7.75,32.69
-4.85,-7.71,-6.87,32.66
-2.95,-10.91,-1.37,32.67
-0.03,-12.41,-1.09,32.72
-0.42,-9.65,-1.69,32.69
-1.75,-5.54,-7.83,32.69
-5.69,-6.68,-5.3,32.73
0.19,-6.79,-2.22,32.72
-2.65,-12.73,0.11,32.72
-0.48,-12.94,-2.15,32.73
0.66,-8.25,-6.36,32.7
-0.69,-5.93,-6.74,32.71
-1.06,-7.71,-3.12,32.72
-2.03,-11.96,-0.22,32.69
-0.64,-12.38,-1.45,32.66
0.24,-8.7,-6.15,32.66
1.6,-7.49,-4.6,32.72
0.75,-7.43,-3.57,32.69
-1.8,-11.5,-0.15,32.71
-0.37,-13.13,-0.42,32.67
-2.1,-10.18,-3.3,32.73
0.63,-6.56,-7.81,32.71
0.16,-7.46,-4.08,32.68
-1.77,-11.9,1.39,32.7
-1.62,-12.37,-1.53,32.74
-1.48,-11.11,-5.5,32.72
-0.32,-5.0,-5.88,32.68
-3.3,-7.06,-5.49,32.7
-1.03,-12.08,-0.28,32.7
-0.06,-12.27,-2.06,32.67
-2.13,-7.3,-4.45,32.71
-2.47,-4.85,-7.77,32.69
-4.08,-7.45,-3.56,32.68
-1.76,-12.36,-0.29,32.69
-0.85,-11.73,-2.3,32.65
-1.39,-6.91,-2.99,32.69
-0.54,-5.22,-7.18,32.64
-3.17,-7.93,-4.31,32.69
-1.6,-12.26,0.1,32.67
0.82,-11.57,-2.62,32.67
-1.81,-7.8,-3.31,32.69
-1.29,-4.21,-7.15,32.69
-2.46,-7.97,-2.56,32.67
-1.19,-11.67,0.38,32.71
-0.31,-10.3,-2.67,32.66
-0.75,-8.04,-3.48,32.68
0.57,-5.4,-6.0,32.7
-3.05,-7.51,-1.94,32.67
-1.98,-11.23,1.86,32.69
-1.15,-12.16,-0.97,32.68
0.17,-6.68,-4.77,32.69
2.22,-6.08,-5.79,32.65
-0.72,-8.3,-2.6,32.68
0.62,-11.41,0.79,32.66
0.13,-11.6,-1.88,32.7
0.8,-6.47,-3.17,32.71
1.59,-7.08,-5.54,32.67
-1.22,-6.85,-1.19,32.67
0.71,-13.03,0.34,32.66
-0.59,-12.88,0.21,32.67
-1.19,-7.03,-4.62,32.71
1.17,-5.99,-6.15,32.69
-0.58,-8.31,-0.76,32.67
-1.22,-13.19,0.41,32.73
-0.59,-10.22,-2.17,32.67
0.58,-7.48,-4.57,32.69
0.9,-5.57,-5.49,32.7
0.05,-8.55,-1.21,32.67
1.0,-13.65,0.52,32.68
-0.53,-10.87,-0.63,32.66
-0.52,-8.66,-4.66,32.68
1.26,-5.92,-5.07,32.71
0.65,-9.7,-2.34,32.72
-0.36,-12.66,0.7,32.67
-1.04,-10.89,-2.87,32.64
-0.36,-7.38,-5.9,32.68
-1.03,-12.52,-0.97,32.63
-2.33,-12.01,-3.01,32.65
0.55,-8.54,-5.66,32.7
2.34,-7.01,-5.8,32.65
-0.67,-9.72,-1.04,32.69
-0.82,-12.81,1.94,32.68
1.0,-11.69,-3.47,32.67
0.84,-8.35,-5.56,32.65
0.73,-7.28,-4.9,32.69
0.6,-9.66,-2.18,32.67
-1.95,-12.06,1.64,32.65
-0.16,-10.59,-3.3,32.69
0.76,-8.59,-6.19,32.69
-0.14,-7.06,-3.94,32.69
0.72,-10.35,-1.55,32.68
0.5,-13.79,0.02,32.66
-1.87,-10.58,-3.25,32.69
-0.29,-8.78,-6.25,32.68
2.28,-7.19,-5.41,32.69
0.47,-10.25,-0.24,32.69
-0.97,-12.52,0.74,32.64
0.31,-10.82,-5.2,32.65
-0.69,-7.53,-7.08,32.7
0.21,-6.68,-5.15,32.69
0.53,-9.89,-1.95,32.69
-0.93,-12.26,0.4,32.68
-2.02,-9.8,-2.86,32.67
-0.78,-8.59,-7.45,32.66
2.72,-8.09,-5.42,32.68
-0.78,-9.34,0.06,32.7
-1.49,-12.0,0.25,32.66
-1.4,-10.2,-3.71,32.67
-1.68,-8.42,-5.94,32.7
1.88,-8.82,-5.79,32.67
0.66,-10.76,-0.6,32.68
-0.79,-12.44,1.02,32.66
-0.49,-10.64,-5.64,32.67
-2.64,-8.33,-7.2,32.71
-3.67,-7.93,-6.84,32.64
0.79,-7.63,-6.21,32.67
-0.04,-13.43,-0.26,32.65
-2.04,-10.98,0.02,32.65
-0.88,-10.32,-5.28,32.63
-2.39,-7.79,-8.58,32.67
-0.74,-9.15,-4.07,32.67
0.19,-11.39,-1.75,32.68
-0.21,-11.79,-1.44,32.62
-1.76,-9.86,-5.28,32.64
-4.22,-6.37,-8.66,32.65
0.43,-9.32,-4.14,32.65
1.99,-12.62,-1.39,32.65
-1.66,-10.56,-0.54,32.67
-1.64,-9.0,-5.67,32.71
-1.31,-8.1,-8.0,32.67
-0.05,-9.3,-3.83,32.67
-0.49,-10.18,-0.78,32.64
-0.29,-11.34,-0.84,32.68
-1.75,-9.25,-5.31,32.66
-0.68,-10.33,-5.08,32.67
0.53,-8.55,-2.63,32.69
-1.33,-11.32,0.16,32.69
-1.27,-11.73,-2.97,32.65
-2.61,-7.6,-7.08,32.69
-1.19,-9.18,-5.54,32.68
1.71,-10.54,-4.06,32.69
-1.08,-10.52,0.38,32.68
-1.57,-11.62,-2.3,32.67
-1.49,-7.52,-8.01,32.66
-2.39,-7.56,-6.37,32.67
-0.25,-10.25,-2.22,32.69
-0.09,-11.34,0.91,32.66
-0.61,-10.82,-2.89,32.63
-1.4,-6.85,-6.99,32.65
-1.93,-9.05,-6.29,32.64
0.67,-9.62,-3.19,32.67
-0.75,-11.84,-0.58,32.61
-2.5,-11.22,-1.87,32.67
-2.95,-7.92,-7.59,32.67
-3.53,-6.85,-6.64,32.69
0.16,-9.36,-3.29,32.65
-1.05,-12.91,0.11,32.63
-1.89,-10.59,-1.64,32.67
-0.98,-6.83,-9.49,32.67
-4.55,-7.06,-5.59,32.64
-0.94,-11.98,-3.34,32.67
-0.16,-11.42,0.19,32.67
-1.42,-11.04,-3.07,32.66
-1.98,-6.2,-6.65,32.61
-4.38,-8.33,-5.15,32.65
2.25,-11.32,-3.85,32.68
0.59,-10.6,-0.3,32.67
-2.67,-9.32,-2.32,32.69
-2.14,-7.75,-7.75,32.63
-4.47,-5.78,-5.39,32.67
0.2,-11.28,-3.77,32.67
-0.72,-11.45,-0.49,32.64
-1.19,-11.45,0.45,32.69
-1.76,-13.17,0.75,32.61
-0.75,-11.43,-3.39,32.61
-0.57,-7.27,-5.48,32.61
1.82,-7.51,-5.63,32.69
-0.75,-9.33,-1.29,32.67
-0.34,-13.93,1.23,32.62
-1.28,-10.35,-4.91,32.67
-0.24,-7.05,-5.78,32.66
2.31,-7.65,-4.84,32.65
0.5,-10.7,-0.96,32.67
-0.44,-12.98,-0.18,32.64
-1.04,-9.11,-5.44,32.65
0.61,-6.8,-6.04,32.66
1.25,-8.31,-5.13,32.64
0.51,-10.64,-0.84,32.69
-0.06,-12.7,0.44,32.66
0.55,-10.43,-5.99,32.64
-1.59,-7.6,-6.21,32.61
-1.75,-10.59,-1.82,32.69
-0.49,-12.65,-0.87,32.7
-1.41,-9.81,-1.65,32.66
0.64,-6.52,-4.58,32.64
-0.65,-5.25,-6.15,32.66
-3.03,-9.59,0.32,32.68
0.22,-11.77,-0.47,32.64
1.7,-10.34,-2.1,32.65
0.98,-6.56,-5.09,32.63
-0.55,-6.1,-4.71,32.69
-2.52,-9.59,-1.8,32.68
-1.59,-11.71,-0.21,32.65
-0.81,-9.95,-2.08,32.64
0.06,-7.23,-5.28,32.66
0.91,-6.01,-7.18,32.69
-3.27,-7.58,-4.56,32.67
-0.13,-12.59,0.46,32.62
0.82,-12.22,0.02,32.67
-1.87,-8.37,-2.09,32.65
-0.44,-11.7,0.82,32.66
0.21,-11.98,-0.58,32.68
-0.12,-9.73,-3.79,32.63
-0.64,-6.23,-4.15,32.64
0.71,-8.0,-5.49,32.64
-1.22,-10.41,-1.91,32.65
1.31,-12.88,-0.5,32.65
-0.32,-10.11,-3.95,32.67
-1.39,-5.81,-5.76,32.62
0.43,-7.19,-6.96,32.64
-0.91,-10.88,-1.89,32.65
0.29,-13.08,0.47,32.63
-0.5,-11.71,-3.8,32.64
-0.6,-6.97,-5.49,32.64
-0.18,-8.18,-5.72,32.66
-0.23,-10.61,-0.38,32.66
-0.48,-12.97,-2.61,32.67
-2.93,-10.49,-4.04,32.66
0.15,-6.77,-6.83,32.65
-2.63,-7.94,-9.01,32.66
-5.23,-7.35,-5.39,32.68
1.82,-10.59,-4.13,32.67
-0.5,-11.39,-1.33,32.64
-5.46,-8.81,-2.2,32.67
-3.07,-7.21,-9.56,32.66
-3.37,-7.67,-5.42,32.65
-1.8,-10.4,-3.96,32.67
-1.57,-11.19,-0.71,32.63
-2.56,-11.39,-3.4,32.68
-2.5,-6.43,-7.86,32.65
-3.38,-8.34,-5.96,32.64
-0.27,-10.6,-4.38,32.62
-1.01,-11.53,-0.63,32.66
-2.07,-10.25,-3.33,32.63
-2.72,-6.86,-8.42,32.66
-3.88,-7.74,-6.3,32.64
-1.13,-11.5,-3.87,32.69
-1.39,-11.01,-0.99,32.65
-1.24,-12.02,0.27,32.67
0.31,-11.95,-0.31,32.68
-0.88,-7.76,-3.46,32.64
-2.36,-4.29,-5.74,32.64
-3.8,-5.89,-4.43,32.66
-2.66,-11.27,-0.91,32.66
-2.25,-10.34,-0.69,32.64
-2.87,-6.72,-4.45,32.69
-1.03,-5.86,-7.07,32.62
-4.19,-8.61,-3.68,32.65
-0.6,-12.07,-1.07,32.64
-2.35,-11.97,-2.19,32.64
-3.44,-6.74,-2.09,32.64
-1.3,-5.72,-8.31,32.71
-3.82,-8.72,-3.58,32.68
-2.37,-11.93,0.67,32.64
-2.02,-10.8,-2.77,32.68
-3.02,-6.65,-3.33,32.69
-2.63,-5.39,-5.36,32.69
-3.78,-8.26,-2.09,32.65
0.02,-13.29,-1.03,32.72
-2.4,-9.48,-1.9,32.66
-2.73,-6.93,-3.48,32.67
-0.38,-5.93,-7.77,32.66
-3.59,-8.1,-2.34,32.62
-0.67,-12.43,0.07,32.67
-0.85,-12.08,-2.02,32.66
-1.73,-6.08,-4.49,32.59
-1.54,-5.49,-7.58,32.64
-3.2,-7.85,-3.31,32.67
-2.12,-11.72,0.25,32.64
-1.4,-10.81,-2.52,32.68
-0.82,-7.56,-5.21,32.7
0.53,-5.28,-5.93,32.68
-0.91,-8.09,-2.89,32.65
-1.53,-12.37,0.18,32.63
-2.95,-11.76,-1.36,32.69
-1.23,-7.42,-5.5,32.67
-1.41,-11.2,-1.43,32.68
-2.38,-10.9,-1.12,32.66
-2.82,-6.37,-4.9,32.67
-1.51,-5.14,-6.68,32.64
-3.4,-9.08,-2.67,32.64
-1.17,-12.38,0.18,32.68
-1.57,-10.61,-2.14,32.67
-0.05,-6.84,-5.61,32.65
1.23,-5.02,-8.19,32.64
-2.17,-9.0,-2.68,32.66
0.83,-13.24,-0.4,32.65
0.55,-11.94,-2.61,32.64
-0.32,-6.26,-5.79,32.63
-0.45,-5.67,-6.59,32.65
-2.09,-9.47,-1.55,32.67
0.61,-13.62,-0.52,32.64
-0.29,-10.18,-2.17,32.63
-1.03,-6.99,-5.04,32.65
1.48,-6.53,-5.53,32.65
-0.49,-11.0,0.04,32.62
-3.37,-10.55,-1.97,32.64
-1.12,-6.9,-7.5,32.64
-3.27,-8.06,-4.3,32.62
0.53,-9.38,-2.02,32.64
0.71,-12.27,-0.49,32.67
-1.47,-8.87,-2.11,32.61
-3.5,-7.51,-5.6,32.6
-3.37,-7.23,-5.52,32.64
1.65,-9.89,-3.08,32.6
1.15,-13.09,1.04,32.57
-1.14,-9.98,-1.41,32.62
-1.88,-7.07,-6.01,32.62
-3.06,-9.38,-6.11,32.65
0.37,-10.07,-2.21,32.63
0.93,-10.8,-0.95,32.65
-2.2,-9.56,-1.6,32.58
-3.09,-7.29,-6.05,32.64
-3.79,-7.71,-5.19,32.65
-0.55,-9.28,-4.06,32.63
-2.06,-11.37,0.49,32.62
-0.74,-12.34,-1.04,32.62
-0.16,-10.56,-3.71,32.63
0.34,-5.98,-6.45,32.63
-0.28,-6.83,-4.57,32.63
-0.09,-12.11,0.36,32.62
-1.47,-12.16,-1.28,32.61
-0.09,-8.66,-4.13,32.64
1.57,-6.45,-6.0,32.64
0.79,-7.05,-3.92,32.62
-1.22,-11.26,-0.19,32.63
1.55,-13.03,-0.25,32.64
-0.3,-10.0,-3.62,32.61
-0.29,-5.21,-5.74,32.64
1.16,-7.68,-4.2,32.63
-0.56,-10.8,2.15,32.6
0.07,-14.09,-0.12,32.64
-0.47,-9.74,-4.37,32.62
0.87,-5.85,-6.06,32.61
0.15,-12.92,1.18,32.58
-1.09,-13.69,0.54,32.57
1.18,-11.32,-0.64,32.63
1.88,-6.1,-8.02,32.61
-1.28,-6.88,-3.15,32.62
-2.6,-9.37,-1.64,32.62
0.63,-13.85,-0.57,32.62
-0.37,-10.01,-3.02,32.63
-2.87,-6.3,-3.89,32.64
0.74,-6.52,-5.99,32.64
-2.29,-10.1,-0.51,32.61
-1.09,-12.48,0.4,32.58
0.92,-11.48,-2.75,32.62
-0.12,-5.84,-6.72,32.63
2.22,-6.22,-6.03,32.61
-0.6,-11.15,-1.08,32.62
0.84,-14.06,1.28,32.64
0.49,-11.36,-2.7,32.64
0.92,-7.6,-5.67,32.63
0.19,-11.08,-3.99,32.6
-0.64,-11.3,0.45,32.62
-3.03,-8.37,-1.66,32.59
-2.66,-6.49,-8.53,32.6
-4.2,-8.06,-7.52,32.61
0.95,-11.24,-3.13,32.61
0.68,-12.11,-0.36,32.61
-1.34,-9.23,-2.34,32.61
-1.69,-5.78,-9.15,32.62
-0.67,-8.93,-6.91,32.63
2.39,-12.23,-3.16,32.6
-2.19,-11.14,0.86,32.66
-2.03,-8.23,-4.2,32.59
-2.85,-6.4,-9.31,32.62
-4.38,-8.04,-6.23,32.62
-0.1,-11.48,-2.32,32.59
-1.9,-11.53,-0.79,32.64
-3.69,-8.2,-2.24,32.62
-2.64,-4.92,-9.1,32.57
-1.71,-12.84,-1.23,32.59
1.29,-12.48,-2.37,32.59
-1.86,-8.42,-2.69,32.58
-2.83,-5.7,-5.63,32.59
-4.84,-5.82,-8.13,32.57
-2.08,-10.84,-1.73,32.61
0.4,-13.67,-1.24,32.63
-1.79,-9.64,-1.6,32.6
-2.47,-5.13,-5.88,32.59
-4.0,-6.17,-6.43,32.61
-1.78,-11.33,-1.94,32.57
-0.14,-11.8,-1.59,32.58
-1.19,-9.34,-2.44,32.57
-1.63,-5.73,-5.4,32.55
-3.59,-5.89,-5.53,32.61
-1.53,-11.48,-0.89,32.6
1.38,-13.12,-1.67,32.58
1.42,-9.61,-1.84,32.59
0.9,-6.34,-4.91,32.62
-1.76,-12.26,-0.29,32.59
-0.08,-8.4,-4.99,32.56
-0.71,-7.5,-6.31,32.58
-0.82,-7.25,-2.71,32.6
0.32,-12.69,0.68,32.58
-0.31,-12.15,-1.17,32.58
-2.05,-8.71,-5.6,32.58
-1.47,-7.55,-6.74,32.6
0.62,-9.23,-3.99,32.57
-1.36,-11.41,0.43,32.62
-1.43,-11.32,-1.62,32.55
-1.82,-9.1,-7.11,32.57
-1.19,-7.54,-6.55,32.58
1.38,-8.56,-3.7,32.57
-1.09,-11.63,-0.19,32.57
-2.89,-10.77,-1.37,32.56
-2.55,-7.28,-7.45,32.57
-1.79,-7.63,-7.61,32.61
-0.28,-8.68,-3.35,32.59
1.81,-9.19,-2.38,32.57
1.05,-6.86,-4.3,32.59
-0.43,-3.41,-5.1,32.6
-1.73,-12.59,2.06,32.62
-0.68,-11.57,1.54,32.58
0.35,-10.53,-2.08,32.58
-0.85,-7.2,-2.89,32.59
0.15,-4.6,-7.25,32.56
-1.76,-9.72,-1.85,32.58
-0.94,-11.85,0.6,32.58
0.5,-11.85,-1.47,32.57
1.08,-5.98,-5.12,32.55
0.35,-6.41,-5.75,32.55
-1.52,-8.35,-1.14,32.61
-0.17,-11.78,-0.83,32.61
-0.54,-11.14,-1.32,32.57
-0.6,-6.29,-3.71,32.61
0.06,-5.13,-5.51,32.59
-1.99,-9.03,-1.99,32.59
-1.01,-12.14,0.25,32.62
-1.24,-10.13,-0.77,32.54
-0.02,-6.65,-5.77,32.57
-0.28,-6.17,-4.94,32.57
-3.37,-10.06,0.26,32.59
-0.16,-12.98,0.46,32.6
-0.67,-11.55,-1.24,32.54
-1.39,-5.95,-5.0,32.58
0.74,-7.15,-5.54,32.61
-1.32,-9.66,-1.0,32.56
-0.44,-12.46,0.23,32.56
-0.07,-10.33,-3.36,32.57
-0.85,-6.07,-4.47,32.57
1.28,-5.62,-5.61,32.57
-1.63,-8.98,-0.68,32.56
-1.88,-12.8,0.5,32.55
0.19,-11.24,-3.32,32.56
1.61,-5.85,-5.98,32.54
0.74,-5.95,-4.75,32.58
-2.34,-10.7,0.22,32.57
-1.52,-12.96,-1.02,32.62
0.19,-12.66,-1.75,32.6
-1.79,-9.86,-0.18,32.6
-2.06,-6.3,-6.03,32.63
-2.69,-5.63,-7.61,32.6
-3.41,-10.73,-2.96,32.57
1.24,-12.37,-1.15,32.56
-2.87,-9.46,-0.41,32.56
-3.84,-5.09,-5.41,32.54
-2.89,-5.96,-8.2,32.58
-2.7,-9.39,-1.97,32.55
-0.06,-11.99,0.68,32.59
-2.09,-9.22,-0.27,32.57
-1.55,-5.64,-6.43,32.57
-3.49,-6.03,-7.51,32.56
-3.06,-8.88,-1.92,32.56
1.1,-12.17,-1.63,32.55
-3.15,-8.61,-1.13,32.5
-2.47,-6.56,-4.74,32.55
-0.19,-13.98,0.14,32.58
-0.09,-10.42,-4.41,32.57
1.06,-7.41,-6.68,32.61
2.04,-7.17,-4.29,32.56
0.41,-10.37,-0.44,32.54
-0.62,-13.45,0.12,32.53
-0.85,-10.3,-2.49,32.56
0.5,-7.19,-7.02,32.54
1.92,-7.46,-3.87,32.55
1.76,-11.59,0.29,32.55
0.64,-13.44,0.93,32.57
-1.61,-9.1,-4.05,32.55
2.06,-7.18,-6.55,32.59
1.76,-7.82,-4.18,32.56
0.46,-11.26,0.57,32.55
0.13,-13.02,1.51,32.57
-1.31,-9.34,-3.41,32.56
1.91,-7.68,-6.02,32.56
1.96,-7.71,-3.86,32.53
2.53,-12.61,0.34,32.55
-0.36,-12.69,0.21,32.54
-3.04,-8.33,-4.17,32.54
1.44,-8.77,-6.9,32.6
1.91,-9.77,-3.95,32.54
1.24,-12.09,0.14,32.58
-0.87,-12.55,-0.98,32.55
-1.08,-8.32,-6.32,32.57
-0.96,-8.04,-6.95,32.55
0.97,-9.34,-2.94,32.54
1.07,-12.44,-1.23,32.58
-1.11,-11.29,-2.04,32.54
-2.7,-8.63,-5.78,32.54
0.23,-8.58,-6.43,32.59
1.65,-8.06,-3.53,32.54
-0.84,-11.81,0.27,32.54
-1.91,-11.47,-1.33,32.52
-0.4,-8.67,-7.67,32.56
-1.51,-8.12,-6.1,32.54
-0.78,-11.18,-0.87,32.52
-0.09,-8.71,-2.81,32.55
0.06,-5.57,-6.21,32.51
-1.36,-6.28,-3.45,32.55
-0.41,-12.29,0.18,32.57
-0.99,-12.38,-0.11,32.55
-0.63,-8.61,-2.52,32.55
2.16,-5.49,-5.44,32.56
-0.02,-6.47,-4.09,32.52
-1.74,-11.89,0.58,32.53
0.92,-12.62,-1.5,32.55
-0.22,-8.15,-4.45,32.55
1.56,-5.58,-6.16,32.61
-0.53,-7.42,-3.76,32.58
-0.49,-11.52,-0.62,32.59
-0.15,-12.5,-0.64,32.54
0.26,-8.44,-4.88,32.56
0.33,-6.37,-6.01,32.54
-0.17,-8.04,-3.66,32.56
-0.04,-11.58,-0.32,32.56
-1.98,-12.07,-2.12,32.55
-1.45,-9.09,-4.65,32.59
1.1,-5.99,-6.68,32.53
-1.18,-7.51,-3.93,32.57
-3.51,-11.35,1.41,32.55
-1.83,-11.83,-2.75,32.54
-1.25,-7.29,-4.21,32.56
0.2,-5.5,-7.41,32.52
-1.47,-8.94,-3.09,32.55
-2.06,-11.61,1.38,32.54
-1.66,-11.53,-3.01,32.51
-1.8,-7.21,-4.61,32.53
0.21,-6.79,-5.12,32.54
0.2,-8.87,-2.92,32.57
-1.59,-10.83,0.68,32.56
-0.33,-11.8,-3.08,32.51
-0.61,-8.09,-5.25,32.53
0.56,-5.81,-5.6,32.51
0.98,-8.89,-2.56,32.53
-0.88,-11.91,0.79,32.52
-0.58,-12.06,-2.83,32.57
-0.44,-7.97,-4.45,32.54
1.88,-5.76,-5.66,32.53
0.51,-9.22,-2.07,32.56
-2.43,-12.44,1.98,32.59
0.63,-12.42,-2.66,32.54
0.05,-7.95,-5.74,32.55
-0.62,-5.32,-5.0,32.56
-0.6,-9.03,-2.33,32.53
-0.62,-11.84,-0.15,32.57
-0.76,-11.64,-2.23,32.53
-1.25,-8.21,-4.47,32.56
2.3,-6.98,-5.46,32.55
1.12,-9.93,-2.21,32.57
-1.64,-11.66,1.71,32.54
-0.12,-12.55,-2.8,32.54
-0.92,-8.88,-6.61,32.54
0.36,-6.6,-5.47,32.58
0.77,-10.06,-2.24,32.55
-1.27,-11.99,1.63,32.57
-1.36,-11.34,-1.75,32.55
-1.01,-7.87,-7.31,32.54
0.29,-5.9,-5.82,32.56
0.58,-9.11,-3.28,32.53
-0.92,-12.74,1.21,32.56
-1.93,-11.96,-3.05,32.54
-0.8,-7.57,-7.58,32.57
0.6,-6.97,-7.05,32.52
1.53,-9.33,-1.4,32.56
-0.28,-12.43,0.13,32.54
-1.34,-10.47,-3.12,32.6
-2.21,-8.03,-5.97,32.55
1.46,-9.13,-5.86,32.54
1.64,-9.95,-1.83,32.52
-0.43,-12.1,0.89,32.53
-0.83,-10.51,-1.77,32.52
-1.93,-8.36,-7.77,32.55
0.87,-7.98,-3.97,32.54
-0.7,-10.8,-0.53,32.52
-1.09,-12.21,-0.72,32.52
-1.78,-8.74,-4.29,32.51
0.87,-7.81,-6.01,32.53
2.16,-8.39,-3.02,32.54
0.74,-10.78,-0.1,32.52
0.41,-12.17,-1.64,32.5
-0.37,-8.89,-5.62,32.49
-1.78,-7.77,-5.91,32.55
-0.15,-7.76,-4.35,32.53
-0.07,-11.72,-0.28,32.5
-1.37,-11.8,-0.08,32.55
-1.98,-8.32,-6.41,32.58
-1.66,-7.47,-6.19,32.52
0.45,-9.22,-2.64,32.56
1.19,-12.27,0.79,32.55
-1.36,-11.04,-1.24,32.52
-1.74,-10.11,-2.83,32.49
-1.02,-10.63,-1.27,32.5
-2.25,-9.66,-1.34,32.52
-1.46,-7.23,-7.8,32.54
-3.73,-6.67,-6.11,32.53
-0.28,-11.42,-3.99,32.53
1.47,-11.49,-0.65,32.52
-1.38,-10.43,-1.81,32.5
-2.2,-7.41,-7.07,32.53
-3.8,-7.75,-5.36,32.59
-0.96,-10.72,-2.55,32.53
0.88,-12.77,-1.3,32.54
-0.39,-10.85,-2.29,32.58
-3.04,-7.12,-6.86,32.52
-3.65,-7.61,-6.2,32.55
-0.45,-11.35,-2.21,32.53
0.26,-11.51,-0.78,32.51
-2.67,-9.91,-2.34,32.52
-3.79,-5.96,-7.2,32.54
-2.81,-7.42,-6.41,32.55
-1.77,-12.08,0.87,32.54
-0.54,-11.95,-0.41,32.52
-0.6,-9.78,-1.36,32.53
-0.14,-6.82,-4.44,32.52
-0.4,-4.49,-6.5,32.56
-2.92,-9.27,-1.8,32.53
0.21,-13.64,-1.03,32.51
0.69,-10.71,-3.12,32.54
-2.74,-5.76,-4.97,32.54
-0.04,-7.23,-6.25,32.5
-0.85,-11.82,-1.35,32.52
0.2,-11.56,-0.21,32.52
0.46,-11.1,-2.31,32.53
-1.34,-6.17,-4.91,32.52
0.57,-5.54,-5.76,32.52
-0.26,-10.16,-0.78,32.52
0.56,-12.72,0.35,32.54
-0.56,-11.08,-2.65,32.52
-0.4,-5.66,-5.25,32.52
2.77,-6.17,-5.85,32.49
-0.91,-11.11,0.84,32.55
-0.15,-11.49,-0.19,32.52
0.54,-11.38,-3.15,32.53
1.43,-6.24,-4.45,32.5
1.4,-6.27,-4.46,32.52
-1.16,-10.1,1.87,32.54
0.56,-13.2,0.46,32.54
-0.78,-10.29,-2.8,32.5
1.56,-6.33,-5.73,32.53
2.26,-7.69,-4.29,32.5
-0.31,-10.04,0.63,32.55
0.27,-13.68,0.11,32.54
-0.31,-10.28,-2.91,32.51
1.33,-6.72,-5.01,32.52
2.19,-6.37,-4.97,32.56
0.16,-10.8,0.36,32.53
-1.51,-12.78,1.12,32.55
-0.3,-9.79,-3.72,32.53
1.0,-7.14,-5.71,32.5
-1.49,-5.43,-7.77,32.53
-4.13,-7.14,-3.34,32.49
-2.19,-11.31,-0.08,32.54
-0.49,-11.4,-1.49,32.52
-2.46,-6.83,-3.36,32.47
-0.06,-5.08,-7.14,32.49
-2.79,-7.58,-4.87,32.51
-1.37,-12.16,1.16,32.51
1.52,-11.64,-2.15,32.47
-1.27,-7.89,-3.75,32.51
-0.91,-5.29,-6.31,32.51
-2.18,-8.97,-3.72,32.53
-0.34,-13.12,-0.64,32.52
0.09,-11.07,-1.67,32.56
-0.42,-8.19,-3.95,32.53
-0.08,-5.26,-6.78,32.49
-1.81,-8.04,-2.97,32.52
-1.47,-12.45,-0.32,32.53
0.29,-11.48,-0.74,32.52
-2.13,-8.51,-3.9,32.53
-0.4,-5.12,-6.11,32.5
-1.81,-8.99,-3.52,32.53
-1.51,-12.0,-0.19,32.49
-1.1,-11.08,-0.66,32.49
-0.58,-8.23,-3.85,32.48
0.15,-6.06,-5.54,32.5
-3.41,-8.15,-1.51,32.49
0.65,-13.44,-0.58,32.52
1.29,-12.0,-1.48,32.53
-1.41,-7.12,-3.71,32.54
0.53,-5.07,-6.94,32.54
-0.13,-8.1,-2.77,32.51
-1.44,-12.88,0.48,32.55
-0.81,-11.4,-2.09,32.56
-0.85,-6.81,-3.96,32.54
0.81,-6.5,-3.92,32.49
-2.07,-5.84,-5.68,32.55
-2.53,-11.24,-0.24,32.49
-0.24,-10.61,-0.45,32.5
-0.61,-12.36,-1.38,32.5
-3.74,-8.76,-4.74,32.47
-2.6,-6.39,-8.81,32.53
-2.21,-8.28,-6.18,32.54
-0.9,-12.32,-0.68,32.52
-1.8,-13.18,-0.5,32.54
-2.29,-9.37,-3.2,32.49
-1.84,-8.27,-9.63,32.51
-3.67,-8.2,-5.31,32.51
-1.15,-10.87,-3.58,32.5
0.56,-12.52,-1.34,32.49
-3.73,-10.59,-3.16,32.49
-2.03,-6.32,-9.51,32.49
-1.38,-9.03,-8.3,32.53
0.34,-10.26,-2.62,32.51
-1.21,-11.81,-0.44,32.49
-1.88,-9.62,-4.41,32.47
-2.74,-5.33,-8.71,32.53
-0.77,-13.32,0.28,32.53
-1.57,-9.61,0.23,32.55
2.37,-7.09,-5.23,32.51
-0.95,-6.02,-4.95,32.55
-2.41,-11.33,1.21,32.53
1.51,-13.64,0.24,32.51
0.89,-9.1,-1.77,32.53
1.24,-5.26,-4.8,32.49
-0.57,-6.69,-3.73,32.52
-1.51,-12.15,0.71,32.51
1.66,-12.64,-0.74,32.53
0.01,-8.68,-1.78,32.52
1.24,-5.56,-4.15,32.5
-0.37,-7.48,-4.6,32.5
-0.54,-11.83,-1.07,32.54
-0.5,-12.14,-0.56,32.47
0.45,-8.16,-3.4,32.51
0.98,-5.8,-5.1,32.52
-1.53,-6.62,-3.99,32.54
-1.33,-10.81,-1.52,32.48
-4.17,-10.44,-0.85,32.5
-2.94,-6.83,-7.79,32.52
-3.46,-7.47,-7.11,32.52
-0.13,-10.76,-2.8,32.49
-1.2,-12.19,-0.89,32.47
-1.17,-10.32,-1.39,32.52
-2.03,-6.46,-9.39,32.56
-2.34,-7.45,-6.42,32.51
-0.3,-11.25,-5.09,32.52
-1.35,-11.15,0.56,32.51
-2.16,-9.79,-2.9,32.47
-1.32,-6.7,-8.71,32.52
-3.14,-6.84,-5.43,32.47
0.01,-10.74,-3.14,32.51
0.01,-11.94,-0.32,32.5
-2.07,-10.49,-1.12,32.49
-3.22,-6.98,-6.71,32.51
-4.13,-7.43,-6.6,32.51
2.01,-8.4,-5.48,32.49
3.42,-6.45,-5.21,32.52
-0.27,-9.48,-1.27,32.47
0.08,-12.3,0.19,32.5
-1.33,-11.15,-3.65,32.48
-0.23,-7.51,-6.17,32.5
1.99,-6.08,-7.46,32.47
-1.47,-9.32,-1.7,32.52
-0.81,-12.47,0.88,32.51
-2.57,-11.95,-4.73,32.51
-1.18,-7.7,-5.16,32.49
0.47,-7.64,-5.35,32.42
-0.69,-9.79,-0.76,32.52
-1.55,-12.67,-0.33,32.49
-2.43,-10.94,-3.66,32.47
0.12,-6.92,-8.05,32.52
2.58,-7.18,-4.55,32.49
0.29,-11.26,-0.02,32.46
-0.37,-12.67,0.43,32.53
-1.69,-12.11,-2.37,32.49
-1.83,-11.65,-0.13,32.53
-2.11,-7.39,-5.13,32.52
-5.35,-6.52,-7.47,32.46
-2.49,-9.13,-4.47,32.49
1.11,-12.33,-1.86,32.49
-2.62,-9.11,-0.77,32.56
-2.13,-6.92,-4.86,32.52
-2.26,-6.69,-7.63,32.52
-0.48,-8.79,-3.2,32.49
0.73,-13.25,-0.62,32.47
-1.13,-10.56,0.38,32.5
0.25,-7.32,-4.81,32.48
-1.34,-6.59,-6.62,32.54
-2.51,-7.18,-4.83,32.48
2.1,-12.59,-1.01,32.51
-1.39,-9.86,1.0,32.46
-2.9,-9.52,-1.13,32.48
-3.32,-6.8,-5.15,32.47
-4.62,-7.17,-4.44,32.48
-0.39,-11.84,-2.58,32.54
-1.12,-10.54,-0.0,32.5
-2.44,-8.2,-2.85,32.47
-4.38,-5.35,-8.0,32.52
-3.53,-8.45,-5.95,32.48
1.75,-11.63,-3.87,32.52
-0.72,-10.25,-0.36,32.48
-3.51,-8.37,-1.96,32.49
-3.59,-5.51,-7.32,32.52
-2.32,-8.87,-7.02,32.48
0.32,-10.92,-2.45,32.5
-0.2,-10.81,-0.47,32.45
-2.96,-9.28,-3.06,32.44
-2.33,-5.8,-8.06,32.5
-1.53,-9.97,-5.38,32.47
0.48,-12.92,-1.44,32.5
-1.96,-11.92,-0.11,32.48
-1.01,-9.43,-3.84,32.52
-1.89,-7.48,-7.9,32.54
-1.63,-9.51,-3.42,32.49
1.9,-13.18,-3.0,32.54
-1.9,-11.14,-1.09,32.46
-1.96,-7.97,-2.44,32.52
-1.04,-7.06,-7.36,32.54
-2.16,-8.03,-5.16,32.49
0.49,-11.57,-1.47,32.49
-1.41,-10.63,-1.19,32.44
-0.66,-8.29,-1.41,32.48
-0.67,-6.17,-8.52,32.45
-2.89,-8.39,-2.93,32.45
2.06,-13.22,-2.6,32.46
-0.77,-9.47,-1.59,32.5
-1.53,-8.0,-3.32,32.48
-1.83,-5.63,-6.63,32.49
-2.27,-8.32,-3.4,32.49
0.58,-12.88,-1.1,32.47
-0.91,-10.58,0.9,32.51
0.64,-8.02,-3.65,32.51
-1.06,-4.37,-7.97,32.51
-3.73,-7.63,-2.81,32.52
0.37,-13.22,-0.43,32.51
-1.22,-10.87,0.05,32.47
-0.16,-7.56,-1.4,32.48
-0.23,-5.85,-7.02,32.5
-3.24,-7.67,-2.23,32.45
-1.68,-11.86,-0.37,32.49
0.6,-11.31,-1.22,32.46
-0.32,-7.33,-2.78,32.44
-1.59,-5.54,-5.66,32.51
-2.76,-9.46,-1.58,32.47
-1.04,-11.08,-2.11,32.5
-1.44,-10.47,-0.67,32.49
0.74,-7.67,-3.43,32.48
-2.02,-4.37,-7.6,32.5
-2.56,-9.07,-2.78,32.5
-0.07,-13.31,-2.59,32.46
-0.38,-11.4,-0.83,32.51
-1.41,-5.49,-3.55,32.49
-1.22,-7.37,-6.22,32.49
-3.79,-7.26,-5.94,32.48
-0.96,-9.58,-2.56,32.47
-1.13,-12.13,-1.33,32.48
-2.31,-8.51,-1.22,32.46
-4.65,-6.06,-7.47,32.51
-4.03,-7.32,-6.2,32.5
-2.25,-10.22,-3.97,32.47
-1.52,-10.49,-0.51,32.5
-2.93,-9.64,-2.49,32.48
-4.64,-6.78,-7.44,32.47
-3.9,-7.43,-6.84,32.46
-1.8,-11.59,-4.52,32.49
-1.66,-11.01,-1.87,32.5
-1.93,-9.38,-3.81,32.51
-4.75,-4.76,-7.38,32.52
-3.22,-7.52,-8.18,32.47
-1.87,-11.64,-3.95,32.47
-1.13,-11.89,-1.34,32.47
-2.2,-8.34,-2.51,32.47
-2.21,-5.96,-8.12,32.52
-5.67,-7.69,-6.24,32.49
-1.96,-10.6,-2.75,32.45
0.85,-13.13,-1.71,32.47
-2.29,-8.85,-2.04,32.51
-3.34,-6.12,-8.42,32.48
-3.57,-9.01,-6.88,32.49
-1.6,-11.54,-2.27,32.49
-0.16,-11.08,-2.15,32.53
-2.66,-8.55,-2.3,32.51
-1.83,-8.46,-4.29,32.5
-3.92,-7.87,-4.56,32.52
-0.22,-10.46,-4.09,32.49
1.66,-11.69,-2.74,32.47
-1.43,-9.74,-0.03,32.49
-1.23,-7.9,-4.78,32.52
-3.11,-6.27,-7.95,32.47
-1.74,-9.74,-2.9,32.46
-1.72,-7.91,-3.42,32.49
-0.54,-5.05,-6.36,32.47
-3.43,-7.74,-3.62,32.49
-2.15,-11.43,-1.63,32.47
-2.34,-11.77,-1.97,32.5
-2.55,-7.2,-4.61,32.51
0.19,-5.34,-8.38,32.52
-4.62,-7.51,-3.03,32.48
-2.61,-12.58,-1.18,32.51
-1.43,-12.33,-1.87,32.5
-0.78,-8.14,-4.47,32.48
-0.36,-4.06,-8.06,32.48
-4.51,-6.61,-3.95,32.47
-2.77,-11.61,-2.48,32.47
-2.1,-11.84,-1.97,32.46
-0.9,-8.49,-4.78,32.48
-0.7,-4.55,-6.96,32.5
-2.09,-8.29,-2.86,32.48
-2.11,-8.06,-5.96,32.45
1.14,-10.12,-3.87,32.47
0.04,-10.64,0.34,32.5
-2.29,-10.58,-0.39,32.49
-3.25,-8.69,-5.29,32.51
-2.61,-6.15,-7.33,32.49
-0.06,-10.5,-4.7,32.52
0.37,-12.2,0.2,32.51
-3.23,-12.77,-0.62,32.48
-2.56,-8.01,-4.89,32.47
-3.08,-8.18,-7.13,32.48
-0.71,-10.58,-4.12,32.51
1.64,-11.47,0.0,32.52
-0.95,-12.57,-1.91,32.49
-2.31,-5.07,-6.42,32.54
-2.57,-7.02,-7.35,32.51
-0.27,-10.88,-3.8,32.52
-1.03,-10.36,-0.48,32.53
-1.05,-11.12,-1.1,32.48
-0.69,-7.64,-6.12,32.49
-3.05,-7.29,-7.75,32.53
-0.1,-9.63,-4.45,32.52
-0.28,-11.88,-0.87,32.47
-3.26,-10.0,-1.06,32.5
-3.22,-6.56,-6.6,32.5
-4.31,-6.68,-8.06,32.51
-2.13,-10.61,-3.72,32.51
-0.7,-13.12,-0.51,32.53
-1.98,-9.65,-1.28,32.49
-2.51,-5.42,-8.06,32.51
-2.95,-8.1,-5.37,32.52
-1.49,-10.26,-2.78,32.47
-1.39,-11.56,-0.68,32.49
-1.92,-9.22,-1.99,32.5
-2.87,-6.56,-6.08,32.48
-4.09,-7.07,-4.8,32.52
-1.1,-10.81,-2.32,32.49
-0.7,-11.7,-0.54,32.47
-4.82,-5.12,-5.1,32.48
-2.75,-10.5,-2.05,32.49
0.1,-12.22,-1.61,32.5
-2.69,-8.3,-1.82,32.44
-2.86,-5.44,-5.94,32.47
-3.47,-6.34,-7.44,32.48
-3.61,-11.17,-0.76,32.52
-0.96,-12.63,-1.32,32.46
-1.68,-9.5,-0.74,32.49
-3.01,-5.86,-7.01,32.49
-3.65,-5.72,-7.57,32.44
-3.27,-11.11,-3.33,32.5
1.28,-12.57,-0.96,32.47
-0.84,-9.69,-1.47,32.48
-2.89,-5.8,-5.71,32.47
-4.25,-7.9,-4.46,32.47
-0.06,-12.21,-3.65,32.52
-0.45,-12.1,-1.01,32.48
-0.02,-8.58,-2.54,32.51
-1.81,-6.91,-5.61,32.47
-4.93,-6.05,-5.75,32.46
-1.77,-11.96,-2.66,32.47
1.98,-12.43,-2.07,32.46
-1.11,-7.96,-2.31,32.47
-2.45,-5.22,-7.17,32.47
-2.81,-6.88,-5.26,32.49
0.35,-12.99,-2.46,32.49
-0.21,-12.31,-2.19,32.44
-1.38,-8.57,-1.59,32.49
-0.91,-6.77,-7.34,32.47
-2.56,-5.43,-6.81,32.48
-0.75,-11.74,-2.09,32.49
-0.76,-12.09,-0.34,32.48
-1.71,-8.78,-2.31,32.5
-2.51,-6.79,-4.86,32.46
-5.03,-6.4,-5.24,32.49
-2.01,-10.63,-2.42,32.47
0.38,-12.29,-1.73,32.5
-0.06,-9.24,-6.02,32.46
-2.08,-8.44,-5.92,32.45
1.99,-7.44,-7.39,32.49
2.0,-9.42,-1.72,32.5
-0.46,-11.9,0.61,32.5
-0.34,-11.1,-1.98,32.49
-0.65,-9.94,-6.61,32.48
-0.84,-7.49,-6.49,32.49
-0.3,-9.31,-2.32,32.49
-0.87,-12.43,-0.97,32.45
-2.92,-10.03,-2.02,32.49
-3.85,-8.96,-6.96,32.48
-0.44,-7.51,-7.67,32.43
0.3,-8.6,-3.92,32.51
-0.22,-11.88,-1.17,32.5
-2.49,-10.62,-1.83,32.45
-2.84,-8.55,-6.43,32.46
0.45,-8.48,-6.13,32.48
1.67,-10.32,-3.35,32.48
-1.05,-11.33,0.13,32.47
-0.56,-13.46,0.23,32.46
-0.33,-11.47,-1.43,32.47
0.7,-6.79,-4.79,32.51
0.42,-4.74,-6.51,32.51
-2.61,-7.78,-2.97,32.47
-0.76,-11.75,-1.18,32.5
-0.71,-11.06,-1.45,32.47
-0.18,-7.96,-3.02,32.47
0.95,-5.98,-5.68,32.49
-1.94,-8.92,-0.98,32.49
-0.57,-12.53,-0.41,32.48
-2.22,-11.58,-1.32,32.5
-1.95,-7.18,-5.79,32.49
0.05,-5.81,-5.72,32.49
-0.46,-9.24,-1.2,32.46
-2.06,-12.6,0.98,32.48
-3.14,-11.62,-0.88,32.49
0.28,-7.69,-4.87,32.49
-3.09,-10.08,-4.12,32.48
-3.64,-6.48,-8.78,32.46
-0.78,-8.94,-6.97,32.49
1.24,-11.35,-2.07,32.51
-2.03,-11.96,-0.65,32.43
-3.69,-8.2,-4.21,32.5
-3.03,-6.18,-8.48,32.47
-2.19,-8.84,-5.46,32.45
-0.17,-11.1,-1.93,32.5
-0.97,-11.7,-0.66,32.46
-2.98,-8.66,-3.69,32.47
-3.81,-7.79,-6.91,32.47
-1.64,-8.96,-5.66,32.47
0.98,-11.73,-1.49,32.53
0.13,-11.88,-0.66,32.5
-1.58,-8.52,-3.7,32.51
-4.47,-6.53,-6.99,32.51
-1.95,-10.12,-3.65,32.49
1.69,-10.36,-2.48,32.5
0.08,-11.04,-0.03,32.41
-1.0,-8.3,-4.63,32.49
-3.17,-6.31,-8.1,32.49
-2.26,-9.26,-4.05,32.47
1.97,-12.85,-2.06,32.51
0.51,-11.28,-0.38,32.49
-2.01,-7.04,-3.79,32.47
-1.23,-7.05,-7.55,32.47
-1.51,-8.26,-4.63,32.5
0.71,-11.49,-1.73,32.48
-0.8,-12.15,0.83,32.45
-0.26,-6.97,-3.88,32.49
-2.01,-7.34,-7.63,32.5
-1.05,-10.12,-2.57,32.5
1.44,-12.23,-1.51,32.42
-0.51,-10.15,-0.83,32.46
-0.99,-8.93,-4.13,32.49
-2.12,-5.11,-7.85,32.44
-2.2,-9.23,-3.86,32.49
2.15,-11.86,-2.21,32.5
-0.71,-9.62,-0.45,32.44
-1.95,-7.93,-4.64,32.49
-1.34,-5.71,-7.53,32.49
-2.07,-9.37,-3.28,32.47
0.62,-12.12,-1.12,32.48
-1.01,-10.79,-0.17,32.48
-1.49,-6.5,-4.81,32.5
-3.64,-5.14,-7.22,32.46
-2.9,-7.81,-2.4,32.44
-0.27,-12.42,-0.98,32.47
-1.69,-9.49,0.89,32.47
-0.74,-6.9,-3.62,32.47
-2.99,-5.17,-7.39,32.47
-4.58,-7.58,-3.86,32.46
-0.23,-11.32,-2.2,32.45
-0.04,-10.24,-0.26,32.47
-2.38,-9.46,-1.51,32.47
-3.51,-5.04,-7.32,32.43
-3.2,-7.47,-4.75,32.46
-0.2,-12.91,-1.52,32.46
-1.96,-10.44,-1.02,32.46
-2.19,-8.7,-2.72,32.44
-4.7,-4.75,-7.11,32.46
-3.12,-8.07,-4.5,32.46
-0.68,-11.69,-2.92,32.48
-1.86,-10.48,1.56,32.44
-1.17,-9.55,-2.0,32.48
-2.7,-4.27,-9.34,32.46
-4.53,-6.68,-6.45,32.47
-0.7,-12.58,-1.47,32.42
0.24,-12.15,-0.6,32.47
-3.65,-8.35,-2.73,32.42
-3.79,-4.79,-8.28,32.44
-3.16,-8.02,-6.0,32.5
-3.95,-9.65,-2.77,32.48
-0.67,-12.07,0.14,32.45
-1.25,-7.84,-3.81,32.41
-4.88,-4.07,-7.11,32.43
1.4,-12.25,-0.48,32.47
-1.01,-10.38,-1.28,32.44
-0.11,-4.12,-5.42,32.48
-3.85,-5.75,-5.91,32.46
-1.49,-10.01,-1.38,32.44
-0.09,-12.5,-0.14,32.46
-1.77,-10.4,-1.13,32.49
-1.59,-5.55,-4.01,32.45
-2.78,-5.99,-5.5,32.49
-1.34,-9.57,-1.88,32.46
-0.28,-13.61,-0.93,32.44
-1.24,-9.92,-1.62,32.41
1.14,-5.26,-5.16,32.45
-2.47,-4.78,-7.23,32.45
-1.47,-9.56,0.01,32.42
0.58,-13.38,-1.03,32.43
-0.16,-9.02,-2.0,32.45
0.22,-4.99,-4.55,32.44
-1.91,-5.17,-5.73,32.44
-2.24,-10.28,-0.64,32.42
-1.46,-12.86,-0.52,32.48
-0.63,-9.2,-3.42,32.42
0.63,-5.43,-6.43,32.48
-2.75,-5.67,-5.28,32.44
-3.35,-10.39,-0.22,32.45
-0.74,-12.77,-1.51,32.47
0.06,-7.85,-2.81,32.47
-0.91,-4.62,-5.66,32.46
-0.77,-5.68,-4.47,32.45
-1.96,-10.54,-1.26,32.44
-2.04,-11.0,0.54,32.43
0.56,-8.87,-2.14,32.47
0.7,-6.24,-5.24,32.44
-1.35,-6.16,-4.2,32.45
-0.32,-10.86,-0.87,32.44
0.32,-12.22,-1.68,32.44
-2.71,-8.79,-1.45,32.43
-0.8,-5.96,-4.87,32.42
-2.36,-7.87,-2.59,32.44
-2.12,-11.7,0.55,32.44
-1.57,-11.49,0.77,32.47
0.4,-7.32,-4.69,32.48
-0.18,-3.85,-5.54,32.45
-3.06,-9.03,-2.03,32.44
-1.38,-11.36,0.11,32.44
-0.19,-11.15,-0.91,32.44
-1.61,-7.96,-2.88,32.47
0.4,-5.28,-4.37,32.45
-0.64,-9.04,-3.08,32.4
-0.69,-11.93,-0.65,32.45
-0.49,-11.45,-1.93,32.45
0.17,-7.18,-4.05,32.43
0.52,-5.04,-6.71,32.44
-2.27,-9.59,-2.53,32.45
0.74,-12.21,-0.48,32.45
0.1,-10.4,-2.01,32.4
-2.52,-5.6,-4.19,32.43
-0.11,-5.72,-6.28,32.43
-1.88,-9.68,-1.67,32.48
-0.68,-11.4,0.57,32.42
1.65,-12.77,-2.9,32.44
0.91,-5.67,-3.84,32.45
0.67,-5.17,-5.39,32.43
-0.68,-10.13,0.25,32.44
-0.22,-12.99,-0.52,32.46
-1.39,-13.13,-2.55,32.44
1.37,-5.09,-5.66,32.46
1.36,-5.58,-7.46,32.42
-3.05,-8.41,-1.57,32.43
-1.21,-12.78,-1.1,32.46
-0.5,-11.99,-2.44,32.45
-0.79,-8.42,-2.38,32.44
0.79,-5.63,-7.52,32.43
-2.1,-6.64,-4.93,32.39
-0.96,-13.19,0.29,32.43
0.5,-12.44,-2.44,32.42
1.12,-8.04,-4.24,32.43
-1.15,-5.37,-5.98,32.47
-2.29,-8.38,-4.41,32.46
-0.6,-10.94,-1.53,32.45
0.03,-10.79,-0.23,32.45
-1.25,-9.13,-1.87,32.44
-1.79,-5.21,-6.34,32.43
-2.82,-5.82,-3.47,32.45
-0.23,-11.18,-1.8,32.46
-0.15,-11.07,0.3,32.44
-1.65,-8.78,-1.13,32.45
-1.23,-3.59,-7.11,32.46
-3.36,-7.58,-3.11,32.43
-1.41,-11.33,-0.78,32.42
0.38,-12.46,-1.24,32.4
-2.38,-7.89,-2.64,32.47
-0.89,-5.38,-6.88,32.43
-2.9,-8.0,-4.07,32.47
-1.47,-11.65,-0.53,32.45
-0.24,-11.62,-1.2,32.43
-2.92,-7.09,-3.0,32.45
-1.68,-5.65,-6.48,32.39
-2.6,-8.45,-4.21,32.4
-0.45,-12.85,-1.29,32.39
-0.08,-10.84,-2.59,32.43
-1.36,-7.06,-3.24,32.42
-0.05,-5.71,-6.72,32.44
-2.31,-7.46,-2.81,32.41
-1.85,-11.43,-0.1,32.39
0.69,-11.43,-1.55,32.44
-0.51,-7.55,-4.59,32.43
-1.53,-4.98,-4.98,32.43
-3.15,-7.52,-2.97,32.46
-1.32,-12.83,-0.36,32.4
-0.92,-12.09,-0.72,32.42
-0.1,-8.66,-3.95,32.47
-0.37,-4.75,-6.69,32.42
-3.07,-7.49,-2.75,32.47
-1.26,-11.94,-0.5,32.38
0.4,-7.77,-4.02,32.43
-0.65,-11.39,-1.16,32.46
-1.61,-12.97,-0.35,32.38
-0.83,-9.48,-6.79,32.44
-3.36,-7.35,-7.35,32.43
0.05,-7.52,-3.86,32.42
0.56,-10.84,-1.21,32.45
-2.89,-12.67,0.85,32.42
-2.82,-10.17,-5.85,32.44
0.13,-7.18,-7.96,32.45
0.56,-7.81,-3.51,32.42
-1.67,-10.63,-1.43,32.4
-2.64,-11.42,0.17,32.41
-0.58,-9.77,-6.85,32.43
0.15,-7.25,-8.55,32.44
0.62,-7.55,-4.01,32.42
-0.77,-11.41,-0.17,32.42
-2.08,-12.62,-1.41,32.43
-2.72,-7.99,-6.58,32.44
-1.12,-6.52,-6.72,32.42
-0.0,-5.01,-7.7,32.4
-1.4,-9.43,-4.09,32.44
-0.71,-12.46,-1.92,32.45
-1.07,-11.66,-0.53,32.42
-1.47,-7.47,-4.45,32.41
-0.46,-4.08,-7.65,32.4
-2.77,-9.53,-1.85,32.39
-0.35,-11.45,-0.69,32.38
0.76,-11.81,-1.55,32.39
-1.26,-7.31,-2.9,32.42
-0.6,-4.85,-6.39,32.41
-2.41,-9.95,-2.66,32.43
-0.55,-12.15,-0.1,32.39
0.45,-12.03,-1.2,32.45
-0.99,-6.91,-4.25,32.44
-1.56,-5.52,-5.76,32.46
-1.63,-9.32,-1.65,32.39
-1.14,-12.94,0.14,32.4
-0.91,-10.69,-0.22,32.45
-0.54,-11.94,-0.32,32.43
-1.83,-9.52,-3.4,32.46
-3.47,-4.77,-7.5,32.44
-4.11,-8.97,-4.6,32.4
0.93,-10.29,-0.67,32.41
0.49,-11.86,-0.2,32.41
-1.95,-7.86,-2.72,32.45
-1.22,-6.39,-6.95,32.39
-1.52,-9.52,-4.94,32.38
-0.3,-11.94,-0.6,32.44
-0.83,-11.37,0.14,32.36
-0.7,-9.01,-4.11,32.43
-2.36,-7.8,-7.34,32.39
-3.91,-6.71,-6.21,32.42
1.95,-11.87,-3.17,32.36
0.52,-12.0,-0.27,32.42
-1.93,-10.82,-0.3,32.43
0.37,-7.59,-6.32,32.38
-0.29,-9.7,-3.95,32.42
-0.15,-7.96,-5.02,32.42
-0.94,-5.97,-6.13,32.44
-3.01,-9.06,-1.74,32.4
-0.16,-12.84,-0.81,32.44
-1.19,-10.44,-2.82,32.4
-0.22,-7.86,-3.98,32.42
1.55,-6.39,-7.81,32.41
-1.07,-8.52,-2.38,32.46
-0.61,-12.41,-0.63,32.39
-1.25,-11.12,-0.8,32.4
0.48,-8.61,-5.14,32.4
2.21,-6.15,-6.53,32.38
-0.21,-9.46,-0.29,32.38
1.02,-12.94,-0.58,32.38
-1.07,-10.75,-2.42,32.39
-1.01,-7.4,-4.7,32.39
1.7,-7.88,-5.07,32.37
1.36,-10.31,-2.14,32.39
-1.97,-5.3,-4.09,32.44
-3.69,-7.46,-3.04,32.44
-0.62,-12.44,-1.39,32.37
-0.07,-11.16,-1.45,32.41
-2.65,-6.51,-1.74,32.39
1.23,-5.02,-6.8,32.38
-4.22,-6.92,-3.76,32.4
-2.46,-11.18,0.18,32.42
2.18,-12.5,0.12,32.44
0.36,-7.11,-3.55,32.43
-0.96,-3.43,-4.37,32.39
-2.4,-8.07,-2.7,32.4
-0.43,-11.97,0.0,32.39
1.14,-10.31,-0.7,32.43
-0.68,-7.95,-4.36,32.43
0.88,-6.09,-5.52,32.43
-1.72,-7.67,-1.12,32.43
-1.47,-12.52,-0.02,32.37
-0.17,-11.06,-2.04,32.41
0.94,-8.07,-3.32,32.43
0.56,-11.09,-0.79,32.38
-1.33,-13.18,0.49,32.4
-2.45,-11.01,-3.7,32.4
0.0,-7.79,-8.17,32.44
2.17,-8.32,-4.96,32.43
0.04,-11.65,-0.9,32.42
-2.66,-12.48,-0.17,32.42
-0.87,-11.22,-4.54,32.42
-1.08,-8.68,-6.78,32.42
-1.16,-7.56,-3.94,32.42
0.45,-11.34,-0.13,32.39
-1.5,-13.55,-0.37,32.41
-1.64,-9.14,-6.64,32.42
-0.44,-8.08,-7.92,32.45
1.6,-9.17,-3.18,32.39
0.08,-11.15,-0.9,32.41
-1.95,-12.4,-0.66,32.39
-0.14,-8.66,-6.63,32.4
1.04,-13.89,-1.99,32.38
-1.13,-8.23,-1.59,32.38
-3.83,-5.08,-5.8,32.44
-3.74,-6.58,-6.68,32.4
-2.75,-9.45,-1.75,32.39
1.06,-12.37,-1.19,32.42
-1.51,-9.72,-1.7,32.4
-2.79,-4.2,-6.23,32.38
-3.67,-6.05,-5.95,32.42
-0.64,-11.21,-3.48,32.39
-0.05,-12.36,-1.09,32.39
-2.13,-8.65,-1.26,32.44
-0.95,-5.26,-6.86,32.39
-4.29,-6.53,-5.93,32.4
-2.42,-11.41,-0.5,32.4
0.27,-12.62,-2.15,32.43
-1.37,-8.61,-1.73,32.41
0.57,-6.66,-5.44,32.42
-3.84,-6.08,-6.34,32.39
-0.49,-7.95,-5.9,32.39
1.0,-10.42,-1.41,32.35
1.02,-13.46,-1.53,32.34
-1.15,-8.93,-4.2,32.37
-3.21,-7.79,-6.31,32.41
2.06,-9.31,-5.1,32.38
0.28,-11.68,-1.67,32.39
-0.43,-12.24,-0.65,32.44
0.44,-11.82,-1.3,32.41
-0.74,-9.01,-6.65,32.37
0.79,-7.81,-6.01,32.42
1.27,-9.71,-2.54,32.41
0.73,-11.2,-0.78,32.38
0.48,-12.33,-1.79,32.39
-1.47,-8.49,-5.18,32.36
0.61,-8.65,-6.45,32.43
1.66,-10.07,-2.31,32.39
0.39,-11.54,-0.08,32.41
-2.51,-11.7,-0.15,32.38
-2.57,-9.08,-4.35,32.37
0.51,-8.26,-7.36,32.38
0.89,-9.34,-3.14,32.4
-0.37,-10.76,0.8,32.38
-1.36,-12.44,-1.33,32.36
-0.85,-9.23,-3.87,32.35
-0.37,-9.23,-6.02,32.4
0.79,-8.75,-3.38,32.43
0.25,-11.36,-0.26,32.39
-2.33,-10.79,-1.21,32.4
-1.59,-8.82,-5.01,32.4
0.31,-8.3,-8.02,32.37
2.16,-7.13,-3.76,32.42
-0.52,-10.66,0.13,32.4
-3.82,-11.31,0.91,32.39
-2.52,-8.54,-5.17,32.37
-0.18,-7.57,-5.71,32.35
0.92,-8.48,-2.7,32.34
-1.58,-11.55,0.37,32.39
-3.13,-11.94,0.77,32.39
0.35,-11.29,0.05,32.37
-4.53,-9.87,-0.62,32.37
-5.26,-7.12,-6.44,32.42
-1.78,-6.86,-7.1,32.46
1.26,-9.97,-3.5,32.38
-0.44,-10.71,-1.0,32.42
-3.69,-9.48,-0.19,32.43
-2.86,-6.84,-6.24,32.39
-2.01,-9.41,-5.83,32.37
0.75,-9.47,-3.67,32.41
0.49,-11.43,-0.57,32.35
-0.17,-10.3,-2.52,32.37
-0.9,-6.52,-7.13,32.42
-3.19,-8.38,-6.7,32.38
1.61,-9.62,-3.69,32.41
-0.23,-11.91,-0.19,32.42
-2.18,-10.28,-1.88,32.41
-2.03,-8.0,-6.74,32.39
-3.87,-7.8,-6.13,32.41
-2.03,-3.78,-7.14,32.39
-2.94,-7.91,-5.15,32.39
-0.19,-12.05,-1.85,32.34
-0.02,-12.19,0.47,32.36
-0.41,-8.63,-2.22,32.37
-1.28,-4.38,-8.08,32.41
-2.69,-7.68,-4.92,32.39
-0.94,-11.78,-1.84,32.36
-1.81,-10.54,0.28,32.43
-0.54,-9.96,-2.77,32.41
-1.25,-4.24,-8.27,32.38
-3.38,-7.37,-3.03,32.41
0.11,-13.54,-3.1,32.4
0.56,-10.69,0.29,32.39
-1.55,-8.1,-2.89,32.44
0.25,-4.9,-7.69,32.35
-2.48,-7.58,-4.58,32.43
-2.29,-12.36,-0.66,32.39
0.38,-12.17,-1.36,32.38
0.04,-10.63,-3.86,32.38
-1.96,-7.18,-7.85,32.38
-0.53,-8.31,-5.72,32.4
1.45,-11.69,-3.72,32.39
-0.73,-10.39,-1.1,32.41
-2.97,-9.74,-3.28,32.35
-2.11,-7.4,-7.57,32.41
-2.46,-7.9,-4.55,32.42
-0.65,-11.2,-2.87,32.37
-1.04,-11.46,-0.52,32.35
-2.51,-9.96,-3.52,32.4
-4.1,-6.18,-8.37,32.38
-3.12,-7.78,-5.72,32.4
-1.02,-11.8,-1.96,32.39
-1.64,-10.2,-0.68,32.39
-3.15,-10.35,-3.41,32.38
-3.36,-5.68,-10.17,32.4
-4.15,-8.14,-5.15,32.39
0.53,-10.72,-4.12,32.37
-0.17,-12.76,0.22,32.39
-1.46,-9.44,-4.71,32.39
-0.45,-8.21,-6.15,32.39
2.64,-8.41,-3.72,32.37
1.6,-8.87,-3.61,32.4
-1.46,-12.45,1.2,32.38
-0.14,-9.15,-6.33,32.4
0.86,-7.72,-6.33,32.38
0.62,-6.95,-5.36,32.38
0.2,-9.17,-2.07,32.41
-1.84,-11.78,0.63,32.39
-0.57,-10.35,-3.3,32.39
-1.93,-7.7,-6.48,32.38
0.57,-6.62,-4.45,32.39
0.84,-10.36,-1.9,32.34
-2.02,-12.43,1.11,32.39
-1.27,-11.12,-2.52,32.38
0.53,-9.56,-4.79,32.41
0.31,-6.25,-5.64,32.35
-2.37,-4.25,-6.37,32.38
-3.8,-5.77,-9.73,32.41
-4.32,-8.03,-3.37,32.39
0.12,-12.39,-2.1,32.44
-1.56,-10.83,-1.61,32.41
-2.44,-8.72,-3.26,32.38
-3.8,-5.15,-9.03,32.34
-2.88,-8.4,-3.22,32.38
0.85,-14.33,-2.4,32.34
-2.82,-10.49,0.81,32.39
-2.26,-9.93,-2.05,32.42
-4.48,-6.02,-8.0,32.41
-2.79,-8.15,-3.68,32.39
-0.19,-12.32,-2.18,32.4
-1.98,-9.92,0.48,32.41
-2.21,-7.59,-2.55,32.33
-4.17,-5.76,-6.89,32.4
-1.83,-7.96,-4.52,32.39
0.67,-11.65,-3.27,32.36
-0.43,-9.66,1.05,32.36
-1.26,-10.08,-3.34,32.37
-4.23,-9.97,-4.59,32.37
0.16,-6.82,-6.39,32.4
1.12,-9.18,-3.9,32.34
-1.64,-10.39,0.2,32.34
-0.96,-11.76,-3.06,32.36
-2.77,-7.16,-6.04,32.34
-1.56,-7.36,-6.23,32.37
1.27,-8.88,-3.99,32.35
-2.29,-10.53,-0.29,32.35
-1.66,-13.57,-2.09,32.41
-3.22,-7.47,-6.85,32.35
-0.29,-8.01,-7.16,32.37
-0.52,-9.65,-4.13,32.34
-2.21,-9.78,0.15,32.37
-0.81,-13.34,-3.04,32.38
-2.26,-8.19,-7.12,32.37
-1.68,-7.18,-5.48,32.4
0.87,-10.97,-3.54,32.39
-1.32,-11.86,0.13,32.37
-1.84,-12.27,-2.79,32.37
-4.33,-8.18,-6.16,32.38
-1.2,-7.07,-6.31,32.35
0.23,-10.76,-5.16,32.38
-1.9,-11.03,-0.95,32.38
-2.65,-12.18,-2.51,32.35
-1.78,-7.3,-6.89,32.34
-3.95,-7.22,-7.01,32.37
-0.82,-9.91,-3.9,32.39
-2.04,-11.54,-1.33,32.39
-3.16,-11.46,-1.98,32.39
-3.53,-6.36,-8.36,32.38
-2.88,-7.14,-7.2,32.39
-0.6,-10.28,-3.09,32.38
-1.36,-10.65,-0.55,32.34
-2.59,-11.51,-3.01,32.41
-3.77,-5.99,-7.64,32.4
-2.27,-7.3,-6.31,32.38
-3.75,-11.23,-1.76,32.34
-2.26,-8.08,-6.76,32.39
-3.0,-7.95,-4.07,32.38
-0.35,-9.98,-3.53,32.35
-0.83,-11.58,0.03,32.38
-3.11,-10.95,-2.57,32.39
-3.36,-6.19,-7.2,32.39
-2.33,-8.9,-4.9,32.34
0.4,-9.65,-3.59,32.37
-0.68,-12.36,0.21,32.34
-3.04,-8.82,-2.05,32.39
-3.14,-5.21,-7.1,32.33
-2.88,-8.39,-5.7,32.33
0.1,-8.29,-4.85,32.35
0.23,-10.87,-0.9,32.37
-1.89,-9.96,-0.01,32.33
-1.88,-7.56,-4.47,32.38
-3.82,-7.71,-4.65,32.33
1.16,-10.09,-2.78,32.33
0.35,-11.39,-0.11,32.34
-0.58,-9.71,-1.97,32.39
-3.09,-7.25,-5.66,32.39
-3.94,-7.14,-5.46,32.37
0.57,-9.61,-3.94,32.37
-0.18,-11.75,-0.37,32.35
-2.21,-10.09,0.34,32.36
-3.13,-7.33,-6.19,32.35
-3.91,-7.75,-6.88,32.35
0.33,-9.47,-5.53,32.38
-0.04,-11.5,-0.51,32.32
-1.0,-10.38,-1.59,32.39
-2.85,-7.67,-6.07,32.36
-3.93,-6.32,-7.71,32.37
-0.2,-9.78,-5.86,32.37
0.04,-11.03,-0.16,32.38
-2.45,-10.2,-0.04,32.34
-2.48,-8.56,-4.87,32.36
-3.85,-6.73,-7.22,32.34
0.62,-12.05,-3.01,32.4
-2.04,-11.26,-0.15,32.37
-3.23,-9.7,-1.84,32.38
-1.43,-6.41,-8.61,32.38
-2.11,-8.07,-5.8,32.34
0.61,-11.39,-1.86,32.3
0.23,-11.94,0.73,32.39
-0.67,-8.56,-2.59,32.35
-4.84,-4.99,-8.37,32.33
-1.79,-7.97,-4.58,32.37
2.97,-12.28,-3.66,32.37
-0.68,-10.99,0.69,32.34
-1.4,-8.11,-2.98,32.38
-2.33,-5.41,-7.47,32.33
-1.79,-8.71,-3.69,32.36
1.5,-12.98,-2.48,32.34
-0.57,-9.41,0.52,32.39
-0.94,-7.32,-2.77,32.34
-2.1,-7.18,-6.59,32.38
2.18,-12.33,-3.34,32.37
-0.9,-10.13,-0.33,32.38
-2.97,-7.47,-3.04,32.38
-3.73,-6.15,-8.95,32.34
-1.53,-9.31,-3.28,32.35
0.43,-11.25,-2.95,32.38
-0.66,-10.8,-1.21,32.38
-0.68,-6.48,-4.93,32.38
-3.34,-4.37,-8.2,32.36
-0.68,-9.12,-4.01,32.39
0.14,-11.55,-2.54,32.37
-2.51,-9.67,-0.46,32.36
-0.19,-7.07,-4.06,32.38
-2.43,-5.93,-7.99,32.38
-4.06,-8.69,-2.09,32.37
0.06,-12.66,-2.83,32.35
-1.19,-11.93,-0.33,32.37
-1.0,-7.07,-5.88,32.34
-3.21,-5.71,-8.02,32.37
-0.33,-12.02,-1.12,32.38
-1.89,-11.19,-0.55,32.39
-1.28,-9.26,-2.29,32.33
-1.17,-5.63,-6.04,32.38
-4.32,-7.16,-5.38,32.35
-0.85,-11.07,-2.05,32.34
-0.21,-11.2,-0.82,32.37
-2.44,-7.6,-0.87,32.33
-1.79,-5.82,-6.72,32.37
-4.0,-6.25,-4.48,32.36
-0.64,-10.54,-1.63,32.39
-0.45,-10.62,-1.26,32.37
-3.21,-9.22,0.4,32.38
-1.33,-5.78,-6.21,32.4
-3.33,-6.99,-6.29,32.36
-3.14,-9.8,-0.01,32.36
-0.68,-12.32,-0.22,32.37
-1.33,-9.07,-1.29,32.37
-1.89,-5.35,-7.82,32.35
-1.34,-8.43,-4.71,32.36
1.09,-9.14,-4.26,32.34
2.37,-14.58,-2.04,32.37
-2.79,-10.0,-2.4,32.36
-2.46,-8.2,-5.98,32.34
0.19,-7.71,-8.05,32.38
0.43,-9.82,-4.93,32.35
0.18,-11.7,-1.34,32.36
-1.27,-11.87,-1.49,32.32
-2.33,-7.76,-6.31,32.42
-3.24,-8.02,-6.02,32.29
0.71,-11.13,-2.19,32.36
1.69,-12.9,-1.29,32.32
-1.03,-11.31,-0.48,32.37
-0.03,-10.01,-5.06,32.33
0.52,-9.05,-6.28,32.33
0.94,-7.79,-3.35,32.39
0.78,-11.81,-0.46,32.34
-0.78,-11.42,-0.11,32.37
-1.04,-12.95,-3.23,32.36
-2.41,-9.7,-0.08,32.35
-1.14,-7.95,-4.11,32.37
-0.74,-5.56,-5.84,32.34
-2.23,-10.06,-1.61,32.36
-1.0,-11.55,-0.5,32.37
0.3,-10.89,-0.34,32.29
0.33,-7.17,-5.19,32.35
-0.9,-5.69,-4.99,32.35
-1.04,-10.13,-1.19,32.31
0.61,-12.62,-0.41,32.35
0.37,-10.48,-2.52,32.34
-1.63,-5.73,-3.22,32.37
-0.42,-7.45,-3.45,32.39
-0.05,-10.67,-1.32,32.31
-0.33,-12.9,-1.11,32.35
-1.4,-9.79,-1.25,32.38
2.12,-6.14,-6.04,32.32
1.68,-6.59,-4.48,32.35
-0.89,-10.81,-0.11,32.38
-2.69,-8.44,-0.34,32.36
0.69,-5.12,-5.14,32.37
-2.29,-6.05,-5.42,32.34
-2.8,-10.56,0.45,32.35
0.06,-12.7,-1.05,32.31
0.91,-8.78,-2.1,32.38
0.16,-4.67,-4.58,32.36
-2.49,-4.97,-5.09,32.38
-1.42,-10.64,-1.47,32.37
0.66,-11.67,-1.24,32.34
-0.07,-8.56,-0.89,32.31
0.83,-6.29,-5.7,32.37
-1.83,-5.17,-4.16,32.34
-1.9,-11.89,0.03,32.37
-0.28,-12.71,-0.28,32.37
-1.42,-9.36,-2.54,32.35
-1.34,-5.21,-4.97,32.38
-0.92,-7.35,-5.58,32.37
-2.23,-11.96,0.14,32.37
-0.09,-11.57,-0.82,32.36
0.41,-10.35,-1.89,32.38
-0.59,-5.03,-5.68,32.38
-2.76,-6.24,-4.55,32.37
-0.87,-11.99,-0.69,32.37
-0.69,-10.9,-0.87,32.36
-3.17,-8.72,-2.15,32.34
-1.59,-5.73,-6.04,32.37
-1.09,-6.79,-4.18,32.33
-1.0,-11.98,-0.14,32.37
-0.35,-13.06,-2.17,32.37
0.7,-9.69,-2.55,32.33
0.98,-6.61,-6.16,32.37
0.24,-6.88,-4.8,32.35
0.87,-12.16,-0.2,32.35
-1.53,-11.73,-2.35,32.35
0.3,-8.21,-2.48,32.35
2.35,-7.75,-7.24,32.36
0.09,-6.18,-3.52,32.33
-0.91,-8.15,-5.14,32.37
3.29,-7.72,-6.14,32.33
-0.43,-8.71,-0.23,32.36
-1.28,-13.07,-0.28,32.36
-1.14,-10.54,-3.59,32.34
-1.08,-9.37,-5.16,32.39
-0.01,-5.89,-5.49,32.36
0.68,-10.06,-0.61,32.37
-0.11,-13.31,-1.25,32.37
-3.18,-8.17,-3.73,32.34
-0.59,-7.46,-5.08,32.37
1.15,-7.34,-3.96,32.33
-1.84,-9.8,-0.3,32.39
0.28,-12.16,-0.03,32.39
-0.44,-10.12,-4.59,32.31
-0.16,-7.14,-5.63,32.37
0.63,-6.68,-5.44,32.35
-0.28,-10.47,-1.14,32.34
-0.33,-12.15,0.02,32.36
-0.48,-10.76,-0.12,32.41
-0.59,-8.1,-4.66,32.38
-3.78,-5.17,-7.48,32.42
-1.22,-9.83,-4.31,32.32
0.61,-12.21,-1.6,32.34
-0.88,-8.91,0.17,32.37
-2.71,-6.64,-6.0,32.32
-3.39,-4.04,-8.87,32.35
-2.71,-9.26,-3.34,32.32
-0.15,-9.98,-4.08,32.38
-2.09,-10.37,-1.25,32.33
-3.57,-9.28,-1.7,32.33
-2.2,-5.7,-9.5,32.35
-3.04,-8.96,-3.08,32.32
-0.92,-11.36,-3.28,32.32
-2.03,-12.15,-0.31,32.33
-2.31,-8.72,-2.37,32.38
-4.15,-5.88,-8.62,32.33
-4.73,-7.68,-3.69,32.32
-3.93,-8.29,-4.61,32.37
-3.08,-6.27,-7.11,32.38
-0.93,-9.32,-7.26,32.37
0.69,-10.15,-1.64,32.37
-0.25,-12.0,-1.78,32.37
-1.76,-10.33,-2.28,32.35
-2.2,-8.65,-8.16,32.37
-0.95,-8.74,-5.23,32.3
1.73,-11.4,-2.04,32.37
0.14,-10.49,-1.32,32.32
-4.31,-9.94,-1.58,32.34
-2.81,-8.03,-7.76,32.36
-0.57,-7.68,-6.02,32.36
0.6,-10.51,-3.16,32.36
-0.66,-11.08,-0.56,32.37
-1.47,-9.0,-2.4,32.38
-2.29,-7.52,-8.24,32.36
-1.41,-7.69,-5.91,32.33
0.75,-10.16,-2.49,32.37
-0.18,-11.87,-0.26,32.31
-2.59,-8.26,-3.04,32.34
-4.39,-5.87,-8.55,32.32
-3.08,-8.43,-4.64,32.39
0.29,-11.37,-2.61,32.36
-0.11,-10.86,-1.04,32.37
-1.75,-8.91,-3.51,32.35
-2.38,-7.45,-6.61,32.38
-1.46,-10.15,-6.01,32.35
1.05,-12.11,-3.12,32.36
0.34,-10.27,-2.07,32.36
-0.39,-8.33,-4.39,32.37
-4.04,-6.64,-7.64,32.33
-1.4,-9.13,-5.45,32.35
2.28,-11.59,-3.15,32.39
-0.77,-10.15,0.21,32.33
-0.42,-9.51,-3.22,32.33
-1.89,-6.42,-9.64,32.34
-3.39,-8.69,-5.28,32.37
0.24,-5.31,-6.8,32.35
-2.59,-8.2,-1.69,32.35
-0.61,-11.9,0.74,32.31
0.99,-11.77,-1.55,32.34
0.53,-7.5,-4.64,32.34
1.8,-5.39,-6.51,32.37
-0.18,-8.78,-2.27,32.31
0.53,-11.44,0.14,32.32
-0.28,-12.73,-2.07,32.37
0.66,-6.63,-5.23,32.39
2.18,-5.74,-5.37,32.34
0.24,-9.36,-2.95,32.37
-1.74,-12.69,0.57,32.33
-1.58,-11.16,-3.28,32.35
-1.05,-7.76,-4.2,32.34
1.94,-6.51,-5.01,32.37
-1.6,-9.14,-2.21,32.36
-0.8,-13.86,1.1,32.32
-1.73,-11.99,-2.07,32.37
-1.87,-7.33,-5.9,32.34
0.05,-6.9,-7.1,32.34
-0.57,-10.45,-2.67,32.34
-0.86,-12.73,0.67,32.34
-2.03,-11.48,-2.23,32.34
-0.0,-7.63,-5.35,32.35
1.96,-7.39,-5.37,32.34
0.17,-9.41,-2.18,32.35
0.58,-13.61,-0.07,32.35
-1.97,-10.55,-3.96,32.37
-0.64,-6.62,-6.06,32.34
0.83,-8.85,-6.28,32.32
0.61,-9.92,-0.96,32.34
0.03,-13.53,-0.23,32.37
-1.33,-10.85,-4.6,32.37
-0.79,-7.42,-5.26,32.37
2.01,-8.02,-4.65,32.34
0.88,-11.47,-1.58,32.37
-0.85,-12.62,0.87,32.35
-1.64,-11.03,-5.57,32.36
-1.64,-11.15,-1.74,32.34
-1.09,-12.46,0.0,32.34
-0.24,-11.29,-5.28,32.35
-0.74,-8.04,-6.04,32.33
-0.98,-7.32,-3.37,32.35
0.86,-11.26,-1.89,32.33
0.21,-13.59,-0.77,32.35
-1.86,-9.69,-3.72,32.35
0.9,-9.41,-5.08,32.3
1.82,-6.31,-5.7,32.33
-0.23,-8.57,-3.55,32.35
-0.51,-12.28,-0.4,32.28
0.37,-13.16,-1.67,32.37
-1.02,-8.08,-6.21,32.3
-0.71,-6.65,-6.69,32.33
0.49,-8.34,-2.76,32.39
-2.35,-12.92,-0.36,32.33
-0.54,-12.62,-3.42,32.35
-0.67,-8.47,-6.04,32.34
-0.54,-8.3,-3.19,32.3
-2.27,-5.49,-5.89,32.35
-3.94,-5.78,-6.66,32.34
-2.32,-9.52,-0.56,32.3
-0.59,-12.17,-0.41,32.31
-2.28,-10.33,-2.39,32.37
-0.26,-6.43,-5.66,32.35
-2.43,-6.21,-6.89,32.33
-4.03,-10.34,-0.98,32.33
-1.42,-12.93,-0.45,32.36
-1.0,-10.53,-1.53,32.37
-1.68,-7.31,-5.72,32.34
-3.01,-4.91,-8.6,32.32
-3.2,-9.84,-1.19,32.35
1.59,-13.01,-1.34,32.37
-2.01,-10.92,-1.53,32.36
-2.38,-5.0,-5.79,32.34
-1.46,-5.87,-6.76,32.33
-1.54,-10.77,-0.65,32.36
-1.49,-12.15,1.06,32.34
-1.78,-9.24,-4.67,32.38
-1.61,-6.28,-5.34,32.35
1.2,-8.35,-4.87,32.37
-0.05,-11.48,0.85,32.31
-0.63,-13.3,0.28,32.34
-0.62,-9.86,-5.5,32.31
0.23,-6.55,-5.77,32.33
0.35,-8.64,-6.2,32.35
-0.82,-9.84,-0.79,32.35
0.79,-13.12,-0.79,32.34
0.16,-8.75,-5.83,32.36
-3.01,-7.06,-5.82,32.34
1.67,-7.62,-3.31,32.35
1.13,-11.89,-1.46,32.36
-2.67,-11.9,-0.48,32.33
-1.52,-9.35,-6.05,32.36
-0.04,-7.61,-9.33,32.32
-1.31,-7.28,-3.68,32.34
-1.76,-12.03,0.08,32.36
-2.94,-12.41,-1.19,32.31
-2.29,-9.4,-6.8,32.34
-1.78,-8.58,-6.12,32.32
-0.15,-8.54,-4.15,32.36
-0.0,-10.89,-0.89,32.37
-1.77,-13.14,-0.5,32.4
-1.68,-8.83,-6.62,32.35
-0.49,-8.21,-6.54,32.36
1.29,-8.83,-4.32,32.35
-0.97,-11.12,-0.51,32.36
-1.2,-11.16,-1.29,32.37
-0.69,-9.17,-6.6,32.36
-0.55,-7.78,-6.28,32.38
1.14,-10.22,-2.93,32.37
1.06,-12.18,-0.62,32.32
-0.43,-12.33,-1.17,32.32
-1.36,-9.0,-5.73,32.33
-2.24,-8.7,-6.81,32.34
-2.68,-7.35,-3.87,32.33
-1.82,-4.92,-9.07,32.36
-2.8,-10.03,-3.86,32.34
-1.55,-12.18,-1.55,32.35
-1.6,-11.4,-1.7,32.33
-1.54,-7.55,-4.76,32.32
-3.5,-4.16,-8.31,32.36
-3.42,-10.26,-3.18,32.35
-0.75,-12.18,-2.35,32.35
-0.85,-9.9,-1.93,32.34
-2.03,-6.54,-4.23,32.34
-3.74,-4.87,-6.79,32.32
-3.45,-10.12,-2.74,32.34
0.44,-12.02,-1.87,32.37
-0.21,-11.54,-1.24,32.37
-2.08,-7.13,-4.04,32.34
-1.77,-4.91,-7.85,32.34
-3.7,-10.24,-2.86,32.34
-1.69,-12.43,-0.74,32.35
0.84,-5.82,-6.95,32.38
1.01,-6.39,-4.57,32.36
-1.13,-11.43,0.57,32.33
0.12,-12.01,-1.3,32.32
-2.29,-9.1,-4.55,32.33
0.44,-5.4,-6.01,32.31
2.2,-6.69,-5.41,32.37
-0.97,-12.07,1.48,32.37
-1.16,-12.72,0.07,32.36
-0.45,-11.56,-2.65,32.33
-0.12,-6.73,-5.15,32.34
0.56,-6.33,-5.73,32.39
-1.25,-9.18,-0.74,32.32
-0.68,-12.89,0.19,32.36
-1.96,-10.08,-2.58,32.32
-1.77,-7.12,-6.13,32.32
2.2,-7.86,-5.09,32.35
-0.57,-9.11,-1.19,32.35
0.23,-13.21,0.27,32.33
-1.13,-9.79,-4.36,32.33
-2.41,-7.46,-5.85,32.36
1.31,-7.58,-5.56,32.38
1.26,-11.05,-1.38,32.33
-0.4,-12.04,0.51,32.33
-2.99,-9.88,-3.41,32.34
0.34,-8.41,-5.47,32.35
2.5,-7.89,-4.86,32.33
0.56,-10.19,-0.86,32.32
-1.06,-12.3,1.38,32.37
0.32,-10.35,-3.74,32.36
0.06,-7.32,-5.91,32.33
1.0,-6.91,-3.43,32.37
1.35,-12.1,-1.25,32.39
-0.76,-12.31,0.89,32.36
-1.55,-9.14,-4.37,32.38
1.57,-9.26,-5.71,32.32
0.76,-6.8,-3.45,32.32
0.3,-10.99,-1.33,32.3
0.04,-13.13,-0.7,32.37
-3.13,-6.06,-7.69,32.34
-1.11,-7.38,-7.41,32.4
-0.61,-9.9,-2.69,32.36
-0.38,-11.46,-0.79,32.35
-1.48,-11.37,-1.67,32.34
-2.84,-6.97,-7.46,32.32
-2.65,-7.41,-6.2,32.38
0.89,-9.82,-3.25,32.3
-0.94,-10.9,-1.16,32.37
-2.47,-10.58,-1.75,32.34
-2.99,-7.42,-7.75,32.33
-3.12,-7.97,-5.92,32.36
-0.14,-10.56,-3.72,32.34
-1.05,-10.51,-0.55,32.34
-1.26,-11.27,-2.43,32.34
-2.49,-6.97,-8.37,32.34
-3.87,-7.51,-5.91,32.37
0.59,-10.86,-3.83,32.3
-1.13,-10.73,-0.18,32.37
-1.32,-9.97,-2.15,32.38
0.07,-11.25,-1.13,32.34
-1.76,-10.24,-2.62,32.32
-3.39,-6.94,-6.5,32.36
-3.41,-8.26,-4.88,32.38
0.52,-10.23,-4.02,32.34
-2.0,-10.27,-0.09,32.37
-3.11,-10.04,-1.71,32.35
-2.55,-6.49,-9.22,32.35
-2.92,-8.07,-5.98,32.37
-1.31,-10.6,-3.92,32.34
-1.6,-11.33,-0.28,32.35
-2.28,-10.04,-3.11,32.35
-2.98,-6.05,-7.71,32.31
-3.11,-7.58,-5.03,32.32
-0.35,-11.04,-2.93,32.33
-1.91,-11.13,0.27,32.37
-1.86,-10.26,-2.06,32.3
-1.91,-4.86,-8.36,32.37
-3.46,-7.92,-4.33,32.35
-0.36,-12.26,-3.08,32.27
-0.54,-11.28,-0.89,32.35
-0.78,-9.13,-4.19,32.32
-3.0,-3.97,-8.36,32.37
-3.92,-7.86,-4.83,32.33
-0.49,-11.73,-2.72,32.36
-1.3,-11.61,-1.7,32.38
-1.74,-7.73,-4.48,32.39
-1.72,-6.09,-6.73,32.35
-2.99,-8.44,-4.39,32.37
-1.32,-11.57,-1.55,32.33
-0.61,-11.22,-1.83,32.31
-0.43,-8.91,-3.6,32.32
-1.47,-5.5,-7.01,32.32
-3.12,-7.86,-3.56,32.34
1.19,-12.25,-1.35,32.33
-0.63,-11.14,-1.07,32.34
-1.25,-8.57,-2.68,32.29
0.65,-6.75,-7.35,32.33
-1.1,-9.98,-0.25,32.32
-1.45,-11.27,-1.2,32.32
-0.35,-11.35,-0.53,32.36
-0.31,-7.6,-4.4,32.37
0.27,-5.47,-6.35,32.34
-1.24,-10.91,0.28,32.31
0.46,-12.45,-1.98,32.33
0.26,-11.17,-0.79,32.36
-0.73,-7.54,-2.83,32.34
0.54,-6.42,-5.99,32.34
-1.97,-7.93,-3.9,32.34
0.64,-11.7,-0.06,32.32
0.96,-11.81,-1.95,32.36
-1.84,-6.54,-2.6,32.36
0.02,-4.87,-5.36,32.34
-1.45,-8.43,-3.37,32.29
-1.99,-11.01,0.38,32.33
1.63,-11.54,-1.86,32.34
-0.11,-7.48,-5.09,32.34
0.56,-6.22,-4.34,32.33
-1.16,-10.45,-0.84,32.32
-0.11,-13.44,-0.01,32.35
-0.38,-10.78,-3.4,32.31
-1.64,-5.38,-6.88,32.3
-0.26,-6.4,-4.66,32.34
-1.45,-11.29,-0.93,32.3
-1.35,-11.89,-0.39,32.34
-1.58,-10.75,-4.05,32.31
-1.8,-6.16,-6.32,32.34
-0.1,-7.64,-3.75,32.36
0.01,-11.94,-1.7,32.32
0.28,-12.41,-0.25,32.29
-1.31,-10.93,-4.84,32.34
0.07,-7.51,-5.74,32.34
1.32,-8.59,-4.61,32.32
0.1,-11.21,-1.31,32.29
0.7,-12.69,-0.17,32.32
-2.04,-8.57,-4.44,32.32
0.21,-7.16,-5.62,32.34
0.87,-8.42,-2.82,32.31
-0.14,-12.87,0.57,32.33
-0.76,-11.37,-2.93,32.34
-0.99,-8.97,-5.48,32.3
1.8,-6.78,-5.61,32.33
0.36,-9.03,-2.08,32.34
-1.47,-12.23,0.23,32.3
-0.45,-11.84,-1.96,32.33
-0.57,-9.09,-5.2,32.35
0.31,-6.72,-6.11,32.34
0.54,-9.46,-2.84,32.28
-1.07,-12.2,1.04,32.34
-1.71,-12.38,-2.17,32.34
-0.2,-8.83,-4.85,32.31
-0.79,-7.5,-6.13,32.32
-0.86,-9.93,-2.3,32.3
0.82,-12.06,-0.58,32.34
-0.28,-13.16,-2.41,32.31
-2.57,-7.11,-5.45,32.33
-1.37,-7.42,-5.47,32.33
2.1,-11.15,-2.55,32.33
1.25,-11.81,0.5,32.34
-0.91,-12.11,-2.75,32.29
0.26,-6.85,-7.33,32.29
0.2,-7.96,-7.06,32.36
0.28,-9.78,-1.24,32.29
0.25,-12.44,-0.9,32.28
0.87,-10.59,-3.8,32.33
-2.0,-7.64,-6.04,32.32
-1.05,-8.35,-6.8,32.31
1.4,-10.14,-2.21,32.33
0.53,-12.77,-0.52,32.29
-0.86,-10.62,-1.81,32.29
-1.25,-7.97,-6.61,32.29
-1.39,-7.86,-5.19,32.35
1.31,-10.82,-1.71,32.33
1.7,-13.47,-0.43,32.32
-0.97,-10.1,-1.85,32.31
-1.56,-8.31,-6.75,32.35
-1.13,-8.47,-5.83,32.35
1.65,-10.73,-1.73,32.32
-0.39,-12.61,-0.33,32.32
-1.71,-9.81,-1.41,32.29
-2.38,-7.25,-7.47,32.27
-2.78,-8.74,-5.32,32.3
0.61,-10.69,-3.54,32.3
-0.65,-10.96,-0.6,32.32
-1.75,-10.16,-0.97,32.31
-1.54,-6.99,-7.57,32.31
-2.51,-7.17,-6.54,32.29
0.93,-11.49,-3.35,32.35
-0.07,-11.25,0.34,32.33
-1.64,-10.36,-2.15,32.32
-1.46,-6.67,-8.45,32.29
-3.2,-7.16,-5.78,32.35
0.48,-5.75,-6.07,32.3
-0.92,-8.24,-2.86,32.34
0.59,-13.04,-0.15,32.31
-1.15,-11.9,-1.72,32.28
-0.6,-8.3,-5.37,32.27
1.07,-5.91,-8.06,32.33
-0.63,-5.66,-6.58,32.27
-1.01,-12.49,0.71,32.33
0.58,-12.46,-1.44,32.35
0.1,-11.4,-1.73,32.32
-1.73,-5.61,-4.57,32.34
0.43,-6.5,-5.5,32.3
-1.19,-9.98,-1.2,32.27
-1.25,-11.02,-0.38,32.32
1.23,-11.12,-1.79,32.29
-0.17,-5.95,-6.04,32.29
-1.57,-5.7,-3.24,32.29
-2.2,-10.17,-0.47,32.3
-0.67,-13.0,0.45,32.33
-0.3,-10.34,-2.68,32.31
0.6,-7.7,-4.44,32.34
0.56,-8.59,-3.03,32.3
-1.46,-11.51,0.06,32.32
-0.57,-12.59,-2.12,32.34
-1.76,-8.78,-4.39,32.33
-0.22,-5.92,-5.54,32.32
-0.92,-8.55,-2.18,32.3
-0.46,-11.64,-0.33,32.32
-0.17,-12.49,-2.13,32.34
-2.31,-8.43,-3.38,32.32
0.75,-7.16,-6.34,32.31
0.88,-10.09,-3.0,32.27
-0.06,-11.65,-0.62,32.3
0.24,-12.25,-2.08,32.35
-2.61,-7.37,-6.09,32.34
-1.85,-6.49,-7.19,32.32
0.11,-10.33,-3.42,32.31
-1.01,-11.5,-1.42,32.28
-1.49,-11.43,-4.46,32.31
-0.7,-10.98,-3.1,32.34
-0.87,-11.92,-2.05,32.32
-1.13,-11.63,-2.01,32.31
-3.41,-9.57,-5.19,32.34
-2.91,-7.67,-6.22,32.31
0.12,-8.76,-4.27,32.32
-1.33,-12.78,-0.88,32.26
-2.9,-12.48,-1.0,32.29
-2.62,-8.76,-5.52,32.29
-0.47,-7.54,-8.55,32.31
-0.31,-9.25,-4.26,32.3
-1.71,-11.26,-0.73,32.33
-1.8,-13.22,-2.25,32.28
-2.23,-7.48,-6.73,32.31
-1.59,-8.02,-7.53,32.28
1.47,-9.04,-4.14,32.27
-0.56,-11.9,-1.91,32.27
-2.94,-10.04,-1.66,32.3
-3.19,-8.06,-7.12,32.33
-0.17,-11.94,-1.42,32.3
-1.11,-10.42,0.15,32.32
-3.69,-5.53,-4.69,32.32
-3.9,-5.49,-7.56,32.32
-2.2,-11.8,-2.06,32.27
-0.1,-10.39,-1.9,32.35
-3.85,-10.01,-0.58,32.3
-4.19,-6.01,-3.62,32.27
-2.91,-5.22,-7.11,32.32
-2.09,-10.31,-1.67,32.3
-0.04,-10.29,-0.93,32.33
-2.01,-9.53,-1.25,32.35
-2.42,-5.12,-4.89,32.32
-2.9,-5.84,-7.42,32.34
-2.22,-8.57,-2.98,32.28
-1.24,-10.97,-1.77,32.3
-1.47,-9.42,-1.3,32.34
-2.85,-5.31,-6.16,32.31
-2.28,-5.75,-6.58,32.33
-2.52,-11.83,-0.73,32.34
-1.95,-7.27,-4.46,32.31
-2.65,-6.35,-8.25,32.28
-1.66,-8.93,-4.04,32.32
-0.31,-12.39,-2.46,32.33
-1.32,-10.39,-0.61,32.36
-0.85,-7.64,-6.72,32.3
-3.8,-3.75,-7.43,32.31
-2.73,-7.67,-5.28,32.31
0.85,-12.25,-1.86,32.29
-1.85,-9.9,-0.29,32.32
-2.29,-5.85,-4.77,32.29
-2.95,-5.25,-7.42,32.34
-1.87,-8.69,-3.48,32.26
-0.91,-11.71,-1.5,32.32
-0.65,-10.29,-0.64,32.32
-1.86,-7.3,-3.31,32.3
-3.89,-4.57,-6.96,32.33
-1.58,-9.66,-2.57,32.29
-0.03,-12.07,-2.24,32.3
-0.86,-11.59,-0.03,32.3
-2.13,-8.94,-2.32,32.27
-2.96,-5.08,-6.96,32.31
-3.25,-6.61,-7.71,32.32
-1.58,-11.12,-1.4,32.28
-1.09,-11.22,0.08,32.3
-2.39,-8.46,-2.73,32.29
-2.61,-3.49,-7.77,32.28
-1.4,-8.18,-5.83,32.33
-0.68,-10.57,-0.96,32.34
-1.18,-11.48,0.08,32.29
-0.02,-8.88,-1.33,32.33
0.03,-4.6,-7.8,32.34
-2.8,-6.92,-4.58,32.29
-1.06,-10.46,0.25,32.29
1.21,-12.45,0.23,32.33
-1.27,-7.09,-2.55,32.32
-0.56,-4.41,-5.99,32.31
0.63,-13.75,-0.94,32.32
-0.19,-12.73,-0.05,32.28
0.94,-8.1,-3.47,32.29
1.61,-5.09,-7.04,32.34
0.4,-8.11,-2.89,32.29
0.23,-12.16,1.14,32.3
-0.9,-13.62,-0.35,32.28
0.66,-8.18,-2.14,32.29
1.67,-6.46,-6.33,32.33
0.42,-8.15,-1.07,32.28
-0.23,-13.29,1.44,32.3
-0.01,-13.37,-1.66,32.26
0.17,-7.14,-3.9,32.29
1.35,-7.49,-6.77,32.29
1.28,-8.48,-2.98,32.33
0.21,-13.64,1.13,32.31
-0.15,-11.68,-1.52,32.29
0.23,-9.1,-4.91,32.27
0.89,-6.33,-5.84,32.31
-1.93,-6.94,-5.78,32.28
-1.75,-6.82,-8.14,32.33
-2.92,-9.03,-6.07,32.27
-1.79,-10.18,-2.77,32.33
-1.48,-11.83,-0.22,32.34
-3.02,-10.2,-2.32,32.31
-3.9,-6.61,-7.53,32.29
-2.72,-7.25,-7.69,32.3
0.51,-10.38,-3.97,32.31
-2.18,-10.89,0.34,32.31
-2.46,-10.12,-0.69,32.31
-1.75,-6.49,-8.89,32.27
-2.63,-6.98,-7.57,32.28
0.49,-9.96,-2.94,32.3
-1.22,-11.85,0.56,32.34
-3.04,-7.13,-3.01,32.29
-3.57,-4.76,-8.59,32.31
-2.1,-8.09,-5.17,32.32
-0.74,-11.03,-2.19,32.29
-2.57,-11.68,0.93,32.34
-2.53,-8.49,-2.59,32.34
-2.89,-4.59,-8.14,32.33
-2.47,-8.67,-4.73,32.31
-1.1,-11.35,-2.03,32.27
-0.88,-10.08,0.12,32.29
-2.14,-9.12,-2.79,32.3
-2.56,-4.72,-6.26,32.28
-2.94,-7.56,-5.34,32.31
-2.01,-11.42,-2.09,32.29
-1.24,-9.52,-0.62,32.29
-2.13,-8.2,-4.03,32.32
-2.09,-4.02,-7.09,32.29
-3.04,-7.6,-5.4,32.34
-0.84,-10.32,-1.36,32.27
-0.89,-11.61,-1.73,32.3
-1.09,-7.37,-4.14,32.27
-1.7,-4.85,-6.54,32.3
-2.49,-8.68,-4.59,32.27
-1.29,-12.12,-0.98,32.32
0.5,-12.18,-3.2,32.3
-0.41,-8.86,-3.39,32.31
-0.22,-5.49,-6.53,32.33
-0.95,-9.19,-4.96,32.27
-0.29,-12.49,-2.58,32.27
-1.28,-11.16,-1.24,32.3
-0.51,-8.35,-4.76,32.33
-1.53,-4.46,-7.94,32.27
-2.26,-7.31,-5.42,32.32
0.84,-11.95,-1.51,32.3
-0.7,-11.98,-1.05,32.32
-1.37,-8.0,-2.07,32.32
1.13,-6.06,-7.26,32.27
-0.82,-8.4,-3.84,32.32
0.62,-12.98,0.05,32.31
0.85,-13.09,-0.33,32.3
-1.05,-7.62,-2.72,32.33
-0.3,-5.01,-6.16,32.3
-2.27,-9.37,-1.81,32.33
-0.79,-12.29,-0.68,32.3
-0.04,-12.1,0.14,32.34
-0.16,-8.1,-3.17,32.26
-3.21,-4.56,-5.83,32.29
-3.75,-8.35,-4.33,32.32
-1.98,-11.47,-0.32,32.3
-2.06,-11.88,-1.51,32.29
-2.4,-7.57,-3.41,32.3
-1.83,-4.47,-7.99,32.3
-3.54,-6.3,-7.01,32.29
-2.07,-9.77,-2.37,32.3
-0.22,-11.72,-0.98,32.29
-2.01,-10.36,-0.15,32.3
-1.3,-5.58,-6.18,32.28
-4.13,-5.63,-6.47,32.31
-2.0,-10.43,-2.7,32.31
-1.37,-11.38,-0.82,32.31
-2.26,-10.68,-0.28,32.26
-1.7,-6.91,-5.88,32.31
-3.52,-4.68,-7.69,32.27
-2.44,-11.15,-2.63,32.31
-0.83,-11.43,-0.82,32.33
-3.61,-10.35,0.03,32.34
-0.91,-3.96,-6.98,32.31
-3.89,-6.12,-8.72,32.3
-1.62,-9.96,-2.23,32.3
-0.7,-11.68,-1.7,32.34
-1.18,-9.49,0.45,32.29
-2.48,-4.68,-6.95,32.3
-4.13,-6.33,-6.08,32.27
-0.86,-10.07,-2.7,32.27
-0.11,-12.29,-1.8,32.26
-2.45,-8.27,-1.84,32.3
-1.7,-5.63,-5.86,32.32
-4.11,-6.96,-5.13,32.27
-2.07,-10.99,-2.32,32.24
-1.38,-12.23,-0.98,32.29
-1.68,-10.83,-1.37,32.32
-0.01,-5.63,-5.65,32.31
-3.96,-5.61,-6.54,32.31
-1.86,-11.38,-1.78,32.31
0.07,-11.92,-1.02,32.26
-0.57,-9.89,-1.41,32.28
0.12,-5.03,-5.9,32.31
-2.32,-6.22,-6.1,32.26
-0.04,-10.21,-2.2,32.3
-0.26,-12.45,-1.81,32.27
-1.44,-8.0,-2.37,32.29
-0.17,-5.28,-7.36,32.36
-2.79,-6.5,-4.99,32.29
-2.92,-10.1,-2.31,32.28
-1.59,-12.16,-1.25,32.29
0.72,-8.86,-3.59,32.3
1.2,-6.63,-7.14,32.29
-1.61,-5.85,-4.53,32.28
-1.61,-11.78,-0.56,32.3
0.14,-12.49,-0.45,32.3
0.56,-9.38,-1.68,32.32
0.92,-7.64,-5.89,32.33
-0.5,-6.02,-4.95,32.33
-1.05,-11.95,0.07,32.3
-0.45,-12.74,-1.01,32.27
-0.64,-11.04,-1.54,32.32
1.58,-7.41,-5.64,32.34
-0.6,-6.79,-3.77,32.3
-0.03,-12.89,-1.33,32.3
-0.74,-13.3,-0.76,32.3
1.37,-10.37,-2.03,32.29
1.23,-6.09,-5.45,32.31
0.92,-7.43,-3.25,32.31
-0.01,-13.02,-0.66,32.34
1.98,-12.07,-0.15,32.27
1.28,-8.5,-3.72,32.33
0.94,-4.87,-5.48,32.29
0.61,-7.96,-2.85,32.29
0.89,-12.07,0.6,32.27
-2.17,-11.81,-1.28,32.31
-2.59,-8.24,-2.74,32.35
-3.48,-4.95,-8.31,32.33
-4.81,-6.24,-6.09,32.28
-0.79,-10.98,-4.49,32.29
-0.65,-12.61,-1.25,32.31
-3.19,-8.3,-2.96,32.27
-1.68,-5.57,-8.19,32.3
-4.64,-6.44,-6.75,32.3
-2.0,-11.79,-2.64,32.31
0.34,-12.72,-2.55,32.32
-0.6,-9.25,-1.87,32.34
-1.09,-6.78,-6.77,32.37
-4.55,-7.22,-6.79,32.33
-1.6,-11.72,-3.93,32.31
-0.02,-12.5,-2.07,32.31
-0.85,-8.55,-2.64,32.32
-1.8,-4.4,-8.02,32.29
-4.06,-7.54,-6.14,32.32
-2.49,-11.04,-1.55,32.31
-1.41,-12.5,-0.77,32.31
0.52,-9.48,-2.14,32.3
-1.95,-4.94,-7.23,32.32
-4.57,-4.96,-8.55,32.26
-1.19,-12.06,-3.86,32.3
0.56,-11.66,-2.54,32.29
-2.48,-11.03,-0.57,32.33
-2.14,-6.89,-5.08,32.32
-3.0,-7.1,-4.12,32.3
-1.93,-8.16,-3.73,32.37
0.53,-12.08,-1.51,32.27
-2.49,-10.01,1.18,32.28
-2.42,-7.63,-3.11,32.26
-4.13,-4.17,-8.59,32.3
-2.51,-10.01,-3.66,32.3
-0.02,-11.42,-1.47,32.31
-1.13,-11.0,0.12,32.28
0.53,-6.14,-5.0,32.34
-4.63,-7.85,-7.81,32.29
-2.18,-7.3,-6.21,32.31
0.2,-11.29,-4.1,32.29
-2.05,-11.54,0.09,32.3
-4.06,-9.56,-2.52,32.3
-2.62,-7.25,-7.6,32.28
-3.27,-8.02,-6.22,32.32
-1.46,-10.13,-2.8,32.32
-0.85,-11.14,-0.79,32.29
-3.08,-9.58,-3.06,32.29
-4.53,-6.94,-6.89,32.32
-3.67,-6.18,-6.56,32.33
2.23,-11.03,-4.72,32.32
-1.37,-12.31,0.41,32.31
-1.8,-8.37,-1.19,32.33
0.31,-9.32,-6.75,32.29
-1.05,-8.53,-6.55,32.3
-0.18,-10.69,-2.84,32.3
0.59,-12.09,-0.17,32.29
-0.23,-5.86,-6.98,32.33
-1.71,-6.6,-6.6,32.25
-0.26,-9.83,-4.06,32.28
1.73,-12.08,-0.24,32.29
1.16,-10.86,-0.32,32.29
-0.56,-7.3,-5.55,32.3
-2.04,-5.72,-6.18,32.31
0.66,-11.25,-3.25,32.28
0.92,-12.63,0.41,32.31
-1.63,-9.72,-0.64,32.31
-1.3,-7.62,-5.77,32.31
-2.79,-5.25,-5.92,32.3
-0.93,-10.09,-4.19,32.31
0.34,-12.45,-1.55,32.31
-2.98,-9.45,0.43,32.31
1.05,-7.05,-5.02,32.29
-1.21,-6.42,-8.13,32.3
-2.64,-9.62,-2.09,32.28
0.73,-11.46,-1.14,32.24
-0.04,-9.39,-1.93,32.32
-2.0,-4.72,-5.42,32.3
-4.06,-6.71,-5.1,32.32
-0.53,-9.93,-2.24,32.34
0.73,-10.84,-0.85,32.28
-3.11,-10.45,-0.16,32.27
-2.79,-6.02,-3.29,32.36
-2.37,-6.26,-5.25,32.26
-0.24,-11.14,-2.44,32.31
-1.02,-11.83,0.14,32.29
-1.42,-8.33,-2.49,32.29
0.95,-5.12,-6.37,32.28
-2.96,-6.01,-3.76,32.28
-1.72,-12.27,-1.37,32.27
1.56,-11.46,-2.0,32.32
-0.41,-8.17,-2.42,32.34
-0.48,-4.7,-5.97,32.28
-3.13,-7.03,-5.32,32.29
0.73,-10.65,-2.53,32.31
0.85,-11.1,-0.83,32.34
-2.27,-9.97,-1.29,32.28
-0.36,-5.73,-6.11,32.33
-2.15,-6.17,-6.22,32.27
0.2,-11.21,-1.78,32.29
0.29,-12.68,-0.54,32.28
-2.61,-9.39,-0.37,32.28
0.92,-5.88,-6.21,32.32
-2.51,-6.91,-5.48,32.34
-3.0,-10.68,-0.67,32.3
-1.18,-13.25,-0.5,32.32
-1.11,-8.11,-2.66,32.3
-2.35,-5.07,-5.54,32.27
-2.27,-6.16,-5.47,32.28
-1.43,-11.15,-0.06,32.3
-1.12,-12.41,-1.1,32.34
-1.26,-7.58,-2.92,32.27
0.55,-5.25,-5.88,32.33
-2.46,-6.91,-3.68,32.32
-2.23,-11.29,-0.8,32.29
-1.2,-13.09,0.38,32.27
0.37,-8.69,-1.95,32.31
0.25,-5.23,-5.86,32.29
-3.3,-6.39,-3.96,32.28
-0.92,-12.24,-1.01,32.33
-0.59,-12.0,-0.51,32.31
-3.22,-7.12,-2.19,32.32
-1.17,-4.2,-7.75,32.29
-1.83,-7.25,-5.35,32.32
-1.77,-11.76,-0.59,32.29
-1.45,-11.76,-0.25,32.32
0.09,-8.8,-1.45,32.31
0.73,-7.86,-2.74,32.32
-0.45,-5.28,-7.3,32.3
-0.6,-10.41,-2.8,32.29
-0.39,-11.52,-1.31,32.26
0.77,-11.32,-2.52,32.29
-0.1,-5.58,-4.83,32.3
-2.17,-4.19,-6.94,32.27
0.13,-7.58,-5.46,32.35
1.49,-5.18,-5.76,32.28
0.52,-7.77,-2.62,32.27
-0.29,-13.35,0.26,32.28
-1.4,-12.57,-0.1,32.29
-0.61,-8.95,-1.71,32.29
1.38,-6.57,-5.57,32.27
-1.76,-7.52,-4.03,32.25
-1.91,-12.06,0.04,32.3
-0.99,-13.11,-0.78,32.31
-0.48,-7.28,-4.2,32.26
0.52,-5.48,-7.25,32.28
1.23,-8.35,-3.31,32.31
0.53,-11.44,-0.13,32.28
-0.64,-12.78,-1.74,32.32
0.7,-7.59,-3.49,32.3
2.04,-5.81,-5.89,32.28
0.79,-8.62,-3.28,32.3
-0.04,-11.55,-0.82,32.34
-0.53,-11.75,0.51,32.26
-1.66,-13.26,0.29,32.27
-2.46,-10.09,-3.4,32.26
-0.12,-7.87,-5.4,32.27
0.72,-7.52,-7.08,32.32
-0.27,-10.23,-0.2,32.29
1.11,-13.42,-1.94,32.3
-2.11,-9.34,-4.83,32.28
-2.26,-6.65,-5.1,32.29
0.68,-7.8,-6.55,32.27
-1.01,-11.03,-1.26,32.27
-3.35,-13.58,-1.22,32.28
-2.87,-10.37,-5.31,32.26
-0.96,-8.11,-6.95,32.27
-0.22,-7.81,-4.36,32.27
-1.23,-12.71,-2.55,32.31
-2.67,-11.74,-0.03,32.3
-0.6,-12.52,-4.24,32.24
-1.3,-6.35,-6.61,32.31
-3.43,-12.57,-1.63,32.27
-2.47,-5.95,-7.98,32.31
-2.67,-7.46,-7.5,32.25
-0.14,-10.61,-4.06,32.27
-1.34,-9.62,-0.05,32.25
-2.43,-11.23,-1.41,32.27
-1.12,-6.4,-7.54,32.26
-4.81,-8.55,-5.41,32.29
1.27,-10.01,-5.04,32.28
-1.16,-11.73,-0.07,32.27
-2.12,-10.75,-1.38,32.25
-2.15,-8.2,-6.04,32.25
-2.76,-8.96,-5.92,32.27
1.1,-10.55,-4.07,32.22
0.24,-11.78,-0.15,32.3
-1.8,-9.34,-1.58,32.27
-1.09,-8.06,-6.44,32.3
-3.12,-7.99,-4.55,32.28
-0.88,-9.73,-3.11,32.29
-1.48,-11.33,-3.86,32.25
0.71,-11.89,-1.04,32.25
-1.26,-10.7,0.07,32.26
-1.13,-7.36,-4.41,32.27
-2.89,-6.03,-7.58,32.23
-2.16,-9.82,-3.4,32.27
-0.66,-12.19,-1.39,32.28
-2.11,-10.1,-0.47,32.25
-1.76,-8.32,-3.1,32.28
-3.33,-6.34,-7.75,32.27
-1.7,-9.47,-2.37,32.27
1.6,-12.92,-2.06,32.25
-2.48,-9.19,0.65,32.3
-4.12,-6.66,-3.46,32.28
-3.35,-7.32,-6.76,32.27
-4.16,-11.41,-3.28,32.27
-2.01,-10.52,-2.87,32.3
-1.98,-10.86,-2.05,32.27
-3.34,-5.99,-4.96,32.24
-5.46,-6.18,-7.34,32.28
-2.18,-10.52,-4.2,32.31
-0.57,-11.29,-2.41,32.29
-1.03,-11.57,-2.03,32.23
-2.51,-10.57,-1.8,32.25
-2.72,-6.76,-7.16,32.26
-2.12,-8.3,-6.45,32.28
1.02,-11.36,-3.16,32.24
-0.19,-11.56,-0.8,32.25
-0.44,-9.01,-1.97,32.29
-3.64,-6.12,-7.5,32.25
-2.83,-7.08,-4.63,32.3
1.07,-12.45,-3.58,32.3
-0.13,-11.28,0.71,32.29
0.64,-9.31,-3.44,32.24
-1.81,-5.18,-8.32,32.29
-1.2,-8.86,-5.98,32.28
1.51,-12.03,-1.69,32.29
0.79,-11.74,-0.79,32.29
-1.36,-7.37,-5.24,32.31
-4.33,-8.81,-4.07,32.25
-1.25,-12.73,-2.06,32.27
-1.15,-11.5,-3.34,32.3
-1.91,-8.5,-3.39,32.28
-0.26,-6.59,-6.64,32.26
-3.55,-7.43,-4.53,32.26
-1.38,-12.21,-2.22,32.26
-0.41,-12.03,-2.91,32.24
-2.73,-7.48,-3.08,32.26
-0.14,-5.51,-7.56,32.29
-3.91,-7.01,-4.8,32.24
-1.56,-12.37,-1.03,32.24
-1.1,-12.64,-1.62,32.25
-0.94,-6.39,-4.5,32.25
-0.81,-5.57,-7.6,32.25
-3.74,-7.17,-2.53,32.27
0.33,-12.61,-1.32,32.24
-0.02,-12.26,-1.99,32.26
-0.78,-6.73,-5.8,32.27
-2.95,-8.26,-4.42,32.36
-1.3,-11.74,-0.71,32.27
1.36,-11.45,-0.01,32.25
0.06,-9.48,-1.87,32.3
-0.54,-3.66,-7.8,32.24
-0.05,-7.95,-3.05,32.33
-0.1,-11.71,-0.83,32.27
0.46,-10.8,-0.44,32.25
-0.17,-8.43,-1.72,32.28
-0.57,-3.85,-6.92,32.3
-1.83,-7.27,-4.33,32.26
-2.0,-10.72,0.33,32.31
-0.35,-11.91,-0.02,32.24
0.05,-7.38,-3.25,32.28
-1.55,-3.46,-7.15,32.32
-1.78,-7.47,-1.81,32.29
-0.73,-13.13,-1.5,32.25
-0.33,-10.34,-1.36,32.26
0.77,-8.16,-2.43,32.27
-0.21,-5.02,-5.28,32.24
-3.41,-8.0,-1.88,32.28
-0.55,-13.29,-1.37,32.27
1.04,-11.8,-0.68,32.24
-0.97,-8.01,-2.33,32.26
-1.02,-3.81,-6.43,32.28
-3.31,-8.44,-4.36,32.25
-0.95,-10.57,-0.16,32.29
-0.09,-12.11,-0.18,32.28
-0.35,-7.8,-2.27,32.3
0.74,-4.47,-6.65,32.31
-1.93,-8.11,-2.6,32.32
0.18,-11.24,-0.51,32.29
1.76,-11.55,-1.93,32.26
0.35,-5.51,-3.48,32.3
0.35,-5.23,-6.14,32.26
-2.33,-8.16,-2.56,32.28
0.02,-11.62,-0.85,32.2
1.0,-11.3,0.19,32.29
0.91,-12.75,-0.61,32.27
-0.95,-11.41,-0.82,32.26
-1.97,-9.99,-4.65,32.28
0.47,-6.72,-5.6,32.27
2.1,-9.09,-4.66,32.27
0.37,-11.86,-1.13,32.25
-0.91,-10.6,-1.33,32.27
-1.47,-9.62,-5.04,32.23
0.37,-7.06,-6.19,32.24
0.8,-9.5,-5.71,32.24
0.21,-11.34,-1.53,32.31
-1.1,-11.14,-1.56,32.26
-2.5,-9.38,-5.89,32.24
-0.92,-6.99,-5.66,32.24
0.28,-10.21,-4.17,32.34
-0.43,-11.6,-0.1,32.22
-2.72,-12.93,-1.37,32.24
-2.77,-8.86,-5.11,32.27
-0.85,-8.41,-6.18,32.24
-0.88,-9.0,-4.39,32.3
-0.62,-10.42,-1.4,32.22
-1.77,-11.23,-2.28,32.25
-2.64,-9.46,-3.2,32.27
-0.45,-8.25,-4.95,32.3
0.15,-10.16,-3.07,32.27
-1.81,-10.73,0.38,32.27
0.45,-13.26,-0.59,32.29
-1.42,-11.25,-3.53,32.26
-1.34,-7.51,-5.64,32.27
1.92,-6.02,-7.5,32.27
0.43,-9.81,-1.07,32.25
-3.43,-13.05,0.19,32.24
-1.56,-11.58,-5.15,32.24
-1.23,-5.66,-6.69,32.21
-0.57,-7.4,-4.81,32.23
-1.39,-11.95,-1.16,32.26
-2.89,-12.67,0.05,32.24
-1.58,-9.47,-4.79,32.28
-2.37,-7.64,-5.36,32.3
-0.91,-6.33,-4.87,32.23
-2.11,-11.4,-1.14,32.28
-0.89,-12.64,1.23,32.27
-0.83,-10.94,-3.31,32.23
-1.7,-7.42,-5.34,32.2
2.21,-6.35,-5.68,32.26
0.07,-11.2,0.17,32.25
-1.53,-10.93,0.73,32.27
-0.85,-10.42,-4.79,32.27
-0.5,-7.37,-5.88,32.22
1.47,-7.36,-4.61,32.23
0.37,-11.67,-0.6,32.26
-0.17,-11.92,-0.28,32.25
-1.63,-11.12,-2.63,32.25
0.42,-8.31,-5.45,32.25
1.12,-8.85,-5.16,32.22
0.72,-10.94,-0.28,32.18
0.03,-12.47,0.08,32.29
2.19,-9.3,-2.45,32.26
0.52,-13.29,0.96,32.27
-0.38,-9.99,-2.05,32.28
0.4,-8.76,-4.38,32.25
1.07,-7.8,-5.14,32.28
1.14,-8.69,-2.63,32.22
-0.13,-13.07,-0.24,32.29
1.01,-11.2,-2.78,32.23
0.89,-7.64,-5.2,32.22
0.59,-6.72,-5.18,32.27
-0.04,-10.66,-0.52,32.25
-1.11,-12.05,-1.0,32.26
-0.87,-12.14,-4.99,32.27
-1.82,-7.61,-6.31,32.21
1.69,-5.75,-7.25,32.24
-0.82,-10.39,-2.35,32.27
-1.66,-11.95,0.48,32.27
1.36,-11.21,-4.61,32.26
-2.23,-8.13,-5.39,32.23
0.37,-6.17,-4.39,32.28
1.23,-11.02,-3.03,32.27
-2.46,-11.58,0.61,32.27
-2.92,-11.13,-3.1,32.24
-1.58,-7.66,-5.82,32.22
-0.49,-6.84,-5.79,32.29
-0.35,-11.49,-2.7,32.27
-2.25,-11.63,1.22,32.23
-2.07,-11.06,-4.21,32.22
-0.64,-7.1,-7.0,32.24
3.13,-6.25,-6.06,32.2
0.84,-10.67,-2.65,32.28
-1.23,-9.96,-0.15,32.27
0.84,-11.23,-4.75,32.22
0.32,-7.84,-5.46,32.24
0.65,-7.48,-5.16,32.24
-0.26,-9.96,-0.85,32.24
-2.18,-11.69,-0.37,32.27
-0.86,-11.68,-3.07,32.19
2.23,-12.56,-3.88,32.22
-0.21,-10.72,-0.75,32.28
-1.75,-10.94,-0.99,32.24
0.03,-7.12,-7.52,32.22
-3.09,-6.41,-6.68,32.27
1.07,-11.65,-4.41,32.29
-0.66,-10.73,0.24,32.24
-1.86,-10.62,-1.2,32.26
-1.61,-5.58,-9.09,32.24
-3.48,-7.39,-7.5,32.23
1.32,-10.87,-2.49,32.24
-0.3,-11.6,-0.65,32.24
-3.03,-9.16,-1.68,32.25
-2.31,-6.18,-7.14,32.27
-1.61,-9.55,-5.61,32.27
2.75,-12.36,-2.78,32.25
-1.08,-10.73,-0.44,32.25
-1.61,-9.89,-1.59,32.24
-2.44,-6.28,-7.74,32.19
-1.95,-6.95,-4.79,32.2
1.3,-6.77,-7.02,32.24
0.44,-6.18,-5.53,32.26
-1.0,-9.02,-1.38,32.28
-0.75,-11.57,-2.79,32.24
-2.32,-8.32,-3.93,32.22
-1.03,-7.72,-4.08,32.25
1.63,-7.25,-4.91,32.23
-0.41,-11.18,-1.55,32.19
-1.73,-12.36,-0.25,32.25
-3.84,-10.29,-3.45,32.22
-1.43,-7.57,-5.36,32.24
1.98,-8.63,-5.03,32.25
0.38,-11.5,-0.29,32.24
-1.25,-12.28,-0.57,32.22
-1.75,-9.78,-3.69,32.21
-0.12,-5.78,-6.21,32.23
1.21,-7.71,-4.99,32.24
-0.37,-11.87,-1.53,32.21
-1.31,-12.27,-1.47,32.24
-0.91,-9.66,-5.26,32.24
-0.62,-6.98,-8.19,32.23
-0.36,-7.01,-4.58,32.23
-1.99,-10.38,-0.66,32.23
-1.02,-12.09,-2.19,32.23
-4.2,-9.45,-5.57,32.21
-0.62,-7.3,-4.91,32.25
1.92,-9.07,-4.89,32.26
-1.05,-11.29,-0.41,32.25
-2.26,-12.36,-1.41,32.23
-3.14,-9.21,-4.61,32.23
-0.42,-6.99,-6.34,32.22
1.56,-8.08,-4.65,32.22
-0.83,-10.72,0.68,32.28
-2.3,-14.07,-0.55,32.24
-2.63,-10.25,-3.08,32.24
1.02,-7.24,-7.96,32.24
0.67,-8.16,-4.78,32.24
-1.57,-11.47,-0.14,32.2
-1.16,-12.2,-0.5,32.23
-1.45,-9.37,-7.15,32.24
0.2,-5.88,-7.2,32.24
1.94,-8.31,-5.22,32.22
0.96,-11.21,-0.02,32.2
-0.03,-12.13,-0.6,32.27
-2.3,-9.11,-4.98,32.22
1.27,-7.12,-7.62,32.22
1.46,-8.14,-4.49,32.24
-0.91,-10.78,0.96,32.23
-0.97,-12.86,-2.6,32.2
-2.43,-9.37,-5.96,32.26
-1.19,-7.66,-4.9,32.27
1.67,-10.2,-3.45,32.22
-0.05,-12.02,-0.38,32.24
-2.78,-11.2,-1.07,32.24
-1.51,-8.91,-5.8,32.24
1.14,-8.55,-6.04,32.23
2.46,-10.08,-3.04,32.23
-0.21,-10.85,-0.34,32.25
-0.26,-10.58,-0.69,32.2
-3.67,-7.64,-2.19,32.24
-4.89,-5.35,-6.71,32.24
-2.62,-8.36,-4.2,32.26
-0.79,-11.94,-1.61,32.21
-2.35,-10.84,-0.15,32.21
-1.23,-7.51,-1.29,32.25
-1.96,-5.71,-7.83,32.23
-4.11,-7.21,-3.63,32.24
-0.68,-12.0,-1.96,32.19
1.68,-11.25,-0.46,32.2
-0.6,-7.26,-2.37,32.25
-4.19,-5.53,-6.9,32.22
-2.12,-7.76,-5.08,32.21
-0.11,-10.92,-1.87,32.22
-1.66,-10.67,-0.24,32.18
-1.31,-6.88,-2.11,32.2
-3.46,-4.89,-8.2,32.2
-4.24,-6.76,-7.76,32.2
0.67,-9.01,-4.33,32.22
1.53,-11.62,-2.11,32.16
-2.47,-12.38,-0.58,32.2
-1.11,-8.77,-5.41,32.25
-3.29,-6.76,-8.8,32.22
-0.29,-8.77,-5.54,32.19
-2.01,-11.21,-1.44,32.23
-2.03,-10.97,-0.56,32.23
-1.63,-7.41,-5.92,32.26
-5.28,-6.63,-7.75,32.2
0.41,-8.99,-4.12,32.22
0.22,-12.33,0.7,32.21
-1.46,-10.82,-0.12,32.24
-3.37,-7.89,-6.51,32.21
-2.94,-7.58,-6.15,32.23
1.8,-9.95,-5.01,32.21
-0.73,-9.05,-2.66,32.22
-2.03,-11.7,-0.69,32.22
1.36,-9.22,-2.41,32.22
0.1,-10.7,-0.38,32.23
-1.86,-12.71,-0.82,32.23
-1.48,-8.25,-6.12,32.22
-0.38,-7.67,-6.85,32.19
-0.1,-8.7,-2.92,32.16
0.95,-11.64,-0.34,32.24
-0.75,-12.31,-2.23,32.25
-2.39,-6.89,-4.85,32.21
-0.58,-7.91,-7.34,32.22
1.62,-8.53,-3.03,32.22
0.18,-12.19,-0.25,32.2
-0.93,-11.81,-1.31,32.23
-0.23,-9.34,-4.93,32.22
-0.13,-7.81,-5.98,32.19
0.82,-8.73,-2.68,32.22
0.68,-12.33,-0.45,32.18
-0.5,-12.62,-1.02,32.21
-1.14,-7.77,-5.65,32.18
-1.61,-8.23,-6.39,32.13
-0.22,-9.22,-3.23,32.24
-0.76,-12.06,-0.46,32.19
-2.46,-10.73,-2.54,32.19
-3.1,-8.04,-6.95,32.19
-2.22,-8.44,-6.16,32.21
-0.16,-9.17,-3.6,32.2
-0.84,-12.62,-0.88,32.22
-2.29,-10.91,-2.86,32.21
-2.68,-7.89,-8.53,32.22
-1.05,-8.49,-6.34,32.22
1.19,-10.23,-3.69,32.2
-1.25,-10.63,-1.85,32.24
-2.58,-10.02,-2.65,32.24
-1.27,-8.39,-8.0,32.22
-1.66,-7.29,-5.79,32.24
-0.26,-9.97,-1.99,32.19
-0.44,-11.64,-1.24,32.19
-2.68,-11.13,-2.02,32.2
-2.14,-7.55,-6.98,32.22
-3.22,-7.12,-5.86,32.22
-0.67,-10.65,-2.54,32.18
0.43,-11.89,-1.13,32.2
-1.79,-12.06,-1.29,32.2
-3.26,-6.42,-7.37,32.17
-2.9,-8.49,-6.62,32.24
1.01,-10.17,-3.75,32.22
-1.22,-11.09,-2.25,32.2
-4.05,-10.53,-2.67,32.23
-3.12,-5.51,-7.9,32.2
-2.08,-8.23,-6.66,32.22
-0.74,-10.96,-2.48,32.19
-0.35,-11.05,-1.24,32.15
-3.22,-10.67,-2.75,32.19
-4.69,-5.94,-8.15,32.22
-2.66,-8.83,-7.13,32.19
0.56,-11.47,-3.09,32.2
-1.86,-11.37,-0.01,32.2
-2.62,-7.97,-5.95,32.19
-0.27,-11.06,-2.51,32.17
-0.86,-10.53,-1.59,32.19
-2.5,-8.0,-2.65,32.23
-2.38,-4.96,-7.73,32.2
-4.81,-8.16,-4.75,32.21
-1.11,-10.33,-1.81,32.25
-1.04,-11.48,-1.94,32.18
-2.94,-7.9,-2.33,32.22
-2.94,-5.08,-7.25,32.2
-3.34,-7.4,-5.11,32.2
-0.93,-10.02,-1.2,32.22
-1.82,-12.11,-1.35,32.19
-1.7,-8.5,-2.08,32.2
-3.87,-4.86,-7.48,32.24
-3.02,-7.31,-4.4,32.2
-2.43,-11.76,-0.91,32.2
-1.22,-10.55,0.45,32.2
-0.99,-8.3,-2.98,32.2
-2.77,-4.17,-7.22,32.25
-3.88,-7.47,-3.82,32.22
-1.16,-10.92,-2.19,32.24
-1.03,-10.18,1.23,32.24
-2.56,-8.06,-0.81,32.24
-3.52,-4.46,-6.65,32.19
-3.68,-9.25,-3.81,32.24
0.21,-11.54,-0.96,32.24
0.08,-11.26,-0.47,32.18
-1.06,-7.21,-3.68,32.25
-2.35,-4.54,-5.96,32.16
-2.43,-8.14,-3.28,32.19
-1.59,-11.39,-1.64,32.21
0.9,-10.58,-0.2,32.18
-1.06,-5.99,-2.29,32.19
-1.42,-4.15,-6.55,32.22
-2.93,-5.19,-7.47,32.19
-2.38,-9.67,-3.1,32.2
1.18,-10.55,-0.44,32.19
-0.31,-13.85,-0.06,32.24
-0.44,-12.39,0.27,32.2
-0.67,-9.81,-0.78,32.21
-0.08,-6.01,-5.57,32.2
-1.53,-7.35,-6.01,32.17
-1.46,-11.83,-1.12,32.2
-0.04,-12.99,-0.26,32.24
-0.46,-9.45,-2.37,32.2
0.09,-6.66,-4.65,32.22
-1.04,-7.94,-5.67,32.19
-1.63,-10.5,-0.34,32.19
-0.22,-11.89,-0.02,32.18
1.45,-8.32,-3.28,32.22
0.01,-4.76,-5.66,32.2
-0.91,-6.31,-4.55,32.14
0.62,-10.68,-0.27,32.22
-1.29,-11.39,-0.72,32.2
-1.52,-8.13,-1.27,32.18
0.35,-6.86,-5.32,32.17
-1.06,-6.32,-4.9,32.17
-2.61,-11.08,0.31,32.22
-2.32,-12.47,-0.08,32.16
-2.49,-8.76,-2.23,32.2
-0.07,-5.93,-6.18,32.22
-0.97,-6.7,-4.87,32.15
-2.68,-11.05,1.33,32.21
-1.96,-11.77,-1.35,32.23
0.1,-7.92,-3.73,32.17
0.29,-5.84,-5.78,32.21
-2.18,-6.38,-1.92,32.24
0.12,-12.52,1.14,32.2
-0.96,-11.53,-2.34,32.16
-0.03,-7.97,-2.7,32.23
-0.14,-5.53,-5.89,32.18
-0.7,-6.73,-2.59,32.21
-0.23,-11.7,0.88,32.21
-1.39,-12.23,-1.58,32.21
0.97,-8.21,-3.11,32.2
0.57,-5.26,-6.65,32.2
-0.47,-12.57,-2.18,32.17
0.22,-11.96,-1.68,32.15
-1.81,-7.89,-1.31,32.21
0.12,-5.86,-6.74,32.18
-1.25,-6.81,-5.86,32.16
-0.08,-12.04,-0.32,32.24
1.24,-12.42,-1.31,32.2
-0.07,-7.93,-2.82,32.18
-0.02,-4.71,-7.37,32.2
-1.06,-7.86,-4.92,32.24
0.63,-13.06,-0.79,32.18
0.02,-11.1,-1.23,32.16
-2.41,-8.06,-4.3,32.23
-0.63,-5.83,-7.48,32.19
-1.3,-9.54,-3.92,32.17
1.14,-13.92,-0.64,32.19
-0.86,-12.72,-1.55,32.2
-0.84,-7.79,-3.92,32.19
1.91,-6.61,-6.79,32.21
-2.43,-8.24,-3.91,32.21
-0.76,-12.13,0.53,32.19
1.26,-12.26,-1.89,32.22
-0.69,-7.86,-3.97,32.22
-0.22,-3.88,-5.77,32.21
-2.78,-8.38,-2.49,32.2
0.29,-13.3,0.31,32.21
0.86,-12.12,-1.93,32.19
0.01,-6.82,-5.73,32.19
0.01,-3.61,-6.38,32.18
-1.54,-9.36,-3.97,32.19
-0.83,-12.65,0.36,32.19
-0.64,-12.39,-3.2,32.19
-0.45,-6.69,-5.73,32.19
-0.12,-5.63,-7.0,32.22
-2.88,-9.75,-3.32,32.24
-0.56,-12.25,-0.9,32.17
0.54,-12.0,-2.83,32.19
-1.52,-8.01,-3.92,32.21
-2.01,-11.68,1.14,32.19
-1.41,-9.33,-3.66,32.17
-1.17,-6.31,-8.36,32.18
-2.01,-8.32,-2.95,32.2
1.12,-11.65,-2.67,32.17
0.0,-10.81,-1.29,32.18
-1.37,-7.8,-4.07,32.19
-2.52,-6.34,-7.46,32.25
-2.52,-9.99,-5.2,32.2
-0.05,-12.24,-0.62,32.24
-0.07,-11.5,-0.87,32.18
-1.43,-7.94,-4.82,32.23
-3.56,-5.75,-7.76,32.19
-3.73,-8.85,-2.94,32.19
1.06,-11.09,-4.12,32.21
-0.36,-11.25,-0.22,32.21
-2.91,-10.53,-1.66,32.2
-3.34,-5.4,-7.7,32.19
-4.72,-7.37,-5.39,32.16
0.56,-9.81,-0.71,32.18
-2.09,-8.0,-2.66,32.2
-1.98,-3.83,-6.14,32.19
-4.05,-7.84,-4.85,32.16
-1.6,-11.49,-2.31,32.23
1.28,-11.99,-0.37,32.19
-1.55,-8.35,-2.95,32.19
-1.55,-5.61,-7.48,32.15
-2.78,-8.64,-4.79,32.18
-1.11,-11.75,-2.68,32.21
-0.17,-11.67,-0.08,32.16
-1.51,-9.14,-3.07,32.17
0.17,-5.25,-8.51,32.17
-4.11,-7.09,-5.74,32.18
-1.68,-11.49,-2.42,32.2
1.66,-12.8,-1.63,32.21
-0.03,-9.48,-2.09,32.22
-2.55,-4.61,-6.87,32.19
-3.38,-7.11,-3.73,32.19
0.22,-12.47,-1.24,32.18
-2.19,-11.02,-1.09,32.19
-3.94,-8.13,-6.07,32.16
-3.99,-6.09,-8.04,32.2
-1.54,-9.28,-5.39,32.22
-1.93,-10.96,-0.91,32.23
-3.9,-9.74,-0.51,32.18
-3.73,-8.21,-5.26,32.17
-4.14,-6.2,-8.4,32.16
-3.15,-9.93,-3.94,32.2
-1.36,-10.84,-1.24,32.19
-2.78,-10.62,-0.94,32.2
-4.56,-7.98,-4.24,32.22
-2.97,-6.25,-7.79,32.19
-0.96,-10.28,-5.26,32.18
-0.7,-9.76,-0.16,32.19
-2.23,-10.42,-0.22,32.22
-2.62,-7.81,-7.25,32.17
-3.78,-5.63,-7.22,32.2
0.63,-9.78,-1.8,32.16
-1.73,-11.29,-0.11,32.19
-3.12,-9.15,-2.55,32.21
-2.94,-6.51,-9.28,32.17
-3.14,-7.81,-5.54,32.19
-0.07,-10.29,-1.74,32.21
-0.74,-12.04,-0.22,32.17
-1.66,-9.75,-3.43,32.19
-0.75,-5.71,-9.15,32.24
-2.04,-8.82,-4.31,32.18
1.01,-11.37,-1.9,32.19
0.3,-11.76,0.18,32.17
-0.14,-9.58,-3.98,32.16
-1.69,-4.9,-8.5,32.2
-4.11,-9.28,-4.28,32.22
0.95,-10.74,-2.13,32.21
-0.09,-11.08,-0.38,32.17
-1.59,-8.46,-4.47,32.19
-3.79,-6.21,-7.58,32.18
0.04,-12.08,-0.59,32.19
-2.24,-11.09,-1.28,32.19
-1.14,-7.19,-7.12,32.13
-4.1,-8.1,-6.17,32.19
-0.51,-10.52,-2.94,32.15
0.44,-12.57,-0.74,32.17
-0.83,-11.52,-1.52,32.18
-0.88,-7.78,-7.32,32.17
-2.73,-6.75,-7.32,32.2
0.86,-10.6,-4.07,32.17
0.77,-11.77,-1.3,32.19
-1.46,-10.2,-2.16,32.17
-2.39,-6.59,-8.39,32.22
-4.03,-6.76,-7.3,32.18
-0.36,-11.28,-3.32,32.18
-1.15,-11.61,0.11,32.21
-2.69,-10.63,-1.79,32.19
-3.31,-6.68,-7.01,32.23
-2.92,-7.63,-6.84,32.2
-0.47,-10.77,-3.44,32.16
-0.09,-11.22,-0.67,32.17
-0.59,-10.11,-4.32,32.18
-2.74,-6.21,-8.19,32.19
-3.44,-7.19,-6.13,32.17
-0.85,-10.53,-4.75,32.14
0.44,-10.23,-2.26,32.19
-1.32,-11.9,-2.04,32.21
-1.82,-9.49,-3.92,32.16
-1.8,-7.11,-7.66,32.19
-2.38,-9.56,-5.39,32.15
-0.25,-10.55,-2.01,32.18
-0.34,-11.23,-0.7,32.17
-2.21,-8.91,-4.29,32.16
-3.42,-6.04,-7.78,32.17
-1.83,-9.95,-3.4,32.21
0.53,-11.12,-0.53,32.16
-0.32,-11.63,-0.73,32.12
-1.05,-8.3,-5.39,32.17
0.03,-11.76,-2.76,32.18
-0.62,-8.01,-3.41,32.17
-1.46,-6.23,-6.0,32.16
-3.87,-7.55,-4.6,32.18
-1.06,-11.54,-0.96,32.22
1.39,-12.48,-1.9,32.21
-2.22,-8.76,-3.55,32.19
-0.59,-4.99,-5.23,32.17
-1.61,-7.65,-4.6,32.17
-0.51,-12.05,-0.2,32.19
-0.26,-11.38,-2.01,32.14
-1.41,-8.11,-2.44,32.2
-0.14,-5.52,-6.47,32.2
-3.85,-8.0,-2.68,32.17
-1.08,-12.04,-0.04,32.18
0.02,-12.44,-2.35,32.17
-2.36,-6.56,-5.26,32.19
-2.25,-5.52,-6.15,32.13
-2.33,-7.91,-2.67,32.15
-0.98,-12.34,-0.13,32.18
0.19,-7.38,-4.78,32.19
-1.34,-5.21,-6.56,32.19
-1.19,-7.87,-4.34,32.18
-1.75,-10.74,-1.16,32.16
-2.29,-11.22,-1.86,32.18
-0.7,-9.77,-2.62,32.18
-0.46,-5.87,-7.35,32.21
-3.26,-6.46,-4.87,32.18
-1.88,-10.25,-1.61,32.19
-0.98,-11.49,-1.25,32.17
-1.09,-7.87,-3.93,32.17
-1.11,-4.62,-6.11,32.17
-4.23,-7.41,-3.31,32.19
-2.82,-11.73,-1.08,32.16
-1.26,-11.77,-0.91,32.15
-2.02,-7.94,-4.42,32.17
-2.21,-4.71,-6.34,32.18
-3.16,-7.73,-3.24,32.17
-1.51,-13.3,-0.46,32.12
0.61,-11.47,-0.64,32.21
-0.71,-11.74,-0.79,32.17
-1.58,-9.48,-5.15,32.16
-3.6,-6.93,-6.61,32.14
1.13,-10.24,-4.66,32.11
0.44,-12.35,-0.61,32.17
-1.19,-11.81,-0.91,32.17
-2.16,-9.05,-6.58,32.16
-3.62,-6.71,-7.62,32.17
-0.07,-9.94,-4.89,32.16
0.84,-12.25,-1.64,32.15
-1.7,-10.2,-1.5,32.18
-1.7,-8.0,-5.95,32.21
-4.07,-7.91,-6.57,32.14
-0.81,-10.01,-3.67,32.14
1.19,-11.47,-0.78,32.18
-0.27,-11.38,-1.7,32.17
-2.81,-7.81,-5.62,32.19
-3.1,-7.7,-5.93,32.17
-0.6,-7.27,-3.58,32.17
-0.21,-11.48,-1.19,32.22
-2.84,-12.39,1.03,32.21
-1.02,-9.4,-5.4,32.17
-1.46,-8.42,-7.41,32.14
-0.45,-6.62,-3.69,32.19
0.05,-12.06,-1.07,32.19
-0.77,-12.31,-0.74,32.19
-1.16,-9.2,-6.23,32.21
-1.42,-7.1,-6.73,32.18
0.63,-8.09,-3.95,32.18
0.65,-12.21,-0.44,32.24
-1.61,-11.2,0.68,32.19
-0.46,-9.02,-7.08,32.17
-2.19,-7.01,-6.47,32.22
-1.42,-8.92,-3.15,32.18
-0.67,-11.52,-0.8,32.2
-1.09,-12.17,-1.02,32.18
-1.36,-9.65,-3.16,32.2
0.26,-11.32,-2.08,32.16
-0.92,-9.88,-1.27,32.18
-1.68,-9.44,-4.43,32.15
-2.32,-6.53,-5.81,32.16
-3.43,-7.63,-6.48,32.18
-1.43,-11.71,-2.12,32.15
0.45,-11.13,-1.22,32.2
-2.25,-10.16,-3.09,32.17
-2.14,-6.08,-7.35,32.17
-3.74,-7.1,-6.39,32.17
-1.92,-9.6,-2.32,32.2
0.43,-12.47,-0.9,32.18
-1.38,-9.44,-2.43,32.11
-1.4,-6.9,-6.91,32.19
-3.45,-6.93,-7.15,32.18
-2.88,-9.86,-2.45,32.11
-0.46,-12.73,-1.25,32.19
-2.06,-8.31,-2.79,32.19
-1.45,-6.35,-6.92,32.22
-5.15,-6.56,-5.7,32.16
-3.16,-11.35,-2.81,32.2
-0.08,-12.53,-1.92,32.14
-0.57,-9.66,-2.51,32.18
-1.12,-4.94,-7.07,32.16
-5.61,-6.3,-6.22,32.16
-2.02,-10.95,-1.18,32.16
1.5,-13.1,-1.62,32.2
-0.43,-8.24,-3.46,32.19
-2.38,-4.51,-7.17,32.17
-3.23,-7.51,-5.49,32.18
-1.74,-12.28,-1.28,32.19
0.16,-12.27,-1.4,32.19
-0.96,-8.38,-3.27,32.2
-1.86,-6.58,-5.76,32.17
-3.19,-6.79,-6.4,32.12
-1.46,-11.54,-2.0,32.17
0.02,-12.29,-0.62,32.19
-0.71,-8.58,-2.95,32.17
-1.71,-9.42,-3.49,32.17
-0.67,-7.84,-6.35,32.2
-1.63,-7.32,-6.62,32.16
0.62,-8.81,-1.69,32.2
0.33,-12.59,0.25,32.14
-1.04,-10.54,-1.64,32.24
-1.93,-7.77,-5.7,32.14
-1.14,-7.81,-4.41,32.2
1.32,-9.39,-2.63,32.19
0.34,-12.11,-0.12,32.17
-0.45,-10.45,-1.74,32.17
-3.34,-7.59,-6.49,32.16
-3.68,-7.04,-4.55,32.18
0.59,-10.24,-3.3,32.17
-1.47,-10.98,-0.11,32.19
-2.81,-9.6,-1.65,32.21
-1.99,-7.12,-7.91,32.17
-3.31,-8.59,-4.4,32.16
1.1,-11.64,-3.11,32.19
-2.45,-10.55,-1.92,32.2
-0.67,-11.0,-1.71,32.19
-2.64,-6.82,-3.26,32.18
-1.98,-7.01,-5.88,32.17
-2.03,-5.52,-6.11,32.14
-1.95,-9.1,-2.14,32.19
-1.07,-12.73,-1.13,32.15
-2.03,-9.76,-1.26,32.19
-1.25,-7.07,-5.33,32.17
0.27,-4.67,-7.81,32.17
-3.42,-9.27,-1.39,32.21
-3.68,-12.5,-0.01,32.17
-0.59,-10.27,-2.11,32.2
-0.22,-6.5,-6.09,32.19
-2.36,-4.52,-6.43,32.16
-2.19,-10.0,-1.42,32.15
-1.58,-12.14,-0.97,32.17
-1.73,-10.55,-2.33,32.19
-1.18,-7.26,-4.98,32.19
0.84,-9.11,-0.64,32.18
-0.1,-14.3,-0.38,32.19
-2.14,-10.34,-4.04,32.18
0.32,-6.67,-7.53,32.23
2.15,-7.19,-5.6,32.22
-0.45,-10.4,0.32,32.15
-0.5,-13.91,0.43,32.21
0.07,-9.96,-5.52,32.22
-0.5,-7.39,-5.36,32.16
-0.0,-7.55,-4.59,32.17
-1.36,-10.27,-1.46,32.17
-0.84,-13.18,-0.4,32.14
-0.64,-10.14,-5.51,32.18
-0.61,-7.41,-5.51,32.24
0.84,-7.86,-4.46,32.19
0.32,-11.47,-1.21,32.15
-1.32,-12.1,-1.06,32.15
0.08,-9.53,-5.05,32.18
-0.24,-7.79,-7.07,32.18
-1.36,-6.33,-6.0,32.18
-2.39,-8.96,-0.86,32.22
-0.52,-13.32,-0.32,32.21
0.24,-11.94,-0.78,32.18
-0.62,-8.05,-1.75,32.15
-2.54,-4.8,-7.05,32.19
-4.49,-7.53,-2.24,32.16
-2.2,-11.92,-1.12,32.17
-1.52,-11.42,-1.49,32.19
-1.37,-7.95,-1.51,32.18
-2.51,-4.87,-7.07,32.17
-4.26,-7.06,-3.89,32.17
-3.22,-11.67,-1.3,32.18
-0.32,-11.68,-1.27,32.21
-2.14,-8.77,-2.57,32.19
-2.92,-5.01,-6.51,32.21
-2.21,-7.11,-4.94,32.13
-1.55,-11.32,-1.48,32.17
-2.16,-11.54,-0.45,32.16
-1.09,-8.96,-3.51,32.19
-1.34,-3.83,-7.72,32.17
-3.37,-7.07,-4.9,32.19
-2.4,-11.42,-2.16,32.15
-1.46,-11.09,-1.65,32.15
-1.76,-8.0,-2.77,32.16
-1.8,-4.95,-6.61,32.17
-3.9,-8.9,-4.02,32.18
-1.39,-10.46,-0.28,32.17
-1.47,-11.91,-1.24,32.18
-1.73,-7.23,-5.29,32.18
-2.22,-4.7,-8.57,32.15
-4.09,-7.36,-3.81,32.17
-0.83,-12.23,-1.08,32.18
-0.83,-11.01,-1.87,32.12
-2.28,-7.57,-2.67,32.15
-0.7,-6.85,-5.89,32.16
-3.12,-7.93,-3.39,32.16
-1.47,-12.33,-1.8,32.17
-4.02,-7.97,-1.51,32.23
-1.99,-11.09,-2.13,32.17
0.0,-13.43,-1.29,32.18
-1.51,-8.21,-1.92,32.19
-1.97,-5.32,-6.96,32.16
-3.88,-5.58,-5.25,32.18
-1.53,-11.4,-0.47,32.22
-0.76,-11.7,-1.63,32.17
-2.14,-9.1,-2.21,32.24
-0.64,-5.83,-5.81,32.25
-1.84,-5.9,-5.85,32.18
-3.19,-11.03,-0.78,32.19
-1.93,-11.52,-1.1,32.22
-1.08,-9.08,-3.14,32.17
-0.02,-5.65,-6.93,32.13
-2.4,-5.82,-4.75,32.18
-1.42,-11.55,-0.36,32.19
-1.15,-12.53,-1.11,32.21
-0.51,-8.83,-2.14,32.18
0.67,-7.06,-5.12,32.17
0.11,-6.24,-3.93,32.15
-1.45,-10.87,-0.28,32.14
-1.89,-11.45,0.48,32.16
-0.08,-10.14,-1.2,32.19
-0.28,-6.06,-5.93,32.19
-0.01,-6.5,-4.47,32.16
-1.44,-11.06,0.91,32.16
-1.63,-10.76,-1.24,32.18
1.17,-9.74,-2.78,32.17
0.33,-6.16,-5.09,32.15
-0.31,-6.91,-3.76,32.18
-1.64,-11.04,1.22,32.15
-0.49,-12.04,-1.28,32.16
0.1,-9.01,-2.69,32.2
-0.96,-5.43,-5.15,32.14
-0.32,-6.93,-3.53,32.18
0.11,-11.24,-0.14,32.16
-0.78,-11.97,-0.13,32.16
-1.21,-8.61,-3.56,32.2
0.69,-6.98,-6.1,32.16
0.6,-7.47,-2.96,32.2
-1.32,-11.81,0.38,32.14
-0.39,-12.5,-2.56,32.16
-0.95,-8.12,-4.45,32.17
0.36,-5.98,-5.26,32.15
1.2,-8.96,-3.05,32.14
-0.51,-11.77,0.07,32.2
0.7,-12.08,-1.41,32.17
-1.45,-9.0,-4.44,32.17
0.23,-6.12,-5.47,32.17
2.11,-9.93,-2.68,32.16
-0.67,-11.88,0.6,32.17
-0.46,-12.05,-2.1,32.17
-0.36,-9.28,-5.48,32.18
1.36,-6.08,-5.46,32.19
0.58,-10.01,-3.39,32.18
-0.88,-10.71,0.37,32.15
-0.3,-11.37,-3.23,32.14
1.33,-7.04,-4.48,32.16
0.24,-7.34,-3.22,32.19
-0.62,-11.87,0.03,32.21
-0.33,-12.08,-2.48,32.16
-0.05,-8.42,-4.95,32.2
0.22,-5.33,-6.72,32.22
-2.24,-7.2,-2.84,32.16
-1.05,-12.57,0.61,32.19
-0.58,-11.61,-2.63,32.13
-1.78,-7.24,-5.48,32.14
-0.54,-6.56,-5.97,32.17
-0.9,-7.73,-2.7,32.19
-1.68,-11.98,0.04,32.18
-0.27,-11.99,-3.15,32.18
0.43,-8.32,-4.47,32.16
0.88,-6.73,-5.9,32.15
-0.36,-8.87,-2.3,32.13
-0.09,-12.03,0.28,32.12
-0.11,-12.49,-3.11,32.15
-0.52,-8.04,-6.03,32.19
-0.48,-6.83,-5.33,32.12
0.88,-9.48,-2.57,32.15
0.62,-12.91,0.52,32.18
-1.14,-11.84,-2.98,32.2
-0.45,-7.85,-6.05,32.18
1.11,-7.73,-5.19,32.14
0.15,-9.72,-2.35,32.17
-0.96,-12.42,-0.63,32.16
-0.2,-10.91,-4.43,32.17
-0.95,-8.53,-6.46,32.19
-0.55,-7.69,-5.26,32.19
0.87,-8.93,-2.76,32.19
0.42,-12.7,-0.35,32.17
-0.71,-11.01,-2.68,32.2
-1.12,-8.31,-5.01,32.15
0.15,-7.76,-5.69,32.15
0.72,-9.21,-2.62,32.2
-0.45,-11.62,0.18,32.15
-0.18,-12.45,-3.19,32.13
-1.76,-7.73,-6.34,32.14
-0.7,-7.24,-6.56,32.19
2.08,-9.85,-2.28,32.15
0.1,-11.98,0.34,32.14
-0.7,-11.11,-3.41,32.18
-1.77,-8.63,-6.69,32.14
0.23,-8.42,-7.34,32.15
0.38,-9.88,-2.23,32.16
0.0,-12.7,-0.34,32.18
-0.2,-10.7,-5.13,32.17
-3.71,-7.9,-7.1,32.16
-1.69,-7.41,-5.99,32.15
-0.34,-8.86,-2.32,32.18
-1.24,-12.45,-0.04,32.12
-1.79,-11.5,-3.73,32.16
-2.36,-6.34,-7.28,32.17
-1.46,-8.68,-6.02,32.18
-1.7,-10.05,-1.47,32.12
-1.84,-12.3,-1.92,32.14
-0.21,-11.36,-3.51,32.22
-2.48,-9.07,-6.44,32.16
-1.75,-6.59,-4.6,32.15
0.26,-9.11,-3.12,32.21
-0.96,-11.86,0.25,32.15
-1.39,-11.63,-2.43,32.17
-1.27,-8.81,-5.43,32.17
0.72,-7.92,-5.35,32.14
0.83,-9.32,-2.0,32.21
-0.25,-11.98,-0.23,32.16
-1.04,-11.33,-3.17,32.13
-1.85,-8.2,-5.79,32.17
0.15,-7.45,-5.8,32.17
0.01,-9.67,-2.02,32.19
-1.25,-11.86,0.18,32.19
-1.23,-11.21,-2.47,32.16
-1.88,-7.01,-6.83,32.16
-0.42,-7.58,-5.8,32.14
-1.22,-5.49,-7.64,32.16
-2.88,-6.33,-7.21,32.16
-3.34,-10.34,-1.42,32.14
-0.35,-12.28,-0.9,32.16
-0.72,-10.12,-2.98,32.15
-2.26,-6.91,-6.48,32.18
-3.82,-7.09,-6.04,32.14
-2.95,-10.48,-2.3,32.16
0.19,-11.82,-2.36,32.16
-1.49,-9.89,-4.95,32.15
-2.06,-5.67,-6.34,32.19
-2.79,-7.83,-5.39,32.15
-1.53,-11.05,-2.43,32.19
-0.5,-10.68,-2.13,32.18
-2.6,-7.96,-4.66,32.17
-1.25,-5.28,-6.55,32.14
-3.26,-7.02,-4.65,32.17
-2.83,-11.1,-0.5,32.11
-0.74,-10.97,-2.21,32.13
-2.27,-8.64,-4.34,32.12
-2.58,-6.88,-4.64,32.14
-3.8,-6.49,-4.58,32.15
-3.37,-9.2,-2.99,32.13
-0.75,-11.82,-1.73,32.14
-1.32,-9.35,-1.18,32.12
-2.0,-7.65,-5.71,32.19
-2.76,-5.2,-6.87,32.17
-2.62,-9.38,-1.99,32.14
0.11,-13.64,-1.98,32.19
-1.51,-8.53,-1.88,32.17
-1.54,-7.77,-5.08,32.14
-1.43,-5.89,-6.9,32.15
-2.25,-8.93,-1.69,32.15
-1.99,-11.47,-0.85,32.17
-0.76,-10.11,-2.36,32.12
-1.89,-7.45,-4.97,32.17
-1.57,-5.57,-5.71,32.13
-1.57,-9.45,-2.22,32.12
-0.58,-11.17,-1.01,32.15
0.39,-7.83,-4.59,32.15
0.05,-8.96,-3.27,32.19
0.35,-11.98,0.58,32.16
-0.68,-11.86,-2.53,32.16
-0.53,-7.67,-4.41,32.17
-0.77,-7.63,-5.26,32.15
-0.24,-7.94,-3.47,32.18
0.73,-11.81,-0.1,32.17
0.06,-11.95,-1.38,32.15
-1.12,-8.87,-4.27,32.13
-0.57,-7.32,-4.93,32.19
0.4,-8.0,-4.05,32.14
-0.13,-10.77,0.41,32.14
-0.33,-11.65,-0.7,32.17
-1.28,-9.44,-4.92,32.14
-0.17,-6.8,-5.12,32.15
1.6,-8.29,-3.38,32.15
0.09,-11.71,0.17,32.16
-0.25,-11.84,-1.55,32.16
-3.4,-10.48,-4.36,32.18
-1.85,-8.21,-3.0,32.12
0.57,-12.3,-2.62,32.16
-1.19,-11.02,-2.34,32.11
-1.37,-7.28,-6.93,32.14
-3.79,-8.33,-5.7,32.11
-1.49,-9.71,-3.59,32.14
-1.56,-11.51,-1.91,32.14
-1.1,-10.85,-2.31,32.19
-0.91,-7.38,-6.8,32.15
-3.71,-6.95,-6.24,32.15
-1.44,-10.55,-3.62,32.12
-0.58,-11.36,-2.03,32.18
-2.64,-9.95,-2.79,32.14
-2.12,-7.71,-6.86,32.15
-3.02,-7.61,-5.39,32.15
-2.87,-10.57,-3.08,32.15
-1.05,-10.65,-1.37,32.14
-1.96,-9.57,-4.67,32.18
-3.04,-6.09,-3.47,32.15
-0.55,-11.78,-1.3,32.14
0.19,-12.4,-1.31,32.17
-1.66,-7.75,-2.98,32.18
-1.06,-6.18,-6.52,32.16
-2.04,-6.74,-4.75,32.17
-1.74,-11.23,0.56,32.15
-0.05,-12.24,-1.63,32.11
-0.37,-7.91,-4.03,32.17
-1.57,-6.21,-5.15,32.15
-1.0,-7.52,-3.55,32.14
-0.42,-11.73,0.04,32.14
-0.27,-12.17,-1.4,32.16
-0.91,-8.83,-4.66,32.15
-1.34,-6.36,-5.05,32.14
0.19,-8.14,-3.9,32.14
-0.84,-11.14,0.93,32.16
-0.25,-11.58,-1.31,32.14
-0.11,-9.48,-4.35,32.15
-0.72,-8.11,-6.05,32.14
-2.83,-7.61,-5.78,32.16
-0.54,-9.82,-3.03,32.09
0.44,-11.81,-1.08,32.13
-0.15,-11.35,-2.86,32.13
-0.79,-8.29,-7.02,32.16
-4.07,-7.13,-6.1,32.14
-1.69,-9.93,-2.99,32.15
0.17,-12.3,-2.64,32.15
-0.87,-10.74,-2.81,32.11
-1.57,-8.23,-6.7,32.15
-3.06,-6.08,-5.88,32.1
-3.21,-10.41,-2.84,32.13
-1.02,-11.19,-1.43,32.15
-1.63,-10.19,-3.25,32.11
-1.5,-7.94,-6.25,32.16
-2.67,-6.1,-5.52,32.18
-3.02,-10.93,-2.61,32.13
-0.73,-11.3,-1.67,32.14
0.2,-11.97,-1.17,32.16
-0.68,-10.73,-3.3,32.19
-0.87,-7.9,-6.13,32.14
-2.6,-7.97,-5.91,32.13
-1.4,-8.26,-3.34,32.12
0.89,-12.0,-1.81,32.11
0.42,-11.75,-2.17,32.17
-0.79,-8.89,-5.21,32.14
-2.86,-7.45,-6.98,32.19
-2.11,-8.31,-4.23,32.16
-0.36,-11.55,-2.1,32.17
-0.42,-11.64,-1.85,32.17
-0.94,-9.02,-5.38,32.13
-3.19,-6.98,-6.17,32.14
-2.59,-9.58,-3.67,32.11
-0.23,-11.47,-1.71,32.14
-1.07,-10.6,-2.61,32.14
-1.47,-8.93,-5.72,32.13
-2.62,-6.71,-6.38,32.13
0.06,-10.75,-2.46,32.13
-1.31,-10.63,-2.77,32.11
-0.92,-7.41,-6.78,32.12
-4.17,-8.34,-5.32,32.17
-2.61,-9.71,-3.13,32.13
-1.11,-11.33,-2.35,32.15
-2.49,-9.99,-3.2,32.1
-2.49,-6.08,-6.63,32.13
-2.74,-7.76,-5.5,32.16
-2.42,-10.42,-1.88,32.14
-1.35,-9.7,-1.24,32.14
-2.3,-9.85,-3.94,32.15
-1.15,-6.67,-6.53,32.15
-3.53,-7.38,-4.65,32.1
-2.84,-10.82,-1.85,32.14
-0.56,-11.05,-1.7,32.1
-2.35,-8.83,-4.51,32.12
-1.82,-5.99,-6.22,32.12
-2.68,-6.63,-5.07,32.12
1.18,-12.07,-1.25,32.13
-0.4,-12.14,0.41,32.12
0.16,-11.04,-3.28,32.17
-1.55,-8.02,-6.01,32.14
-1.99,-7.05,-4.19,32.14
-0.11,-11.3,-2.38,32.1
0.47,-12.12,-0.94,32.14
0.28,-10.72,-3.53,32.14
-1.77,-7.31,-6.35,32.11
-2.5,-7.9,-4.69,32.11
-0.21,-11.07,-2.58,32.19
0.4,-11.54,-1.83,32.13
-0.53,-10.7,-3.74,32.12
-1.91,-7.13,-6.29,32.14
-3.53,-7.97,-4.64,32.09
-1.1,-10.59,-2.45,32.14
-0.02,-11.55,-1.71,32.1
-1.39,-10.0,-3.98,32.12
-1.29,-7.52,-6.39,32.08
-3.68,-8.8,-4.32,32.15
-3.48,-9.22,-3.72,32.16
-1.14,-10.56,-2.29,32.11
-1.49,-12.07,-3.85,32.14
-1.94,-6.7,-5.03,32.12
-2.75,-7.73,-6.94,32.16
-3.85,-8.44,-2.9,32.11
-1.24,-11.59,-2.18,32.15
-1.54,-9.95,-3.13,32.1
-1.53,-6.91,-5.65,32.12
-2.04,-6.55,-7.14,32.16
-3.71,-8.94,-1.56,32.16
-1.33,-11.43,-2.31,32.14
-0.49,-9.83,-2.38,32.14
-2.61,-7.87,-4.92,32.09
-2.27,-4.94,-6.45,32.16
-1.93,-9.77,-2.28,32.13
-1.19,-11.48,-1.14,32.13
-0.86,-9.36,-1.64,32.11
-1.7,-7.32,-4.52,32.12
-0.7,-5.62,-5.96,32.08
-0.77,-8.64,-1.7,32.14
-0.64,-11.89,-0.65,32.12
0.26,-10.04,-2.44,32.1
-1.23,-6.78,-4.62,32.15
-0.7,-7.08,-5.65,32.17
-0.89,-8.25,-0.92,32.07
0.72,-12.97,0.08,32.1
-0.13,-11.31,-1.87,32.14
-1.69,-8.22,-2.95,32.14
-1.13,-7.31,-6.0,32.17
1.22,-8.74,-1.87,32.17
0.08,-11.48,-0.43,32.07
-0.24,-11.37,-1.18,32.09
-0.58,-8.66,-3.97,32.09
-0.34,-7.83,-4.88,32.13
-0.81,-7.23,-4.41,32.14
-0.86,-10.8,0.09,32.12
-0.95,-9.83,-2.14,32.11
-2.42,-10.58,-2.12,32.13
-2.0,-7.56,-5.16,32.15
-3.01,-6.54,-6.17,32.12
-2.95,-9.92,-3.34,32.11
-0.7,-10.72,-1.45,32.11
-1.86,-10.07,-2.91,32.11
-2.15,-7.23,-5.22,32.18
-1.61,-5.9,-6.09,32.08
-3.24,-9.94,-1.6,32.11
0.3,-10.17,-1.68,32.15
-1.15,-9.64,-2.82,32.13
-2.3,-6.67,-4.43,32.1
-1.63,-5.51,-6.62,32.11
-2.24,-10.16,-1.54,32.13
-0.92,-10.81,-1.51,32.16
-1.46,-10.07,-2.57,32.14
-0.9,-7.72,-4.47,32.11
-0.68,-6.21,-5.69,32.1
-1.07,-9.32,-1.4,32.11
-0.27,-12.08,-0.62,32.12
-0.09,-10.91,-2.81,32.11
-1.75,-7.02,-4.74,32.12
-0.62,-6.51,-5.29,32.14
-1.37,-8.94,-1.72,32.11
-1.33,-11.44,0.89,32.09
0.74,-11.48,-3.5,32.1
-1.16,-7.15,-4.72,32.14
-0.51,-7.21,-3.9,32.07
0.63,-10.73,-1.88,32.11
0.2,-11.74,-0.56,32.15
-0.26,-10.41,-4.27,32.12
-0.68,-7.38,-5.54,32.1
-0.73,-6.53,-4.13,32.07
-0.69,-10.7,-1.82,32.1
-0.37,-11.64,-0.54,32.16
0.48,-11.34,-3.86,32.08
-1.12,-8.72,-4.17,32.1
-0.83,-6.94,-5.24,32.12
-0.69,-6.59,-4.25,32.08
-0.8,-10.85,-0.02,32.1
0.62,-12.59,-1.07,32.13
-1.06,-9.29,-3.37,32.12
0.06,-7.48,-5.02,32.12
1.08,-8.13,-4.19,32.11
-0.11,-10.44,0.41,32.12
0.5,-13.15,-0.76,32.15
-1.41,-10.07,-4.15,32.12
-1.73,-7.33,-5.71,32.11
1.11,-8.38,-5.05,32.09
-0.2,-10.6,-1.46,32.14
-0.54,-12.55,-0.25,32.12
-0.64,-10.69,-4.98,32.11
-0.6,-6.91,-5.97,32.11
-0.78,-8.55,-4.28,32.13
-0.4,-11.33,-1.14,32.13
0.76,-11.75,-1.65,32.08
-1.14,-10.34,-4.84,32.14
-2.53,-6.89,-6.35,32.12
-1.93,-8.57,-3.88,32.09
-0.1,-11.32,-2.23,32.15
-0.64,-11.87,-1.55,32.11
-1.97,-9.94,-4.9,32.16
-1.96,-6.38,-7.0,32.11
-1.89,-9.27,-4.61,32.07
0.19,-11.09,-2.65,32.12
-1.15,-11.17,-1.49,32.16
-1.87,-9.45,-4.51,32.14
-2.68,-6.03,-7.35,32.12
-3.69,-8.92,-4.23,32.14
-0.13,-10.54,-2.9,32.12
-1.96,-11.05,-2.1,32.16
-2.48,-8.02,-4.23,32.09
-2.6,-5.98,-7.46,32.1
-3.03,-8.85,-3.3,32.06
0.15,-10.0,-1.32,32.1
-0.16,-12.19,-0.31,32.13
-0.19,-11.03,-3.28,32.13
-1.49,-7.76,-5.97,32.13
-0.37,-6.32,-5.04,32.1
0.54,-10.57,-2.43,32.09
-0.87,-12.78,-0.58,32.09
-1.87,-10.01,-2.23,32.15
-1.51,-8.69,-6.47,32.16
-1.6,-6.65,-5.36,32.09
-0.82,-10.61,-1.42,32.09
0.42,-11.54,-0.7,32.12
-0.21,-12.93,-0.94,32.09
-2.77,-8.32,-3.9,32.1
-1.13,-7.95,-5.84,32.17
1.92,-8.66,-4.67,32.09
-1.05,-10.48,0.13,32.1
-1.29,-12.91,-1.56,32.14
-0.32,-8.45,-6.11,32.14
-1.05,-7.24,-5.39,32.12
0.18,-9.19,-4.2,32.08
0.16,-10.79,-1.11,32.12
-0.75,-11.71,-1.26,32.07
-0.89,-9.11,-5.51,32.08
-2.13,-7.36,-6.45,32.12
-0.82,-8.91,-3.28,32.16
0.62,-11.72,-0.72,32.08
-0.2,-12.25,-0.61,32.14
-0.78,-8.86,-5.55,32.12
-2.44,-6.94,-5.98,32.13
-0.75,-10.55,-3.07,32.12
0.56,-11.74,-1.41,32.1
-1.58,-11.24,-1.76,32.07
-1.37,-8.87,-4.73,32.11
-2.42,-6.49,-5.98,32.09
-2.54,-10.24,-3.14,32.07
-0.44,-11.07,-1.67,32.07
-2.42,-11.21,-1.91,32.06
-1.56,-7.33,-2.89,32.09
-2.98,-8.79,-2.26,32.1
-1.24,-11.7,-1.02,32.07
-1.31,-9.75,-2.03,32.09
-2.01,-6.05,-4.93,32.07
-0.75,-5.07,-6.21,32.09
-1.52,-9.69,-1.26,32.12
-0.95,-11.86,-0.44,32.1
0.28,-10.59,-2.93,32.12
-0.73,-6.28,-4.35,32.09
-1.24,-5.77,-4.85,32.11
-1.71,-10.11,-1.31,32.12
0.45,-11.53,0.26,32.14
-0.94,-11.72,-1.8,32.12
-1.03,-5.96,-4.93,32.12
0.59,-6.74,-5.85,32.12
0.57,-9.73,-1.12,32.09
0.6,-12.62,-0.52,32.12
-1.13,-11.6,-2.94,32.11
-2.72,-6.32,-3.6,32.05
-2.42,-5.99,-6.41,32.13
-2.12,-8.53,-3.09,32.15
-1.18,-10.81,-1.06,32.09
-0.55,-10.2,-1.71,32.07
0.13,-7.9,-3.73,32.1
-0.45,-5.0,-5.87,32.11
-1.55,-8.09,-3.14,32.08
-0.36,-11.72,-0.85,32.09
-0.2,-11.0,-0.63,32.1
-0.49,-8.51,-4.31,32.1
0.5,-5.88,-7.26,32.12
-1.93,-8.09,-2.63,32.08
-0.93,-11.42,-0.6,32.13
-1.18,-11.3,-2.56,32.06
-1.47,-7.24,-5.07,32.07
-1.23,-5.87,-7.02,32.1
-1.14,-7.98,-2.83,32.07
-0.5,-12.61,0.73,32.16
-0.74,-10.93,-2.13,32.13
-0.97,-7.27,-4.35,32.08
0.53,-6.83,-5.8,32.12
-0.76,-8.51,-1.87,32.12
0.25,-12.5,-0.21,32.09
-0.04,-10.99,-4.12,32.1
-1.1,-7.92,-4.89,32.08
-0.72,-7.32,-4.92,32.08
0.41,-9.51,-1.65,32.1
-0.63,-12.85,0.02,32.09
-1.28,-10.22,-2.93,32.08
-1.43,-8.83,-6.23,32.13
-0.74,-6.47,-4.74,32.12
-0.28,-10.25,-2.13,32.11
-0.65,-12.91,0.13,32.11
-1.28,-12.11,-2.16,32.08
-1.63,-8.25,-6.27,32.08
-0.89,-7.15,-5.65,32.13
0.26,-9.82,-1.78,32.12
0.06,-9.38,-4.72,32.12
0.54,-11.65,-0.73,32.09
-1.96,-11.38,-1.6,32.09
-1.23,-8.58,-6.68,32.08
-2.99,-6.4,-7.52,32.06
-1.8,-9.36,-4.03,32.12
-0.27,-12.41,-0.44,32.1
-2.07,-11.21,-1.78,32.09
-2.17,-7.5,-6.13,32.07
-1.63,-7.49,-6.85,32.08
-1.85,-10.05,-3.06,32.1
-1.67,-10.69,-1.55,32.11
-0.19,-11.66,-1.93,32.11
-1.26,-9.57,-3.74,32.08
-2.47,-6.91,-7.1,32.06
-3.65,-7.58,-5.37,32.09
-1.46,-9.6,-2.28,32.09
-2.57,-11.92,-1.02,32.07
-3.15,-8.71,-2.34,32.1
-2.26,-6.23,-8.46,32.13
0.48,-12.44,-1.65,32.08
-0.91,-7.92,-4.44,32.09
-1.75,-6.75,-4.68,32.07
-0.67,-5.84,-5.35,32.13
-1.23,-9.85,-1.48,32.09
-0.24,-11.87,-1.73,32.12
-0.94,-9.56,-3.26,32.09
-1.13,-5.7,-5.43,32.12
-0.83,-5.77,-4.5,32.12
-3.35,-11.07,-0.17,32.12
-0.35,-11.28,-0.93,32.11
-1.2,-8.7,-3.65,32.06
-1.83,-5.81,-5.25,32.09
-0.2,-6.92,-4.63,32.09
-1.39,-10.48,-0.05,32.06
-0.54,-12.36,-0.96,32.08
-0.79,-10.18,-3.93,32.09
-1.24,-6.87,-5.56,32.11
0.7,-7.34,-4.98,32.09
0.89,-10.39,-1.37,32.09
0.19,-12.12,-0.93,32.09
-1.96,-9.91,-3.91,32.11
-0.64,-7.43,-6.02,32.04
1.87,-8.59,-4.46,32.08
0.06,-11.25,-0.2,32.11
-1.75,-12.14,-0.47,32.09
-0.03,-10.94,-4.45,32.05
-1.61,-7.44,-4.98,32.12
-1.35,-7.9,-4.06,32.1
0.75,-10.59,-1.95,32.09
-1.33,-12.91,-0.31,32.1
-1.46,-9.85,-3.21,32.09
-2.74,-8.88,-5.31,32.06
0.1,-7.5,-4.89,32.11
0.44,-10.69,-1.24,32.04
-1.3,-11.58,-0.12,32.06
-0.54,-9.45,-4.1,32.04
-2.55,-7.64,-6.58,32.09
-1.15,-11.08,-0.54,32.14
-1.55,-10.98,-2.6,32.07
-1.82,-6.7,-7.47,32.09
-3.49,-8.13,-6.1,32.09
-0.36,-11.57,-3.03,32.07
0.51,-11.8,-1.06,32.08
-1.0,-9.97,-2.86,32.05
-3.3,-6.73,-6.66,32.08
-3.91,-7.0,-6.39,32.13
-0.11,-10.73,-4.03,32.09
-1.27,-11.03,-1.33,32.06
-3.34,-8.48,-2.43,32.07
-2.85,-5.95,-8.22,32.08
-3.81,-6.57,-6.26,32.06
-1.79,-9.85,-3.08,32.11
-1.39,-10.44,-1.54,32.1
-3.91,-8.78,-2.33,32.1
-1.68,-5.87,-7.46,32.07
-3.16,-7.75,-6.24,32.03
-0.33,-11.42,-2.17,32.07
-2.87,-10.68,-1.31,32.09
-2.9,-7.27,-4.68,32.05
-2.39,-6.17,-8.5,32.09
-2.47,-8.93,-4.1,32.07
-1.26,-12.16,-1.19,32.1
-2.53,-10.05,-1.36,32.12
-1.78,-7.7,-5.91,32.08
-2.75,-5.53,-7.61,32.09
-2.77,-9.45,-2.51,32.06
-1.0,-11.5,-1.42,32.06
-1.86,-9.89,-1.65,32.15
-2.34,-6.63,-5.83,32.1
-2.42,-4.73,-6.58,32.04
-2.36,-9.49,-2.28,32.09
-1.38,-12.11,-1.07,32.08
-1.4,-10.3,-1.68,32.09
0.39,-6.96,-4.54,32.09
-1.18,-5.65,-6.34,32.08
-2.94,-9.26,-2.69,32.05
0.52,-11.63,-1.29,32.08
-0.54,-11.7,-0.96,32.08
-2.01,-8.51,-4.6,32.09
-2.88,-5.76,-7.19,32.05
-2.87,-9.68,-3.39,32.09
-0.63,-13.36,-2.16,32.07
-0.83,-10.42,-1.06,32.12
-1.83,-9.68,-3.78,32.1
-2.59,-5.26,-7.65,32.09
-3.59,-7.63,-5.84,32.09
-2.23,-11.77,-1.23,32.1
1.17,-12.38,-1.6,32.09
-1.65,-9.59,-4.06,32.05
-2.61,-4.19,-7.73,32.07
-2.76,-7.71,-5.09,32.07
-1.54,-11.62,-0.13,32.05
0.26,-11.85,-1.36,32.07
-2.28,-8.14,-3.51,32.06
-1.65,-5.92,-6.94,32.1
-2.52,-7.77,-4.49,32.09
-2.22,-11.47,-0.29,32.09
-0.6,-11.14,-1.4,32.09
-0.74,-8.19,-3.7,32.11
0.48,-6.98,-5.85,32.09
-2.24,-7.22,-4.21,32.06
-1.19,-12.01,0.03,32.08
0.52,-12.16,-3.18,32.08
-2.39,-7.28,-3.57,32.07
-1.98,-6.03,-5.17,32.13
-0.88,-7.28,-3.5,32.04
-1.16,-11.86,0.15,32.06
-0.75,-10.99,-1.38,32.13
-0.09,-8.66,-3.75,32.06
-0.14,-6.42,-5.5,32.03
-1.26,-7.1,-2.96,32.07
-0.15,-11.9,0.42,32.09
-0.07,-11.92,-1.31,32.05
-1.18,-8.38,-3.87,32.09
-0.31,-7.19,-5.41,32.09
0.64,-9.0,-3.21,32.06
-0.39,-12.42,0.34,32.1
-0.27,-11.73,-1.15,32.09
-0.65,-8.37,-4.86,32.11
-1.1,-6.37,-4.87,32.06
-0.23,-8.73,-2.92,32.1
0.69,-12.02,0.16,32.05
0.45,-12.02,-1.42,32.07
-2.6,-8.43,-4.38,32.09
-1.24,-7.12,-5.44,32.07
2.35,-9.28,-3.7,32.09
0.31,-11.71,0.45,32.07
-0.86,-11.77,-1.35,32.07
-1.53,-8.99,-6.26,32.09
-1.52,-8.06,-5.94,32.12
0.76,-9.22,-3.66,32.06
-0.6,-11.52,-0.74,32.07
-1.06,-11.0,0.8,32.02
-0.17,-13.15,-1.11,32.07
-0.98,-9.13,-1.87,32.12
-2.63,-7.3,-4.63,32.03
-1.09,-5.46,-6.32,32.07
-1.26,-9.14,-2.34,32.13
-1.07,-11.45,-0.46,32.02
0.51,-11.39,-1.99,32.08
-0.73,-7.2,-4.54,32.05
-1.36,-5.92,-5.59,32.09
-1.46,-8.91,-1.85,32.1
-0.42,-12.02,-0.33,32.08
-0.39,-9.89,-2.37,32.07
-1.71,-7.16,-4.87,32.09
-0.53,-5.41,-4.76,32.04
-0.21,-10.13,-1.0,32.03
0.28,-12.9,0.16,32.08
-0.75,-10.2,-2.78,32.06
-0.55,-8.17,-5.74,32.08
-1.62,-6.59,-5.91,32.1
-1.94,-6.78,-5.03,32.12
-1.97,-11.13,-0.06,32.07
0.48,-12.03,-1.69,32.08
-1.23,-8.62,-3.08,32.05
-2.37,-6.41,-5.51,32.07
-1.96,-6.41,-4.84,32.08
-0.37,-11.95,-0.48,32.1
-0.34,-11.82,-1.39,32.09
-1.15,-7.93,-3.36,32.11
-1.15,-6.17,-5.18,32.07
-0.6,-6.78,-4.0,32.15
-0.43,-11.11,-0.02,32.08
0.26,-12.9,-0.67,32.06
-0.23,-9.22,-3.1,32.09
-1.41,-6.51,-5.35,32.05
-0.4,-7.49,-4.45,32.08
-0.37,-10.62,-0.09,32.04
0.24,-11.78,-1.49,32.11
-0.47,-9.16,-3.44,32.09
-0.57,-6.45,-5.33,32.09
0.57,-8.0,-4.27,32.05
0.51,-10.71,-0.42,32.07
0.47,-12.9,-0.58,32.05
-0.76,-9.79,-4.44,32.09
-2.11,-7.04,-5.73,32.08
0.62,-8.06,-4.49,32.09
0.75,-11.47,-0.73,32.09
0.11,-12.47,0.02,32.09
-1.11,-9.61,-5.05,32.08
-1.53,-7.83,-6.28,32.09
0.66,-8.57,-4.33,32.09
0.4,-9.22,-2.21,32.12
0.0,-11.77,-0.17,32.12
0.55,-11.99,-2.77,32.05
-1.79,-7.94,-5.69,32.1
-1.69,-7.26,-5.53,32.11
0.93,-9.45,-2.73,32.06
0.33,-11.85,-0.28,32.08
-1.31,-7.71,-7.2,32.11
-2.04,-7.46,-6.36,32.11
-1.08,-9.36,-4.65,32.05
0.29,-10.49,-1.87,32.11
-0.88,-11.6,-1.9,32.06
-1.8,-9.31,-5.11,32.08
-2.35,-6.32,-7.35,32.08
-2.21,-8.53,-4.37,32.14
-0.22,-11.9,-1.76,32.06
-1.83,-11.5,-1.48,32.06
-1.34,-7.92,-5.6,32.11
-2.99,-6.83,-7.45,32.05
-4.59,-7.81,-3.53,32.08
-0.47,-11.47,-2.27,32.08
-1.12,-10.91,-2.17,32.08
-1.78,-7.23,-4.33,32.07
-2.62,-7.02,-7.29,32.08
-2.73,-8.9,-2.63,32.09
-1.24,-11.78,-2.03,32.07
-2.05,-7.99,-5.45,32.05
0.35,-8.99,-2.87,32.07
0.41,-11.49,-0.63,32.04
-1.36,-11.88,-2.06,32.05
-0.87,-8.27,-6.71,32.09
-3.18,-7.55,-5.72,32.04
-0.59,-9.81,-3.29,32.07
-0.45,-11.6,-1.26,32.07
-0.83,-10.69,-2.42,32.04
-1.01,-8.22,-7.16,32.12
-3.99,-6.77,-5.89,32.08
-2.22,-9.69,-3.4,32.08
-0.49,-11.35,-1.2,32.04
-1.71,-11.29,-2.58,32.06
-2.39,-7.62,-6.73,32.06
-2.59,-7.13,-6.12,32.03
-2.75,-10.14,-3.12,32.07
-0.94,-11.27,-1.59,32.1
-2.14,-9.73,-3.02,32.11
-1.87,-7.13,-5.88,32.04
-3.4,-6.88,-6.05,32.06
-2.49,-9.52,-2.1,32.04
-0.48,-11.5,-2.56,32.08
-2.31,-8.79,-2.13,32.08
-1.4,-7.02,-4.82,32.05
-2.77,-6.54,-5.94,31.99
-2.47,-10.13,-1.88,32.03
-0.38,-11.92,-1.54,32.05
-0.87,-9.48,-2.79,32.09
-1.27,-6.32,-5.13,32.07
-0.51,-5.92,-5.21,32.08
-1.64,-9.21,-1.84,31.99
-1.6,-11.54,-0.91,32.08
-0.19,-10.22,-1.87,32.06
-0.6,-7.61,-4.83,32.04
-0.31,-6.79,-4.98,32.05
-2.17,-9.48,-1.29,32.03
0.17,-11.91,-1.26,32.02
-0.81,-9.06,-3.4,32.04
-1.23,-8.54,-5.02,32.02
-1.92,-6.4,-6.9,32.02
-3.97,-9.26,-4.16,32.04
-1.43,-10.81,-2.38,32.03
-1.16,-10.95,-1.84,32.03
-2.43,-8.26,-4.62,32.02
-1.91,-6.28,-7.25,32.02
-3.32,-9.05,-3.16,32.03
-1.26,-11.52,-2.75,31.99
0.28,-9.84,-2.68,31.96
-0.63,-8.42,-4.62,32.02
-2.07,-5.8,-5.99,32.01
-3.08,-8.95,-3.24,31.99
-2.07,-10.68,-2.57,31.97
0.27,-9.83,-1.89,32.04
-1.21,-7.76,-3.35,31.99
-0.83,-6.03,-5.36,31.99
-2.11,-8.93,-3.36,32.01
-2.55,-7.95,-5.43,31.97
-1.41,-8.76,-4.54,31.99
0.02,-10.72,-2.0,32.0
0.28,-11.66,-1.86,32.02
-1.46,-9.04,-4.56,31.99
-1.61,-7.4,-5.83,32.04
-2.0,-8.37,-5.13,31.99
-0.65,-9.19,-2.9,32.03
0.27,-12.05,-1.2,32.02
-0.02,-10.36,-2.53,32.01
-1.04,-7.92,-7.19,31.94
-3.5,-7.66,-5.16,31.98
-0.99,-10.72,-3.0,32.0
-0.5,-11.9,-0.79,32.01
-1.69,-9.91,-3.38,31.99
-1.88,-6.69,-7.34,31.96
-3.55,-7.7,-5.75,32.03
-1.56,-10.73,-2.57,32.03
0.06,-12.5,-1.33,32.01
-2.29,-9.31,-4.05,32.06
-1.79,-6.32,-7.13,32.03
-3.38,-7.59,-5.49,32.02
-2.72,-9.31,-2.08,32.01
-1.41,-11.11,-2.04,32.01
-1.94,-8.59,-3.35,31.99
-1.73,-6.28,-5.73,32.05
-2.48,-6.46,-5.46,31.97
-1.68,-11.06,-0.67,32.02
-0.98,-11.43,-0.82,32.02
-1.07,-8.28,-3.0,32.01
-0.63,-6.25,-5.41,32.05
-1.1,-5.94,-4.41,31.99
-0.99,-9.66,-0.2,31.98
0.4,-12.18,-1.08,32.03
-0.31,-9.14,-2.64,31.96
-0.81,-5.97,-5.64,32.06
-0.03,-6.94,-4.53,31.99
-0.84,-9.98,-0.29,32.02
-0.13,-12.31,-0.15,31.96
-0.58,-10.74,-3.45,32.02
-1.05,-6.53,-5.84,32.01
-0.65,-8.73,-4.6,31.99
0.1,-11.37,-0.63,32.01
1.08,-14.03,-0.78,32.07
0.05,-9.14,-5.4,32.0
-3.22,-6.54,-6.48,31.97
-2.09,-8.61,-4.36,32.02
0.5,-11.69,-2.0,32.0
-0.0,-11.84,-1.45,32.0
-1.06,-9.0,-4.46,31.99
-2.05,-7.51,-6.71,32.02
-2.7,-8.28,-4.81,32.01
-0.74,-10.85,-2.12,32.03
-0.16,-11.89,-1.43,32.02
-1.97,-8.87,-4.11,31.98
-1.69,-6.98,-7.85,32.02
-0.25,-12.48,-1.38,32.01
-0.24,-9.36,-2.63,31.99
-1.75,-5.44,-5.64,31.99
-0.84,-7.46,-4.1,31.97
-0.44,-11.83,-0.06,31.98
0.97,-12.5,-1.57,32.0
-0.95,-8.71,-4.21,31.99
-1.17,-6.86,-5.55,32.03
-0.39,-8.21,-4.33,31.98
0.27,-11.23,-0.24,31.98
0.08,-12.61,-1.5,32.01
-0.86,-8.91,-5.32,31.98
-2.06,-7.33,-5.48,32.03
-1.23,-9.07,-4.03,32.01
0.68,-11.26,-1.01,31.98
0.05,-12.78,-1.63,32.04
-0.94,-8.55,-5.69,32.0
-3.24,-6.61,-5.75,31.98
-1.41,-8.3,-4.89,31.98
-0.06,-10.86,-2.15,31.98
-0.37,-11.06,-1.5,31.98
-0.35,-9.07,-6.13,31.99
-2.72,-5.8,-6.16,32.0
-2.98,-8.81,-4.27,32.0
-0.24,-11.22,-1.81,31.98
-0.62,-11.16,-2.25,32.01
-1.11,-8.54,-5.12,31.97
-2.55,-6.11,-6.85,32.02
-3.55,-8.96,-3.96,32.04
-0.98,-11.04,-2.07,31.99
-1.54,-10.68,-2.3,32.03
-1.43,-7.46,-4.98,32.02
-2.07,-6.77,-7.06,32.01
-3.15,-8.55,-2.24,32.02
-0.78,-11.34,-1.72,32.02
-0.78,-11.02,-2.63,32.0
-1.62,-6.69,-4.85,31.99
-0.95,-6.13,-6.59,32.01
-2.31,-9.05,-3.15,31.99
-3.03,-9.83,-2.21,31.98
-0.34,-10.64,-1.69,31.98
-1.41,-10.73,-3.75,32.01
-1.77,-5.88,-4.86,31.99
-1.87,-7.88,-5.79,31.98
-0.98,-9.99,-0.38,32.0
-0.85,-11.52,-1.37,31.96
-1.39,-9.41,-2.84,32.03
-0.18,-6.2,-5.51,31.99
-0.34,-6.31,-4.5,31.99
-1.12,-9.39,-0.0,32.02
-0.19,-12.67,-0.53,31.95
0.04,-9.95,-2.46,31.99
-0.09,-6.53,-5.13,32.02
0.4,-6.74,-4.96,31.98
-0.73,-9.53,-0.24,31.96
1.2,-12.84,-0.28,32.03
-0.59,-9.6,-3.83,32.03
-1.08,-6.12,-4.83,31.97
-1.02,-8.41,-4.75,31.98
1.33,-10.73,-0.9,31.99
0.86,-13.07,-0.76,31.99
-1.0,-9.91,-4.16,32.0
-1.18,-7.69,-5.28,31.98
-0.88,-9.05,-4.43,32.02
0.62,-11.11,-2.65,31.97
0.61,-11.33,-1.73,32.02
-0.3,-10.27,-4.34,32.01
-2.23,-6.25,-5.4,32.02
-2.86,-9.15,-4.11,32.02
-0.9,-10.27,-2.89,31.98
-0.24,-12.12,-2.18,31.99
-2.03,-10.5,-3.33,31.99
-1.75,-7.21,-6.77,31.99
-3.74,-10.0,-4.73,31.99
-1.55,-10.65,-2.25,31.99
-0.99,-11.62,-3.07,31.99
-1.51,-7.42,-5.61,31.97
-0.12,-6.68,-4.72,31.98
-0.47,-11.29,-1.64,32.0
0.34,-12.45,-0.8,31.95
-0.48,-10.43,-4.06,32.02
-2.32,-6.85,-5.57,32.0
-0.42,-8.32,-4.9,31.96
0.28,-10.14,-1.88,31.98
0.64,-12.15,-1.01,32.01
-0.15,-9.76,-4.4,32.0
-1.54,-8.13,-4.86,31.98
-1.36,-8.56,-4.69,31.96
0.65,-10.24,-2.36,31.98
-0.22,-11.6,-1.45,31.96
-0.26,-9.8,-4.07,31.94
-3.07,-8.11,-6.24,32.0
-1.41,-8.85,-3.97,31.97
0.85,-10.87,-1.73,31.99
-0.41,-12.4,-1.36,31.98
-2.47,-9.39,-3.62,31.95
-0.88,-7.36,-6.92,31.95
-3.62,-8.52,-4.17,31.98
-1.49,-10.38,-1.73,32.02
-1.22,-11.59,-3.11,31.99
-1.2,-8.83,-4.23,31.98
-1.7,-6.83,-7.57,31.98
-4.36,-7.35,-3.54,31.97
-1.03,-10.71,-2.62,31.97
-0.43,-11.37,-2.24,32.01
-1.86,-7.84,-3.34,31.98
-1.68,-6.15,-6.8,31.96
-3.06,-7.19,-3.99,31.97
-2.31,-10.45,-1.67,31.95
-1.08,-10.92,-1.43,31.98
-1.16,-8.26,-3.82,31.97
-1.23,-5.88,-6.31,32.01
-2.86,-7.13,-3.57,32.01
-0.67,-11.9,-1.29,31.97
-1.43,-9.2,-2.11,31.97
-0.84,-12.21,-0.84,31.98
0.16,-10.66,-3.03,31.99
-1.57,-7.97,-4.9,31.95
-0.5,-7.45,-4.85,31.94
-0.09,-9.79,-2.08,31.97
-0.7,-12.17,-0.67,31.95
0.33,-13.01,-1.62,31.97
-0.42,-9.5,-3.85,31.96
-1.38,-7.49,-5.52,32.01
-0.09,-9.38,-2.73,31.96
0.7,-10.96,-0.38,31.99
0.41,-12.49,-1.16,31.96
-1.4,-8.42,-5.98,31.96
-1.28,-7.69,-5.89,32.0
0.23,-8.54,-4.2,31.94
-0.37,-11.33,-1.88,31.97
-0.62,-11.89,-2.18,31.95
-0.78,-9.31,-5.65,32.01
-2.89,-8.94,-3.24,31.96
-1.28,-10.34,-3.72,31.97
-1.13,-10.83,-2.1,31.93
-0.35,-10.3,-2.83,31.96
-1.09,-7.78,-6.27,31.97
-3.69,-8.34,-4.55,32.0
-1.67,-10.69,-3.14,32.0
0.25,-11.2,-1.75,31.98
-1.04,-9.15,-3.15,31.96
-0.58,-6.75,-6.0,31.97
-2.75,-7.23,-4.49,32.01
-2.86,-10.2,-2.73,31.98
-1.47,-11.45,-2.35,31.94
-2.86,-8.71,-3.05,31.96
-1.4,-7.17,-5.67,31.9
-3.28,-7.18,-4.72,31.97
-2.01,-10.25,-1.37,31.97
-0.49,-11.66,-1.92,32.02
-1.66,-8.8,-3.32,31.99
-1.11,-6.55,-5.42,31.95
-0.62,-7.05,-4.59,31.97
-0.06,-10.72,-0.84,31.94
0.6,-11.63,-1.71,31.99
-0.04,-8.66,-4.7,31.95
-0.79,-6.78,-5.23,31.98
0.17,-8.08,-3.82,32.0
0.9,-10.91,-0.71,31.96
0.28,-11.96,-1.16,31.92
-0.66,-9.8,-4.92,31.95
-1.2,-7.32,-5.32,31.95
0.31,-8.79,-3.65,31.98
0.5,-11.54,-1.16,31.97
0.19,-12.13,-1.33,31.95
0.07,-9.79,-4.92,31.98
-1.93,-7.26,-5.34,32.0
-0.32,-9.28,-4.18,31.96
0.54,-11.49,-1.52,31.96
-0.14,-12.18,-1.97,31.96
-0.46,-10.3,-5.87,32.02
-2.74,-7.3,-6.33,32.01
-2.5,-8.81,-4.24,31.99
-1.12,-11.69,-1.96,31.94
-1.12,-12.29,-1.78,31.98
-1.52,-8.75,-5.64,31.97
-1.76,-7.24,-7.13,31.97
-3.62,-8.52,-3.79,31.94
-1.57,-11.44,-1.81,31.99
-1.59,-10.71,-2.24,32.0
-0.48,-8.55,-5.14,31.97
-3.05,-5.76,-6.65,31.95
-3.04,-8.21,-2.81,31.96
-0.7,-12.12,-1.99,31.97
-1.47,-10.59,-1.65,31.97
-1.91,-7.58,-5.01,32.01
-0.86,-6.24,-6.86,31.97
-2.79,-7.54,-3.09,31.97
-0.76,-11.31,-1.29,31.99
-0.03,-11.73,-2.35,31.97
-1.12,-5.71,-5.92,31.96
-1.72,-7.77,-2.85,31.96
-0.49,-11.32,0.04,31.96
-0.82,-10.76,-2.54,31.95
-0.69,-7.65,-4.74,31.95
-0.66,-6.3,-5.32,31.97
-0.73,-8.49,-2.0,31.95
0.09,-12.49,-0.39,31.96
0.3,-11.56,-2.03,31.99
-0.6,-8.51,-5.34,31.93
-0.33,-6.85,-5.09,31.97
0.57,-9.52,-2.53,31.95
0.81,-12.85,-0.07,31.94
-0.07,-11.41,-2.79,31.99
0.09,-7.75,-7.17,31.94
-2.55,-7.08,-5.1,31.93
-1.07,-9.79,-3.3,31.93
0.81,-12.69,-1.64,31.97
-1.06,-11.14,-3.19,31.98
-0.79,-6.31,-5.45,31.98
-0.4,-7.73,-3.67,31.96
-0.79,-11.41,-0.07,31.94
-0.5,-11.47,-1.71,32.0
-0.65,-9.05,-4.56,31.98
-0.65,-7.07,-6.12,31.97
-0.59,-7.45,-3.28,31.93
0.06,-11.48,0.14,31.98
-0.27,-13.16,-0.84,31.96
-0.25,-8.02,-4.83,31.94
-1.21,-7.69,-5.98,31.97
-0.5,-7.32,-4.39,31.97
0.61,-11.18,-1.1,31.98
1.0,-12.63,-0.13,31.96
0.06,-10.81,-2.92,31.98
-1.17,-8.54,-6.43,31.96
-2.44,-8.78,-4.42,31.96
-0.5,-10.46,-3.24,31.96
-0.22,-11.65,-1.94,31.97
-3.09,-7.3,-6.24,31.94
-3.63,-8.05,-4.3,31.95
-0.52,-11.31,-2.61,31.98
-0.48,-12.14,-2.03,31.92
-1.76,-9.43,-3.43,31.95
-1.95,-7.51,-7.24,31.97
-3.73,-7.61,-5.11,31.93
-2.4,-10.25,-2.7,31.92
-0.87,-10.69,-2.14,31.94
-1.86,-8.9,-4.25,31.93
-2.19,-5.86,-6.65,31.96
-3.17,-7.68,-5.17,31.93
-1.98,-10.52,-0.94,31.96
-0.62,-11.15,-1.74,31.95
-2.01,-8.65,-4.13,31.97
-0.98,-5.66,-6.57,31.91
-1.98,-7.69,-4.17,31.94
-1.14,-11.22,-0.19,31.94
-0.13,-11.18,-1.88,31.92
-2.34,-10.78,-3.16,31.95
-0.99,-10.81,-1.12,31.93
-1.31,-9.61,-3.21,31.96
-1.61,-6.97,-6.51,31.95
-2.7,-5.66,-6.18,31.94
-2.49,-9.72,-2.6,31.99
-0.85,-11.0,-1.88,31.92
-0.91,-9.42,-3.05,31.97
-1.86,-6.78,-5.99,31.96
-2.43,-6.03,-5.72,31.94
-2.16,-10.71,-1.83,31.93
-0.11,-11.3,-1.8,31.94
-0.55,-9.96,-3.09,31.96
-1.23,-6.22,-5.34,31.95
-0.89,-6.33,-5.2,31.92
-1.1,-10.15,-1.02,31.92
0.17,-12.33,-1.47,31.93
-0.34,-8.93,-3.04,31.96
-1.48,-6.63,-5.26,31.96
-0.4,-7.6,-3.88,31.97
-0.28,-8.12,-3.41,31.94
-0.23,-12.38,-0.0,31.98
-0.48,-11.7,-1.98,31.94
-0.32,-9.44,-5.23,31.99
-0.63,-7.34,-5.09,31.95
0.67,-8.71,-4.05,31.95
-0.19,-11.72,-0.04,31.97
0.29,-12.34,-2.02,31.94
-1.26,-9.42,-5.19,31.92
-2.05,-7.3,-6.14,31.96
-0.96,-8.46,-4.02,31.97
0.59,-11.83,-0.81,31.99
-0.44,-12.33,-1.23,31.98
-1.1,-8.34,-5.09,31.93
-2.53,-7.47,-6.06,31.92
0.06,-9.48,-3.81,31.93
-0.38,-10.96,-1.6,31.94
1.15,-12.15,-2.14,31.74
-0.04,-11.11,-1.25,31.76
-1.76,-10.3,-1.55,31.74
-2.3,-7.04,-7.41,31.78
-3.77,-6.52,-6.29,31.79
0.72,-10.98,-3.32,31.74
-0.64,-12.02,-0.29,31.78
-1.66,-9.43,-3.17,31.77
-2.23,-4.75,-9.68,31.78
-2.44,-6.9,-5.95,31.75
0.14,-11.81,-2.52,31.78
-0.77,-12.21,0.73,31.73
-0.62,-10.77,-2.12,31.76
-0.79,-5.25,-7.47,31.77
-3.44,-6.65,-6.12,31.83
-0.46,-11.82,-2.83,31.75
-0.78,-11.11,-0.16,31.76
-0.68,-12.73,-0.81,31.74
-1.74,-7.69,-4.64,31.74
-3.49,-5.95,-6.2,31.74
-1.19,-8.79,-0.56,31.76
-1.93,-7.89,-2.84,31.77
-1.23,-6.76,-6.54,31.74
-2.51,-8.94,-4.51,31.74
0.68,-11.6,-3.24,31.74
0.43,-9.6,-2.18,31.77
-3.67,-9.49,-2.83,31.76
-3.03,-5.34,-7.53,31.77
-1.1,-8.99,-7.76,31.75
0.18,-9.96,-2.28,31.78
-1.66,-10.19,-0.37,31.75
-2.23,-10.24,-3.24,31.81
-2.28,-5.12,-7.44,31.73
-3.1,-7.87,-5.98,31.72
0.87,-11.94,-2.33,31.75
-1.48,-11.04,-0.24,31.77
-2.49,-8.99,-2.33,31.77
-2.65,-4.52,-8.54,31.77
-3.76,-7.97,-5.3,31.79
-0.48,-9.73,-1.11,31.78
0.82,-6.92,-4.57,31.78
-2.3,-5.49,-6.32,31.78
-1.69,-10.78,-2.27,31.78
-0.66,-12.54,-1.93,31.72
-1.26,-9.8,-1.16,31.77
-1.12,-6.76,-5.27,31.79
-3.65,-4.55,-7.09,31.78
-2.26,-10.09,-1.81,31.73
-1.47,-12.13,-2.32,31.79
-2.92,-10.08,-1.91,31.76
-0.4,-6.33,-5.22,31.79
-1.5,-5.59,-6.34,31.75
-1.21,-12.39,-1.81,31.74
-0.86,-11.9,-1.3,31.8
0.24,-10.09,-1.22,31.77
0.04,-5.92,-7.09,31.73
-3.33,-3.85,-7.08,31.76
-2.76,-10.82,-2.89,31.76
-2.29,-7.26,-7.18,31.76
-1.23,-6.69,-5.78,31.75
0.1,-10.81,-3.9,31.74
-1.51,-13.17,-0.48,31.75
-1.19,-11.51,-3.62,31.73
-1.36,-8.99,-6.99,31.75
-1.0,-5.89,-7.36,31.79
-0.71,-10.53,-4.68,31.75
0.18,-12.83,-1.26,31.75
-0.04,-10.46,-2.72,31.77
-2.16,-8.05,-7.73,31.78
-0.12,-6.65,-6.27,31.74
0.23,-10.29,-3.58,31.74
-1.06,-12.39,-1.19,31.77
-0.56,-11.11,-2.16,31.77
-3.97,-7.19,-6.54,31.73
-2.35,-8.05,-4.84,31.75
-0.2,-10.96,-2.91,31.73
-0.93,-11.14,-0.65,31.73
-2.38,-11.35,-2.87,31.76
-3.7,-6.11,-8.26,31.77
-2.02,-8.02,-5.1,31.8
-0.26,-10.61,-2.84,31.76
-0.48,-11.23,0.35,31.77
-2.44,-9.34,-4.38,31.76
-2.93,-6.52,-6.36,31.78
-0.91,-10.47,-3.07,31.72
0.57,-10.13,-1.34,31.75
-2.43,-12.41,-0.94,31.75
-2.33,-8.82,-3.39,31.75
-3.03,-7.44,-5.97,31.74
-1.45,-8.84,-5.02,31.73
0.51,-11.16,-2.17,31.78
-1.83,-11.78,-0.4,31.71
-1.81,-9.69,-3.19,31.75
-3.28,-6.87,-7.76,31.74
-3.05,-8.31,-4.71,31.72
0.11,-9.98,-2.89,31.77
-2.4,-11.16,-0.59,31.75
0.37,-11.0,-1.11,31.77
-1.0,-8.32,-2.27,31.77
-1.57,-5.55,-6.0,31.76
-3.9,-6.42,-4.13,31.76
0.5,-11.7,-0.53,31.8
0.18,-11.85,-0.06,31.76
-3.34,-7.21,-1.93,31.77
-1.91,-7.65,-5.44,31.74
-2.42,-7.57,-3.58,31.77
-0.93,-11.2,-0.12,31.76
-1.34,-12.32,-1.78,31.76
-2.62,-9.07,-0.72,31.77
-1.97,-6.71,-4.71,31.77
-2.39,-5.87,-6.89,31.8
-1.53,-8.98,-2.66,31.8
0.41,-12.15,-1.37,31.74
-0.52,-10.37,-1.95,31.75
-0.51,-6.47,-5.04,31.75
-1.27,-10.58,-0.77,31.76
0.01,-13.06,0.41,31.74
-0.45,-10.46,-3.96,31.7
-1.75,-5.13,-5.51,31.78
-0.31,-7.07,-6.75,31.74
0.41,-11.37,-1.0,31.76
0.45,-12.46,0.57,31.75
-1.05,-9.4,-2.86,31.75
-0.78,-7.46,-4.83,31.77
0.73,-6.07,-6.74,31.8
1.24,-9.81,-0.32,31.74
1.1,-13.53,1.2,31.74
-2.34,-10.24,-2.8,31.74
-1.85,-7.02,-4.91,31.76
2.83,-8.18,-5.95,31.77
0.45,-9.69,0.14,31.78
-3.04,-11.91,2.04,31.75
-0.5,-10.67,-3.71,31.78
1.13,-7.52,-6.51,31.74
0.28,-6.34,-4.83,31.73
-2.43,-10.75,-1.41,31.81
-1.59,-10.37,-2.13,31.76
-0.89,-6.39,-4.9,31.77
-1.58,-6.37,-5.68,31.79
-2.01,-9.79,-0.32,31.73
0.74,-13.5,0.38,31.74
-0.48,-10.34,-3.36,31.76
-1.16,-6.11,-4.35,31.75
1.15,-6.71,-4.41,31.72
0.34,-10.66,-1.42,31.74
-0.37,-12.55,-0.7,31.74
0.6,-10.77,-4.21,31.78
0.55,-6.73,-4.98,31.72
0.46,-7.9,-5.33,31.75
0.16,-9.63,-1.51,31.75
0.13,-12.4,-0.49,31.73
-0.68,-10.47,-3.61,31.75
-1.19,-6.17,-3.25,31.77
0.87,-7.65,-4.6,31.74
-1.35,-7.08,-6.54,31.79
-2.86,-9.18,-5.99,31.75
-0.94,-8.55,-2.25,31.73
0.52,-12.03,-2.35,31.75
-1.77,-10.94,-2.75,31.75
-3.15,-6.7,-6.95,31.73
-3.5,-9.23,-5.48,31.75
0.41,-8.2,-4.42,31.77
-1.57,-12.46,-2.4,31.74
-2.83,-8.92,-2.53,31.79
-0.41,-7.9,-7.54,31.74
-4.97,-8.47,-5.31,31.76
-1.45,-9.68,-2.78,31.72
-0.87,-11.35,-3.19,31.77
-0.63,-10.11,-3.35,31.75
-1.4,-6.93,-7.57,31.74
-4.89,-7.0,-4.54,31.76
-0.28,-11.69,-3.02,31.79
-0.82,-10.63,-2.8,31.78
-3.26,-8.83,-3.1,31.73
-2.26,-7.03,-7.63,31.75
-4.1,-7.14,-5.04,31.74
-0.18,-10.94,-2.99,31.73
-0.72,-11.64,-1.48,31.73
-1.8,-9.36,-3.35,31.71
-1.02,-6.7,-7.62,31.72
-3.57,-8.21,-3.47,31.72
-0.95,-11.57,-1.84,31.76
-1.0,-9.37,-1.63,31.72
-3.2,-8.89,-3.8,31.76
-1.04,-6.15,-6.51,31.78
-3.27,-8.66,-3.85,31.76
-1.74,-10.11,-1.32,31.74
0.08,-10.57,-2.44,31.72
-1.6,-9.49,-2.8,31.75
-1.66,-5.43,-6.45,31.77
-3.69,-7.26,-4.68,31.73
-2.41,-11.59,-1.13,31.78
-1.22,-10.1,-2.01,31.78
-1.39,-8.01,-4.85,31.75
-1.18,-7.1,-5.66,31.76
-4.12,-7.82,-3.8,31.74
-1.98,-11.54,-1.56,31.76
-0.13,-10.99,-2.84,31.77
-2.21,-8.84,-3.71,31.74
-1.28,-5.84,-6.26,31.79
-1.64,-9.2,-4.43,31.8
-3.35,-9.91,-3.15,31.75
-1.47,-10.73,-2.74,31.73
0.67,-11.04,-2.23,31.78
-1.32,-6.75,-6.28,31.75
-4.37,-5.47,-7.12,31.77
-0.43,-10.82,-4.07,31.8
-0.17,-11.36,-1.1,31.77
-2.65,-9.16,-2.5,31.74
-1.59,-6.67,-6.56,31.72
-2.79,-6.57,-6.41,31.75
0.57,-11.6,-2.32,31.76
-1.27,-10.26,-2.58,31.76
-2.68,-8.86,-6.74,31.76
-1.85,-6.0,-7.23,31.76
-3.93,-9.49,-2.35,31.76
-0.98,-11.6,-1.72,31.77
-1.42,-11.63,-2.7,31.73
-1.93,-7.72,-4.94,31.73
-1.76,-5.16,-7.25,31.74
-3.91,-10.43,-2.78,31.77
-0.82,-11.13,-1.33,31.77
-1.55,-10.48,-3.13,31.73
-0.9,-6.63,-5.85,31.75
-2.28,-6.37,-6.86,31.77
-3.35,-9.66,-2.9,31.77
-1.0,-12.35,-1.39,31.74
-2.05,-9.7,-1.82,31.72
-2.54,-6.76,-5.97,31.74
-3.59,-5.79,-6.9,31.73
-0.53,-7.18,-3.33,31.76
-0.41,-7.02,-4.1,31.74
-0.79,-7.65,-2.86,31.75
0.61,-11.81,0.22,31.76
0.5,-12.74,-2.48,31.76
-1.64,-9.07,-4.65,31.72
-0.29,-7.13,-5.21,31.79
0.37,-8.27,-3.57,31.71
0.23,-11.81,-0.32,31.77
0.53,-12.48,-3.26,31.74
-0.67,-8.6,-4.72,31.75
0.39,-5.91,-5.76,31.73
0.64,-7.39,-4.2,31.72
-0.91,-11.16,0.61,31.72
-1.35,-11.3,-1.64,31.74
0.45,-8.07,-4.68,31.79
1.62,-7.24,-5.04,31.77
0.5,-8.48,-2.15,31.74
-0.09,-13.36,0.07,31.74
-0.37,-10.16,-3.41,31.74
-2.23,-9.9,-4.19,31.72
-2.57,-11.12,-2.37,31.73
-2.73,-8.16,-5.32,31.75
-3.3,-7.15,-7.23,31.76
-3.64,-7.88,-4.47,31.73
-1.09,-10.74,-1.4,31.73
-0.87,-11.15,-1.89,31.77
-1.91,-8.4,-4.69,31.74
-3.73,-5.7,-7.59,31.72
-2.53,-9.51,-3.85,31.71
-1.64,-11.6,-0.81,31.76
-2.41,-10.24,-1.23,31.75
-1.81,-8.25,-4.92,31.72
-2.8,-7.12,-6.08,31.77
-3.88,-9.45,-3.27,31.72
-1.36,-11.25,-1.76,31.74
-0.78,-11.47,-0.66,31.72
-1.84,-8.02,-4.29,31.74
0.45,-12.24,-1.45,31.73
-0.92,-9.55,-2.39,31.73
-2.48,-8.06,-5.91,31.73
-3.28,-6.06,-6.2,31.73
-3.04,-9.63,-1.61,31.76
-0.3,-12.28,-3.11,31.74
-0.5,-9.22,-1.87,31.77
-1.68,-6.31,-4.21,31.74
-1.84,-5.73,-6.28,31.72
-2.92,-9.88,-1.64,31.74
0.44,-12.26,-1.36,31.76
-0.66,-10.27,-1.36,31.75
-1.75,-7.08,-4.41,31.7
-3.92,-5.3,-6.58,31.74
-2.29,-10.32,-2.5,31.78
1.21,-11.37,-1.41,31.74
-2.26,-9.27,-0.25,31.77
-0.24,-6.7,-4.15,31.72
-1.99,-5.7,-4.67,31.71
-1.61,-10.39,-1.26,31.79
-2.71,-7.41,-5.81,31.78
0.59,-10.22,-4.43,31.73
0.97,-12.11,-2.09,31.72
-2.53,-11.47,-2.55,31.77
-1.75,-7.83,-7.53,31.76
-0.11,-8.07,-6.03,31.74
0.56,-9.63,-4.47,31.76
0.36,-9.35,-1.13,31.73
-0.55,-12.87,-2.0,31.73
-0.47,-9.51,-4.26,31.74
-2.67,-7.59,-6.44,31.71
-1.16,-7.3,-4.34,31.76
0.24,-9.35,-1.11,31.76
-1.7,-12.21,-1.16,31.72
-2.47,-9.49,-3.79,31.74
-1.92,-8.98,-6.03,31.76
0.1,-6.73,-3.69,31.77
0.39,-11.08,-1.59,31.76
-1.98,-12.05,0.25,31.78
-1.29,-10.51,-3.9,31.74
-3.65,-8.58,-3.81,31.74
-2.29,-5.74,-5.31,31.76
-0.93,-8.32,-4.89,31.76
-1.38,-10.58,0.22,31.73
-0.89,-12.17,-1.66,31.69
-1.36,-9.76,-3.8,31.72
-1.15,-5.82,-5.15,31.72
0.8,-7.38,-4.66,31.71
-0.44,-10.95,-0.73,31.72
-0.48,-12.33,-1.1,31.72
-0.84,-9.11,-4.65,31.74
0.76,-6.39,-7.3,31.74
-0.67,-8.0,-3.73,31.74
-3.12,-11.37,-0.09,31.75
-1.27,-13.75,-2.71,31.72
-1.58,-8.71,-5.4,31.73
-1.62,-6.22,-5.76,31.74
-0.2,-8.87,-4.2,31.75
-1.84,-9.59,-6.1,31.75
-0.4,-6.87,-6.05,31.74
1.32,-7.99,-7.04,31.77
-0.13,-8.99,-1.49,31.71
-0.57,-13.36,-0.27,31.72
-0.87,-9.91,-3.09,31.73
-1.83,-6.94,-5.98,31.74
-0.63,-7.4,-5.45,31.74
-0.64,-10.02,-0.9,31.76
-0.64,-12.84,-0.38,31.73
-1.38,-9.54,-5.1,31.74
-1.27,-7.64,-4.47,31.77
-0.72,-7.25,-4.74,31.72
0.11,-9.81,-1.38,31.73
-0.02,-13.21,-0.68,31.74
-1.57,-10.12,-4.04,31.73
-1.18,-7.97,-5.32,31.74
0.16,-6.73,-5.47,31.76
0.17,-9.88,-1.71,31.73
-1.02,-10.68,-1.41,31.73
0.53,-11.19,-0.53,31.69
-1.2,-9.27,-2.48,31.77
-1.28,-5.03,-6.85,31.73
-3.03,-6.0,-5.58,31.7
-1.29,-11.26,-1.35,31.76
-0.28,-10.61,-0.73,31.72
-1.81,-8.45,-1.92,31.71
-2.17,-4.79,-6.16,31.72
-3.63,-6.46,-4.19,31.72
-0.77,-11.24,-1.53,31.75
0.31,-11.43,-0.49,31.73
-0.79,-9.35,-2.27,31.76
-1.39,-5.36,-5.85,31.72
-1.95,-7.46,-4.32,31.76
0.14,-11.85,-1.42,31.72
-0.89,-10.8,-1.5,31.74
-2.72,-8.35,-2.3,31.74
1.04,-5.69,-6.27,31.69
-2.64,-7.86,-5.21,31.76
-0.27,-11.53,-2.74,31.69
-1.03,-9.85,-0.73,31.75
-3.33,-8.17,-2.66,31.74
-2.34,-6.72,-7.9,31.74
-1.98,-6.53,-4.92,31.74
-0.02,-12.73,-3.2,31.79
-1.39,-9.01,-1.57,31.69
-3.53,-9.3,-3.0,31.72
-2.14,-6.22,-5.44,31.73
-2.68,-9.5,-4.2,31.75
-2.24,-11.44,-1.15,31.78
-0.32,-11.06,-1.17,31.74
-0.3,-9.34,-3.45,31.73
-0.95,-5.48,-7.02,31.76
-4.14,-9.14,-4.32,31.68
-0.81,-11.97,-2.03,31.72
0.93,-12.17,-1.66,31.72
-1.41,-9.0,-2.3,31.75
-2.49,-12.18,-0.43,31.78
-1.17,-9.52,-3.46,31.72
-1.44,-6.93,-5.22,31.75
0.13,-8.0,-4.67,31.78
-0.38,-6.64,-3.1,31.71
-0.27,-14.04,-0.2,31.73
-2.66,-11.08,-2.05,31.74
-0.85,-8.62,-3.79,31.75
-0.17,-7.43,-5.23,31.7
0.37,-7.27,-2.98,31.77
0.28,-13.85,-1.32,31.77
0.35,-12.04,-2.21,31.73
0.82,-9.13,-2.54,31.72
0.12,-6.18,-6.27,31.71
0.09,-8.01,-3.03,31.68
0.23,-11.64,-0.34,31.75
0.27,-12.85,-2.37,31.74
-0.23,-7.98,-4.48,31.75
0.08,-6.99,-6.26,31.75
-3.43,-10.29,-2.22,31.74
-3.79,-6.32,-8.11,31.72
-4.54,-7.02,-6.6,31.73
-1.26,-10.85,-2.84,31.76
-2.01,-11.23,-1.0,31.74
-3.25,-10.19,-2.45,31.71
-3.52,-6.7,-6.56,31.76
-3.23,-6.93,-6.65,31.7
0.23,-11.22,-3.99,31.75
-1.17,-10.61,-2.09,31.72
-2.15,-9.64,-3.56,31.74
-2.05,-5.93,-6.16,31.71
-3.47,-7.57,-5.37,31.77
-0.72,-10.67,-3.26,31.74
1.21,-10.69,-2.11,31.74
-1.81,-9.71,-1.71,31.74
-2.99,-6.04,-6.68,31.76
-4.07,-6.4,-4.68,31.74
-1.19,-11.66,-3.37,31.71
-1.44,-10.5,-0.93,31.76
-2.31,-10.05,-2.47,31.72
-1.95,-5.67,-7.29,31.79
-2.54,-7.23,-5.64,31.68
-0.28,-12.76,-2.09,31.76
-0.35,-9.39,0.02,31.73
-0.99,-9.59,-3.14,31.73
-3.36,-5.42,-6.09,31.75
-3.79,-6.94,-5.21,31.75
0.51,-11.9,-3.31,31.73
0.16,-10.29,-1.23,31.73
-2.12,-9.25,-1.86,31.78
-0.78,-6.06,-7.95,31.74
-3.38,-7.69,-4.72,31.75
-0.58,-10.49,-1.05,31.73
-0.6,-12.67,-2.03,31.72
-1.39,-8.19,-3.53,31.72
-0.58,-5.13,-7.99,31.72
-1.37,-9.04,-4.75,31.69
-2.4,-11.27,-1.47,31.71
-1.17,-11.86,-1.99,31.73
-1.2,-8.06,-4.98,31.72
0.44,-4.87,-7.1,31.75
-2.93,-8.49,-4.95,31.76
-0.65,-11.02,-0.94,31.78
0.13,-12.31,-2.67,31.73
-3.52,-6.38,-2.49,31.73
-1.39,-5.21,-7.17,31.75
-1.65,-7.97,-2.96,31.72
-1.15,-12.64,0.89,31.71
0.85,-12.01,-1.47,31.74
-0.34,-8.28,-4.63,31.78
-0.33,-6.05,-7.49,31.73
-1.84,-8.35,-2.22,31.77
-1.08,-11.66,-0.59,31.74
-0.67,-12.88,-2.17,31.73
-1.54,-7.17,-2.23,31.75
-0.41,-5.25,-7.33,31.72
-1.75,-6.86,-3.38,31.75
-0.01,-9.95,-1.6,31.71
-1.41,-6.19,-5.26,31.74
-2.85,-5.18,-4.81,31.73
-1.69,-10.29,-2.98,31.74
-2.0,-10.86,-0.67,31.72
-2.64,-9.52,-2.1,31.74
0.13,-7.31,-4.65,31.76
-0.55,-6.03,-6.9,31.72
-3.42,-9.78,-1.24,31.73
-0.42,-12.38,-1.45,31.75
-0.11,-10.45,-2.37,31.71
-0.49,-6.12,-4.42,31.73
-0.98,-5.26,-5.85,31.71
-0.54,-9.87,-1.36,31.7
-0.71,-12.89,-1.0,31.71
-0.32,-9.07,-2.26,31.78
0.16,-7.11,-4.53,31.74
-0.39,-5.71,-4.3,31.74
-1.58,-10.15,-2.55,31.72
0.76,-13.63,-1.46,31.74
0.29,-10.25,-2.56,31.74
1.01,-8.06,-3.52,31.76
0.1,-5.69,-5.09,31.72
-2.26,-7.91,-3.56,31.75
0.16,-12.08,-1.36,31.74
1.32,-11.07,-2.37,31.72
-2.22,-7.31,-2.38,31.72
-0.97,-5.47,-6.02,31.74
-3.17,-7.1,-3.08,31.7
0.08,-12.25,-1.04,31.74
0.68,-12.27,-3.02,31.7
-1.64,-7.39,-2.34,31.74
-0.1,-5.66,-7.01,31.75
-1.35,-8.04,-4.01,31.73
-0.18,-12.96,-0.42,31.73
-0.78,-11.75,-2.26,31.73
-0.42,-7.99,-3.45,31.75
-0.64,-4.38,-6.0,31.74
-0.18,-12.32,0.19,31.77
-2.71,-10.51,-1.37,31.74
-2.02,-9.96,-2.3,31.74
-1.35,-5.39,-6.24,31.69
-2.21,-4.9,-6.4,31.74
-2.66,-10.4,-0.34,31.74
-1.83,-12.05,-0.77,31.78
-1.71,-9.84,-2.21,31.71
-1.74,-5.02,-5.28,31.71
-1.48,-5.84,-4.44,31.78
-1.64,-11.58,-1.04,31.72
-2.44,-12.05,-1.0,31.72
0.15,-9.4,-4.65,31.72
0.04,-6.46,-4.86,31.74
-1.53,-6.01,-4.18,31.72
0.02,-11.02,-0.98,31.73
1.43,-12.62,-1.96,31.74
-1.34,-8.52,-2.53,31.76
-0.95,-7.31,-5.28,31.76
-2.0,-11.29,-0.56,31.76
-0.1,-12.5,-1.81,31.71
-1.54,-7.23,-2.54,31.72
0.08,-6.05,-7.21,31.75
-0.88,-7.1,-2.68,31.75
0.6,-12.22,0.25,31.74
-0.25,-12.66,-1.72,31.71
-0.01,-8.12,-3.15,31.73
0.77,-4.86,-6.23,31.74
-1.72,-8.36,-2.19,31.7
-1.81,-11.9,-0.12,31.74
1.11,-12.62,-1.88,31.71
1.61,-7.65,-4.14,31.75
-0.28,-4.67,-4.94,31.75
-1.66,-7.18,-2.22,31.77
-0.74,-12.62,0.49,31.75
0.88,-12.0,-0.61,31.75
1.09,-7.23,-4.83,31.76
1.66,-5.17,-5.1,31.76
-2.93,-8.39,-1.61,31.77
-2.33,-11.46,-1.28,31.76
1.23,-12.22,-1.86,31.76
-2.9,-7.66,-2.45,31.75
-3.22,-6.91,-4.09,31.74
-2.61,-6.33,-5.67,31.74
-1.56,-10.66,-1.66,31.73
-0.4,-10.92,-1.12,31.7
-1.7,-8.64,-2.17,31.74
-2.01,-7.21,-5.53,31.72
-3.44,-5.59,-5.88,31.75
-1.36,-10.62,-1.93,31.75
1.62,-11.7,-1.99,31.73
-2.97,-8.86,-0.5,31.75
-0.38,-5.54,-5.47,31.75
-3.08,-6.5,-5.67,31.77
-2.94,-9.12,0.33,31.73
1.18,-12.68,-2.83,31.71
-1.78,-9.88,-2.27,31.77
-3.22,-7.07,-5.66,31.76
-3.69,-6.61,-6.8,31.74
0.4,-8.95,-4.09,31.73
0.95,-12.4,-0.68,31.76
-2.34,-11.23,-2.79,31.72
-3.55,-6.87,-5.89,31.74
-4.09,-6.96,-5.88,31.77
-0.76,-9.41,-2.99,31.77
-1.84,-10.54,-0.63,31.75
-2.68,-11.44,-1.01,31.75
-0.28,-6.65,-6.72,31.75
-4.22,-6.92,-6.41,31.79
-1.62,-9.08,-2.86,31.74
-0.98,-11.19,-0.6,31.72
-3.03,-11.52,-0.57,31.73
-2.49,-7.15,-5.79,31.74
-4.11,-7.21,-6.37,31.74
-1.53,-10.23,-3.5,31.74
0.04,-10.75,-0.91,31.71
-1.03,-11.39,-1.2,31.79
-0.62,-11.31,-0.69,31.77
-1.06,-9.52,-3.67,31.74
-2.73,-7.55,-3.02,31.78
-1.06,-5.11,-6.92,31.72
-1.33,-9.92,-3.47,31.73
-1.36,-11.4,-0.05,31.74
-0.87,-11.88,-2.62,31.73
-2.55,-7.95,-4.36,31.76
-1.4,-4.8,-6.56,31.71
-3.16,-10.02,-2.94,31.74
-1.74,-12.29,-0.32,31.77
-0.81,-12.09,-3.1,31.73
-3.32,-6.21,-4.09,31.74
-1.17,-6.86,-6.72,31.72
-2.82,-9.09,-3.72,31.76
-1.77,-10.86,-1.05,31.74
-2.52,-11.26,-3.66,31.73
-2.16,-7.22,-4.02,31.74
-1.41,-7.73,-5.46,31.7
-2.91,-7.51,-5.92,31.78
1.24,-10.14,-3.6,31.78
0.11,-10.86,-0.04,31.72
-2.03,-9.58,-0.73,31.79
-2.15,-8.15,-5.76,31.73
-4.02,-6.7,-5.82,31.77
-0.98,-10.12,-2.92,31.72
-0.19,-11.68,-1.12,31.71
-2.08,-9.23,-1.47,31.77
-3.34,-6.83,-5.54,31.72
-2.29,-7.34,-6.2,31.73
-0.17,-10.41,-3.55,31.74
-0.65,-10.5,-1.16,31.72
-0.87,-10.31,-1.38,31.76
-0.66,-6.73,-5.99,31.71
-2.86,-6.81,-6.28,31.77
-0.66,-9.96,-1.83,31.77
0.19,-11.2,-0.84,31.76
0.1,-12.87,-1.45,31.74
-0.04,-12.29,-4.18,31.78
-0.76,-7.31,-5.74,31.72
0.34,-6.98,-5.28,31.73
0.12,-9.14,-2.23,31.73
-0.76,-11.69,-0.84,31.72
-0.8,-10.91,-2.79,31.73
-1.09,-7.38,-5.98,31.72
-0.31,-8.04,-4.89,31.73
1.6,-9.14,-1.98,31.75
0.25,-12.17,-0.13,31.82
-0.44,-11.62,-3.11,31.76
-1.55,-7.07,-5.05,31.72
0.57,-7.35,-6.3,31.77
0.73,-10.01,-2.17,31.7
-0.49,-11.68,-0.49,31.76
-0.24,-10.06,-5.01,31.79
-1.92,-8.26,-5.59,31.72
-0.32,-8.4,-4.41,31.75
-3.38,-8.13,-2.04,31.77
-1.53,-9.79,-1.69,31.7
-0.24,-12.2,-1.93,31.73
-2.21,-8.24,-2.12,31.77
-1.54,-6.29,-5.83,31.72
-2.33,-5.98,-5.43,31.76
-1.69,-10.28,-1.41,31.75
-0.11,-12.46,-2.08,31.77
-0.13,-9.36,-3.07,31.72
0.75,-5.77,-5.65,31.73
-2.05,-5.85,-5.12,31.77
-0.77,-11.5,-1.45,31.74
1.21,-11.95,-1.65,31.73
-1.01,-8.86,-2.7,31.72
-0.76,-6.81,-5.28,31.73
-1.55,-6.32,-3.91,31.75
0.07,-12.12,-1.54,31.75
0.23,-11.43,-2.29,31.74
-1.53,-10.05,-2.69,31.67
-0.44,-6.39,-5.03,31.75
0.76,-7.86,-6.27,31.78
-1.0,-10.57,-1.14,31.71
1.41,-12.57,-1.48,31.73
-0.3,-9.34,-4.52,31.69
-2.23,-5.79,-4.11,31.75
-1.12,-7.1,-4.59,31.77
-1.5,-11.79,-0.77,31.7
-1.1,-11.36,-1.63,31.7
-1.4,-10.1,-5.28,31.75
-1.67,-7.18,-4.58,31.75
0.58,-8.32,-4.62,31.74
0.03,-12.3,-1.8,31.76
-2.06,-11.49,-0.79,31.76
-1.32,-9.74,-3.51,31.74
-0.14,-7.52,-5.44,31.71
-0.14,-6.55,-4.23,31.73
-1.41,-10.22,-0.71,31.73
1.01,-12.6,-1.08,31.76
-1.96,-11.39,-2.04,31.72
-3.23,-5.81,-7.44,31.74
-2.59,-8.04,-4.42,31.72
-0.73,-11.77,-1.96,31.75
-0.79,-11.38,-1.6,31.76
-0.59,-9.84,-4.64,31.73
-1.02,-4.38,-6.79,31.69
-3.39,-6.94,-5.11,31.74
-2.2,-11.09,-1.41,31.72
-0.81,-10.41,-1.14,31.71
-2.08,-8.2,-2.57,31.74
-1.58,-4.78,-7.11,31.74
-2.24,-7.98,-4.68,31.74
-3.69,-10.83,-0.71,31.73
-0.74,-10.93,-1.19,31.75
-1.1,-8.13,-4.55,31.76
-2.61,-3.98,-6.09,31.74
-1.92,-8.79,-4.36,31.73
0.04,-12.08,-1.94,31.74
-0.91,-10.99,-1.19,31.73
-1.52,-6.02,-4.57,31.71
-1.0,-8.47,-3.71,31.78
0.43,-12.9,-0.72,31.74
-0.18,-10.69,-1.86,31.72
0.79,-7.49,-4.35,31.73
1.5,-6.54,-5.99,31.74
-1.66,-6.77,-2.61,31.75
-0.31,-12.18,-1.13,31.74
0.14,-10.9,-1.88,31.73
-0.78,-7.05,-2.17,31.66
-0.43,-7.43,-5.39,31.76
-2.23,-6.46,-2.0,31.74
-0.2,-12.51,-0.89,31.75
-2.57,-11.37,-2.0,31.78
-2.21,-6.45,-2.73,31.68
0.01,-6.58,-6.62,31.69
-0.95,-8.35,-2.96,31.72
-0.1,-12.22,-1.07,31.74
-2.33,-9.46,-2.42,31.74
0.65,-11.39,-1.64,31.68
-1.69,-11.83,-0.27,31.71
-1.1,-8.88,-5.41,31.76
-1.6,-8.21,-5.39,31.71
-1.44,-8.99,-3.57,31.72
-2.24,-10.12,-1.88,31.71
-2.05,-12.14,-1.17,31.72
-2.11,-8.49,-5.21,31.72
-4.32,-6.41,-6.78,31.76
-0.67,-9.15,-4.25,31.72
1.8,-12.03,-0.94,31.71
-1.17,-11.28,-1.54,31.73
-3.18,-8.43,-4.89,31.75
-2.13,-6.44,-8.03,31.72
-0.81,-10.22,-4.49,31.7
-1.97,-10.87,-1.21,31.72
-2.96,-11.17,-1.35,31.7
-3.6,-8.14,-5.09,31.72
-2.94,-6.63,-7.21,31.73
-1.25,-5.56,-6.8,31.73
-2.75,-6.76,-4.26,31.77
-2.27,-10.18,-1.77,31.71
-1.95,-12.0,-1.98,31.78
-1.8,-8.22,-2.4,31.69
-2.57,-5.57,-7.5,31.72
-3.19,-7.22,-2.9,31.72
-0.36,-12.11,-1.67,31.71
-0.33,-11.71,-1.95,31.75
-2.88,-6.69,-3.77,31.7
-1.41,-6.11,-5.75,31.75
-1.88,-9.0,-4.0,31.71
-1.81,-11.2,-1.88,31.69
0.75,-11.88,-2.14,31.7
-0.55,-8.86,-4.22,31.68
-1.51,-5.43,-5.74,31.72
-0.48,-5.75,-7.32,31.73
0.22,-11.66,-2.26,31.72
-1.05,-10.4,-2.01,31.74
-0.23,-9.38,-3.06,31.73
1.19,-5.45,-7.22,31.72
-0.64,-5.18,-5.62,31.68
-2.18,-10.37,-1.45,31.7
1.05,-12.99,-2.29,31.7
-0.86,-8.39,-2.39,31.72
-0.17,-6.33,-4.41,31.73
-0.42,-6.5,-5.71,31.68
-1.2,-9.72,-0.99,31.72
-0.92,-12.24,-1.25,31.71
-0.76,-9.25,-2.66,31.74
-1.03,-5.32,-5.89,31.74
-2.11,-6.27,-4.34,31.67
-1.73,-10.31,-1.36,31.7
0.81,-12.74,-1.66,31.7
-0.84,-9.68,-3.79,31.74
-0.54,-6.26,-5.3,31.66
0.83,-5.96,-5.39,31.7
-2.8,-11.25,-0.56,31.7
-0.29,-12.94,-0.92,31.7
-1.02,-11.67,-3.02,31.7
-1.16,-10.46,-1.87,31.72
-3.0,-12.33,-1.21,31.76
-2.09,-9.02,-5.31,31.7
-3.67,-6.82,-7.43,31.73
-1.63,-9.9,-3.82,31.67
0.51,-10.07,-2.51,31.66
-2.24,-10.67,-1.93,31.68
-2.55,-8.1,-4.9,31.74
-3.16,-6.42,-7.58,31.74
-1.87,-8.75,-3.38,31.75
-0.5,-11.43,-3.45,31.78
-2.6,-10.79,-0.63,31.73
-0.94,-8.36,-4.55,31.74
-2.2,-6.8,-8.56,31.7
-2.38,-9.21,-3.16,31.71
-0.56,-11.68,-1.54,31.71
-0.48,-11.69,0.34,31.73
-0.87,-6.85,-5.89,31.72
-1.65,-5.86,-5.97,31.7
-2.83,-9.12,-2.16,31.72
1.09,-12.03,-0.58,31.69
-0.63,-10.41,-1.1,31.69
-1.58,-5.75,-4.95,31.71
-2.47,-6.18,-6.11,31.72
-1.22,-8.93,-2.14,31.68
0.45,-12.52,-1.61,31.71
-2.04,-9.11,-1.09,31.7
-2.03,-5.74,-4.5,31.7
-2.93,-7.17,-6.3,31.7
-1.44,-9.07,-1.49,31.71
0.5,-12.57,-2.16,31.71
-0.28,-8.03,-1.72,31.71
-0.11,-7.15,-4.99,31.72
-2.6,-6.24,-4.77,31.72
-2.27,-10.66,-0.55,31.69
0.88,-12.62,-2.39,31.74
-2.67,-9.97,-3.35,31.76
-1.82,-6.78,-4.48,31.72
-2.13,-6.5,-5.83,31.72
-2.1,-9.66,-1.79,31.73
-0.78,-11.59,-1.76,31.75
-1.32,-10.02,-1.47,31.72
-2.45,-6.26,-3.85,31.74
0.72,-5.98,-6.21,31.73
-1.28,-9.66,-2.99,31.74
-2.01,-11.92,-0.45,31.74
-0.63,-9.25,-3.6,31.71
-0.45,-7.08,-4.3,31.69
-1.11,-5.43,-5.45,31.71
-1.56,-9.58,-2.71,31.71
0.01,-12.92,-1.88,31.73
-0.84,-9.85,-2.17,31.68
-1.3,-6.54,-5.94,31.72
-0.69,-5.6,-5.12,31.69
-2.09,-10.22,-1.5,31.74
-0.72,-12.28,-0.94,31.74
0.66,-11.23,-2.12,31.69
-0.59,-6.26,-4.4,31.74
-1.02,-4.92,-4.97,31.73
-2.95,-10.98,-1.68,31.73
-0.36,-12.59,-0.67,31.74
0.03,-10.58,-3.55,31.71
-0.49,-6.15,-3.78,31.71
-0.56,-7.36,-5.34,31.74
-1.19,-10.71,-0.68,31.68
-0.1,-12.54,-0.51,31.7
-0.82,-10.16,-2.9,31.71
-2.15,-6.36,-3.69,31.71
-0.4,-5.8,-5.15,31.7
0.66,-9.76,-3.93,31.67
-0.34,-11.62,-0.63,31.73
-3.27,-10.01,-1.92,31.67
-0.09,-8.77,-4.66,31.7
0.16,-5.48,-7.29,31.69
-1.9,-6.69,-3.25,31.73
-1.85,-9.72,-2.57,31.69
-2.19,-7.26,-2.77,31.7
-0.4,-6.03,-6.7,31.69
-2.37,-6.23,-5.21,31.69
-1.49,-10.34,-0.53,31.69
1.26,-11.51,-2.34,31.69
0.06,-7.91,-2.85,31.74
-0.73,-4.83,-5.86,31.71
-2.56,-8.28,-4.24,31.68
0.06,-11.77,-1.31,31.73
-1.16,-11.12,-2.19,31.71
-0.59,-8.03,-4.09,31.7
-1.32,-6.36,-5.66,31.72
-2.54,-6.83,-2.11,31.7
-0.31,-13.06,-1.17,31.68
-2.19,-11.68,-1.91,31.74
-1.18,-8.08,-4.34,31.69
0.57,-6.02,-6.64,31.72
-1.15,-7.37,-3.02,31.72
0.02,-12.66,-1.76,31.71
0.54,-10.41,-2.76,31.73
-0.03,-7.76,-3.39,31.71
0.13,-6.41,-5.74,31.68
-0.19,-9.49,-1.84,31.71
0.25,-11.2,-3.01,31.69
-0.91,-10.34,-1.75,31.71
-1.4,-8.38,-3.34,31.68
-0.43,-6.47,-6.65,31.69
-3.08,-9.42,-1.44,31.72
-0.15,-11.96,-1.49,31.74
-0.41,-11.5,-3.34,31.69
-2.85,-4.13,-5.09,31.68
0.95,-7.64,-6.38,31.72
-0.19,-9.74,-2.1,31.71
0.93,-13.25,0.09,31.65
0.22,-10.39,-3.37,31.69
0.33,-6.96,-4.45,31.75
0.58,-7.29,-4.87,31.7
-4.06,-8.27,-2.74,31.65
-0.28,-11.21,-5.57,31.71
-1.72,-10.98,-0.57,31.67
-4.37,-9.85,-3.07,31.71
-3.49,-6.09,-8.4,31.75
-4.0,-8.09,-6.63,31.7
-2.26,-9.88,-3.76,31.71
-1.48,-12.19,-1.05,31.68
-1.72,-9.4,-3.21,31.73
-3.91,-5.33,-7.03,31.68
-4.04,-7.21,-4.15,31.76
1.1,-12.25,-3.07,31.7
0.21,-10.82,-0.9,31.69
-2.55,-8.06,-2.69,31.72
-0.7,-6.87,-6.14,31.71
-3.29,-7.69,-4.37,31.69
-2.87,-10.1,-1.24,31.69
2.8,-11.42,-1.34,31.68
-1.77,-8.98,-1.35,31.68
-2.21,-5.31,-5.79,31.71
-1.61,-8.42,-4.87,31.72
0.27,-10.8,-1.07,31.69
-0.15,-11.56,-1.56,31.68
-2.43,-7.89,-2.46,31.69
0.28,-7.21,-7.15,31.7
-1.08,-8.14,-4.52,31.71
-1.65,-11.19,-0.79,31.69
1.31,-10.49,-3.56,31.74
-1.85,-8.5,-2.8,31.69
-2.06,-5.27,-6.27,31.74
-1.14,-7.97,-5.56,31.69
-0.12,-11.7,-2.04,31.68
-0.91,-10.47,-0.65,31.7
-2.02,-7.97,-3.06,31.7
-0.55,-5.96,-6.31,31.71
-2.49,-7.28,-4.05,31.69
-3.2,-11.77,-0.25,31.7
2.62,-11.53,-2.13,31.7
-2.38,-8.91,-2.81,31.71
-1.48,-12.0,-0.5,31.74
-0.61,-10.18,-2.87,31.71
0.09,-7.85,-4.45,31.71
-1.22,-5.9,-5.1,31.73
-0.32,-11.36,-1.05,31.69
0.87,-12.99,-0.72,31.7
1.16,-10.86,-3.89,31.7
0.01,-5.5,-6.55,31.69
0.74,-6.52,-5.59,31.71
-0.46,-8.74,-1.57,31.71
-0.03,-12.2,-1.15,31.72
-0.04,-12.09,-1.8,31.7
0.75,-7.13,-4.35,31.67
-0.21,-8.01,-5.23,31.69
0.87,-7.19,-2.32,31.7
0.0,-12.39,-0.73,31.67
-1.27,-11.26,-2.63,31.67
-0.1,-8.97,-4.35,31.68
2.09,-7.48,-5.1,31.69
-1.7,-8.31,-5.03,31.73
-2.1,-8.18,-5.83,31.7
-1.56,-7.87,-4.55,31.7
1.71,-9.93,-2.96,31.72
0.12,-10.97,-0.76,31.69
-3.1,-11.34,-1.27,31.7
-2.12,-9.56,-5.07,31.7
-0.98,-7.96,-6.31,31.72
0.64,-8.9,-3.12,31.69
0.1,-12.84,-1.36,31.64
-1.66,-11.15,-0.86,31.75
-1.25,-9.15,-7.25,31.7
-2.61,-6.81,-5.86,31.68
-1.01,-9.24,-2.76,31.7
-0.05,-12.79,-2.06,31.72
-2.05,-11.67,-2.03,31.72
-3.17,-6.83,-6.95,31.71
-3.17,-8.13,-7.29,31.69
-1.05,-9.03,-5.94,31.74
-3.65,-6.54,-6.22,31.69
-5.45,-8.15,-3.78,31.71
-1.65,-11.05,-1.43,31.69
0.38,-11.69,-3.06,31.68
-1.41,-8.28,-2.24,31.7
-3.45,-6.54,-6.56,31.7
-3.68,-6.97,-6.35,31.73
-0.27,-11.94,-2.66,31.7
-0.13,-11.77,-1.34,31.74
-0.94,-8.24,-2.04,31.72
-0.69,-6.75,-6.66,31.65
-1.87,-6.95,-4.29,31.64
-0.55,-11.14,-1.53,31.68
1.07,-10.96,-1.81,31.68
-0.5,-7.77,-2.76,31.66
-1.68,-5.03,-4.97,31.68
-1.86,-7.91,-4.02,31.7
-2.59,-10.0,-0.57,31.67
0.92,-10.43,-0.9,31.72
-0.68,-8.32,-2.12,31.67
-1.21,-5.67,-5.42,31.72
-1.53,-7.53,-3.26,31.66
0.94,-13.35,-1.15,31.72
-0.1,-9.91,-2.53,31.73
-2.85,-7.79,-1.26,31.71
-0.25,-5.88,-5.79,31.69
-0.9,-8.18,-4.45,31.74
-1.06,-11.77,0.05,31.72
1.14,-10.91,-3.79,31.68
-0.61,-8.43,-3.94,31.73
-0.12,-6.57,-4.82,31.68
-1.77,-7.26,-5.32,31.69
0.37,-11.29,-1.4,31.69
-0.25,-10.64,-2.16,31.7
-2.4,-7.46,-3.42,31.72
-0.7,-5.93,-6.24,31.68
-1.19,-6.93,-3.49,31.71
-1.66,-10.93,-0.55,31.66
0.14,-10.51,-2.22,31.72
-3.29,-10.49,-3.42,31.68
-2.89,-4.88,-6.5,31.73
-3.06,-8.12,-5.49,31.72
-0.53,-10.81,-2.54,31.73
-1.03,-10.68,-0.94,31.72
-2.88,-9.85,-3.21,31.74
-1.28,-5.49,-5.81,31.73
-3.7,-7.02,-5.88,31.71
-2.63,-11.25,-1.09,31.76
0.4,-11.48,-1.72,31.7
-2.1,-9.88,-3.23,31.7
-2.1,-5.12,-6.4,31.66
-3.57,-6.61,-5.92,31.73
-2.64,-10.18,-1.63,31.73
-1.96,-11.43,-1.28,31.69
-1.82,-8.29,-2.38,31.67
-0.8,-4.69,-5.68,31.71
-4.24,-6.43,-5.04,31.74
-1.77,-11.26,-1.37,31.71
-3.29,-8.71,-2.03,31.71
-2.37,-7.73,-6.45,31.7
-3.14,-6.14,-7.56,31.71
-1.63,-8.76,-4.04,31.69
1.83,-10.92,-2.89,31.72
-0.78,-10.49,-2.86,31.69
-2.93,-8.15,-4.3,31.7
-2.11,-7.58,-7.75,31.72
-1.4,-8.94,-3.81,31.68
-0.01,-10.31,-2.41,31.71
-0.98,-11.6,-0.5,31.73
-2.92,-7.97,-4.68,31.72
-3.77,-5.9,-6.59,31.7
-2.57,-9.05,-3.06,31.69
0.66,-12.16,-1.97,31.72
-1.22,-10.71,-1.31,31.76
-2.65,-7.87,-3.92,31.76
-3.03,-7.6,-6.85,31.67
-1.11,-8.51,-3.44,31.69
0.56,-5.41,-6.36,31.72
-0.31,-8.67,-1.73,31.71
-0.48,-12.61,0.15,31.75
-2.32,-10.56,-1.33,31.72
-1.15,-8.6,-5.0,31.7
1.07,-6.17,-5.77,31.73
-0.52,-8.56,0.24,31.68
-1.06,-12.52,-0.16,31.72
-2.26,-9.64,-1.96,31.73
-1.36,-7.46,-3.97,31.74
0.82,-5.9,-4.27,31.69
-1.18,-9.57,-0.77,31.71
-1.43,-12.57,-0.08,31.73
-0.87,-9.95,-2.7,31.72
-0.79,-7.9,-5.45,31.72
-0.15,-5.89,-4.34,31.7
-2.54,-10.64,-0.06,31.73
-0.66,-11.84,-0.62,31.71
-0.23,-10.99,-4.64,31.72
-1.84,-6.7,-4.81,31.69
-1.27,-6.0,-4.98,31.69
-0.32,-9.81,-2.17,31.69
-2.28,-11.88,-0.21,31.72
-1.22,-10.99,-3.67,31.66
-1.16,-7.95,-5.84,31.69
-0.47,-8.27,-4.75,31.71
1.35,-10.48,-3.62,31.68
-1.41,-12.15,-1.29,31.69
-2.44,-9.79,-3.98,31.67
-2.41,-7.53,-6.37,31.7
-0.28,-8.24,-6.58,31.69
0.36,-9.73,-2.45,31.65
-2.03,-11.69,-0.66,31.69
-0.8,-11.36,-4.66,31.69
-2.48,-6.58,-7.35,31.67
-1.36,-8.0,-6.05,31.72
1.6,-10.29,-2.74,31.7
-1.41,-11.78,-0.83,31.69
-2.59,-10.07,-4.29,31.68
-2.47,-7.87,-6.37,31.67
0.2,-9.17,-5.21,31.67
1.61,-10.35,-3.56,31.66
0.0,-12.14,-1.12,31.68
-1.78,-10.31,-4.35,31.72
-2.35,-7.64,-7.52,31.69
-1.28,-9.22,-4.67,31.74
-0.27,-10.71,-2.86,31.68
-0.94,-12.48,-1.97,31.73
-1.44,-9.94,-4.98,31.68
-3.19,-7.68,-6.79,31.7
-0.35,-9.07,-5.29,31.65
0.52,-10.54,-2.57,31.68
-1.2,-11.81,-1.0,31.67
-1.51,-9.88,-4.77,31.69
-2.65,-7.31,-7.67,31.7
-1.4,-9.39,-4.3,31.69
-0.18,-10.05,-1.69,31.68
-0.9,-12.0,-1.11,31.69
-2.48,-8.57,-3.62,31.71
-1.64,-7.67,-7.32,31.67
-0.62,-9.92,-4.87,31.73
-0.4,-9.4,-0.93,31.7
-0.45,-11.49,-1.17,31.71
-1.72,-7.91,-3.98,31.67
-4.04,-6.73,-5.92,31.68
-2.4,-9.14,-2.7,31.69
0.81,-10.51,-1.58,31.67
-3.2,-10.33,-1.55,31.69
-3.24,-7.86,-3.52,31.68
-1.64,-6.58,-7.13,31.65
-2.64,-9.01,-3.08,31.66
-0.87,-10.53,-1.12,31.67
-1.57,-10.88,-0.38,31.68
-2.1,-9.04,-2.87,31.64
-3.67,-5.96,-7.47,31.64
-3.42,-8.29,-3.13,31.68
-1.7,-4.96,-7.32,31.67
-1.93,-6.23,-7.2,31.69
-3.16,-8.47,-2.69,31.72
0.72,-11.6,-1.42,31.7
-0.25,-10.31,-2.02,31.72
-3.39,-6.78,-3.6,31.7
-3.13,-6.05,-7.86,31.71
-2.7,-9.42,-3.62,31.68
0.22,-11.95,-2.33,31.69
-1.25,-10.94,-2.28,31.71
-3.39,-6.11,-3.56,31.69
-2.89,-6.3,-7.43,31.67
-1.65,-10.35,-2.22,31.69
-1.33,-11.38,-3.19,31.73
-1.95,-8.7,-0.89,31.66
0.02,-9.36,-3.46,31.73
-1.82,-6.28,-6.75,31.65
-5.11,-8.91,-2.32,31.68
0.98,-11.29,-2.01,31.68
-1.35,-8.75,-1.18,31.72
-0.36,-12.18,-0.32,31.72
-1.37,-10.86,-0.96,31.72
-0.32,-8.25,-1.98,31.7
-0.94,-5.15,-5.46,31.71
-0.53,-6.05,-3.84,31.71
-0.82,-11.89,-0.78,31.73
-1.66,-10.69,-1.26,31.68
0.52,-8.67,-3.34,31.67
0.21,-5.98,-5.19,31.67
-0.65,-6.96,-4.13,31.71
-0.26,-11.08,-0.02,31.71
-1.61,-11.19,-0.82,31.77
1.17,-9.28,-2.36,31.69
0.31,-6.66,-4.48,31.74
-0.34,-6.28,-2.8,31.72
-0.78,-11.15,-0.31,31.71
-0.7,-11.86,-0.37,31.71
-1.31,-9.14,-3.12,31.65
-0.98,-10.86,-2.22,31.74
-1.45,-9.23,-5.07,31.74
-2.49,-7.36,-7.74,31.69
-2.73,-8.3,-4.94,31.64
-0.83,-11.5,-4.11,31.68
-1.7,-12.06,-0.5,31.72
-2.48,-9.45,-4.34,31.68
-0.97,-6.77,-7.88,31.69
-1.2,-9.94,-6.16,31.69
0.56,-11.2,-1.15,31.71
-1.24,-11.56,-1.61,31.7
-0.32,-9.05,-4.21,31.7
-2.29,-6.23,-6.76,31.72
-2.62,-8.87,-4.77,31.71
1.05,-10.93,-1.49,31.69
-0.37,-10.64,-2.2,31.66
-2.47,-6.77,-3.56,31.67
-4.68,-4.52,-6.74,31.68
-2.69,-8.02,-5.4,31.71
0.63,-8.87,-3.76,31.68
0.57,-8.77,-1.09,31.69
-0.87,-13.67,-0.68,31.69
-1.3,-8.41,-3.23,31.71
-2.85,-7.64,-4.14,31.68
1.56,-6.74,-4.83,31.67
0.07,-9.52,-1.58,31.7
-1.42,-12.32,0.17,31.69
-0.75,-10.04,-3.68,31.72
-0.96,-6.81,-3.2,31.69
-0.21,-5.87,-5.46,31.71
0.33,-9.52,-1.71,31.67
0.75,-12.56,0.29,31.72
-1.18,-11.05,-3.49,31.68
-2.08,-7.68,-5.35,31.67
0.29,-6.76,-4.34,31.65
0.13,-10.12,-0.58,31.68
0.24,-12.62,-0.39,31.69
-2.36,-9.08,-2.66,31.67
-1.36,-6.27,-4.03,31.69
-0.69,-8.48,-5.08,31.71
-1.36,-11.21,-1.6,31.72
-0.43,-11.44,-0.37,31.71
-1.0,-9.89,-4.74,31.64
-1.7,-7.56,-4.39,31.69
-0.36,-7.84,-4.2,31.69
0.4,-12.62,-1.26,31.66
-0.91,-11.89,-1.64,31.71
-2.56,-9.82,-5.0,31.68
-1.34,-7.57,-7.56,31.72
-0.47,-7.15,-4.1,31.7
-0.37,-12.33,-0.91,31.67
-0.25,-12.27,-3.74,31.65
-2.7,-9.48,-4.09,31.66
-1.42,-6.5,-6.52,31.71
0.88,-7.55,-5.22,31.67
-0.47,-11.97,-0.94,31.69
-0.89,-13.0,-2.57,31.67
0.05,-7.25,-3.18,31.66
-1.41,-4.87,-5.2,31.7
-0.93,-6.98,-4.42,31.68
-0.72,-12.0,-0.61,31.69
0.6,-9.8,-4.13,31.68
-0.33,-7.9,-2.84,31.7
-1.1,-5.34,-5.28,31.67
-2.91,-7.81,-5.2,31.69
-0.02,-11.11,-1.03,31.69
0.31,-12.54,-2.34,31.69
-1.87,-8.46,-2.12,31.71
-2.13,-4.64,-5.77,31.72
-2.51,-6.85,-4.91,31.71
-1.4,-11.2,-0.97,31.72
-2.44,-10.56,-1.64,31.68
-1.72,-7.88,-3.71,31.66
0.72,-6.54,-6.92,31.7
-2.47,-6.62,-2.66,31.72
-1.01,-13.05,-0.62,31.64
-2.64,-9.33,-5.13,31.68
0.44,-8.96,-3.97,31.68
0.58,-11.71,-1.45,31.67
-2.24,-11.24,-1.12,31.65
-2.04,-11.03,-3.81,31.69
-2.88,-9.26,-5.24,31.71
-0.49,-7.88,-5.26,31.65
-0.01,-10.65,-3.17,31.65
-1.92,-11.02,-1.15,31.68
-3.07,-9.28,-4.22,31.69
-3.26,-7.77,-6.95,31.67
0.18,-6.84,-5.62,31.67
-1.24,-9.67,-2.27,31.66
-2.17,-11.38,-1.44,31.7
-2.65,-9.14,-5.89,31.71
-3.47,-6.31,-7.43,31.67
-0.09,-9.04,-6.55,31.68
-1.04,-9.58,-3.37,31.67
-0.38,-10.88,-0.86,31.66
-0.23,-9.82,-7.45,31.72
-4.86,-5.19,-6.83,31.67
-1.3,-9.23,-4.33,31.65
-0.71,-10.54,-1.46,31.69
-1.69,-11.33,-2.1,31.69
-2.41,-10.03,-5.31,31.66
-3.19,-7.75,-6.68,31.66
-0.86,-9.72,-5.3,31.65
-2.51,-10.52,-1.86,31.69
-1.24,-11.8,-1.74,31.65
-3.28,-9.99,-7.0,31.67
-3.73,-6.45,-6.78,31.66
-1.96,-9.93,-5.17,31.67
-1.45,-10.9,-2.66,31.68
0.14,-8.82,-1.37,31.65
-5.73,-12.73,-5.28,31.7
0.17,-3.61,-3.9,31.61
2.53,-10.14,-8.03,31.67
-3.15,-10.08,-3.12,31.64
-0.67,-10.51,-1.45,31.71
1.4,-11.75,-2.54,31.65
-5.41,-8.22,-0.24,31.66
-3.0,-9.21,-5.57,31.64
-0.62,-7.68,-7.71,31.64
-1.64,-6.77,-3.03,31.67
-1.13,-11.44,-3.04,31.67
-1.41,-8.81,0.54,31.63
-1.35,-7.68,-2.9,31.71
-1.7,-5.72,-8.02,31.67
-0.56,-8.25,-6.04,31.67
1.9,-12.05,-1.95,31.69
-0.61,-8.99,-0.63,31.7
-1.07,-5.51,-4.75,31.7
-1.31,-4.98,-7.21,31.62
-2.62,-8.64,-3.62,31.63
-1.05,-12.37,-2.28,31.68
-2.11,-7.69,-3.0,31.66
-3.37,-8.2,-6.01,31.64
-4.77,-5.92,-3.98,31.66
-2.09,-5.44,-4.53,31.68
-6.0,-8.33,-5.15,31.68
-1.48,-11.32,-2.69,31.67
0.43,-11.31,1.1,31.66
3.81,-8.43,-2.53,31.69
5.69,-6.85,-5.52,31.67
2.32,-6.12,-6.42,31.68
2.36,-9.5,-2.83,31.62
0.67,-10.41,-1.56,31.68
-0.11,-7.47,-3.02,31.65
-1.92,-5.4,-4.51,31.7
-3.54,-5.04,-2.75,31.7
-3.97,-13.75,-2.15,31.68
-4.47,-9.5,-0.25,31.68
-2.03,-7.99,-4.58,31.63
-2.91,-6.82,-5.33,31.66
-2.67,-7.97,-4.63,31.68
-2.24,-11.74,-1.25,31.69
1.6,-11.19,-0.53,31.68
2.44,-13.06,-2.32,31.65
5.25,-6.35,-5.77,31.69
5.81,-9.17,-5.19,31.66
2.7,-12.71,-3.05,31.65
1.29,-11.14,-0.2,31.63
-2.47,-8.89,-6.02,31.68
-2.66,-1.13,-8.79,31.67
-4.69,-10.59,-3.43,31.67
-6.12,-9.56,-2.15,31.68
-1.86,-11.53,-5.11,31.66
-3.81,-4.3,-4.47,31.67
-5.59,-7.65,-5.89,31.68
-3.08,-9.77,-7.54,31.68
1.72,-12.61,-1.61,31.66
0.74,-13.15,-0.74,31.7
2.14,-9.4,-2.51,31.67
1.89,-8.82,-5.38,31.69
2.18,-6.85,-5.69,31.67
-0.78,-12.91,-2.04,31.65
-4.32,-5.36,-4.64,31.68
-0.9,-9.89,-6.05,31.65
-0.33,-10.41,-2.83,31.71
-0.0,-11.55,-0.11,31.68
-0.05,-12.04,-4.41,31.67
0.61,-8.71,-4.27,31.66
2.31,-7.75,-6.85,31.68
4.9,-9.39,-4.24,31.65
2.22,-12.47,-1.67,31.65
-1.48,-12.61,-1.34,31.68
-1.94,-8.32,-5.52,31.67
-1.81,-4.85,-5.65,31.69
-3.56,-11.64,-2.55,31.65
-4.57,-10.45,-1.55,31.65
-3.49,-11.43,-2.91,31.62
-4.45,-9.52,-6.22,31.64
-1.33,-8.5,-5.45,31.66
1.98,-11.51,-4.67,31.66
2.48,-11.99,-0.11,31.65
0.96,-11.52,1.29,31.68
-2.61,-8.48,-3.77,31.67
-1.07,-6.46,-4.7,31.67
-0.82,-10.25,-3.83,31.66
0.59,-12.0,-1.02,31.72
-3.22,-8.98,-2.28,31.67
-7.69,-7.89,-5.26,31.71
-2.67,-8.43,-5.55,31.63
3.18,-9.43,-3.59,31.67
-2.24,-13.61,-2.51,31.72
-1.06,-8.26,-1.03,31.66
-0.06,-10.28,-4.67,31.65
1.02,-8.82,-6.61,31.66
5.85,-9.37,-4.68,31.69
-0.66,-10.61,-0.28,31.65
-1.59,-11.22,-2.35,31.64
-0.25,-8.83,-4.68,31.63
-4.5,-4.55,-4.78,31.62
-4.0,-10.84,-5.94,31.68
-6.04,-10.4,-2.85,31.62
0.34,-11.7,-3.49,31.66
-7.84,-5.79,-3.95,31.64
-4.02,-11.29,-5.86,31.66
-2.58,-11.2,-7.18,31.69
4.41,-7.72,-0.57,31.67
2.94,-13.35,-3.24,31.64
1.41,-12.05,-2.19,31.66
3.28,-6.98,-0.27,31.65
5.87,-13.11,-5.73,31.65
5.64,-8.02,-5.66,31.68
1.39,-11.1,-1.87,31.67
-5.13,-12.59,-9.98,31.69
-7.77,-8.09,-3.59,31.66
-10.56,-0.95,-3.41,31.67
-0.57,-11.99,-4.74,31.67
-3.86,-10.44,-1.62,31.64
-5.5,-10.99,-2.09,31.65
-7.35,-5.7,-4.94,31.65
0.68,-7.35,-4.13,31.64
1.71,-11.04,-7.52,31.68
1.32,-9.04,-2.11,31.71
4.67,-14.54,-2.08,31.66
-0.48,-5.93,-2.98,31.69
1.38,-9.33,-5.17,31.69
-3.78,-6.31,-4.59,31.64
-7.08,-8.31,-2.92,31.67
-2.84,-10.73,-4.58,31.65
-3.21,-10.34,-1.68,31.67
-1.04,-10.14,-0.86,31.66
-3.86,-6.54,-5.54,31.7
-7.03,-8.5,-5.68,31.68
0.24,-12.21,-4.03,31.64
-0.51,-9.23,-0.54,31.67
-0.65,-10.9,0.96,31.67
1.09,-8.75,-4.1,31.66
-2.08,-6.62,-6.38,31.7
3.42,-10.74,-4.58,31.65
1.05,-11.77,-2.02,31.7
-5.74,-11.07,-1.94,31.68
-7.26,-2.55,-6.74,31.66
-3.09,-9.36,-6.98,31.71
-5.46,-13.13,-5.55,31.66
-4.16,-8.39,-0.45,31.68
-2.69,-8.09,-1.06,31.69
-3.76,-4.72,-3.39,31.68
-6.17,-3.36,-7.09,31.7
-5.2,-11.55,-5.81,31.68
-3.39,-6.52,0.23,31.7
-4.37,-14.36,-5.42,31.65
-3.59,-6.92,-4.3,31.64
-5.8,-8.92,-7.22,31.64
-2.11,-15.51,-6.42,31.66
1.8,-10.35,-1.94,31.72
5.64,-9.18,1.97,31.65
2.42,-7.88,-5.36,31.63
-2.54,-6.79,-5.5,31.69
-1.06,-10.59,-5.26,31.7
-0.08,-11.6,-3.56,31.65
-9.22,-7.01,-2.22,31.67
-6.21,-2.52,-3.21,31.67
-4.08,-10.73,-2.03,31.69
-4.91,-13.1,-3.11,31.66
4.8,-12.0,-0.83,31.62
3.47,-10.87,-3.68,31.65
4.25,-9.49,-6.94,31.62
4.17,-11.36,-3.17,31.67
0.98,-13.52,-3.12,31.65
-0.65,-11.26,-1.21,31.64
2.8,-7.99,-4.72,31.64
-6.2,-8.12,-5.95,31.66
-4.19,-12.75,-3.03,31.67
-6.13,-7.36,-2.3,31.64
1.77,-12.12,-8.9,31.65
-1.53,-5.5,-4.29,31.64
-6.25,-9.16,-5.9,31.67
0.15,-14.39,-6.18,31.66
3.35,-11.6,0.63,31.64
3.47,-11.07,0.18,31.63
3.05,-10.59,-3.23,31.69
5.15,-9.5,-5.84,31.69
1.69,-6.08,-3.96,31.65
-1.26,-7.98,-5.57,31.67
-6.01,-9.83,-6.16,31.69
-2.64,-8.53,-1.86,31.65
-0.65,-11.96,-3.22,31.68
-0.45,-11.89,-0.83,31.64
2.56,-10.59,-2.24,31.64
0.07,-6.51,-5.28,31.67
3.46,-11.57,-5.59,31.64
1.51,-8.05,-2.89,31.66
1.0,-12.92,-3.39,31.7
-0.33,-6.26,-4.47,31.68
-2.51,-4.87,-4.57,31.67
-9.76,-15.19,-4.58,31.65
-5.52,-7.59,-1.32,31.7
-2.12,-9.31,-3.19,31.67
-0.71,-7.77,-3.79,31.67
-6.48,-6.27,-4.62,31.63
-7.0,-11.31,-5.25,31.64
-2.34,-11.3,-3.89,31.68
-1.9,-12.49,-0.47,31.62
-1.9,-3.32,-5.13,31.64
-3.98,-7.78,-6.32,31.67
-8.84,-1.26,-5.48,31.67
-0.93,-9.77,-0.23,31.68
-2.59,-12.8,-0.64,31.68
-2.99,-6.77,-1.07,31.66
-3.14,-9.97,-5.28,31.69
3.04,-5.03,-4.5,31.66
-1.5,-10.45,-4.23,31.68
2.91,-10.18,-2.54,31.65
5.52,-14.27,-3.7,31.68
-0.1,-7.32,-3.31,31.64
1.56,-4.7,-5.91,31.66
-2.59,-5.42,-1.73,31.68
-6.61,-13.82,-4.11,31.69
-1.97,-8.74,-1.54,31.67
-4.44,-5.9,-4.74,31.67
-2.5,-4.14,-3.61,31.68
-5.31,-8.43,-3.36,31.69
-2.0,-11.55,-4.9,31.67
2.01,-11.67,-4.6,31.67
7.17,-11.67,0.01,31.67
3.93,-11.52,0.71,31.61
-1.53,-6.19,-2.88,31.66
5.6,-13.42,-7.73,31.63
2.19,-7.74,-3.15,31.64
-1.48,-11.5,0.68,31.68
-5.29,-9.05,-3.81,31.6
-8.32,0.32,-7.83,31.66
-5.19,-12.12,-6.19,31.63
-3.87,-7.13,-0.54,31.66
1.64,-12.59,-1.17,31.62
-2.36,-12.84,-0.66,31.64
-7.3,-6.14,-6.58,31.68
-4.58,-12.21,-6.26,31.68
1.66,-12.75,-4.25,31.63
5.13,-13.79,-0.1,31.62
2.19,-6.36,0.35,31.67
2.51,-13.13,-7.59,31.66
3.55,-9.49,-5.46,31.69
2.52,-11.0,-4.91,31.68
11.54,-9.36,1.22,31.64
-11.64,-12.55,-7.19,31.69
-3.43,-4.89,-3.43,31.68
0.92,-8.83,-1.81,31.69
-13.02,-9.36,-5.52,31.65
3.2,-7.51,-2.52,31.61
-8.11,-16.64,-4.02,31.64
-8.47,-3.01,-3.66,31.68
-9.49,-13.58,-4.58,31.69
0.78,-8.07,-1.66,31.64
3.03,-14.23,-2.05,31.64
1.74,-8.21,-2.83,31.65
8.03,-6.08,-4.89,31.67
-0.1,-7.2,-2.89,31.67
-1.31,-13.79,-3.39,31.68
1.3,-12.77,-1.22,31.65
-1.71,-8.17,-2.05,31.63
-2.75,-12.67,-6.12,31.64
0.17,-10.61,-6.29,31.67
7.25,-7.71,-7.86,31.66
6.19,-8.32,-4.07,31.68
6.27,-12.15,-1.07,31.64
4.07,-7.9,-0.48,31.68
5.96,-11.37,-6.6,31.65
5.78,-2.84,-5.95,31.6
-9.91,-13.56,-3.74,31.64
-13.01,-1.19,3.7,31.66
-4.17,-10.79,-5.23,31.69
-7.92,-7.71,-8.02,31.67
-5.94,-8.03,-2.97,31.68
-3.31,-13.47,-4.81,31.64
-1.16,-10.73,1.64,31.66
-5.89,-10.91,-3.35,31.6
3.99,-8.6,-0.64,31.66
3.93,-9.91,-3.88,31.64
3.59,-8.01,-5.01,31.68
0.1,-8.35,-1.85,31.69
4.04,-9.11,-8.44,31.65
-2.05,-6.91,-3.22,31.64
-1.43,-10.75,-2.67,31.66
-2.55,-9.5,-1.98,31.65
-11.03,-3.9,-7.96,31.61
-8.64,-7.84,-7.06,31.67
-0.62,-10.51,-3.67,31.67
-0.8,-10.51,-2.7,31.64
-5.37,-11.39,0.73,31.64
-3.65,-8.2,-5.48,31.64
-5.22,-13.23,-5.91,31.67
-0.75,-7.68,-3.16,31.62
3.67,-11.05,-2.98,31.62
3.22,-12.79,-2.31,31.61
0.0,-10.0,-4.1,31.68
1.18,-9.89,-5.3,31.67
4.51,-10.97,-6.6,31.68
0.54,-8.45,-2.63,31.64
2.28,-7.07,-4.35,31.64
-2.16,-8.77,-4.09,31.65
-2.42,-10.65,-0.17,31.65
-0.42,-15.18,-2.95,31.67
-1.03,-8.69,0.1,31.65
-0.25,-7.58,-4.24,31.67
5.79,-5.97,-5.53,31.64
4.75,-8.59,-4.4,31.64
3.09,-12.11,-1.13,31.67
0.05,-8.16,-2.47,31.65
3.59,-10.03,-6.23,31.64
1.03,-7.13,-4.33,31.68
-4.09,-7.45,-1.13,31.67
-3.96,-12.47,-4.27,31.66
-4.37,-9.2,0.16,31.64
-2.97,-8.12,-1.65,31.64
-1.88,-8.52,-6.43,31.59
0.4,-11.08,-4.91,31.65
2.82,-12.7,-1.51,31.63
-1.07,-8.18,-4.24,31.67
-1.14,-9.6,-3.02,31.62
1.81,-8.32,-7.22,31.67
2.98,-9.16,-4.83,31.61
2.76,-13.17,-1.64,31.64
1.09,-9.59,-2.78,31.65
-3.07,-5.49,-5.69,31.64
-3.52,-5.45,-5.96,31.64
2.4,-15.39,-3.39,31.63
-1.05,-11.11,-5.31,31.66
-6.56,-5.66,0.21,31.66
-5.88,-9.96,-4.2,31.62
-1.56,-8.27,-6.65,31.64
-0.32,-11.31,-2.77,31.64
-0.36,-10.03,-0.06,31.64
-2.91,-10.73,-1.6,31.71
-0.36,-8.73,-6.7,31.61
3.12,-7.38,-6.12,31.64
1.21,-10.8,-2.53,31.66
-1.55,-11.48,-0.61,31.66
-1.44,-8.26,-2.79,31.66
-3.66,-10.04,-0.11,31.65
-4.47,-7.59,1.11,31.65
-0.82,-7.95,-3.01,31.63
-4.61,-10.25,-5.31,31.63
-3.45,-10.52,-3.54,31.63
-1.96,-8.74,-1.22,31.62
0.13,-7.95,-1.62,31.65
-0.58,-8.89,-6.95,31.62
-4.7,-7.8,-8.06,31.63
0.91,-10.09,-5.44,31.67
-0.89,-9.72,-2.36,31.67
-2.93,-7.56,-3.68,31.62
-0.89,-6.51,-7.71,31.64
-4.33,-10.68,-6.08,31.67
-3.51,-11.09,-3.15,31.64
-2.26,-9.91,-0.23,31.68
-3.49,-8.8,-1.17,31.65
-4.03,-7.1,-6.11,31.6
-9.2,-12.22,-0.18,31.65
-3.22,-9.25,0.84,31.66
-4.23,-12.06,-2.54,31.67
-4.45,-6.77,-3.4,31.62
-0.2,-8.1,-0.12,31.63
-1.28,-4.53,-5.63,31.66
-0.12,-13.35,-5.72,31.68
10.15,-12.41,-1.51,31.65
10.09,-6.32,-1.02,31.64
5.49,-10.08,-4.07,31.69
2.55,-10.72,-6.05,31.63
-4.13,-9.95,-0.79,31.64
-3.04,-2.89,-2.35,31.63
-5.32,-12.87,-11.39,31.64
-8.29,-0.86,-2.29,31.62
-11.49,-9.94,-0.7,31.64
4.62,-7.62,2.77,31.62
-6.3,-17.1,-8.28,31.64
-7.75,-5.14,-2.56,31.66
1.57,-11.03,-3.89,31.66
2.02,-10.24,-8.74,31.62
-0.11,-8.76,-4.78,31.65
8.22,-12.06,-0.19,31.65
8.12,-4.11,-2.72,31.62
3.31,-7.04,-4.96,31.6
0.31,-11.99,-1.71,31.62
-0.83,-9.17,-1.95,31.59
-13.52,-12.54,-5.39,31.6
-13.4,2.51,-1.64,31.67
-2.15,-10.89,-7.92,31.67
-3.87,-11.82,-3.22,31.61
-8.13,-11.35,-2.39,31.66
-0.22,-10.69,-0.73,31.62
-2.66,-10.03,-6.79,31.62
-0.35,-5.48,-3.95,31.59
7.14,-12.34,-9.62,31.63
5.68,-8.98,-2.38,31.62
4.45,-10.23,-0.11,31.65
10.18,-13.86,-5.02,31.61
-0.39,-6.42,-5.33,31.63
-16.13,-13.21,-3.72,31.63
-17.99,1.92,-3.74,31.64
-3.11,-14.09,-8.45,31.61
-4.31,-8.1,-7.03,31.66
-5.17,-4.74,-5.54,31.65
-4.11,-13.86,-6.36,31.61
-8.91,-14.78,-3.06,31.65
-6.19,-12.27,0.65,31.61
3.68,-4.92,-3.52,31.66
8.37,-8.62,-2.55,31.62
5.0,-7.7,-3.2,31.66
5.39,-6.75,-3.47,31.69
6.83,-15.87,-4.02,31.64
5.09,-9.35,-2.99,31.66
-5.0,-5.74,0.13,31.63
-3.68,-12.59,-2.04,31.67
-15.86,-5.67,-10.38,31.67
-11.87,-5.06,-8.37,31.65
-4.31,-11.09,-6.32,31.64
-9.79,-10.83,-9.92,31.68
-1.85,-10.11,-2.42,31.67
4.0,-7.35,-5.06,31.65
8.31,-10.83,4.22,31.64
3.09,-6.03,-5.0,31.68
1.98,-5.49,-3.57,31.66
0.38,-13.87,-3.95,31.64
-3.34,-7.86,-7.84,31.69
-7.18,-1.94,-6.13,31.65
-10.35,-7.85,-6.68,31.65
-9.48,-11.22,-5.48,31.68
-2.48,-8.71,-0.54,31.69
-2.06,-16.32,-4.73,31.63
-1.46,-8.38,-2.18,31.66
-5.35,-4.57,-5.2,31.63
-3.88,-10.21,-4.23,31.67
1.22,-13.03,-3.93,31.63
11.04,-13.04,3.27,31.66
-4.36,-15.64,-1.88,31.67
0.39,-11.88,-4.53,31.64
4.73,-7.13,-3.92,31.64
-3.43,2.54,-1.83,31.67
-8.1,-15.54,-4.49,31.61
-3.87,-9.55,-1.48,31.62
-4.73,-7.66,-1.03,31.6
2.82,-2.97,-3.73,31.65
-3.76,-15.05,-6.12,31.65
-5.09,-7.36,-5.21,31.66
1.7,-6.91,0.71,31.62
0.87,-12.66,-2.39,31.65
5.97,-7.77,-4.09,31.64
4.18,-5.92,-6.73,31.66
2.75,-10.18,-4.04,31.63
2.49,-11.16,-1.75,31.63
-2.68,-9.61,-5.44,31.62
-7.31,-6.79,-6.32,31.65
-0.44,-4.94,-1.68,31.64
-3.58,-11.08,-1.48,31.63
1.37,-13.85,-0.85,31.65
-0.06,-5.95,-0.59,31.69
0.62,-5.84,-4.47,31.62
-1.15,-7.38,-4.32,31.63
2.23,-13.53,-5.58,31.67
4.04,-8.3,1.3,31.65
3.06,-10.9,-2.32,31.63
0.98,-4.97,-3.26,31.59
2.95,-3.55,-7.79,31.59
-5.37,-15.89,-5.18,31.63
-12.61,-4.75,-1.2,31.61
-5.34,-3.94,-4.98,31.65
-5.42,-8.41,-5.87,31.6
-3.09,-9.58,-2.56,31.64
-1.54,-13.97,-3.25,31.63
-2.47,-9.9,-0.55,31.65
-4.42,-5.33,-3.83,31.65
2.45,-9.42,-8.5,31.63
3.16,-10.12,-1.42,31.65
-1.38,-12.54,-1.96,31.62
0.67,-6.84,-4.57,31.62
-7.5,-7.11,-7.31,31.67
-12.4,-1.72,-1.46,31.64
-4.35,-14.8,-6.0,31.6
-2.28,-8.82,-3.9,31.67
-5.04,-4.68,-2.31,31.64
-3.57,-12.9,-4.92,31.64
-4.15,-6.74,-4.78,31.6
-5.34,-12.07,-2.41,31.61
0.81,-5.53,-0.36,31.63
5.0,-9.94,-2.81,31.61
3.64,-7.12,-6.13,31.61
0.97,-5.69,-8.36,31.61
3.31,-10.78,-0.1,31.57
3.71,-13.82,-1.77,31.66
-5.24,-4.77,-0.68,31.62
-4.66,-7.59,-4.97,31.59
-2.17,-9.71,-6.96,31.62
-5.11,-8.72,-2.2,31.61
-2.19,-12.61,-1.8,31.63
-2.77,-10.14,-0.44,31.62
-6.05,-9.59,-4.48,31.65
-3.5,-10.0,-1.06,31.59
0.2,-13.07,-5.66,31.62
3.61,-11.2,-3.83,31.6
-0.55,-11.24,-0.97,31.64
-0.26,-7.82,-6.9,31.66
1.64,-7.69,-5.57,31.6
0.11,-6.34,-7.72,31.63
-5.77,-11.67,-4.7,31.66
-7.73,-4.44,-4.47,31.62
-3.97,-5.78,-6.58,31.61
-5.67,-8.24,-5.97,31.61
-4.92,-9.54,-5.13,31.64
-1.87,-11.43,-1.85,31.62
-4.98,-10.04,0.0,31.66
-1.77,-14.71,-3.01,31.62
2.92,-11.66,-2.62,31.65
1.82,-7.91,-1.49,31.61
3.1,-6.7,-8.19,31.6
6.8,-8.75,-5.79,31.64
2.48,-9.41,-0.45,31.61
-1.65,-12.84,-1.96,31.6
-2.2,-6.98,-5.13,31.6
-2.42,-9.09,-7.01,31.59
-1.77,-8.47,-2.23,31.64
-3.55,-11.87,-2.4,31.6
-2.95,-8.67,-1.16,31.64
-4.58,-7.88,-3.08,31.64
-2.45,-9.54,-6.0,31.64
-1.7,-7.41,-1.37,31.61
-3.21,-12.81,-2.92,31.6
1.99,-11.33,-1.09,31.59
0.84,-10.14,-3.65,31.61
1.58,-10.66,-6.55,31.63
7.05,-7.88,-5.7,31.64
1.22,-9.64,-1.45,31.64
-1.47,-13.02,-1.87,31.57
1.18,-10.74,0.08,31.68
1.99,-10.58,-6.17,31.59
0.2,-9.77,-9.53,31.59
5.68,-7.48,-4.8,31.58
3.89,-14.39,-2.6,31.6
-4.29,-9.45,-1.49,31.61
-6.3,-3.12,-5.84,31.59
-2.88,-10.27,-9.17,31.59
4.49,-12.75,-1.91,31.63
-1.15,-10.83,-4.24,31.65
-4.75,-6.05,-1.68,31.64
-4.13,-10.49,-4.39,31.62
-4.33,-8.49,-5.44,31.63
-2.63,-11.82,-4.49,31.61
-0.97,-7.88,-0.52,31.62
-2.72,-13.15,0.06,31.63
-0.79,-9.39,-4.33,31.64
1.74,-9.78,-7.57,31.62
0.98,-11.78,-6.48,31.62
1.19,-9.37,0.21,31.64
3.96,-11.43,-2.96,31.55
-4.18,-7.13,-4.39,31.64
-3.64,-4.58,-6.66,31.61
-1.44,-15.4,-6.52,31.58
1.55,-8.12,-4.09,31.56
-4.19,-3.54,-4.72,31.63
-5.74,-8.53,-2.56,31.6
-4.37,-10.36,-4.12,31.62
-2.14,-10.06,-1.04,31.61
-2.02,-11.21,-0.47,31.59
-4.19,-4.23,2.1,31.62
-4.19,-11.59,-6.92,31.63
1.3,-11.36,-5.26,31.67
-1.26,-11.51,-0.27,31.62
-0.94,-15.5,-0.52,31.62
3.8,-9.88,-4.52,31.62
0.84,-7.06,-4.26,31.6
-1.96,-9.49,-1.84,31.63
-3.04,-10.05,-3.14,31.62
-4.59,-8.87,-4.8,31.62
-4.81,-5.85,-3.2,31.6
-2.6,-7.16,-4.58,31.63
-0.66,-8.11,-2.21,31.61
-1.0,-8.84,-1.87,31.59
-2.26,-9.95,0.7,31.59
-1.49,-8.94,-2.28,31.58
1.18,-8.22,-3.59,31.59
-0.29,-8.88,-5.57,31.61
-0.46,-11.05,-2.09,31.61
-0.1,-11.75,0.16,31.64
1.16,-9.9,-1.56,31.59
1.94,-6.21,-5.06,31.61
0.8,-6.76,-5.54,31.62
0.67,-13.89,-7.98,31.58
-2.2,-6.56,0.06,31.57
-2.89,-7.54,-3.16,31.6
0.16,-8.28,-5.89,31.61
3.4,-8.23,-5.87,31.62
0.38,-10.16,-1.42,31.61
-1.17,-12.08,-2.61,31.65
-1.22,-9.18,-2.3,31.62
-1.41,-5.8,-4.14,31.64
-0.36,-8.49,-3.84,31.62
-1.15,-9.81,-1.66,31.62
-2.24,-11.82,-1.85,31.61
-1.46,-7.25,-3.15,31.57
-1.98,-6.75,-5.45,31.63
0.44,-8.43,-2.75,31.59
1.88,-12.7,-1.51,31.59
2.22,-14.12,-2.75,31.61
-5.03,-6.11,0.79,31.59
-0.6,-8.24,-5.92,31.61
1.93,-9.05,-6.83,31.62
1.32,-9.91,-2.53,31.63
0.98,-10.97,-2.48,31.59
-3.46,-9.22,-0.5,31.62
-1.54,-7.51,-4.83,31.56
0.16,-8.71,-6.69,31.62
0.71,-11.68,-2.28,31.57
-1.09,-12.48,-0.63,31.59
-7.92,-9.25,-2.25,31.59
-5.35,-7.81,-2.41,31.62
-2.32,-6.95,-6.98,31.62
0.26,-8.99,-3.77,31.64
2.13,-12.66,-0.94,31.64
-1.67,-11.1,-0.42,31.58
-0.02,-7.86,-1.19,31.61
3.24,-10.13,-7.24,31.58
4.5,-7.08,-1.54,31.62
1.36,-10.64,-4.31,31.59
1.24,-10.02,-1.58,31.64
3.02,-8.66,-4.92,31.65
3.93,-10.81,-5.25,31.64
-8.57,-9.6,-7.12,31.61
-0.81,-8.22,-6.32,31.59
-3.48,-7.32,-6.78,31.64
-5.53,-7.75,-3.39,31.63
-5.87,-13.99,-2.38,31.58
-4.08,-10.94,0.76,31.6
-0.98,-8.75,-0.2,31.58
-1.29,-11.43,-6.62,31.63
2.11,-12.45,-7.93,31.61
2.17,-9.77,-2.67,31.62
1.51,-10.57,0.06,31.64
0.86,-7.28,-5.71,31.57
-5.92,-3.53,-7.58,31.62
-5.17,-9.95,-8.28,31.62
-1.64,-10.52,-5.6,31.61
-5.69,-5.67,-7.42,31.62
-6.77,-4.57,-4.31,31.63
-3.95,-9.85,-3.22,31.64
-4.17,-10.4,-3.48,31.62
-2.32,-11.84,-2.43,31.63
-2.55,-12.75,1.91,31.62
-1.45,-11.13,2.1,31.65
-6.06,-9.09,-7.36,31.6
-0.93,-10.02,-2.81,31.64
5.76,-10.04,-5.31,31.61
-0.24,-8.52,-4.41,31.6
-5.67,-4.64,-4.76,31.61
-1.82,-9.12,-7.89,31.67
-1.81,-13.4,-4.34,31.61
-2.81,-9.25,-4.4,31.64
0.18,-9.28,-4.09,31.64
-2.89,-7.07,-5.23,31.63
-5.58,-8.44,-3.53,31.64
-1.77,-10.42,-3.64,31.64
-3.26,-10.45,0.22,31.6
-2.17,-8.72,2.72,31.6
-2.48,-8.73,-0.87,31.59
-2.81,-8.13,-2.4,31.58
-0.31,-10.14,-4.95,31.61
-1.36,-9.01,-6.94,31.65
-4.57,-7.68,-8.63,31.6
-0.94,-9.25,-7.29,31.6
1.57,-9.35,-4.82,31.62
-0.46,-10.56,-4.14,31.63
-1.46,-10.81,-1.94,31.64
-4.11,-8.03,-4.76,31.62
-1.7,-7.51,-0.44,31.64
-1.78,-10.16,-3.02,31.64
-1.52,-10.92,-2.77,31.62
-2.67,-11.33,-0.38,31.61
-3.03,-9.36,-2.05,31.63
-0.57,-8.06,-5.81,31.65
-1.36,-11.33,-6.2,31.67
-4.22,-7.84,-4.76,31.63
0.44,-11.31,-3.99,31.64
-3.18,-9.16,-8.45,31.56
-5.31,-8.66,-7.38,31.63
0.25,-11.19,-6.66,31.59
-3.14,-5.56,-5.61,31.62
-7.3,-9.38,-4.47,31.63
-4.8,-11.66,-2.43,31.63
-1.85,-8.09,1.53,31.62
-2.28,-7.43,1.95,31.61
-2.31,-6.16,-1.48,31.67
-1.91,-9.35,-1.24,31.62
-1.92,-11.2,-3.48,31.65
0.4,-10.74,-0.08,31.64
4.53,-9.22,-0.19,31.59
2.83,-7.25,-2.38,31.6
1.5,-9.97,-4.85,31.66
3.74,-4.34,-9.92,31.64
-5.07,-13.05,-7.81,31.64
-13.91,1.2,-6.11,31.62
-8.03,-3.2,-6.13,31.63
-8.26,-12.6,-6.21,31.62
-4.58,-8.17,-0.51,31.64
-5.15,-17.16,-7.08,31.63
3.03,-11.69,-5.02,31.63
5.1,-12.85,-2.58,31.62
1.66,-10.59,-1.43,31.58
2.47,-2.55,-1.35,31.62
-2.32,-4.31,-7.72,31.59
-9.77,-13.97,-6.68,31.59
-15.75,-5.71,-3.99,31.61
-7.01,-7.23,-2.88,31.6
-5.8,-5.39,-1.94,31.6
-19.61,-15.96,-9.77,31.63
-14.29,-5.81,-4.06,31.61
-8.09,-4.29,-3.26,31.58
-5.26,-6.05,-0.35,31.6
2.66,-8.41,-3.26,31.59
5.62,-6.12,-1.92,31.62
2.53,-14.13,-5.08,31.62
8.27,-12.77,-5.38,31.61
8.09,-11.6,-1.59,31.65
3.59,-4.19,-2.71,31.6
8.82,-3.28,-6.54,31.58
10.25,-13.0,-5.5,31.6
1.58,-12.28,-4.14,31.62
-3.82,-10.07,1.51,31.63
0.24,-8.6,-1.06,31.66
-7.62,-1.12,-2.92,31.58
-10.13,-19.1,-8.86,31.61
-17.67,-3.56,-3.99,31.62
-1.87,-8.21,-9.11,31.58
-8.63,-5.06,1.39,31.6
-11.02,-13.21,0.76,31.62
-5.54,-13.78,-5.3,31.62
1.88,-12.62,-3.64,31.6
3.86,-15.14,-1.91,31.61
15.77,-8.01,-7.85,31.57
10.18,-7.43,-7.36,31.58
5.67,-9.5,-1.94,31.59
6.21,-19.27,-5.26,31.62
2.49,-6.92,2.11,31.6
-3.48,-6.68,-0.09,31.6
-2.02,3.23,-4.35,31.65
-8.53,-16.47,-10.5,31.59
-15.7,-0.97,0.18,31.61
6.05,-11.79,-9.47,31.59
-7.95,-3.13,-4.38,31.62
-12.29,-7.37,-4.41,31.65
-7.77,-7.24,-11.09,31.58
4.79,-9.78,-0.66,31.6
3.24,-13.03,-0.97,31.62
6.89,-11.82,-0.79,31.58
9.34,-9.63,-4.57,31.62
10.57,-11.67,-3.49,31.6
4.87,-13.52,-4.22,31.65
1.75,-12.94,-1.44,31.61
0.37,-3.12,-2.42,31.62
-7.51,5.36,-8.79,31.61
-8.4,-17.35,-11.42,31.63
-16.53,-0.98,1.14,31.62
-6.6,-4.28,0.94,31.62
-7.04,-7.72,-8.8,31.63
-13.0,-4.61,-3.2,31.63
-0.15,-10.46,-1.12,31.59
-6.85,-6.47,-3.74,31.62
-5.02,-13.53,-2.62,31.61
-4.38,-7.64,-0.5,31.59
-1.11,-13.31,-2.52,31.62
5.52,-9.11,-3.67,31.61
8.72,-8.21,-4.32,31.58
6.58,-15.2,-3.14,31.59
5.25,-9.84,-2.12,31.62
2.52,-12.72,-2.88,31.61
-1.15,-4.62,-2.24,31.57
-0.94,-2.45,-5.29,31.61
-15.18,-9.85,-3.7,31.6
-11.02,-4.01,-6.93,31.61
1.17,-6.93,-8.88,31.58
-10.46,-5.82,-7.18,31.6
-8.11,-9.17,-4.48,31.63
-6.96,-13.54,-3.84,31.61
-4.75,-12.51,-3.46,31.64
1.58,-11.78,0.59,31.64
9.21,-10.89,-0.91,31.62
4.32,-10.29,-6.03,31.62
10.94,-8.63,-5.1,31.58
6.49,-13.07,-7.28,31.59
5.18,-8.61,-2.34,31.57
2.27,-5.77,-1.76,31.59
-6.56,-4.16,-4.22,31.63
-6.54,-10.99,-6.92,31.56
-17.07,3.01,-6.6,31.59
-0.18,-8.15,-8.07,31.56
-7.65,-3.22,-9.28,31.6
-16.18,-6.68,-5.92,31.6
-5.29,-14.01,-6.44,31.6
-2.24,-13.12,-4.2,31.61
3.26,-9.21,2.43,31.6
9.77,-4.84,-5.58,31.58
14.39,-11.04,-6.6,31.62
8.55,-7.41,-7.57,31.6
7.87,-9.45,-5.12,31.62
6.02,-8.78,-0.69,31.62
2.99,-7.35,-1.49,31.59
-8.11,-6.45,-3.87,31.6
-0.28,2.82,-4.25,31.6
-14.63,-13.83,-16.07,31.61
-13.66,2.03,-2.38,31.6
6.7,-10.08,-6.63,31.57
-12.63,-3.92,3.68,31.61
-11.53,-15.29,-5.89,31.56
-3.44,-13.72,-6.77,31.63
-0.1,-3.68,-2.14,31.56
5.96,-11.18,-2.25,31.58
6.32,-10.57,-4.13,31.57
9.68,-12.09,-2.38,31.56
6.39,-12.74,-5.86,31.61
1.25,-14.83,5.71,31.61
0.25,-7.07,-8.26,31.61
-4.99,-9.44,3.22,31.62
-9.95,1.99,-2.98,31.6
-5.95,-9.04,-7.05,31.56
1.36,-13.29,-1.62,31.61
6.1,-13.17,-1.48,31.55
10.74,-5.95,-3.85,31.54
5.16,-3.62,-10.46,31.56
-1.34,-3.78,-3.21,31.62
5.14,-12.2,-4.5,31.62
-0.63,-7.83,1.86,31.61
-2.02,-5.43,-0.6,31.62
-4.54,3.85,-9.81,31.58
-6.33,-3.21,-5.41,31.62
-2.6,-12.44,2.09,31.62
0.92,-8.14,-4.39,31.58
-7.91,-2.45,1.74,31.6
-10.65,-16.13,-11.24,31.58
-8.47,-8.33,-6.85,31.61
-3.51,-10.39,-2.15,31.62
3.56,-11.66,-0.09,31.62
4.95,-10.2,-6.03,31.59
5.99,-11.41,-7.19,31.6
5.62,-10.56,-5.08,31.59
6.34,-11.71,-0.96,31.66
1.5,-11.11,-4.21,31.59
1.63,-8.47,-0.86,31.62
-2.56,-5.66,-1.91,31.59
-5.4,-9.08,-0.85,31.58
-3.18,-0.66,-8.74,31.62
-11.94,-13.56,-9.13,31.62
-12.02,2.84,-0.45,31.59
3.18,-11.86,-8.44,31.6
-9.68,-7.77,0.65,31.56
-14.5,-4.3,-2.19,31.6
-3.77,-10.43,-4.51,31.57
7.23,-7.02,-5.72,31.58
11.09,-12.45,1.38,31.65
2.3,-11.1,-6.29,31.61
-5.43,-6.19,1.82,31.62
-9.28,-3.08,-4.15,31.6
-10.91,-16.43,-9.06,31.59
-1.1,-12.65,-4.14,31.6
0.53,-12.7,-1.36,31.6
8.76,-8.63,-1.13,31.62
7.9,-8.18,-3.27,31.59
0.03,-2.38,-8.17,31.61
-2.02,-17.18,-4.67,31.59
0.31,-8.34,2.99,31.57
-0.83,2.49,-11.19,31.54
-10.14,-10.28,-4.44,31.6
-18.14,-3.85,-1.17,31.6
6.45,-16.57,-3.59,31.54
-5.5,-3.77,-0.01,31.59
-14.11,-8.94,-5.8,31.58
-2.82,-7.6,-4.63,31.58
-1.36,-5.07,-5.24,31.59
-4.47,-13.08,-4.28,31.57
3.08,-12.28,-1.79,31.56
7.69,-7.49,-4.13,31.63
5.3,-2.0,-4.48,31.53
1.44,-10.13,-3.02,31.58
-3.18,-13.07,-0.79,31.64
1.64,-4.42,-2.8,31.58
-8.24,-7.51,-9.0,31.57
-16.55,-0.07,-1.69,31.58
0.32,-14.7,-8.32,31.57
-5.66,-9.28,-3.73,31.59
-9.12,-9.07,-2.62,31.53
-4.19,-10.03,-1.83,31.59
-3.93,-6.71,-5.15,31.57
-3.62,-8.89,-7.07,31.57
4.07,-14.9,-2.68,31.6
10.17,-11.64,0.12,31.6
11.69,-9.05,-1.6,31.59
2.57,-2.55,-2.47,31.6
1.05,-12.31,-3.34,31.55
0.57,-10.36,-2.47,31.57
-6.05,-6.92,-0.15,31.59
-6.92,-7.21,4.4,31.59
-0.22,-9.51,-8.06,31.53
2.54,-10.08,-6.51,31.64
-6.73,-5.27,-5.95,31.62
-3.1,-8.25,-9.06,31.63
2.0,-8.11,-2.35,31.63
2.79,-14.04,2.15,31.6
4.95,-10.55,-0.69,31.6
1.29,-4.06,-6.4,31.63
9.75,-10.0,-7.53,31.57
2.21,-9.9,-0.05,31.62
-1.36,-10.95,-0.64,31.58
1.9,-12.9,-3.66,31.59
0.3,-7.47,-0.96,31.59
-1.23,-8.4,-2.8,31.6
-0.46,-11.48,-2.29,31.58
0.39,-7.8,0.36,31.6
-1.05,-8.59,-4.23,31.64
1.97,-8.51,-2.88,31.57
2.24,-6.38,-3.81,31.57
-1.54,-10.58,-0.07,31.6
0.9,-13.47,-5.08,31.58
-1.96,-8.44,-5.33,31.59
-0.97,-2.47,-6.88,31.57
-1.35,-10.38,-7.17,31.62
-2.49,-9.11,2.38,31.61
0.72,-15.26,-7.44,31.58
-1.63,-8.92,-7.77,31.59
0.36,-4.43,-9.78,31.57
1.75,-10.74,-7.91,31.56
0.69,-8.92,-1.39,31.61
-0.03,-12.67,0.63,31.59
-1.84,-9.76,-1.93,31.58
1.51,-6.53,-6.19,31.59
0.92,-8.33,-6.78,31.58
0.03,-10.51,-4.08,31.58
0.96,-11.71,-3.89,31.6
-1.95,-6.6,-2.45,31.57
-3.05,-10.93,-4.03,31.63
-1.08,-9.0,-5.01,31.6
-2.62,-6.73,-4.08,31.57
-3.62,-6.74,-4.16,31.59
0.47,-9.51,-3.68,31.55
-1.69,-12.62,-2.6,31.61
-2.32,-9.75,-2.58,31.6
-1.9,-6.14,-2.89,31.59
-3.03,-7.44,-7.0,31.61
-2.05,-9.49,-3.21,31.65
0.09,-12.32,-4.15,31.61
2.1,-9.71,0.75,31.62
-2.48,-11.49,-1.87,31.57
-3.77,-7.16,-5.82,31.61
-1.82,-8.81,-6.37,31.59
0.23,-11.14,-2.98,31.57
-3.63,-11.43,0.56,31.6
-1.36,-9.54,-4.42,31.58
-4.97,-7.44,-3.11,31.6
-0.93,-6.94,-2.62,31.57
-4.81,-9.02,1.0,31.59
-5.23,-12.54,2.08,31.57
2.3,-13.09,-6.06,31.58
0.26,-10.62,-3.0,31.56
-2.77,-5.84,-4.92,31.61
-4.01,-6.3,-4.62,31.58
-0.64,-9.48,-6.77,31.59
-2.35,-10.88,-2.76,31.58
-3.3,-9.1,0.33,31.57
-3.37,-8.32,-5.25,31.59
-1.33,-6.34,-4.48,31.58
-2.06,-10.62,-3.11,31.61
-0.49,-9.02,-2.32,31.56
2.13,-13.13,-1.2,31.59
-1.98,-8.65,-6.2,31.57
-1.87,-4.86,-7.6,31.59
-1.49,-11.61,-6.29,31.58
-0.71,-13.73,-3.67,31.6
-2.94,-12.16,-0.04,31.6
-1.27,-10.64,-1.38,31.56
-2.55,-6.44,-4.36,31.59
-0.23,-6.48,-5.18,31.55
0.11,-8.84,-3.33,31.6
-1.17,-11.09,-1.81,31.58
-0.45,-10.41,-2.12,31.56
-1.92,-7.42,-3.05,31.6
-1.45,-7.23,-3.07,31.57
1.59,-10.84,-4.7,31.58
1.61,-14.26,0.62,31.62
0.43,-9.33,-8.56,31.57
-1.55,-8.53,-5.75,31.59
1.82,-7.59,-7.47,31.59
-1.19,-7.76,-4.45,31.57
0.73,-11.82,-1.29,31.56
-2.61,-12.89,-1.24,31.61
-2.15,-7.22,-4.67,31.57
-2.62,-6.31,-5.56,31.6
-4.13,-8.88,-3.71,31.57
2.21,-9.69,-2.4,31.58
-7.03,-7.86,-2.37,31.59
-1.95,-10.27,-1.92,31.6
2.61,-12.3,-4.95,31.55
-1.44,-9.11,-0.2,31.55
-2.66,-6.82,-3.26,31.59
-1.7,-7.84,-3.92,31.63
-2.07,-9.51,-5.1,31.58
-1.33,-12.78,-2.18,31.61
0.66,-10.36,-1.66,31.61
-3.52,-6.14,-7.12,31.62
-2.96,-6.63,-4.2,31.58
-2.82,-12.41,-4.09,31.54
-1.51,-8.36,-6.47,31.54
-2.97,-9.45,-1.63,31.57
-0.16,-6.64,-5.95,31.59
-2.91,-6.82,-2.3,31.61
-3.58,-11.11,-3.27,31.58
1.57,-12.96,-2.91,31.62
-3.58,-12.41,-6.01,31.58
1.36,-11.15,-4.83,31.57
-0.99,-8.38,-4.33,31.6
0.42,-5.6,-4.36,31.61
-5.03,-4.09,-4.99,31.59
-2.1,-16.96,0.38,31.63
-4.11,-10.73,-3.48,31.59
-1.24,-5.61,-3.17,31.59
1.09,-8.29,-8.59,31.6
-1.87,-9.0,-2.93,31.59
2.45,-11.11,-2.73,31.58
-0.9,-12.52,-4.5,31.57
0.03,-8.19,-4.71,31.63
-0.66,-5.95,-4.68,31.57
-1.91,-8.64,-3.45,31.56
-1.34,-10.8,-3.85,31.59
-1.58,-12.21,-3.27,31.61
0.31,-7.18,-4.38,31.63
0.16,-5.99,-5.49,31.61
0.31,-10.18,-4.91,31.59
-0.27,-9.07,-3.91,31.59
-0.36,-11.98,-2.43,31.6
-1.75,-9.68,-5.55,31.59
-0.7,-6.35,-5.14,31.58
-1.32,-8.08,-6.5,31.63
2.36,-11.12,-4.51,31.6
-13.9,-18.57,-4.61,31.59
10.19,-7.39,-1.33,31.56
0.47,-8.79,-0.87,31.63
-7.76,-9.28,-1.75,31.56
-1.42,-12.96,-1.24,31.62
5.25,-12.96,-5.84,31.55
4.59,-2.77,-2.09,31.58
-3.01,-8.0,-5.36,31.61
-1.47,-11.12,-4.05,31.56
-0.7,-11.98,-6.25,31.58
0.31,-9.13,-5.5,31.58
0.22,-9.89,-5.16,31.6
8.39,-10.13,-6.24,31.54
-11.42,-27.79,17.4,31.56
-4.38,-7.8,7.14,31.54
1.49,-7.37,-3.94,31.57
-6.8,-0.83,-2.78,31.57
-1.4,-9.48,-1.82,31.59
3.31,-7.78,-5.06,31.59
-1.13,-10.32,-1.31,31.53
-0.59,-11.58,-4.83,31.59
4.3,-5.13,-3.43,31.61
-2.14,-7.22,-3.68,31.55
1.0,-10.32,-2.96,31.57
-0.2,-11.39,-3.27,31.55
-1.29,-8.5,-3.26,31.58
1.15,-7.78,-4.85,31.55
-11.91,-18.91,12.09,31.6
-2.27,-2.8,6.2,31.62
-2.28,-11.17,-2.35,31.6
-6.28,-7.11,-4.51,31.58
-1.04,-11.84,-9.96,31.62
4.01,-7.37,-2.54,31.56
-0.38,-7.69,-4.67,31.58
-0.19,-5.64,-4.1,31.54
-0.46,-12.92,-1.81,31.58
-1.5,-12.28,-6.56,31.54
-0.86,-10.19,-4.06,31.62
-0.08,-5.98,-4.37,31.55
-4.62,-6.24,-4.24,31.62
-4.23,-9.36,1.23,31.59
-5.87,-9.37,2.04,31.61
-3.09,-8.21,-3.6,31.57
-0.08,-6.44,-3.67,31.58
0.17,-7.0,-4.21,31.57
0.46,-8.69,-6.61,31.54
3.0,-14.27,-1.82,31.59
0.25,-12.49,-3.12,31.54
-0.88,-6.91,-7.03,31.6
1.01,-5.12,-6.51,31.57
0.86,-10.71,-3.79,31.58
-0.54,-12.18,-2.05,31.57
-0.26,-8.96,-4.19,31.6
-1.02,-5.17,-6.25,31.59
-12.13,-4.71,-13.31,31.58
2.89,-11.93,-4.47,31.58
-2.96,-13.07,-3.21,31.57
-11.57,-5.1,-3.47,31.64
1.72,-13.45,-4.6,31.55
6.02,-8.24,-5.02,31.56
3.08,-9.9,0.74,31.59
3.0,-11.38,-1.29,31.57
-0.86,-9.77,-2.98,31.62
1.69,-8.87,-8.12,31.57
-1.59,-6.86,-4.46,31.57
0.15,-10.38,-5.7,31.57
0.96,-12.55,-1.36,31.57
0.1,-9.77,-3.69,31.58
0.84,-6.09,-7.96,31.57
-0.95,-7.52,-6.46,31.57
7.66,-14.47,-4.26,31.59
-5.77,-9.19,-4.63,31.61
-2.8,-7.18,-8.69,31.58
-3.61,-7.96,-2.86,31.55
0.11,-10.84,-6.24,31.6
3.32,-16.88,-3.13,31.57
3.66,-9.21,-0.95,31.57
-3.07,-8.21,-1.95,31.57
-6.91,-6.1,-6.99,31.59
-2.1,-11.71,-4.88,31.59
1.81,-12.23,-0.99,31.59
-3.68,-9.55,1.84,31.59
4.25,-11.4,4.12,31.62
-16.07,-4.52,-7.32,31.59
-6.91,-11.31,-6.45,31.61
3.26,-14.77,-0.16,31.6
-10.6,-6.08,0.38,31.59
-4.89,-11.24,-6.87,31.59
-2.02,-3.2,-0.75,31.62
0.76,-12.02,-4.47,31.58
-1.05,-11.91,-4.6,31.54
0.01,-6.74,-1.54,31.62
-2.08,-8.39,-5.64,31.57
-5.47,-6.37,-2.22,31.54
-3.73,-10.37,-3.28,31.55
-1.27,-8.51,-6.41,31.59
1.12,-11.55,-5.04,31.6
-1.25,-2.48,-6.35,31.58
5.17,-6.5,-16.03,31.56
-3.67,-9.7,-1.83,31.56
0.11,-12.1,-2.81,31.59
1.55,-15.01,-5.23,31.54
-3.41,-3.06,-2.8,31.56
-5.88,-5.66,-7.27,31.59
-6.31,-8.62,-5.89,31.61
0.9,-13.92,-1.68,31.59
1.4,-11.17,-0.76,31.63
1.88,-7.29,-5.08,31.58
0.88,-6.88,-7.73,31.56
-0.29,-12.32,-2.1,31.55
-0.28,-11.78,-3.64,31.6
-0.06,-9.51,-6.77,31.55
-0.79,-4.91,-5.85,31.57
-3.74,-8.08,-3.09,31.56
-5.57,-9.92,-4.13,31.55
-3.29,-10.15,-1.74,31.55
-3.33,-5.79,0.63,31.59
-7.09,-4.16,-0.23,31.57
-7.74,-6.23,-0.75,31.59
-5.81,-9.35,-2.35,31.58
-2.6,-10.64,-2.42,31.56
-0.46,-9.45,-2.22,31.59
-1.33,-7.9,-4.51,31.61
0.37,-6.81,-6.04,31.59
-1.12,-10.61,-2.4,31.56
-0.77,-12.09,-2.06,31.58
2.17,-10.88,-5.62,31.55
6.21,-13.97,-2.36,31.55
7.46,-13.6,-5.97,31.6
3.23,-11.38,-9.61,31.56
6.06,-9.4,-6.19,31.55
-0.02,-9.5,-5.28,31.61
0.21,-9.96,-3.3,31.57
-4.82,-6.58,-4.57,31.6
-5.39,-4.89,-3.51,31.57
-1.57,-4.32,-4.34,31.61
-7.2,-5.75,-2.36,31.57
-3.95,-13.4,-0.4,31.58
-1.6,-9.66,-2.25,31.55
-0.59,-11.22,-4.77,31.58
-2.62,-9.9,-8.52,31.57
-0.47,-10.4,-4.83,31.58
1.37,-15.84,-5.66,31.57
1.52,-12.58,-4.29,31.56
1.25,-7.96,-7.04,31.58
1.43,-7.8,-4.05,31.56
-5.43,-8.99,-2.76,31.57
-5.54,-8.51,-4.65,31.61
0.34,-5.94,-1.94,31.58
-1.85,-5.95,-3.86,31.57
-1.97,-1.6,-0.5,31.53
-2.12,-9.65,-5.27,31.57
-3.35,-12.7,-3.22,31.56
-0.65,-11.03,-2.21,31.58
-1.09,-11.98,-5.39,31.54
1.24,-8.6,-9.31,31.57
0.4,-11.15,-6.64,31.56
0.06,-13.56,-3.86,31.59
3.15,-13.81,-4.0,31.58
2.21,-10.58,-4.13,31.55
-0.07,-2.14,-4.47,31.58
-2.73,-4.43,-3.68,31.57
-4.68,-7.29,-2.31,31.59
-4.14,-5.62,-2.73,31.59
-3.87,-4.96,-0.68,31.58
-5.49,-5.42,-4.56,31.61
-4.53,-7.31,-2.85,31.62
-1.85,-10.17,-3.69,31.58
-3.48,-12.02,-1.83,31.59
2.34,-12.68,-1.78,31.55
2.82,-12.31,-6.35,31.58
2.35,-9.46,-7.6,31.59
0.65,-10.63,-3.69,31.55
-0.74,-11.1,-4.26,31.59
-0.4,-8.8,-4.77,31.61
-1.49,-6.15,-3.99,31.57
-3.28,-4.22,-1.97,31.56
-6.9,-4.42,-1.68,31.57
-9.27,-8.9,-2.11,31.59
-2.73,-7.33,-3.92,31.56
-3.61,-8.11,-3.73,31.55
-1.74,-7.81,-4.91,31.52
-1.78,-9.56,-3.99,31.55
-0.03,-11.93,-2.64,31.58
1.7,-14.48,-2.67,31.6
3.87,-10.15,-6.71,31.57
4.87,-11.22,-7.48,31.6
2.98,-7.97,-1.64,31.6
2.86,-8.91,0.57,31.6
-2.39,-9.2,-1.21,31.53
-1.27,0.0,-1.99,31.58
-6.74,-7.76,-3.05,31.6
-1.73,-5.02,0.76,31.57
-3.52,-11.41,-2.22,31.58
-2.93,-11.02,-1.98,31.55
-4.21,-9.21,-6.91,31.59
2.47,-11.27,-7.58,31.59
0.73,-9.43,-7.77,31.57
3.91,-12.12,-4.94,31.55
3.78,-14.48,-1.16,31.54
1.37,-11.86,-1.23,31.59
2.96,-11.0,-7.51,31.59
3.01,-4.37,-5.6,31.57
-4.4,-11.15,-5.84,31.62
-1.65,-4.71,-1.53,31.61
-5.48,-5.46,-2.57,31.58
-4.03,-10.71,-2.16,31.62
-0.71,-11.49,-1.79,31.58
-0.81,-10.13,-2.34,31.54
-0.28,-9.79,-6.34,31.58
-0.81,-9.08,-7.28,31.57
-0.68,-11.93,-4.1,31.57
1.82,-13.34,-4.18,31.56
2.92,-11.07,-4.19,31.56
1.06,-7.26,-7.61,31.59
0.42,-8.85,-2.77,31.59
-3.03,-7.36,-3.21,31.58
-4.16,-9.29,-2.37,31.55
-1.59,-5.27,-1.36,31.58
-2.74,-9.36,-3.05,31.57
-3.28,-4.21,-0.64,31.58
-8.11,-7.72,-2.79,31.57
-2.15,-12.59,-3.46,31.6
4.46,-15.87,-3.46,31.6
0.59,-8.96,1.62,31.61
-3.9,-8.61,-2.3,31.6
-5.86,-5.13,-3.82,31.61
-0.89,-5.5,-2.14,31.57
-3.41,-10.98,-4.42,31.57
-1.98,-9.71,0.37,31.58
1.0,-11.96,-4.81,31.53
1.64,-9.82,-6.98,31.53
0.46,-8.36,-7.6,31.58
3.59,-11.22,-2.91,31.57
2.25,-13.19,-0.87,31.54
1.28,-12.5,-7.16,31.59
2.35,-6.79,-3.54,31.56
-1.48,-5.75,-4.76,31.59
-3.65,-8.98,-4.81,31.6
-0.95,-9.06,-4.14,31.62
-4.64,-5.81,-3.05,31.56
-3.74,-2.42,-4.33,31.59
-3.98,-9.23,-5.92,31.6
0.07,-10.94,-2.78,31.56
-0.06,-12.43,-0.77,31.57
0.34,-11.18,-3.85,31.59
1.37,-10.56,-8.93,31.59
0.59,-9.57,-6.25,31.59
0.87,-13.85,-1.43,31.58
1.83,-9.35,-4.38,31.56
-0.45,-7.94,-5.31,31.53
-1.85,-5.72,-5.51,31.61
-5.41,-7.33,-4.86,31.54
-3.68,-8.88,-2.64,31.6
-5.11,-6.77,-2.11,31.59
-2.58,-6.26,-4.18,31.57
-3.94,-6.61,-4.47,31.58
-3.57,-7.79,-3.52,31.61
-2.72,-11.9,-1.56,31.6
2.49,-12.2,-1.28,31.57
-0.52,-10.51,-3.89,31.56
1.3,-8.98,-7.5,31.6
0.15,-8.51,-5.65,31.62
-1.96,-7.64,-5.99,31.58
0.39,-5.27,-4.42,31.62
-1.27,-8.73,-4.87,31.57
-2.17,-12.8,-0.49,31.56
-1.06,-11.98,-1.9,31.6
-0.52,-8.75,-4.47,31.59
-0.52,-8.52,-4.54,31.54
0.69,-11.43,-3.43,31.59
1.92,-11.1,-1.23,31.59
1.7,-10.3,-4.02,31.57
1.62,-8.35,-3.56,31.61
-0.63,-7.48,-3.6,31.6
0.23,-7.86,-3.08,31.6
-0.45,-12.07,-4.32,31.57
1.8,-7.68,-4.97,31.57
-0.82,-5.91,-5.07,31.6
-4.83,-6.49,-3.11,31.62
-1.71,-9.37,-4.38,31.59
0.2,-11.5,-4.18,31.63
-1.15,-10.75,-1.58,31.61
0.69,-8.97,-5.79,31.58
-2.54,-10.27,-7.92,31.56
-1.55,-8.56,-4.67,31.64
-0.5,-12.55,-2.39,31.62
3.69,-14.73,-3.88,31.56
0.58,-8.1,-6.72,31.55
-3.14,-8.42,-6.36,31.59
0.18,-10.6,-5.03,31.61
0.48,-9.83,-3.24,31.57
0.71,-8.38,-6.87,31.61
-0.81,-8.16,-6.16,31.58
-1.88,-7.51,-1.99,31.59
-5.13,-5.85,-1.89,31.56
-3.0,-10.28,-3.57,31.57
-4.08,-7.08,-5.84,31.63
-0.17,-5.26,-6.08,31.61
-3.05,-8.27,-7.41,31.61
-3.47,-9.23,-3.67,31.61
-1.28,-14.63,-1.19,31.59
-2.66,-11.54,-3.62,31.62
-1.06,-6.97,-4.0,31.57
-0.51,-5.8,-2.99,31.59
-4.61,-5.35,-2.59,31.57
-1.39,-8.56,-2.52,31.64
-2.94,-10.64,-2.91,31.58
0.77,-11.09,-2.19,31.57
0.01,-10.97,-7.63,31.58
-1.43,-7.87,-5.28,31.59
-3.32,-11.58,-4.72,31.62
-1.03,-10.86,-2.21,31.6
0.2,-12.82,-4.27,31.59
2.72,-9.4,-7.04,31.55
-1.81,-7.14,-3.97,31.57
-3.4,-9.01,-1.2,31.57
-3.42,-11.3,-4.61,31.56
-1.07,-8.13,-3.25,31.57
0.12,-4.55,-1.4,31.56
-2.69,-4.69,-0.97,31.57
-3.37,-8.87,-1.17,31.56
-1.91,-12.92,-1.84,31.6
-0.78,-8.35,-5.77,31.61
1.81,-9.93,-7.42,31.57
2.31,-9.34,-3.8,31.56
1.54,-13.35,-0.12,31.6
2.02,-12.25,-4.04,31.58
0.36,-8.51,-3.03,31.6
-1.58,-6.7,-7.46,31.57
-1.01,-10.17,-4.57,31.57
-1.25,-10.26,-2.87,31.55
-2.15,-6.4,-2.22,31.59
-2.41,-6.92,-5.52,31.57
-4.73,-6.92,-4.98,31.6
-1.85,-8.03,-4.32,31.58
-0.05,-14.2,-3.88,31.59
0.08,-11.37,0.41,31.59
0.23,-11.84,-5.06,31.56
-1.02,-10.0,-6.96,31.61
0.61,-10.51,-4.94,31.59
-2.73,-9.67,-3.09,31.58
-3.06,-9.66,-1.85,31.55
1.56,-15.35,-4.29,31.56
0.52,-8.96,-5.24,31.59
0.7,-5.89,-4.21,31.58
0.94,-9.57,-1.34,31.59
-1.58,-10.3,-2.36,31.57
-0.85,-8.32,-2.11,31.58
-1.93,-5.52,-2.96,31.56
-1.8,-4.96,-2.14,31.58
-0.74,-8.46,-0.92,31.57
-3.66,-9.73,-1.39,31.62
-3.22,-9.29,-3.17,31.6
-2.29,-10.53,-7.58,31.54
-0.4,-8.28,-6.38,31.56
0.15,-10.05,-5.91,31.59
1.57,-14.81,-1.68,31.55
0.89,-12.84,-3.93,31.6
-0.43,-10.23,-6.54,31.59
3.01,-6.92,-5.71,31.56
-0.84,-10.18,-5.43,31.57
-4.06,-11.15,-4.61,31.57
1.31,-6.81,-4.71,31.6
-1.78,-6.22,-7.79,31.57
-7.79,-6.73,-1.45,31.53
-1.08,-10.33,-1.47,31.57
-0.37,-9.65,-0.28,31.59
-1.55,-10.88,-4.03,31.59
-0.31,-8.58,-5.93,31.58
-1.37,-7.81,-3.88,31.59
-3.1,-17.03,-5.29,31.57
1.82,-11.2,-1.85,31.57
-2.37,-8.71,-1.37,31.59
-3.73,-7.01,-8.37,31.6
-0.61,-11.79,-4.04,31.58
1.53,-12.41,-3.96,31.58
-0.55,-8.73,1.33,31.61
-1.01,-10.01,-1.09,31.58
-0.61,-14.55,-2.03,31.6
0.58,-9.9,-3.8,31.57
0.13,-7.97,-3.4,31.59
0.45,-3.3,-2.26,31.6
-2.6,-7.81,-2.21,31.57
-3.75,-10.85,-3.45,31.59
-5.09,-2.89,-0.92,31.56
-1.67,-1.73,0.48,31.56
-1.72,-8.38,-7.14,31.58
-0.98,-7.59,-3.43,31.54
0.18,-9.94,-0.69,31.57
-0.3,-16.48,-0.76,31.61
-1.18,-10.99,-2.37,31.58
-0.27,-8.91,-5.85,31.6
-0.43,-8.28,-5.68,31.59
-4.37,-11.38,0.02,31.6
2.69,-14.74,-5.13,31.57
2.03,-8.9,-3.55,31.57
-0.98,-3.89,-3.74,31.59
0.38,-8.37,-6.31,31.57
-6.04,-14.25,-4.24,31.55
0.41,-8.18,-4.66,31.64
-0.07,-5.68,-3.12,31.56
-6.89,-2.8,-0.96,31.54
1.62,-9.63,-3.88,31.61
2.23,-12.49,-2.69,31.55
0.0,-9.04,-0.62,31.57
0.84,-15.79,-4.36,31.61
-1.48,-10.05,-5.39,31.59
-0.93,-9.54,-7.13,31.63
-2.5,-4.03,-5.68,31.59
-1.91,-11.44,-3.67,31.6
0.31,-7.39,-2.71,31.58
-1.02,-4.95,-1.94,31.59
-1.63,-5.14,-5.09,31.59
-4.21,-6.41,-1.41,31.62
-0.53,-9.71,-5.41,31.57
0.96,-12.25,-3.14,31.56
-0.51,-9.74,-1.98,31.6
1.96,-12.53,-8.22,31.55
-3.08,-8.11,-6.03,31.57
-1.46,-11.96,-4.88,31.57
1.36,-13.48,-3.7,31.59
-0.15,-14.85,-6.33,31.55
-0.31,-8.6,-6.66,31.6
0.16,-12.71,-5.54,31.58
1.71,-13.73,-2.34,31.6
-0.44,-14.57,-4.58,31.59
1.07,-8.69,-8.19,31.57
-1.11,-11.11,-7.22,31.58
1.28,-13.35,-2.61,31.59
0.82,-9.12,-3.42,31.62
-1.01,-7.61,-3.07,31.6
-5.52,-6.59,-2.77,31.59
-3.34,-6.78,-2.52,31.57
-2.6,-9.43,-2.09,31.57
-5.29,-6.58,-2.21,31.59
1.18,-7.4,-5.18,31.63
-1.78,-7.7,-6.64,31.57
-1.66,-6.57,-5.6,31.62
0.33,-13.98,-2.62,31.59
-0.58,-14.09,-2.06,31.58
-0.67,-11.66,-1.55,31.57
-2.93,-5.73,-8.56,31.56
-1.76,-11.24,-5.52,31.59
0.61,-15.94,-1.77,31.59
2.31,-9.12,-1.05,31.6
1.13,-6.34,-3.16,31.61
-0.62,-6.88,-4.14,31.6
-5.05,-9.89,-2.4,31.57
-1.42,-7.42,-0.86,31.6
-1.53,-7.82,-0.88,31.59
-4.5,-3.3,-1.87,31.55
-0.48,-6.19,-4.92,31.61
-1.58,-7.99,-4.8,31.54
-1.31,-9.87,-1.49,31.61
1.37,-9.48,-1.12,31.58
0.3,-13.34,-5.79,31.6
-2.69,-10.47,-7.91,31.59
-1.61,-4.81,-4.36,31.55
-7.29,-14.16,-1.22,31.56
5.9,-12.88,-3.63,31.6
0.37,-6.61,-5.32,31.62
-5.29,-8.31,-2.32,31.59
-2.92,-12.54,-5.21,31.62
1.08,-2.1,-2.09,31.55
-4.81,-0.26,-0.56,31.58
-3.68,-4.78,-1.14,31.55
-3.69,-4.49,-1.3,31.55
-3.41,-11.43,-8.94,31.58
4.1,-12.97,-6.54,31.55
4.56,-12.32,-0.67,31.57
-1.11,-8.96,-3.87,31.61
1.64,-12.05,-6.39,31.61
-1.33,-5.17,-6.74,31.55
-3.36,-11.72,-5.57,31.59
0.37,-7.86,-1.05,31.58
-2.47,-6.14,-0.33,31.53
-3.11,-6.35,-5.83,31.57
-4.36,-3.22,-2.98,31.6
-3.59,-8.69,-5.75,31.58
-0.64,-11.49,-4.84,31.58
2.38,-8.66,-0.56,31.59
1.6,-14.94,-5.95,31.59
-1.76,-11.55,-4.9,31.57
-6.96,-8.5,-4.49,31.61
2.52,-14.0,-4.84,31.59
3.72,-16.53,-3.51,31.62
-0.3,-8.15,-5.09,31.58
-1.41,-7.14,-2.96,31.59
-5.86,-11.23,-4.66,31.58
-1.26,-7.83,-3.22,31.58
-1.92,-7.18,-0.9,31.56
-1.47,-3.19,-2.36,31.56
-2.11,-6.89,-4.48,31.55
-3.27,-10.99,-3.67,31.57
1.88,-11.78,-2.76,31.58
-0.06,-13.39,-0.76,31.54
0.3,-12.77,-4.45,31.6
-3.26,-9.3,-9.08,31.56
-1.36,-8.92,-4.05,31.58
-1.37,-15.85,-3.47,31.57
1.54,-9.51,-3.93,31.62
0.86,-6.94,-3.82,31.56
-2.79,-6.92,-4.85,31.6
-4.96,-4.64,-1.13,31.57
-2.95,-7.41,-1.73,31.6
-5.39,-7.42,-0.73,31.57
0.9,-9.37,-5.21,31.57
-1.68,-8.65,-5.38,31.54
2.01,-7.74,-4.58,31.59
-4.42,-11.05,-5.92,31.61
-0.67,-11.28,-4.21,31.59
-2.35,-12.79,-2.62,31.59
2.44,-10.4,-3.84,31.58
-2.06,-12.95,-9.08,31.59
1.0,-9.54,-2.7,31.57
-0.77,-9.0,-0.67,31.54
-2.38,-10.34,-3.81,31.54
-1.56,-6.94,-5.36,31.57
-5.71,-3.72,-2.88,31.61
-1.69,-5.24,-0.31,31.59
-3.08,-10.76,-3.8,31.57
-5.7,-5.74,-0.17,31.58
-2.45,-9.02,-3.52,31.62
1.14,-8.69,-6.5,31.63
-2.4,-6.76,-4.86,31.62
-2.48,-7.94,-4.59,31.61
0.48,-4.97,-2.97,31.58
-1.12,-5.51,-1.29,31.59
-0.77,-8.55,-1.62,31.59
0.68,-8.31,-4.06,31.57
-2.41,-3.51,-3.66,31.57
-2.85,-6.54,-4.12,31.62
0.26,-8.42,-2.88,31.57
-2.7,-16.14,-1.46,31.58
0.34,-13.07,-1.38,31.6
-0.01,-10.72,-6.81,31.59
-1.3,-12.23,-6.99,31.6
4.51,-14.94,-4.71,31.58
2.69,-11.64,-0.51,31.59
0.99,-9.83,-4.16,31.53
-2.85,-10.96,-5.83,31.58
-1.43,-5.44,-3.08,31.57
-1.42,-10.53,-5.95,31.57
-1.12,-4.29,-3.85,31.59
0.93,-3.24,-3.72,31.59
2.14,-9.47,-5.12,31.59
-1.35,-8.39,-2.03,31.6
1.83,-11.68,-0.43,31.59
-3.15,-16.36,-3.29,31.57
0.64,-11.76,-3.31,31.6
1.57,-10.31,-7.26,31.6
-0.25,-8.65,-4.66,31.57
-1.37,-15.52,-5.24,31.58
-2.26,-5.93,-1.95,31.61
-0.63,-6.7,-2.9,31.58
-3.63,-10.23,-6.64,31.61
-4.01,-7.43,-0.17,31.63
-3.51,-7.95,-1.65,31.6
0.73,-4.06,-4.62,31.6
-0.11,-4.56,-5.14,31.57
-1.59,-7.6,-4.86,31.62
-1.74,-9.42,-2.48,31.58
2.05,-9.24,-1.86,31.58
-2.54,-18.84,1.36,31.59
-2.26,-11.17,-3.11,31.54
-2.52,-9.04,-8.96,31.62
-1.1,-12.95,-4.96,31.57
1.44,-14.67,-4.03,31.55
2.24,-8.27,-2.43,31.59
-0.41,-5.19,-3.35,31.6
-5.15,-5.63,-3.8,31.59
-3.79,-10.83,-3.92,31.6
-1.13,-10.14,-3.59,31.57
0.24,-9.23,-1.86,31.58
-3.23,-8.09,-3.94,31.62
0.63,-7.3,-5.04,31.6
-0.94,-11.79,-4.57,31.59
0.4,-12.75,-3.24,31.6
0.87,-11.11,-4.53,31.59
-0.96,-6.95,-5.68,31.57
-1.19,-6.55,-5.51,31.61
-3.9,-9.81,-2.94,31.58
-1.12,-11.77,-1.71,31.59
-0.96,-12.09,-1.98,31.6
1.03,-9.57,-4.51,31.56
-0.12,-7.18,-3.72,31.54
-1.24,-7.33,-2.47,31.61
1.83,-9.17,-4.27,31.57
-0.23,-12.03,-3.1,31.56
0.94,-9.95,-4.81,31.61
-1.66,-6.74,-4.56,31.62
-1.16,-7.64,-2.8,31.62
-0.79,-9.65,-3.85,31.61
-1.64,-10.27,-3.46,31.61
-1.19,-7.26,-4.12,31.59
-0.23,-5.72,-4.38,31.6
-3.16,-11.16,-1.91,31.57
-2.9,-11.95,-1.86,31.57
-0.77,-9.98,-3.96,31.56
-2.41,-5.53,-0.28,31.58
-1.52,-6.88,-2.77,31.56
-0.77,-9.53,-2.76,31.56
-1.54,-10.87,-1.34,31.61
-1.67,-9.0,-4.58,31.63
-1.61,-6.61,-3.22,31.59
-1.07,-8.06,-1.59,31.62
-0.25,-10.61,0.55,31.55
1.27,-12.02,-3.84,31.57
0.37,-9.55,-3.44,31.6
-2.73,-7.88,-4.68,31.61
0.18,-8.56,-3.94,31.57
-0.57,-10.7,-3.94,31.56
-1.96,-13.34,-3.29,31.6
-0.26,-11.06,-3.56,31.58
-3.0,-5.97,-6.09,31.62
-2.36,-7.83,-3.61,31.61
0.84,-12.28,-4.8,31.58
-0.08,-12.38,-3.39,31.61
-2.42,-9.0,-3.54,31.55
-1.55,-7.36,-3.63,31.58
-3.02,-7.73,-3.08,31.59
0.16,-10.7,-5.09,31.6
0.57,-12.73,-2.82,31.59
-0.39,-8.16,-4.4,31.59
0.29,-6.39,-3.68,31.58
-3.66,-9.18,-2.48,31.53
-1.13,-10.89,-4.4,31.6
-0.21,-11.87,-5.26,31.61
-1.43,-9.11,-5.08,31.57
0.52,-5.91,-3.83,31.61
-2.6,-8.47,-2.84,31.58
-0.4,-12.1,-5.17,31.59
-0.91,-8.07,-4.95,31.62
-1.94,-5.88,-3.28,31.61
-1.51,-8.31,-2.15,31.63
-3.98,-10.84,-3.55,31.59
-0.51,-10.64,-4.78,31.59
-1.63,-8.39,-2.82,31.57
-1.4,-6.34,-3.09,31.62
-1.66,-7.8,-1.24,31.6
-3.22,-10.17,-3.1,31.6
-0.35,-11.79,-5.47,31.63
-0.42,-8.7,-3.45,31.6
-0.91,-5.55,-2.87,31.54
-2.41,-7.87,-3.22,31.58
-1.14,-11.39,-1.74,31.62
-0.74,-11.38,-5.38,31.61
-1.16,-7.9,-3.16,31.6
-0.4,-6.53,-4.05,31.59
-0.18,-8.42,-1.94,31.54
-2.38,-11.6,-2.13,31.6
-0.37,-11.86,-5.98,31.59
-0.42,-8.45,-4.27,31.62
-2.89,-6.89,-2.53,31.6
-0.8,-8.45,-3.16,31.6
-0.51,-10.85,-2.5,31.59
-1.18,-10.58,-3.49,31.58
-1.6,-8.77,-2.75,31.66
-2.09,-6.64,-2.66,31.61
-1.98,-8.42,-2.83,31.6
1.17,-11.11,-2.13,31.61
-0.99,-11.54,-4.0,31.56
-1.77,-9.12,-5.62,31.57
-0.06,-6.91,-2.82,31.58
-1.64,-8.63,-3.46,31.58
1.13,-11.21,-3.65,31.57
1.11,-12.38,-3.68,31.59
-1.35,-9.58,-4.08,31.58
-3.8,-7.39,-3.3,31.59
-1.51,-8.43,-2.99,31.6
-0.67,-11.22,-2.43,31.59
-0.79,-11.1,-4.25,31.59
-1.87,-8.53,-5.05,31.6
-4.15,-6.96,-3.88,31.55
-1.27,-8.97,-4.52,31.57
0.58,-11.72,-4.74,31.55
-0.84,-11.0,-5.09,31.55
-1.52,-7.81,-4.24,31.58
-3.07,-6.99,-4.18,31.62
-2.25,-9.56,-5.2,31.59
1.34,-11.8,-5.74,31.58
-0.48,-10.86,-3.29,31.6
-2.24,-8.28,-3.44,31.56
-2.87,-7.05,-2.29,31.62
-3.29,-8.44,-3.41,31.57
-0.54,-12.1,-5.47,31.56
-0.37,-10.74,-4.52,31.57
-1.1,-8.11,-5.07,31.57
-2.92,-5.94,-4.71,31.57
-3.98,-9.54,-3.95,31.6
-0.85,-11.67,-6.54,31.59
-1.4,-11.04,-4.43,31.58
-1.19,-7.12,-4.76,31.59
-1.89,-5.45,-4.06,31.6
-3.25,-9.32,-2.66,31.61
-2.06,-10.91,-5.38,31.57
-1.69,-10.06,-4.02,31.58
-0.79,-6.61,-3.66,31.57
-1.86,-7.45,-4.44,31.58
-1.98,-9.51,-2.09,31.59
-2.82,-11.46,-5.16,31.58
-1.3,-10.11,-4.68,31.6
-1.13,-7.71,-3.68,31.54
-0.61,-6.49,-3.24,31.59
-2.14,-8.14,-0.63,31.58
-1.15,-10.71,-3.26,31.57
-0.62,-10.12,-3.08,31.61
-2.19,-6.95,-2.86,31.56
-0.86,-9.68,-1.64,31.6
-0.89,-11.98,-3.38,31.6
-2.42,-10.05,-5.38,31.58
-1.56,-6.18,-3.8,31.54
-1.53,-7.18,-3.21,31.53
0.03,-9.32,-0.86,31.55
-0.75,-10.93,-2.05,31.56
-2.79,-9.55,-3.81,31.59
-0.7,-6.42,-2.08,31.54
-1.1,-7.4,-2.18,31.59
-0.55,-9.45,-1.49,31.59
0.12,-11.24,-2.49,31.52
-0.23,-10.33,-5.01,31.56
-2.37,-7.59,-3.08,31.6
-1.8,-7.73,-3.49,31.57
-0.2,-10.35,-4.33,31.61
1.76,-11.28,-3.84,31.57
-1.04,-10.53,-3.73,31.61
-2.29,-7.43,-3.55,31.53
-1.81,-8.05,-2.54,31.59
-1.1,-10.07,-4.26,31.58
1.46,-11.55,-3.71,31.56
-1.36,-9.84,-4.78,31.58
-2.03,-7.97,-4.94,31.6
-2.93,-7.62,-3.65,31.56
-1.81,-10.29,-5.64,31.56
1.54,-11.84,-4.19,31.56
-0.21,-10.24,-4.43,31.57
-1.74,-6.28,-3.72,31.56
-3.57,-7.84,-3.47,31.54
-2.54,-10.66,-5.6,31.6
0.85,-12.13,-5.97,31.57
-0.69,-9.3,-4.28,31.57
-3.67,-6.63,-4.43,31.57
-2.04,-8.2,-2.77,31.59
-2.51,-10.56,-4.42,31.57
-0.61,-11.43,-4.87,31.53
-0.79,-9.42,-4.23,31.6
-1.6,-6.52,-3.74,31.51
-3.19,-8.86,-2.92,31.58
-4.08,-10.83,-5.01,31.52
-0.88,-10.36,-5.44,31.57
-1.4,-8.56,-4.4,31.55
-0.85,-6.8,-2.46,31.59
-1.74,-7.88,-1.64,31.56
-4.07,-10.18,-3.01,31.56
-0.07,-10.21,-4.54,31.56
-1.11,-7.75,-2.33,31.56
-2.72,-5.72,-2.94,31.56
-1.3,-7.63,-0.97,31.55
-0.4,-10.69,-0.63,31.54
-2.5,-11.19,-4.79,31.53
-1.31,-7.97,-3.98,31.61
0.24,-6.32,-3.79,31.55
-0.88,-7.65,-0.67,31.54
-0.77,-11.5,-2.93,31.53
-1.55,-11.73,-4.97,31.57
-0.58,-8.5,-2.96,31.52
-0.53,-6.84,-2.12,31.56
0.04,-8.43,-1.98,31.56
-0.42,-11.59,-2.82,31.55
0.3,-12.22,-4.16,31.53
-2.1,-8.8,-3.68,31.54
-2.5,-6.94,-3.14,31.58
0.6,-8.92,-3.87,31.59
0.91,-11.72,-3.94,31.55
-1.29,-12.22,-4.44,31.53
-1.21,-8.76,-4.63,31.53
-1.51,-6.85,-2.43,31.56
-1.06,-9.2,-4.35,31.54
0.89,-11.16,-3.22,31.55
0.31,-12.51,-3.25,31.52
-1.22,-8.32,-5.07,31.52
-3.7,-7.39,-4.31,31.59
-0.39,-9.1,-5.62,31.58
1.49,-11.54,-4.31,31.52
0.65,-11.31,-3.58,31.5
-0.04,-10.42,-4.7,31.56
-1.91,-9.41,-4.55,31.55
-2.72,-7.1,-3.91,31.57
-2.48,-8.79,-3.72,31.55
-1.14,-11.33,-5.85,31.54
-0.16,-11.08,-3.76,31.57
-0.32,-7.11,-3.85,31.51
-2.26,-6.51,-3.53,31.51
-4.28,-9.29,-2.52,31.6
-0.22,-11.92,-5.61,31.56
-0.53,-10.73,-4.15,31.56
-1.0,-7.47,-4.03,31.52
-2.36,-6.98,-3.91,31.57
-1.6,-9.82,-3.39,31.58
-3.19,-11.74,-5.12,31.56
-0.68,-10.28,-4.53,31.53
-0.05,-7.32,-4.98,31.58
-3.28,-6.33,-4.11,31.52
-0.62,-8.67,-1.25,31.58
0.33,-7.95,-2.16,31.58
1.45,-10.54,-1.26,31.56
0.49,-11.39,-3.29,31.56
-2.34,-9.73,-2.96,31.57
-1.66,-7.41,-2.4,31.56
-0.16,-8.18,-3.9,31.48
1.11,-11.31,-4.04,31.57
0.31,-12.29,-3.77,31.56
-1.33,-9.91,-3.84,31.55
-2.24,-7.51,-2.87,31.52
-0.49,-8.71,-4.0,31.53
0.8,-10.93,-3.74,31.56
0.69,-12.3,-3.53,31.6
-1.69,-8.8,-3.85,31.52
-3.63,-6.88,-3.29,31.59
-1.31,-9.33,-5.93,31.55
0.28,-12.02,-5.48,31.55
0.79,-11.05,-3.87,31.54
-1.61,-8.79,-3.4,31.51
-2.52,-7.87,-3.08,31.56
-1.83,-8.19,-3.84,31.58
1.33,-11.08,-3.1,31.54
0.51,-10.76,-2.94,31.5
-0.49,-8.43,-3.47,31.54
-2.86,-7.3,-2.03,31.53
-1.36,-9.18,-3.52,31.49
-0.17,-10.99,-4.71,31.52
0.67,-11.2,-4.37,31.54
-1.25,-8.87,-4.82,31.59
-2.92,-6.88,-3.58,31.53
-1.93,-8.49,-3.45,31.52
0.09,-10.92,-4.49,31.54
0.15,-10.74,-4.85,31.51
-1.84,-8.51,-5.25,31.52
-2.03,-7.34,-5.46,31.55
-3.72,-8.87,-4.18,31.57
-1.02,-10.89,-5.48,31.57
-0.14,-11.24,-4.36,31.54
-0.19,-8.21,-3.2,31.52
-0.02,-10.99,-3.04,31.57
-0.29,-11.2,-4.21,31.56
-2.4,-8.19,-2.94,31.56
-2.84,-7.16,-2.61,31.53
-0.88,-8.63,-4.21,31.57
1.0,-10.44,-3.68,31.55
-0.97,-11.51,-3.41,31.54
-2.32,-8.08,-4.53,31.56
-1.69,-6.85,-2.86,31.57
-0.92,-8.79,-3.64,31.57
1.11,-11.57,-4.41,31.59
-0.1,-11.66,-3.36,31.53
-0.44,-7.8,-4.18,31.53
-3.98,-7.14,-3.32,31.55
-2.26,-8.31,-4.63,31.57
2.45,-11.08,-3.9,31.56
-0.27,-10.42,-3.92,31.59
-1.16,-7.63,-3.85,31.56
-2.5,-6.93,-3.23,31.56
-2.44,-9.3,-3.35,31.55
-0.95,-11.66,-5.43,31.55
0.49,-10.79,-3.98,31.58
-0.81,-8.63,-4.88,31.52
-2.6,-8.11,-3.49,31.6
-2.52,-9.29,-3.99,31.58
0.16,-11.35,-5.98,31.58
-0.75,-11.49,-4.88,31.54
-0.32,-8.16,-4.46,31.51
-1.04,-6.86,-3.62,31.59
-5.54,-9.13,-3.94,31.57
-0.63,-11.37,-6.43,31.57
-0.12,-11.12,-4.6,31.55
-1.39,-8.0,-4.07,31.58
-1.82,-7.0,-4.11,31.54
-3.2,-9.26,-2.45,31.56
-0.44,-11.31,-4.81,31.57
-1.52,-11.36,-4.3,31.53
-1.15,-11.34,-3.35,31.53
-0.74,-7.5,-3.64,31.52
-1.53,-7.31,-1.57,31.56
-0.06,-7.72,-1.3,31.49
1.81,-12.39,-3.7,31.56
-0.66,-11.88,-3.11,31.5
-3.03,-7.28,-3.23,31.55
-1.99,-7.67,-3.55,31.55
-1.61,-7.45,-3.98,31.54
1.44,-10.74,-3.31,31.57
-0.22,-12.6,-4.17,31.54
-2.18,-9.88,-4.65,31.56
-2.15,-7.26,-2.8,31.51
-0.76,-7.45,-2.65,31.53
0.13,-10.45,-4.0,31.49
0.21,-11.89,-4.53,31.54
-1.58,-9.24,-3.54,31.52
-2.21,-6.19,-2.75,31.54
-2.16,-9.39,-4.0,31.53
-0.8,-11.98,-7.37,31.48
1.53,-11.99,-4.02,31.49
-2.5,-9.38,-4.6,31.52
-2.66,-6.78,-5.37,31.52
-1.94,-9.1,-4.42,31.53
-1.44,-11.05,-6.32,31.56
1.39,-11.14,-3.93,31.49
-0.51,-9.37,-4.82,31.51
-3.16,-5.71,-4.43,31.51
-3.31,-7.71,-2.67,31.5
-2.33,-11.12,-5.77,31.57
-0.9,-11.57,-3.71,31.51
0.5,-7.41,-3.51,31.55
-2.73,-5.87,-3.78,31.54
-3.02,-7.74,-1.89,31.54
-0.96,-10.68,-5.09,31.54
-1.59,-11.57,-5.72,31.48
-1.07,-7.71,-4.24,31.54
-0.37,-6.08,-4.29,31.52
-3.32,-8.12,-1.98,31.53
-1.53,-7.66,-3.95,31.54
-1.61,-6.79,-5.47,31.53
-1.75,-6.62,-2.72,31.49
-3.11,-10.08,-5.17,31.52
-0.85,-11.9,-5.92,31.52
-1.89,-9.14,-4.14,31.54
-1.59,-6.26,-3.86,31.56
-2.55,-6.96,-0.86,31.57
-2.94,-10.21,-1.71,31.52
-1.74,-10.86,-4.94,31.53
-1.43,-8.07,-3.12,31.58
-1.05,-6.05,-3.26,31.52
-1.31,-7.78,-1.15,31.56
-0.93,-9.76,-0.18,31.57
-2.54,-11.07,-5.38,31.54
-0.69,-9.03,-3.3,31.53
-1.24,-6.24,-3.75,31.58
-0.77,-7.18,-2.37,31.54
-1.47,-10.73,-1.92,31.54
-1.26,-10.82,-4.91,31.52
-0.16,-10.74,-3.85,31.53
-1.87,-7.12,-5.49,31.53
-2.46,-6.39,-3.34,31.56
-2.75,-10.27,-3.71,31.51
-1.06,-11.38,-5.01,31.6
-1.98,-10.46,-4.09,31.53
-0.68,-6.73,-4.83,31.56
-1.17,-6.95,-4.07,31.54
-1.71,-9.66,-2.23,31.58
-1.97,-11.55,-5.07,31.59
-1.01,-10.65,-3.79,31.54
-1.52,-6.92,-3.77,31.55
-1.15,-6.21,-3.19,31.52
-2.3,-8.87,-0.81,31.57
-3.22,-10.78,-5.09,31.56
-0.16,-9.91,-3.01,31.53
-2.28,-5.88,-3.58,31.54
-1.8,-6.47,-2.26,31.54
0.13,-9.07,-1.46,31.5
-0.24,-9.77,-0.41,31.5
-0.53,-12.05,-3.06,31.57
-1.66,-9.7,-4.4,31.52
-2.63,-6.04,-3.71,31.57
-0.35,-6.68,-2.78,31.53
0.34,-9.82,-0.96,31.54
-1.61,-11.41,-2.67,31.55
-1.03,-9.34,-3.24,31.53
-3.06,-6.87,-3.28,31.58
-1.11,-7.22,-2.2,31.57
0.81,-10.53,-2.49,31.53
-1.05,-12.42,-4.54,31.52
-1.14,-9.94,-4.74,31.58
-2.55,-6.65,-3.32,31.54
-2.4,-8.41,-3.67,31.51
0.23,-10.12,-4.02,31.52
1.51,-11.05,-3.47,31.53
-1.88,-9.67,-4.55,31.53
-4.58,-7.0,-4.13,31.58
-0.98,-8.31,-4.64,31.54
0.16,-10.59,-4.38,31.57
-0.09,-12.37,-3.38,31.55
-1.11,-9.79,-4.53,31.51
-1.91,-7.02,-4.7,31.52
-2.55,-8.14,-4.46,31.55
-1.92,-11.14,-6.35,31.57
1.22,-12.39,-4.67,31.55
-0.57,-9.95,-4.68,31.55
-2.67,-7.17,-6.45,31.56
-4.54,-7.9,-4.55,31.55
-1.82,-10.74,-5.72,31.59
0.28,-11.8,-4.21,31.55
-1.28,-9.1,-4.2,31.57
-0.98,-7.16,-5.04,31.56
-4.63,-8.41,-3.39,31.54
-2.86,-10.47,-5.33,31.56
0.17,-11.24,-6.05,31.57
-1.25,-9.4,-4.86,31.53
-1.79,-6.97,-5.47,31.52
-3.2,-10.85,-5.02,31.51
-0.22,-11.73,-5.84,31.59
0.55,-10.73,-3.7,31.54
-2.16,-7.49,-5.65,31.56
-1.99,-6.3,-4.16,31.54
-3.12,-9.15,-2.9,31.54
-0.84,-11.3,-5.54,31.51
-1.16,-10.8,-4.55,31.53
-1.9,-7.58,-4.95,31.52
-2.33,-6.2,-3.49,31.53
-2.75,-9.51,-1.16,31.54
-1.7,-11.94,-5.65,31.56
-1.93,-10.79,-4.06,31.53
-1.02,-6.38,-3.09,31.57
-0.5,-6.74,-3.33,31.57
-2.18,-9.11,-0.58,31.57
-2.39,-11.63,-4.6,31.52
-0.31,-10.72,-5.19,31.56
-2.05,-7.45,-3.69,31.52
-1.69,-8.47,-5.79,31.57
-2.43,-7.56,-3.78,31.52
-1.81,-7.95,-3.51,31.5
-0.11,-11.26,-6.17,31.51
2.25,-12.51,-5.19,31.54
-1.05,-10.31,-4.0,31.54
-3.17,-7.25,-4.28,31.52
-1.68,-7.92,-4.02,31.57
-0.67,-10.52,-5.87,31.57
1.81,-11.99,-4.34,31.53
-0.65,-10.38,-3.82,31.56
-2.66,-6.99,-5.32,31.51
-3.68,-8.11,-4.59,31.52
-1.65,-10.24,-5.51,31.52
1.5,-11.51,-4.34,31.51
-0.39,-9.65,-4.47,31.51
-1.92,-6.68,-4.78,31.52
-2.4,-8.15,-3.38,31.5
-2.84,-11.14,-5.54,31.57
1.06,-9.84,-0.27,31.55
1.71,-12.25,-2.0,31.57
-2.16,-10.35,-3.18,31.52
-1.48,-6.89,-3.26,31.53
0.13,-7.67,-3.14,31.54
0.82,-9.78,-1.89,31.56
0.44,-12.02,-3.57,31.52
-0.29,-9.71,-4.06,31.57
-2.31,-6.78,-3.53,31.56
-1.32,-7.76,-3.2,31.51
1.64,-10.45,-2.8,31.51
-0.08,-11.1,-3.13,31.55
0.36,-9.46,-3.08,31.51
-3.79,-7.41,-3.53,31.51
-2.25,-6.38,-2.15,31.53
-0.31,-9.09,-3.79,31.56
1.26,-10.66,-2.8,31.52
-0.26,-11.88,-4.13,31.54
-1.88,-8.63,-4.98,31.55
-1.9,-7.66,-3.55,31.53
-4.23,-8.71,-3.85,31.56
-1.47,-11.06,-7.33,31.55
1.71,-11.84,-4.13,31.54
-0.74,-8.62,-4.06,31.49
-2.5,-6.34,-4.57,31.54
-2.21,-7.8,-3.11,31.53
-1.17,-11.12,-5.32,31.54
-0.81,-12.6,-5.33,31.54
-0.38,-8.87,-4.95,31.57
-2.55,-5.98,-4.72,31.59
-1.21,-8.35,-2.13,31.56
-1.98,-11.5,-4.2,31.53
-1.24,-11.62,-3.5,31.5
0.21,-8.2,-4.02,31.56
-1.51,-6.17,-2.85,31.56
-1.75,-7.74,-0.77,31.48
-2.2,-11.67,-3.86,31.54
-1.3,-11.83,-6.3,31.57
-0.81,-7.98,-2.84,31.59
0.95,-9.93,-2.84,31.56
-0.45,-11.52,-3.11,31.53
-0.81,-9.59,-2.88,31.54
-0.96,-6.7,-2.52,31.52
-1.68,-8.04,-3.39,31.52
1.5,-9.96,-2.89,31.51
0.55,-11.58,-3.6,31.54
-0.1,-10.11,-3.99,31.53
-2.55,-7.22,-2.63,31.57
-2.2,-7.78,-4.26,31.54
0.19,-10.59,-4.79,31.53
0.87,-11.56,-2.52,31.54
-0.87,-9.13,-3.22,31.55
-3.22,-6.88,-2.69,31.51
-1.87,-8.43,-3.07,31.57
-0.83,-10.45,-5.11,31.52
0.86,-10.8,-3.78,31.55
-1.88,-10.19,-4.86,31.53
-2.25,-8.93,-5.19,31.5
2.1,-12.29,-4.6,31.53
-0.43,-11.05,-3.68,31.56
-1.58,-8.13,-3.76,31.53
-2.51,-7.32,-3.42,31.53
-1.91,-9.44,-3.47,31.55
-0.61,-11.48,-5.02,31.57
0.58,-10.9,-3.98,31.56
-2.27,-8.42,-5.53,31.55
-4.74,-7.36,-3.96,31.54
-2.54,-8.94,-4.38,31.53
-0.93,-10.93,-4.46,31.53
-0.88,-10.46,-4.41,31.5
-2.19,-8.56,-4.51,31.54
-2.79,-7.18,-4.32,31.51
-3.93,-9.14,-3.0,31.49
-0.79,-10.88,-5.28,31.53
-0.79,-11.03,-4.34,31.54
-1.83,-7.73,-5.38,31.54
-0.35,-10.75,-1.84,31.51
-2.65,-10.64,-3.97,31.52
-1.93,-10.69,-3.59,31.54
-3.16,-7.38,-4.37,31.54
-0.46,-6.1,-3.8,31.51
-1.19,-8.63,-0.96,31.57
-3.62,-11.66,-4.39,31.55
-1.14,-10.5,-4.13,31.52
-1.84,-5.91,-2.48,31.55
-2.07,-6.38,-2.62,31.55
-0.68,-9.63,-1.19,31.59
-0.23,-11.31,-2.49,31.57
-2.0,-10.0,-3.56,31.53
-2.47,-6.84,-2.59,31.59
0.24,-6.75,-2.5,31.52
0.9,-9.79,-1.07,31.56
-0.63,-11.9,-3.11,31.54
-0.83,-9.94,-3.81,31.56
-0.8,-6.73,-2.72,31.58
-1.0,-11.53,-4.65,31.57
0.02,-12.24,-4.44,31.52
-0.89,-9.79,-5.68,31.55
-1.69,-5.4,-4.78,31.54
-4.27,-7.5,-2.18,31.53
-2.16,-11.56,-5.39,31.55
0.05,-11.05,-4.27,31.5
-0.34,-8.37,-3.71,31.56
-3.49,-6.6,-4.61,31.55
-3.27,-7.16,-2.55,31.58
-1.24,-10.52,-4.73,31.54
-0.88,-11.14,-5.44,31.55
-2.44,-8.57,-5.68,31.51
-1.91,-6.27,-5.24,31.54
-2.02,-7.76,-3.09,31.55
-4.65,-10.48,-3.9,31.57
-1.22,-11.24,-6.92,31.53
-2.04,-9.18,-4.87,31.57
-1.1,-6.53,-5.29,31.54
-1.56,-6.96,-3.74,31.52
0.48,-6.52,-3.21,31.53
-1.63,-8.58,-0.57,31.49
-0.95,-10.92,-2.81,31.54
-1.06,-10.71,-3.89,31.52
-2.31,-6.79,-3.25,31.56
-1.15,-6.35,-1.92,31.56
0.1,-8.66,0.02,31.51
-0.19,-10.87,-1.62,31.51
-1.81,-10.3,-3.89,31.55
-2.52,-7.7,-2.29,31.56
-1.09,-7.06,-3.98,31.54
-0.58,-8.43,-1.73,31.57
-0.42,-10.62,-2.39,31.55
-1.81,-10.78,-4.25,31.55
-1.66,-7.31,-3.14,31.54
-1.33,-6.18,-3.1,31.54
-0.06,-9.92,-3.17,31.56
-0.93,-11.76,-3.13,31.53
-0.19,-10.05,-4.08,31.56
0.02,-11.98,-3.31,31.52
-0.23,-10.92,-4.12,31.5
-2.79,-8.13,-3.93,31.56
-2.55,-7.14,-3.56,31.55
0.02,-8.5,-4.21,31.54
0.43,-11.27,-2.92,31.57
-0.97,-11.35,-3.24,31.56
-2.12,-8.81,-4.52,31.56
-4.17,-6.96,-2.72,31.49
-0.97,-9.78,-5.63,31.5
0.54,-11.31,-3.9,31.54
-0.34,-11.53,-5.02,31.55
-2.49,-8.78,-6.7,31.55
-5.18,-6.95,-5.18,31.48
-1.65,-9.15,-5.32,31.54
-0.1,-12.42,-5.72,31.53
-1.71,-11.28,-4.2,31.53
-1.75,-8.27,-4.95,31.52
-3.34,-7.68,-4.25,31.52
-0.11,-10.59,-6.25,31.55
-1.44,-11.01,-5.25,31.55
-2.1,-9.96,-3.57,31.56
-1.94,-6.39,-3.85,31.51
-4.38,-6.55,-3.22,31.56
-1.26,-7.76,-4.21,31.59
-0.45,-12.17,-5.62,31.51
-2.65,-9.11,-3.37,31.53
-1.63,-5.76,-3.5,31.49
-3.82,-6.69,-2.4,31.52
-2.78,-8.21,-4.31,31.55
-0.73,-10.95,-4.91,31.56
-1.35,-7.41,-4.08,31.52
-1.92,-7.15,-4.84,31.52
-0.49,-6.95,-1.63,31.57
-2.24,-9.8,-4.07,31.54
-1.09,-10.2,-6.61,31.55
-1.74,-9.3,-4.8,31.56
-0.25,-6.92,-4.43,31.54
-1.16,-5.53,-0.32,31.54
-4.07,-9.39,-3.15,31.57
-0.52,-12.5,-4.7,31.51
-2.02,-11.11,-3.29,31.59
-0.64,-6.56,-4.72,31.54
-1.45,-7.31,-3.02,31.55
-2.76,-11.41,-5.08,31.54
-0.5,-12.05,-6.36,31.52
-2.63,-8.8,-3.6,31.54
0.52,-5.86,-2.76,31.55
-0.44,-7.29,-2.67,31.53
-1.48,-10.47,-3.34,31.51
0.27,-9.71,-3.54,31.54
-0.77,-7.42,-2.9,31.58
-2.15,-8.15,-3.37,31.57
-1.42,-7.54,-3.22,31.51
0.73,-9.16,-1.47,31.5
-3.16,-11.65,-5.04,31.52
-1.57,-9.22,-3.6,31.52
1.13,-5.46,-3.16,31.53
-4.53,-7.08,-3.31,31.54
0.52,-5.45,-3.41,31.52
-1.52,-8.38,-4.09,31.54
-3.76,-11.05,-4.59,31.55
-1.42,-10.86,-3.77,31.56
-3.17,-7.78,-3.77,31.51
-2.06,-6.1,-6.76,31.55
-0.56,-10.15,-4.08,31.53
-1.72,-12.35,-4.98,31.52
-1.69,-11.08,-5.88,31.51
-2.97,-8.04,-5.38,31.54
-1.03,-7.06,-5.32,31.51
-1.72,-8.57,-2.68,31.55
-1.38,-12.27,-4.01,31.52
-3.16,-11.76,-4.36,31.5
-0.6,-7.43,-2.06,31.55
0.53,-6.54,-3.88,31.54
-3.81,-8.58,0.05,31.52
-0.41,-10.06,-2.58,31.54
-2.37,-7.64,-3.6,31.53
0.44,-6.66,-3.0,31.52
-1.24,-9.4,-1.86,31.54
0.68,-12.01,-4.17,31.51
-2.12,-11.72,-5.57,31.54
-3.12,-7.05,-2.25,31.53
1.28,-6.37,-3.83,31.47
-1.83,-8.58,-2.84,31.51
-0.28,-10.61,-1.48,31.5
-0.71,-11.12,-4.01,31.53
-2.15,-6.54,-1.41,31.51
-0.45,-6.32,-2.61,31.53
1.39,-9.24,-1.02,31.5
-0.74,-11.74,-2.56,31.57
-1.81,-10.68,-2.63,31.54
-0.8,-8.2,-2.52,31.54
-0.4,-5.83,-3.05,31.49
-0.51,-9.6,-1.08,31.52
-1.64,-11.82,-2.68,31.52
0.22,-11.26,-5.58,31.51
-2.32,-10.79,-5.14,31.52
-1.98,-7.64,-5.64,31.52
-1.88,-6.26,-4.5,31.52
-4.23,-6.86,-4.33,31.49
0.41,-10.69,-6.0,31.52
-2.68,-11.57,-4.26,31.48
-2.19,-7.63,-3.97,31.51
-1.0,-6.81,-2.51,31.5
-6.43,-8.38,-3.11,31.51
0.64,-9.58,-5.54,31.49
-0.6,-11.08,-4.55,31.52
-4.54,-9.84,-4.06,31.56
-0.64,-7.75,-5.91,31.54
-3.96,-6.69,-3.64,31.54
-3.42,-10.19,-5.53,31.52
-1.46,-11.73,-4.85,31.52
-1.18,-7.87,-3.59,31.55
-2.37,-7.83,-4.55,31.51
-3.0,-8.49,-4.46,31.53
-2.72,-9.05,-4.73,31.53
-2.19,-7.76,-6.17,31.49
0.58,-10.47,-6.79,31.52
-0.37,-11.98,-3.63,31.56
-0.97,-9.23,-4.3,31.54
-3.52,-7.09,-2.21,31.51
-1.53,-9.45,-4.21,31.54
0.16,-11.58,-4.08,31.54
-0.9,-10.46,-3.17,31.52
-1.95,-9.4,-3.86,31.55
-2.14,-7.94,-3.9,31.54
-2.28,-9.66,-3.69,31.51
-1.01,-10.39,-3.96,31.49
2.12,-11.54,-4.86,31.5
-1.99,-10.13,-4.52,31.49
-2.23,-6.64,-0.02,31.53
-1.15,-7.9,-4.04,31.51
-2.46,-10.77,-4.25,31.51
-3.11,-7.04,-4.1,31.49
-1.42,-8.64,-4.89,31.48
0.05,-11.55,-5.63,31.54
-0.03,-10.52,-3.15,31.52
-2.84,-8.84,-1.98,31.55
-3.48,-9.12,-3.0,31.48
-2.41,-8.02,-6.01,31.5
-0.13,-11.45,-6.68,31.56
0.61,-10.26,-3.66,31.54
-2.17,-9.72,-2.57,31.5
-2.72,-7.31,-2.26,31.51
-2.45,-8.04,-3.6,31.48
0.07,-8.92,-4.96,31.51
0.22,-10.34,-1.73,31.49
-1.76,-9.9,-1.48,31.46
-0.68,-8.43,-0.44,31.5
-3.14,-8.16,-3.0,31.49
-0.22,-9.05,-3.37,31.5
0.72,-10.94,-3.47,31.5
-3.46,-8.77,-4.7,31.5
-2.69,-9.47,-3.77,31.52
-1.91,-8.55,-4.46,31.49
-2.95,-11.4,-6.8,31.53
-1.08,-11.1,-3.88,31.48
-0.89,-10.15,-4.75,31.52
-4.74,-7.87,-2.08,31.54
-2.53,-8.7,-1.89,31.52
0.22,-11.41,-5.07,31.48
-0.57,-11.59,-2.92,31.53
-3.65,-8.8,-2.44,31.53
-4.97,-6.63,-1.11,31.54
-1.92,-6.93,-5.19,31.54
-0.98,-9.58,-5.78,31.48
-1.31,-11.29,-3.88,31.52
-1.81,-9.95,-3.58,31.51
-2.57,-5.86,-1.66,31.5
-1.19,-5.8,-4.81,31.52
-1.34,-10.23,-5.54,31.56
-2.43,-7.54,-2.71,31.52
-3.34,-6.38,-2.11,31.51
-2.66,-7.42,-2.41,31.53
-0.27,-9.24,-5.37,31.52
-3.97,-11.53,-4.41,31.52
-1.89,-9.45,-2.05,31.51
-2.11,-7.87,-2.64,31.54
-4.72,-9.0,-4.58,31.48
-1.41,-12.27,-8.12,31.53
-3.78,-11.07,-4.15,31.5
-2.74,-7.32,-2.32,31.49
-1.3,-5.91,-3.73,31.55
-2.26,-8.04,-4.26,31.53
-1.96,-10.78,-5.29,31.52
-1.24,-10.35,-4.74,31.51
-2.6,-7.67,-2.94,31.45
-3.99,-6.54,-4.93,31.55
-1.85,-6.11,-3.34,31.55
-2.46,-7.13,-6.3,31.49
-0.16,-7.09,-4.14,31.54
-3.28,-10.33,-5.66,31.52
-0.77,-11.1,-5.28,31.52
-1.14,-9.17,-3.96,31.52
-0.67,-4.45,-2.47,31.5
-0.55,-7.7,-3.49,31.49
-1.93,-10.88,-3.61,31.52
-1.27,-10.86,-4.07,31.52
-3.58,-8.0,-2.65,31.49
-2.35,-6.02,-3.57,31.53
-0.04,-7.43,-2.32,31.49
-0.88,-9.95,-3.42,31.5
-0.7,-9.96,-2.52,31.54
-1.55,-7.85,-1.04,31.48
0.57,-6.41,-3.01,31.52
-1.48,-8.1,-1.02,31.51
-3.24,-11.19,-3.06,31.52
-0.61,-11.75,-3.94,31.5
-1.01,-7.11,-1.75,31.5
-1.61,-4.1,-0.31,31.51
-1.81,-7.54,0.3,31.52
-2.47,-10.79,-3.54,31.54
-2.15,-10.0,-2.04,31.49
-2.57,-7.4,-0.96,31.52
-0.81,-5.0,-4.62,31.5
-0.77,-7.88,-1.74,31.49
0.86,-10.59,-1.65,31.5
0.73,-11.21,-2.03,31.53
-2.28,-7.24,-1.19,31.51
1.22,-5.04,-3.49,31.52
-0.76,-8.51,-1.8,31.51
-1.97,-11.03,-3.13,31.5
-1.76,-11.22,-3.49,31.53
-1.89,-6.16,-2.25,31.51
0.81,-6.52,-3.91,31.57
-0.49,-8.89,-1.86,31.5
2.5,-12.22,-2.85,31.54
-1.49,-11.8,-1.87,31.5
-0.81,-5.5,-1.28,31.51
2.17,-5.8,-2.83,31.52
-1.33,-10.03,-2.28,31.52
1.21,-9.88,-2.34,31.5
-1.33,-9.36,-1.72,31.54
-2.22,-7.74,0.24,31.57
-1.72,-9.91,-6.0,31.52
-1.54,-11.52,-4.06,31.53
0.58,-11.17,-5.25,31.53
-1.56,-8.25,-5.44,31.52
-2.16,-7.06,-6.22,31.51
-0.4,-10.53,-6.16,31.53
-1.57,-11.13,-4.53,31.54
-1.32,-11.18,-3.64,31.55
-3.1,-7.83,-4.02,31.49
-3.85,-6.29,-5.52,31.48
-0.57,-10.22,-6.38,31.52
0.11,-12.28,-5.56,31.56
-0.47,-10.35,-5.17,31.51
-1.73,-8.39,-3.98,31.52
-3.31,-7.21,-1.69,31.51
-2.72,-8.92,-5.36,31.5
-1.42,-12.05,-6.21,31.48
-0.88,-10.51,-4.01,31.5
-0.38,-7.71,-2.62,31.49
-1.91,-7.13,-2.68,31.51
-2.47,-7.41,-3.88,31.49
-5.13,-9.21,-4.61,31.48
0.67,-11.34,-5.4,31.5
-0.07,-12.82,-6.08,31.51
-2.3,-9.27,-5.58,31.49
-0.07,-8.46,-3.56,31.52
-5.44,-10.18,-5.71,31.47
-2.13,-10.13,-7.12,31.53
1.16,-12.62,-3.52,31.53
-1.1,-10.98,-3.96,31.53
-0.24,-6.93,-3.65,31.52
-2.23,-7.41,-4.75,31.48
-0.82,-11.46,-5.89,31.48
-1.04,-12.58,-4.69,31.54
-0.54,-8.01,-3.33,31.51
0.03,-6.73,-3.15,31.53
-3.75,-8.15,-5.78,31.52
-0.9,-11.16,-6.94,31.45
-0.88,-8.16,-2.97,31.5
-0.91,-9.82,-3.6,31.49
-1.14,-12.67,-3.92,31.52
-3.1,-9.48,-4.19,31.52
-2.79,-7.78,-3.4,31.53
-3.0,-8.37,-4.66,31.5
0.1,-10.37,-5.59,31.53
0.46,-11.08,-4.69,31.47
-3.67,-8.78,-4.38,31.5
-2.22,-7.0,-4.1,31.5
-2.7,-7.72,-6.67,31.51
-1.92,-10.27,-4.87,31.5
0.59,-11.0,-3.42,31.54
-3.63,-12.0,-5.18,31.51
-2.02,-7.22,-4.5,31.47
-1.55,-7.95,-4.97,31.49
-1.49,-9.62,-5.49,31.53
-0.86,-10.9,-4.13,31.48
-3.7,-10.01,-3.95,31.53
1.19,-12.66,-5.03,31.5
-4.24,-10.45,-2.99,31.5
-0.89,-4.16,-4.29,31.47
0.58,-7.02,-2.65,31.54
-4.58,-11.07,-3.08,31.51
-0.49,-10.45,-3.35,31.49
-0.85,-9.28,-1.55,31.5
-1.58,-4.59,-3.15,31.49
-1.07,-6.45,-2.02,31.52
-0.51,-9.62,-2.91,31.49
-0.59,-11.8,-3.13,31.51
-2.96,-8.91,-2.18,31.51
-0.04,-5.77,-1.78,31.46
-2.3,-7.0,-2.32,31.49
-2.41,-9.71,-2.06,31.52
-0.63,-10.9,-3.38,31.48
-3.28,-9.23,-2.21,31.45
-1.77,-7.85,-5.57,31.49
-2.04,-6.77,-3.17,31.49
-0.43,-10.48,-1.72,31.52
-1.67,-6.67,-0.82,31.53
0.12,-5.63,-3.75,31.5
1.33,-8.95,-1.96,31.5
-0.56,-11.86,-2.48,31.5
-1.48,-12.34,-2.83,31.49
-1.77,-7.32,-1.68,31.44
1.32,-5.66,-3.92,31.51
-2.47,-10.45,-2.6,31.49
0.72,-11.3,-2.79,31.47
-0.85,-11.24,-2.99,31.51
-3.42,-7.26,0.08,31.46
2.39,-6.39,-2.67,31.49
-0.87,-10.23,-1.96,31.49
-0.45,-12.35,-3.09,31.54
-0.92,-11.25,-1.92,31.49
-2.24,-6.96,-1.39,31.46
0.85,-7.2,-4.38,31.49
0.84,-9.67,-2.93,31.49
0.76,-7.77,-1.75,31.51
1.85,-9.78,-0.14,31.47
-2.0,-11.47,-1.37,31.49
-1.44,-7.94,-1.85,31.51
0.43,-5.16,-2.86,31.47
-2.13,-7.37,-1.66,31.52
0.4,-9.42,-1.24,31.45
-1.59,-11.43,-2.77,31.47
-1.98,-8.76,-1.23,31.48
-0.75,-6.28,-2.84,31.49
0.32,-6.11,-1.84,31.47
-1.16,-8.01,-2.87,31.46
-1.62,-10.34,-3.88,31.53
-0.92,-8.6,-0.67,31.54
-2.9,-7.33,-1.91,31.47
-0.88,-8.32,-1.93,31.49
-1.27,-8.07,-1.22,31.49
-0.76,-9.8,-1.57,31.52
-0.35,-10.95,-1.87,31.51
-1.25,-7.72,-2.51,31.5
0.13,-6.04,-3.15,31.47
-1.29,-8.63,-0.82,31.46
-0.38,-11.23,-2.7,31.51
-2.17,-10.88,-3.5,31.52
-4.36,-6.95,-2.48,31.45
-1.48,-6.62,-3.86,31.46
-0.07,-8.15,-2.9,31.46
-3.08,-10.78,-4.85,31.5
-1.08,-10.1,-2.62,31.52
-2.14,-7.48,-3.21,31.47
-2.29,-5.44,-4.12,31.44
0.19,-8.49,-3.09,31.51
-1.32,-10.59,-4.88,31.46
-1.9,-10.0,-2.75,31.48
-3.11,-7.7,-1.53,31.48
-1.74,-6.21,-5.52,31.49
-1.2,-9.2,-3.18,31.51
-1.37,-10.4,-4.25,31.45
-0.93,-10.09,-1.96,31.48
-2.32,-7.37,-1.22,31.47
-1.93,-6.24,-4.07,31.47
-2.97,-10.49,-2.63,31.46
-2.23,-10.7,-5.39,31.46
-1.84,-9.63,-2.64,31.48
-1.13,-7.04,-2.83,31.52
-1.15,-6.49,-3.61,31.48
-1.01,-8.82,-1.88,31.5
0.2,-12.06,-4.09,31.48
-0.59,-11.52,-2.03,31.5
-2.56,-6.36,-0.14,31.48
-0.22,-5.5,-3.07,31.5
-0.84,-8.4,-2.12,31.44
0.65,-10.55,-3.77,31.45
-2.03,-11.62,-4.16,31.51
-3.45,-7.04,-2.67,31.49
1.63,-6.08,-4.67,31.5
-1.21,-10.22,-3.22,31.46
0.85,-12.04,-4.99,31.5
-1.64,-7.25,-4.45,31.51
-2.54,-9.61,-4.28,31.52
1.14,-11.07,-4.35,31.49
-2.19,-11.79,-2.91,31.49
-4.42,-8.7,-3.21,31.47
-1.0,-6.86,-5.35,31.49
-0.24,-10.13,-6.37,31.47
-0.42,-12.36,-7.32,31.51
-0.06,-12.09,-3.73,31.51
-0.22,-8.97,-3.79,31.44
-3.08,-5.1,-4.02,31.49
-0.49,-9.82,-5.18,31.5
1.65,-11.39,-4.6,31.48
-1.37,-11.32,-3.47,31.48
-1.46,-9.51,-3.68,31.51
-1.41,-6.94,-3.32,31.51
-1.05,-9.52,-3.82,31.5
0.78,-12.64,-6.6,31.46
-1.79,-12.4,-4.38,31.47
-2.04,-10.05,-3.65,31.43
-2.05,-7.65,-2.84,31.49
-0.67,-8.43,-3.85,31.51
0.46,-12.16,-3.15,31.45
-1.04,-12.26,-4.54,31.48
-2.61,-10.29,-1.9,31.44
-1.7,-6.7,-2.1,31.5
0.51,-10.13,-3.82,31.47
2.03,-12.45,-3.57,31.44
-0.7,-11.22,-4.54,31.47
-1.64,-9.31,-2.58,31.51
-3.34,-7.86,-4.68,31.5
0.96,-9.06,-7.35,31.51
1.63,-12.19,-5.12,31.5
-1.93,-11.3,-4.79,31.44
-0.4,-8.24,-3.47,31.49
-2.75,-5.67,-3.81,31.51
-1.36,-9.45,-5.78,31.5
0.73,-11.6,-4.81,31.48
-3.39,-8.19,-3.67,31.47
-2.86,-6.33,-4.77,31.46
-2.62,-8.1,-5.29,31.47
-0.46,-10.81,-4.72,31.47
0.99,-11.42,-4.19,31.49
-2.39,-9.1,-4.61,31.49
-4.21,-6.05,-2.13,31.48
-0.83,-7.26,-4.58,31.51
-1.25,-11.22,-4.93,31.44
-2.56,-12.09,-4.74,31.5
-1.53,-9.56,-2.75,31.42
-3.06,-4.86,-2.87,31.49
-1.92,-8.32,-3.57,31.45
0.29,-11.89,-6.32,31.49
-2.12,-11.02,-3.71,31.53
-3.3,-9.74,-3.89,31.48
-2.45,-7.15,-4.93,31.52
-3.67,-7.75,-6.18,31.49
-1.14,-9.99,-7.33,31.49
-0.82,-11.04,-4.43,31.47
0.01,-10.6,-1.94,31.48
0.45,-8.37,0.04,31.47
-1.57,-4.15,-4.25,31.44
-0.95,-8.56,-2.76,31.5
-0.27,-9.61,-1.22,31.49
-0.09,-9.27,-2.4,31.47
-0.83,-8.78,-2.33,31.48
-2.5,-5.62,-2.6,31.48
1.17,-7.28,-2.13,31.46
-2.37,-9.93,-1.53,31.5
-1.94,-9.99,-2.03,31.48
-0.88,-8.01,-2.12,31.47
-2.12,-5.8,-2.43,31.47
-0.39,-6.55,-0.89,31.48
-1.04,-10.27,-4.13,31.44
-2.67,-12.37,-5.5,31.45
-0.72,-7.2,-3.36,31.45
-1.05,-4.89,-1.94,31.52
1.43,-9.63,-8.0,31.49
-0.37,-11.14,-5.34,31.52
0.63,-13.96,-5.32,31.48
-0.37,-10.4,-4.7,31.46
-1.42,-7.3,-2.66,31.47
-2.76,-10.98,-5.53,31.46
-0.07,-11.48,-6.09,31.49
1.46,-11.24,-5.13,31.41
-2.27,-8.28,-3.95,31.49
-2.04,-6.77,-2.85,31.47
0.24,-7.73,-3.98,31.43
-0.06,-10.52,-3.67,31.49
-1.31,-11.66,-3.63,31.52
-1.57,-8.09,-3.37,31.47
-1.78,-4.9,-0.77,31.49
-2.99,-8.92,-3.18,31.46
-1.72,-10.66,-5.92,31.48
0.39,-9.59,-3.16,31.5
-2.02,-8.33,-1.88,31.49
-3.45,-6.99,-3.65,31.47
-3.11,-8.84,-5.47,31.47
-1.58,-11.31,-3.58,31.45
0.02,-9.53,-1.85,31.45
-4.21,-8.58,-2.55,31.48
-3.76,-6.5,-2.62,31.46
0.62,-6.32,-4.89,31.46
-1.98,-12.1,-5.81,31.48
-2.2,-12.56,-6.71,31.5
-0.44,-10.44,-3.83,31.49
-3.95,-6.07,-3.68,31.5
-1.87,-7.76,-5.15,31.5
0.74,-10.98,-6.85,31.44
-1.16,-11.53,-6.29,31.47
-1.39,-8.29,-6.1,31.47
-1.68,-6.95,-5.25,31.46
-1.87,-9.49,-4.62,31.41
-0.23,-13.25,-7.47,31.49
-1.07,-12.67,-5.38,31.48
-1.13,-11.27,-2.34,31.47
-0.56,-10.55,-4.78,31.5
-2.83,-9.71,-2.75,31.46
-0.62,-4.54,-1.02,31.49
0.81,-6.73,-2.07,31.45
-0.95,-12.12,-2.7,31.48
0.36,-12.48,-5.37,31.44
-2.94,-9.56,-1.45,31.44
-1.2,-5.71,-3.23,31.53
2.03,-7.47,-4.24,31.48
-0.11,-10.83,-2.77,31.45
-0.8,-10.65,-2.62,31.47
-4.28,-10.91,-2.3,31.48
-1.46,-4.6,-4.02,31.5
1.41,-7.73,-3.49,31.5
-2.08,-10.86,-3.18,31.48
-0.08,-11.98,-6.09,31.48
-2.66,-10.59,-4.01,31.45
-2.09,-6.46,-3.98,31.44
1.43,-7.87,-4.26,31.44
-1.52,-10.64,-3.23,31.47
-0.47,-12.29,-6.3,31.49
-1.23,-11.44,-3.03,31.44
-3.96,-8.58,-3.83,31.48
-0.22,-7.79,-5.09,31.47
2.78,-10.64,-3.75,31.46
-2.4,-11.64,-5.14,31.47
-2.98,-10.43,-2.57,31.48
-0.16,-6.25,-3.06,31.46
1.36,-5.32,-6.14,31.45
-2.54,-11.58,-3.94,31.47
0.72,-10.26,-5.09,31.47
-0.88,-9.24,-1.82,31.45
-3.33,-5.66,-4.08,31.5
3.2,-8.04,-2.67,31.47
1.74,-10.96,-1.65,31.46
-0.0,-11.47,-4.09,31.42
-1.53,-10.47,-3.18,31.5
-1.01,-6.99,-1.11,31.47
-0.67,-8.35,-3.08,31.46
-3.33,-7.97,-3.19,31.49
-3.74,-9.16,-4.03,31.48
1.69,-10.78,-6.46,31.47
-2.04,-12.16,-5.02,31.49
-0.78,-9.22,-4.13,31.49
-1.63,-7.73,-2.3,31.5
-3.28,-8.67,-4.58,31.45
0.41,-11.37,-6.17,31.45
0.15,-11.63,-3.88,31.42
-1.69,-10.35,-3.22,31.47
-1.08,-6.64,-3.24,31.43
-1.62,-7.14,-2.43,31.45
0.96,-9.64,-3.77,31.46
-2.66,-12.67,-5.21,31.43
-0.24,-8.77,-2.58,31.42
-0.88,-5.64,-2.94,31.49
-3.67,-8.53,-3.38,31.5
1.01,-12.17,-6.24,31.48
-3.1,-10.09,-3.77,31.49
-2.35,-10.98,-4.6,31.49
-3.28,-12.25,-5.03,31.46
-0.79,-9.74,-4.05,31.48
-2.31,-7.24,-6.05,31.48
-3.01,-8.66,-3.94,31.49
-0.2,-10.59,-4.91,31.5
-0.24,-11.52,-2.89,31.48
-1.64,-7.9,-2.32,31.42
-2.99,-5.4,-2.42,31.45
-1.79,-6.65,-1.64,31.44
-2.16,-9.96,-3.41,31.44
-1.92,-11.15,-2.16,31.46
-1.38,-8.5,-4.28,31.44
-3.65,-6.21,-3.86,31.49
-4.92,-7.88,-3.51,31.45
-2.5,-10.37,-5.25,31.47
-1.56,-10.53,-3.29,31.46
-2.78,-8.2,-3.02,31.48
-0.15,-11.14,-5.49,31.42
0.48,-10.99,-4.56,31.43
-2.33,-7.18,-2.06,31.45
-1.66,-8.71,-3.65,31.47
0.14,-10.58,-8.07,31.46
3.1,-12.29,-5.47,31.41
0.21,-12.25,-4.39,31.46
-2.62,-8.74,-3.85,31.49
-0.51,-9.21,-3.6,31.45
-0.42,-8.99,-4.21,31.38
1.15,-11.77,-6.11,31.47
-1.23,-11.86,-5.56,31.39
-1.71,-7.54,-4.27,31.42
-3.0,-7.35,-3.58,31.45
-1.22,-9.76,-4.12,31.47
-0.26,-11.85,-6.93,31.43
-2.21,-10.22,-4.72,31.41
-3.5,-9.13,-6.82,31.43
-4.5,-9.09,-6.15,31.42
-0.57,-10.81,-8.41,31.43
-0.84,-11.5,-6.7,31.42
-2.97,-10.7,-4.8,31.4
-2.23,-7.34,-4.81,31.37
-3.04,-7.39,-3.24,31.46
0.16,-9.37,-5.2,31.42
1.24,-12.27,-4.92,31.44
-2.02,-11.07,-4.21,31.46
-4.9,-6.49,-2.98,31.41
-1.19,-8.62,-2.49,31.39
-1.63,-10.83,-6.28,31.4
-2.35,-11.99,-4.32,31.37
-0.94,-10.56,-3.5,31.41
-2.53,-6.88,-2.12,31.41
-1.77,-6.45,-2.65,31.43
0.62,-10.54,-3.01,31.47
0.72,-11.06,-3.4,31.42
-1.22,-10.49,-3.85,31.38
-3.53,-7.66,-2.41,31.42
-1.64,-6.59,-5.16,31.39
-4.59,-7.22,-3.73,31.43
0.06,-10.44,-5.38,31.45
-1.38,-12.19,-6.59,31.42
-2.47,-9.59,-4.28,31.45
-0.9,-6.98,-5.75,31.45
-3.51,-6.89,-4.34,31.44
-1.8,-8.07,-6.06,31.43
0.79,-11.59,-4.03,31.45
-1.71,-11.75,-3.87,31.44
-4.03,-6.76,-4.34,31.46
-4.57,-7.53,-3.78,31.44
-1.04,-9.68,-4.43,31.44
0.02,-10.71,-5.11,31.42
-1.64,-11.34,-3.85,31.47
-2.09,-8.3,-3.97,31.49
-5.02,-7.99,-3.09,31.44
-1.21,-10.03,-5.37,31.4
-0.27,-11.61,-5.51,31.46
-1.11,-9.21,-4.38,31.42
-0.65,-9.78,-3.98,31.4
2.75,-7.78,-3.11,31.45
-2.11,-9.17,-2.76,31.42
-0.04,-11.14,-3.92,31.42
1.08,-12.46,-4.68,31.41
-0.75,-9.74,-4.82,31.39
0.38,-7.67,-2.84,31.44
-0.8,-8.98,-3.13,31.44
-0.55,-11.23,-4.57,31.4
-0.93,-12.74,-6.29,31.36
1.17,-10.75,-3.43,31.44
-0.29,-10.05,-3.34,31.44
-3.71,-7.7,-3.11,31.43
0.62,-8.37,-3.8,31.4
0.03,-11.11,-4.33,31.48
-1.62,-11.3,-3.4,31.44
-1.65,-8.57,-3.91,31.43
-0.01,-6.24,-3.58,31.44
-2.41,-9.08,-2.57,31.43
0.59,-10.86,-2.04,31.46
-2.0,-12.2,-5.15,31.42
-0.88,-8.27,-2.05,31.42
0.1,-6.8,-5.04,31.46
-1.87,-8.66,-3.89,31.42
-0.07,-12.36,-3.9,31.44
-1.56,-11.88,-5.44,31.46
-3.48,-9.28,-3.93,31.41
2.1,-6.36,-3.95,31.42
0.74,-7.6,-2.44,31.42
-0.25,-11.54,-1.07,31.43
-1.88,-11.01,-4.66,31.43
-0.94,-7.5,-2.97,31.46
3.1,-6.11,-3.53,31.39
-0.5,-8.97,-2.84,31.44
-0.67,-12.29,-3.08,31.44
-0.96,-11.41,-6.61,31.42
-2.28,-7.94,-4.35,31.41
-1.58,-7.2,-3.54,31.46
-0.57,-9.2,-3.01,31.44
-1.38,-11.5,-5.71,31.4
-3.0,-11.96,-4.91,31.42
-1.88,-8.07,-4.24,31.42
-1.92,-6.9,-5.35,31.41
-1.23,-7.73,-4.34,31.43
-0.94,-10.02,-3.62,31.42
-2.91,-11.27,-3.44,31.4
-2.83,-7.64,-4.14,31.43
0.27,-5.14,-5.21,31.42
-1.16,-8.55,-2.37,31.42
-1.59,-13.08,-2.92,31.41
-1.89,-12.55,-6.0,31.4
-2.79,-7.97,-3.52,31.48
0.42,-7.08,-3.79,31.39
-3.27,-8.29,-2.73,31.38
-1.75,-10.94,-3.03,31.37
-1.12,-11.72,-4.45,31.45
-4.34,-7.7,-3.09,31.41
0.31,-6.62,-3.17,31.46
0.3,-7.48,-1.34,31.44
-2.31,-10.24,-2.31,31.39
-0.8,-9.56,-2.65,31.42
-1.35,-10.86,-4.19,31.4
-3.18,-9.41,-3.65,31.43
-1.05,-6.45,-4.99,31.47
-1.77,-6.36,-2.84,31.46
-2.42,-8.93,-2.56,31.4
0.68,-10.39,-3.24,31.41
-2.83,-10.23,-3.04,31.43
-1.8,-5.38,-3.47,31.43
-1.71,-5.03,-2.18,31.43
-2.23,-8.87,-2.03,31.42
0.65,-10.92,-2.64,31.4
-3.62,-10.99,-3.04,31.42
-2.09,-7.43,-2.13,31.37
0.57,-5.86,-3.51,31.42
-1.12,-9.48,-2.66,31.38
-1.46,-11.76,-3.89,31.42
-2.24,-10.44,-2.82,31.42
-1.08,-6.19,-3.96,31.43
-0.23,-7.12,-2.6,31.47
-1.35,-8.38,-2.8,31.44
-3.19,-11.5,-5.15,31.4
-0.61,-9.4,-4.15,31.44
-2.87,-6.42,-4.11,31.41
-0.89,-4.82,-3.0,31.44
-0.15,-9.15,-2.15,31.44
-2.35,-11.45,-5.27,31.42
-2.11,-10.98,-5.31,31.44
-3.2,-7.33,-4.47,31.45
0.32,-5.59,-4.41,31.4
-1.55,-10.08,-2.7,31.45
-2.43,-11.56,-5.6,31.45
-1.47,-10.64,-4.09,31.43
-2.4,-7.34,-2.24,31.41
0.6,-6.37,-4.87,31.42
-0.45,-8.81,-2.18,31.44
-1.13,-12.05,-3.87,31.42
-1.52,-9.91,-2.77,31.4
0.63,-11.89,-4.98,31.44
-2.42,-10.93,-3.67,31.44
-1.37,-6.67,-4.49,31.43
0.96,-7.3,-5.24,31.47
-0.64,-12.53,-4.28,31.41
-1.4,-13.07,-4.72,31.43
-3.51,-10.47,-3.53,31.43
-1.58,-7.15,-2.53,31.39
-0.45,-6.48,-4.83,31.46
-0.01,-10.74,-2.35,31.4
-0.23,-11.64,-3.32,31.42
-4.09,-9.55,-3.14,31.4
-1.25,-6.69,-2.38,31.45
-0.27,-7.85,-2.5,31.44
0.62,-9.78,-0.79,31.43
1.46,-10.0,-2.63,31.44
-3.3,-10.47,-2.25,31.39
-0.41,-7.06,-1.88,31.42
3.43,-5.96,-1.6,31.46
-2.85,-8.79,-3.48,31.43
-1.43,-10.7,-4.28,31.44
-1.19,-9.12,-3.09,31.41
-1.98,-7.19,-2.3,31.44
-2.14,-4.67,-1.19,31.47
-2.33,-10.3,-1.98,31.45
0.16,-11.61,-5.93,31.44
-2.32,-9.91,-1.64,31.46
-0.73,-8.08,-1.8,31.42
-3.29,-8.02,-2.57,31.43
-1.92,-8.48,-4.53,31.44
0.21,-10.42,-3.2,31.45
-4.61,-10.32,-0.32,31.4
-1.01,-6.44,-0.78,31.43
0.69,-3.99,-2.58,31.45
-1.22,-8.44,-2.72,31.42
2.09,-11.47,-3.06,31.44
-3.72,-10.34,-0.93,31.41
-0.63,-5.24,-1.01,31.45
-3.67,-7.53,-1.87,31.43
0.97,-5.01,-2.95,31.43
1.43,-8.03,-2.62,31.42
-1.3,-10.55,-4.64,31.42
0.42,-9.71,-2.85,31.44
-2.26,-6.46,-3.32,31.43
-1.98,-4.47,-2.95,31.42
0.49,-9.31,-2.48,31.45
-0.82,-10.87,-5.42,31.43
-1.29,-9.54,-3.17,31.44
-3.77,-7.76,-3.51,31.43
-0.94,-5.82,-3.24,31.44
0.32,-8.92,-3.36,31.41
-3.43,-11.6,-4.9,31.39
-1.38,-10.79,-2.19,31.41
-0.65,-6.13,-1.19,31.44
-2.18,-7.12,-3.34,31.38
-1.1,-9.65,-2.35,31.41
-0.55,-11.62,-4.25,31.41
-2.52,-10.41,-3.72,31.39
-1.71,-7.08,-4.04,31.45
1.0,-5.53,-4.88,31.42
-1.74,-10.37,-3.02,31.41
-1.93,-11.63,-4.64,31.44
-0.23,-10.05,-3.05,31.43
-2.56,-6.18,-4.26,31.41
-0.49,-6.63,-4.23,31.41
0.57,-9.89,-2.92,31.39
-1.03,-10.2,-3.24,31.44
-1.2,-9.86,-2.52,31.47
-3.7,-8.65,-2.19,31.46
-0.58,-6.51,-4.87,31.45
0.91,-6.23,-3.92,31.46
-0.95,-10.47,-4.02,31.45
0.14,-10.98,-4.22,31.43
-1.3,-8.96,-2.02,31.45
-2.86,-5.01,-3.39,31.42
-1.75,-7.78,-3.0,31.44
-0.92,-8.79,-1.74,31.44
-1.2,-10.23,-4.33,31.43
0.24,-10.79,-4.05,31.42
-2.05,-7.3,-0.38,31.43
-0.49,-5.35,-2.38,31.43
-2.22,-7.02,-2.47,31.4
-0.7,-9.73,-3.42,31.38
0.09,-10.4,-2.73,31.4
-5.16,-8.39,-1.4,31.42
-1.53,-5.26,-3.01,31.41
-3.54,-7.18,-1.82,31.4
-1.55,-10.24,-3.81,31.44
-0.61,-11.23,-4.21,31.38
-3.23,-7.21,-3.65,31.41
-1.69,-6.0,-5.16,31.44
0.63,-8.13,-4.09,31.42
-0.03,-10.41,-4.75,31.42
-2.99,-11.65,-4.53,31.44
-3.31,-9.18,-5.64,31.38
-0.2,-5.48,-5.8,31.42
0.61,-8.19,-5.99,31.38
-1.86,-12.02,-5.62,31.42
-1.25,-10.89,-4.9,31.42
-2.5,-6.95,-5.08,31.4
0.58,-4.64,-5.4,31.4
-1.15,-9.22,-2.84,31.42
-2.54,-11.01,-4.7,31.4
-2.11,-9.73,-3.3,31.46
-2.21,-6.32,-3.27,31.4
-1.24,-5.95,-3.73,31.4
-3.19,-9.42,-1.44,31.42
-0.86,-10.26,-3.54,31.4
-0.53,-9.08,-2.42,31.38
-2.42,-6.87,-4.57,31.38
-1.18,-6.42,-3.55,31.42
-0.62,-9.77,-2.26,31.39
-2.77,-11.59,-4.62,31.4
-1.28,-10.64,-3.49,31.43
0.06,-6.44,-3.38,31.43
0.82,-9.11,-3.91,31.42
1.35,-12.43,-2.97,31.45
0.1,-11.28,-4.72,31.42
-3.22,-10.33,-3.73,31.45
-0.94,-6.94,-5.2,31.42
1.74,-8.13,-2.76,31.41
-0.96,-11.38,-4.01,31.42
-1.13,-10.69,-3.0,31.44
-2.44,-9.09,-2.8,31.44
-2.62,-7.04,-3.58,31.42
0.0,-8.49,-2.8,31.43
0.17,-11.29,-1.97,31.44
-0.13,-11.76,-4.0,31.44
-4.51,-9.33,-2.79,31.44
-1.25,-7.1,-3.61,31.38
2.44,-7.28,-2.83,31.41
-1.17,-10.46,-1.05,31.42
-0.25,-10.85,-1.7,31.46
-1.58,-10.76,-1.62,31.46
-1.68,-6.07,-3.32,31.39
2.62,-5.48,-3.61,31.45
0.82,-9.53,-0.88,31.4
0.57,-11.55,-2.98,31.42
-1.14,-11.54,-1.65,31.43
-1.79,-6.14,0.33,31.4
2.11,-5.97,-4.4,31.4
1.54,-10.32,-1.94,31.38
-0.33,-12.54,-4.25,31.42
-2.73,-10.55,-2.64,31.44
-2.54,-7.06,0.99,31.36
1.6,-5.86,-2.87,31.44
1.27,-10.4,-2.43,31.41
-0.45,-13.35,-4.3,31.44
-1.37,-10.35,-2.05,31.39
-0.87,-6.0,-3.81,31.45
0.53,-7.08,-4.35,31.4
0.5,-10.9,-3.55,31.39
1.05,-11.96,-4.83,31.44
-3.35,-10.14,-1.39,31.38
-1.94,-6.05,-3.97,31.44
-0.58,-7.83,-5.31,31.43
-0.49,-10.0,-2.33,31.42
1.07,-10.97,-3.61,31.45
-2.53,-8.52,-3.1,31.45
-1.37,-6.91,-4.17,31.43
0.73,-5.8,-3.89,31.41
1.35,-10.91,-2.61,31.4
-1.96,-13.18,-4.45,31.42
-3.01,-8.84,-4.11,31.41
0.74,-5.1,-3.09,31.43
-1.42,-7.26,-2.27,31.43
0.0,-10.54,-2.18,31.42
-2.22,-11.7,-5.2,31.44
-2.03,-8.67,-2.94,31.44
0.49,-6.34,-2.94,31.41
-0.73,-7.35,-2.35,31.38
-0.73,-11.57,-2.56,31.47
-1.05,-11.79,-4.45,31.42
-2.72,-10.18,-1.59,31.44
-1.1,-6.69,-2.58,31.43
1.11,-6.93,-3.82,31.42
-1.7,-10.36,-1.33,31.42
-0.04,-10.52,-0.89,31.37
0.35,-11.13,-2.56,31.37
-2.06,-9.28,-1.23,31.4
-1.23,-6.25,-1.24,31.4
1.97,-8.41,-1.09,31.39
-0.34,-11.59,-2.0,31.38
0.07,-11.49,-3.0,31.37
-1.13,-7.88,-1.37,31.4
-2.47,-6.29,-0.85,31.37
0.52,-8.47,-1.57,31.42
0.43,-11.02,-1.5,31.35
-1.85,-11.39,-2.88,31.42
-2.78,-7.1,-3.13,31.37
-2.04,-6.63,-2.98,31.39
2.2,-9.62,-3.45,31.37
-1.34,-12.9,-3.0,31.34
-2.23,-10.64,-4.27,31.38
-0.92,-6.9,-3.14,31.39
-0.39,-6.85,-3.96,31.36
1.62,-9.89,-2.61,31.38
-1.15,-12.42,-4.31,31.39
0.07,-9.81,-3.8,31.4
-1.81,-7.43,-2.3,31.32
-2.2,-8.01,-2.91,31.36
2.09,-10.23,-3.9,31.34
-1.6,-12.6,-3.98,31.38
-2.73,-10.4,-4.39,31.36
-2.68,-7.46,-4.32,31.37
-2.5,-8.36,-4.3,31.37
1.47,-11.42,-4.57,31.4
-1.21,-12.46,-4.78,31.39
-1.14,-10.46,-3.97,31.36
-2.99,-7.64,-3.57,31.39
-0.96,-6.67,-4.78,31.36
2.57,-10.7,-4.16,31.35
-1.81,-12.28,-3.09,31.39
-0.92,-10.38,-4.47,31.4
-2.43,-9.04,-4.05,31.42
0.47,-5.37,-3.5,31.35
-0.58,-9.41,-2.59,31.31
-1.4,-11.54,-4.22,31.32
-1.86,-11.08,-4.61,31.34
-1.87,-8.02,-3.77,31.36
2.39,-5.11,-5.03,31.39
-0.11,-10.41,-2.33,31.35
-1.98,-11.87,-4.45,31.31
-0.44,-8.85,-3.11,31.33
-2.69,-7.62,-3.04,31.33
-0.64,-6.35,-4.81,31.33
-0.49,-10.14,-2.04,31.31
-2.85,-10.74,-3.85,31.34
-2.17,-10.29,-1.12,31.32
-0.0,-8.08,-1.68,31.34
-0.11,-4.59,-2.16,31.34
-1.09,-8.34,0.0,31.32
-4.77,-11.42,-3.44,31.35
-3.01,-10.01,-1.86,31.3
-0.54,-4.77,-1.4,31.36
-1.29,-2.61,-1.58,31.31
-0.91,-9.64,-2.75,31.33
-2.83,-11.97,-3.91,31.34
0.25,-7.8,-0.66,31.32
0.28,-5.81,-2.36,31.3
-1.23,-5.98,-3.01,31.34
-1.03,-10.22,-1.61,31.36
-2.35,-12.27,-5.42,31.31
-1.36,-9.85,-3.44,31.35
-0.2,-5.76,-2.5,31.33
-1.75,-6.82,-1.63,31.32
-0.22,-11.11,-3.16,31.35
-4.41,-10.64,-5.12,31.3
-2.91,-10.41,-4.09,31.34
0.49,-6.46,-5.32,31.36
1.53,-5.71,-4.68,31.33
0.26,-10.86,-3.33,31.33
-1.6,-11.61,-4.31,31.31
-0.62,-7.78,-3.05,31.29
0.37,-5.47,-3.41,31.37
-3.25,-8.89,-3.67,31.3
-5.07,-8.44,-4.55,31.32
-4.35,-7.41,-6.32,31.3
-0.05,-8.48,-5.23,31.29
-0.19,-11.84,-5.75,31.28
-1.39,-11.26,-4.21,31.33
-6.39,-6.79,-3.32,31.34
-2.78,-6.87,-4.25,31.36
-1.12,-9.51,-4.32,31.35
-1.63,-11.15,-3.24,31.32
-0.09,-10.39,-3.86,31.3
-2.79,-8.95,-1.44,31.35
-0.14,-7.37,-3.06,31.32
2.27,-9.51,-3.8,31.31
-1.14,-11.19,-2.77,31.3
-0.24,-12.02,-2.82,31.32
-1.23,-9.04,-2.55,31.35
-1.52,-7.09,-2.85,31.29
3.91,-9.1,-3.62,31.34
0.68,-12.02,-3.51,31.36
-3.48,-10.12,-1.57,31.38
-1.49,-7.76,-3.23,31.35
-1.97,-8.9,-4.6,31.32
-0.01,-10.55,-6.79,31.38
1.05,-12.3,-6.84,31.33
-0.25,-11.76,-1.82,31.32
-4.02,-9.35,-3.02,31.35
-4.64,-8.43,-5.31,31.32
2.63,-9.05,-6.87,31.36
2.38,-10.99,-3.4,31.36
-2.14,-9.06,-3.16,31.35
-3.53,-7.77,-3.67,31.33
-0.79,-6.81,-4.22,31.34
1.77,-9.41,-5.11,31.32
-1.76,-11.76,-3.6,31.32
-1.92,-11.17,-3.8,31.37
-4.17,-9.22,-3.94,31.33
-1.72,-7.54,-4.76,31.37
1.11,-10.46,-4.88,31.33
-1.07,-11.51,-3.31,31.31
-1.65,-7.49,-3.56,31.3
-2.25,-6.56,-6.62,31.34
-1.56,-11.06,-6.59,31.33
-0.19,-12.04,-8.2,31.32
-3.82,-11.56,-4.92,31.36
-1.61,-8.32,-4.19,31.32
-0.35,-8.41,-4.33,31.33
-2.85,-7.91,-4.62,31.3
-0.55,-9.92,-5.72,31.35
0.04,-11.68,-4.84,31.34
-1.74,-9.23,-3.69,31.32
-2.11,-6.88,-3.27,31.35
-2.43,-7.91,-5.12,31.34
-3.21,-11.17,-7.79,31.37
-1.18,-11.26,-7.91,31.32
-1.8,-11.3,-4.45,31.32
-4.52,-5.04,-2.87,31.31
-2.2,-6.51,-4.95,31.32
-1.96,-11.12,-7.84,31.35
-0.66,-10.3,-6.7,31.34
-2.74,-7.18,-4.36,31.33
-5.27,-5.57,-2.76,31.32
-3.31,-6.86,-4.79,31.32
-0.78,-9.1,-4.64,31.34
-1.06,-8.79,-2.33,31.32
-1.94,-10.79,-2.06,31.3
-1.87,-7.04,-2.61,31.36
-2.46,-8.31,-3.03,31.25
-2.93,-10.89,-5.82,31.36
-0.86,-11.45,-4.92,31.35
-0.57,-8.98,-3.66,31.32
-2.36,-6.91,-5.22,31.34
-4.62,-9.74,-4.09,31.31
-0.55,-10.62,-4.94,31.32
-0.64,-11.99,-5.36,31.3
-4.2,-9.78,-3.3,31.37
-2.08,-5.22,-4.53,31.32
-1.66,-8.01,-5.11,31.35
-0.48,-8.69,-4.58,31.34
-0.03,-12.08,-4.32,31.37
0.82,-11.42,-2.47,31.34
-2.99,-8.34,-1.5,31.33
-1.66,-7.32,-3.99,31.32
2.0,-10.43,-4.68,31.28
1.08,-11.74,-4.98,31.3
0.65,-10.88,-2.46,31.32
-1.69,-7.99,-1.73,31.33
-0.99,-7.04,-4.34,31.32
1.11,-9.34,-5.51,31.34
0.54,-12.31,-4.55,31.35
-2.69,-11.58,-4.94,31.3
-3.16,-6.84,-3.36,31.34
-1.62,-8.8,-6.07,31.33
0.02,-11.12,-7.6,31.32
1.63,-11.17,-6.15,31.32
-2.38,-10.75,-3.17,31.36
-0.6,-9.35,-5.66,31.33
-0.51,-10.87,-3.09,31.34
-2.77,-11.43,-5.37,31.29
-2.78,-10.11,-4.78,31.31
-1.48,-5.88,-3.8,31.32
1.19,-6.95,-4.36,31.32
-2.82,-12.48,-3.74,31.33
-2.84,-11.35,-5.77,31.31
0.22,-8.45,-3.55,31.35
-2.32,-6.86,-4.12,31.34
-1.49,-8.27,-4.15,31.33
-0.14,-11.72,-4.35,31.33
0.09,-10.74,-5.52,31.32
-2.38,-9.2,-1.61,31.3
-1.11,-5.72,-4.24,31.29
-0.25,-7.67,-3.58,31.31
-1.3,-11.23,-4.08,31.33
-0.75,-10.24,-4.21,31.33
-1.77,-8.89,-1.34,31.35
-3.21,-7.14,-1.64,31.32
-0.92,-8.01,-4.29,31.27
-0.93,-10.23,-3.1,31.33
-0.33,-9.42,-3.39,31.31
-3.33,-8.09,-1.22,31.29
-3.09,-5.36,-2.61,31.33
1.2,-6.38,-3.48,31.3
-0.01,-10.04,-2.96,31.27
-3.42,-11.44,-4.86,31.34
-0.79,-8.35,-2.67,31.32
-0.83,-5.01,-2.69,31.32
-1.46,-7.81,-4.35,31.3
-0.45,-12.69,-5.91,31.32
-0.91,-12.16,-5.29,31.34
-3.34,-8.45,-1.86,31.29
-2.61,-5.69,-4.79,31.32
-0.71,-9.25,-4.17,31.31
-2.64,-12.7,-3.57,31.32
-2.25,-9.86,-2.8,31.32
-1.07,-7.75,-2.28,31.34
1.38,-10.79,-2.54,31.32
1.24,-11.99,-4.57,31.31
-0.08,-9.15,-3.19,31.32
-4.65,-7.2,-1.82,31.33
-2.53,-6.92,-1.79,31.35
1.83,-11.16,-5.64,31.29
-0.73,-13.29,-5.45,31.32
-4.02,-11.0,-2.21,31.31
-4.54,-7.08,-2.16,31.27
-0.23,-8.7,-4.15,31.34
0.76,-10.28,-4.99,31.29
-0.98,-12.63,-3.16,31.36
-1.13,-11.2,-2.99,31.33
-3.92,-6.85,-1.12,31.37
-1.26,-5.91,-3.66,31.31
1.94,-10.1,-4.95,31.34
-0.17,-13.64,-3.17,31.33
-0.29,-10.41,-2.63,31.31
-1.92,-11.74,-4.62,31.3
-2.94,-6.53,-5.62,31.35
-2.18,-7.27,-4.9,31.35
-3.59,-10.86,-4.32,31.31
-0.19,-11.61,-5.27,31.36
-2.42,-10.43,-3.17,31.31
-2.68,-7.43,-2.57,31.33
-2.97,-7.62,-4.82,31.29
-2.72,-9.81,-4.5,31.32
1.07,-10.93,-6.8,31.3
-0.33,-9.19,-5.18,31.3
-1.84,-7.77,-5.23,31.32
-2.06,-7.67,-3.79,31.27
-1.0,-9.75,-5.03,31.33
-1.39,-11.17,-7.22,31.34
-1.49,-10.13,-4.17,31.32
-2.51,-8.3,-5.71,31.36
-1.46,-7.11,-4.91,31.31
-2.77,-10.54,-6.22,31.34
-3.82,-10.18,-5.58,31.33
-0.0,-7.74,-5.16,31.31
-2.4,-5.69,-5.78,31.32
-4.07,-8.45,-2.54,31.32
-0.26,-10.77,-3.88,31.28
-0.78,-10.44,-4.08,31.32
-3.26,-8.46,-2.31,31.31
-3.07,-6.44,-3.27,31.31
-1.45,-10.09,-3.61,31.34
-1.81,-12.06,-5.92,31.29
-3.94,-12.09,-3.95,31.27
-0.59,-8.97,-4.25,31.3
-0.93,-5.77,-4.65,31.32
-2.13,-9.94,-2.28,31.32
-0.08,-11.16,-6.81,31.34
-3.36,-11.37,-3.75,31.34
-1.44,-7.32,-2.31,31.3
-0.62,-5.94,-3.01,31.34
-2.07,-10.73,-3.12,31.29
-1.9,-9.36,-2.81,31.36
-3.9,-6.64,-3.22,31.3
-1.62,-8.57,-4.13,31.32
1.24,-11.19,-5.3,31.29
1.92,-13.15,-5.33,31.29
-0.11,-12.61,-3.09,31.27
-1.6,-7.28,-3.93,31.31
-1.41,-9.5,-4.42,31.3
-0.1,-11.9,-5.45,31.29
0.31,-12.39,-4.23,31.28
-0.92,-10.76,-2.65,31.3
-2.79,-7.98,-3.51,31.31
-1.51,-8.54,-5.53,31.25
0.46,-9.92,-6.25,31.34
-0.1,-12.98,-5.26,31.33
1.79,-10.53,-3.61,31.31
-3.44,-7.41,-4.34,31.29
-2.94,-7.44,-4.03,31.32
3.86,-9.81,-5.77,31.34
0.01,-13.04,-5.02,31.37
-0.93,-10.17,-4.08,31.33
-0.95,-6.9,-4.07,31.3
-2.28,-8.93,-3.02,31.33
-1.4,-12.0,-5.69,31.27
1.05,-11.83,-4.24,31.34
-0.71,-11.72,-3.6,31.35
-4.23,-6.41,-3.47,31.29
-0.78,-8.26,-4.34,31.34
0.87,-7.59,-3.84,31.33
-0.08,-11.12,-3.4,31.31
-0.13,-11.37,-4.26,31.33
-2.56,-8.38,-2.92,31.32
-1.72,-6.55,-3.02,31.3
0.14,-9.99,-4.2,31.27
1.77,-11.63,-5.38,31.23
1.55,-10.05,-2.6,31.32
-2.17,-8.94,-3.4,31.33
-3.44,-7.18,-2.88,31.3
-0.14,-9.84,-4.19,31.27
2.4,-11.93,-5.01,31.32
-1.06,-12.81,-4.41,31.3
-4.3,-8.7,-2.59,31.31
-1.15,-6.41,-4.96,31.29
-2.11,-7.69,-4.12,31.31
-1.38,-5.46,-4.19,31.35
-3.05,-6.58,-2.6,31.27
-2.69,-9.87,-3.61,31.32
-2.06,-10.78,-4.66,31.31
-1.83,-9.4,-1.51,31.37
-0.52,-6.44,-2.18,31.31
-2.15,-6.03,-3.02,31.31
-2.38,-9.74,-1.23,31.32
-1.74,-11.41,-4.68,31.32
-2.29,-9.17,-3.11,31.37
-0.03,-6.26,-2.63,31.34
-0.61,-5.54,-2.32,31.26
-2.37,-9.74,-2.46,31.25
-2.0,-12.2,-6.59,31.3
-1.46,-9.96,-5.77,31.27
-0.88,-6.05,-3.45,31.31
-2.64,-6.52,-4.41,31.37
-1.14,-9.35,-3.99,31.27
-2.44,-8.85,-4.04,31.32
-1.67,-8.14,-4.37,31.34
0.28,-5.71,-3.41,31.27
-1.18,-9.39,-2.81,31.32
-4.16,-10.64,-4.31,31.34
-1.43,-10.34,-4.31,31.34
-0.93,-8.17,-3.69,31.37
-1.78,-5.22,-3.58,31.31
-1.89,-7.17,-2.28,31.32
-4.53,-11.43,-3.87,31.33
-2.31,-10.58,-4.05,31.32
0.0,-6.13,-3.89,31.32
-0.71,-5.74,-2.89,31.33
-2.62,-9.82,-3.22,31.31
-2.0,-10.89,-4.03,31.26
-2.4,-10.43,-2.9,31.29
-0.25,-7.58,-1.18,31.35
0.79,-5.6,-2.92,31.28
-0.28,-7.32,-1.58,31.28
-1.42,-12.69,-3.42,31.32
0.66,-9.89,-3.92,31.32
-0.07,-6.29,-3.31,31.29
-0.22,-8.3,-4.52,31.29
-1.77,-11.24,-5.24,31.32
-0.64,-11.06,-4.05,31.31
-2.32,-9.56,-5.05,31.32
-1.19,-5.44,-4.79,31.31
0.02,-7.69,-3.86,31.3
-1.17,-11.41,-3.28,31.32
0.45,-10.56,-4.81,31.35
-2.61,-8.46,-3.06,31.34
-1.27,-6.1,-4.51,31.29
-2.82,-7.05,-4.38,31.33
-2.96,-10.47,-4.92,31.29
-1.52,-11.62,-5.57,31.3
-2.99,-9.36,-2.71,31.29
-0.87,-5.44,-1.75,31.27
-2.37,-5.39,-2.76,31.28
-1.58,-6.59,-3.63,31.29
-0.76,-6.63,-4.89,31.3
0.8,-12.23,-6.49,31.32
-0.13,-13.24,-6.51,31.32
0.83,-12.94,-4.45,31.31
-1.14,-7.78,-3.68,31.32
-1.7,-6.46,-2.52,31.31
0.91,-9.1,-5.11,31.36
-1.99,-11.76,-6.59,31.3
0.42,-11.93,-6.26,31.34
-1.13,-8.93,-3.72,31.3
-6.0,-7.16,-4.42,31.3
-0.17,-10.05,-5.02,31.32
0.63,-11.16,-4.93,31.28
-3.56,-10.96,-4.5,31.29
-4.97,-7.61,-3.17,31.34
-0.69,-5.88,-3.99,31.31
-0.08,-8.4,-3.65,31.32
-3.52,-12.35,-4.57,31.29
0.33,-11.41,-3.76,31.33
-1.04,-10.42,-5.59,31.29
-1.55,-6.37,-4.37,31.34
0.23,-5.61,-1.59,31.34
-0.45,-8.19,-0.59,31.31
0.07,-10.59,-3.51,31.32
-2.31,-10.24,-3.34,31.33
-1.93,-7.03,-1.31,31.32
-0.94,-6.71,-2.85,31.33
-3.61,-9.04,-2.53,31.32
-1.77,-12.29,-4.55,31.33
-2.64,-10.47,-4.76,31.29
-3.01,-5.45,-4.6,31.27
-0.07,-3.79,-3.23,31.36
-2.62,-10.36,-1.59,31.28
-1.79,-11.13,-3.59,31.34
-1.45,-9.8,-3.14,31.36
-2.28,-5.59,-2.72,31.32
0.14,-7.28,-2.15,31.3
-2.71,-5.23,-3.35,31.31
-3.14,-8.06,-3.28,31.33
-0.3,-11.63,-4.34,31.31
-1.85,-12.44,-4.56,31.32
-1.92,-8.27,-4.68,31.3
0.19,-5.46,-4.46,31.31
-2.93,-8.18,-3.56,31.3
-1.62,-11.29,-6.17,31.28
-0.51,-13.12,-6.92,31.3
-0.59,-7.88,-4.9,31.33
-0.79,-4.66,-6.68,31.34
-3.82,-9.05,-4.03,31.29
-0.34,-11.44,-5.66,31.28
-0.64,-10.32,-4.22,31.31
-2.94,-9.3,-3.35,31.3
-2.72,-6.07,-5.01,31.26
-2.6,-9.0,-3.87,31.31
-1.51,-11.14,-5.1,31.31
-2.81,-13.21,-4.29,31.28
-1.18,-10.71,-3.8,31.3
-0.94,-5.25,-3.67,31.29
-4.08,-8.83,-4.27,31.27
-2.25,-11.08,-7.08,31.29
-0.67,-11.16,-4.57,31.32
-1.26,-10.09,-3.29,31.31
-1.11,-8.15,-4.67,31.3
-2.05,-6.49,-4.84,31.33
0.55,-9.38,-4.58,31.34
-1.43,-11.09,-4.83,31.32
-2.0,-9.76,-3.66,31.28
-1.07,-6.91,-4.26,31.27
-2.74,-7.11,-1.48,31.29
-3.53,-11.83,-3.43,31.27
-0.58,-11.73,-5.46,31.28
-0.45,-11.56,-5.29,31.31
-2.88,-8.67,-5.24,31.35
-2.55,-7.91,-4.7,31.27
-2.41,-11.25,-6.89,31.29
-1.47,-11.99,-5.25,31.29
-0.01,-9.98,-4.69,31.35
-0.68,-8.98,-3.39,31.33
-1.58,-8.88,-1.61,31.31
-3.49,-6.91,-3.58,31.31
1.07,-8.68,-3.17,31.26
-0.12,-11.83,-2.2,31.33
-0.25,-10.95,-2.13,31.26
-1.34,-7.49,-1.87,31.31
-0.15,-5.9,-3.52,31.29
0.9,-8.76,-3.07,31.29
-0.57,-11.43,-2.43,31.32
0.46,-10.15,-3.32,31.33
-1.52,-8.0,-3.66,31.31
-0.91,-6.51,-4.47,31.34
0.73,-9.74,-3.31,31.28
0.6,-11.81,-4.01,31.31
-1.35,-9.96,-4.83,31.29
-2.64,-7.83,-4.11,31.31
-1.34,-6.69,-5.33,31.35
3.79,-8.54,-3.8,31.28
-2.24,-11.56,-5.31,31.32
-0.7,-12.18,-5.28,31.33
-0.75,-9.5,-2.87,31.33
-1.52,-6.51,-2.64,31.32
-2.21,-5.67,-3.3,31.34
-1.64,-9.57,-2.96,31.32
-1.23,-12.22,-5.09,31.29
-3.25,-9.67,-3.08,31.31
-0.8,-5.23,-3.54,31.37
-0.01,-6.03,-4.01,31.29
-1.81,-10.22,-1.63,31.3
-0.41,-10.61,-5.36,31.32
-1.79,-9.58,-3.17,31.34
-0.97,-6.6,-3.76,31.36
-1.18,-6.11,-1.67,31.31
-1.71,-11.12,-3.01,31.33
-0.52,-12.01,-6.03,31.31
-2.05,-10.42,-3.06,31.32
-2.42,-7.0,-4.39,31.33
-1.71,-11.24,-3.3,31.33
-2.03,-6.18,-4.27,31.33
-0.97,-6.3,-5.95,31.27
0.94,-9.64,-2.74,31.32
-1.84,-13.18,-2.72,31.34
-3.03,-10.36,-4.1,31.28
-1.64,-7.36,-2.91,31.3
-1.07,-6.04,-4.82,31.29
0.12,-9.98,-1.72,31.31
0.35,-11.47,-2.47,31.26
-1.16,-9.55,-1.47,31.34
-2.04,-7.67,-3.62,31.29
-1.04,-5.88,-2.3,31.3
2.18,-9.14,-1.42,31.31
0.79,-11.46,-1.15,31.31
-1.07,-11.36,-1.06,31.29
-1.36,-7.1,-3.06,31.3
1.07,-6.48,-3.19,31.34
1.66,-9.43,-1.41,31.31
-2.4,-10.75,-3.78,31.32
-2.82,-9.74,-4.78,31.26
-0.35,-6.73,-6.39,31.32
-1.53,-9.03,-4.8,31.27
-2.54,-9.87,-6.99,31.32
-1.79,-10.98,-7.28,31.32
-2.59,-7.13,-2.94,31.27
-2.2,-6.33,-4.14,31.31
-0.89,-6.99,-4.22,31.32
-2.36,-10.29,-3.61,31.31
-0.27,-12.09,-4.83,31.29
-0.67,-9.33,-1.98,31.32
-2.89,-6.06,-3.22,31.29
-3.02,-9.6,-3.45,31.32
-1.62,-11.77,-5.38,31.29
-1.79,-12.0,-5.22,31.33
-3.08,-9.39,-3.09,31.34
-1.84,-6.85,-5.95,31.29
-3.01,-7.8,-5.67,31.32
-1.11,-10.18,-6.53,31.31
-0.26,-10.41,-3.74,31.29
-1.46,-9.37,-4.08,31.33
-2.31,-6.0,-5.46,31.31
-0.34,-8.09,-3.69,31.24
-1.19,-10.59,-4.02,31.33
-0.63,-11.11,-4.79,31.31
-0.88,-9.87,-2.72,31.29
-2.19,-6.63,-4.66,31.29
-2.54,-9.02,-5.13,31.27
-2.37,-11.22,-6.41,31.28
-1.51,-11.65,-5.47,31.27
-0.51,-8.13,-3.69,31.3
-0.46,-5.48,-4.57,31.33
-2.44,-7.88,-3.18,31.32
-1.7,-10.71,-5.78,31.32
-2.37,-10.74,-5.2,31.31
-2.15,-7.28,-2.51,31.34
-0.91,-5.25,-4.01,31.31
0.9,-7.27,-1.24,31.3
-1.38,-10.01,-2.04,31.33
0.04,-11.74,-3.62,31.32
-0.64,-8.04,-1.45,31.33
-2.38,-5.47,-0.36,31.27
1.14,-7.58,-3.47,31.3
-0.89,-9.75,-2.77,31.3
-0.93,-10.8,-2.71,31.3
-0.58,-7.44,-0.18,31.31
-2.56,-5.23,-1.27,31.26
0.27,-7.27,-1.43,31.33
-1.16,-10.76,-1.99,31.34
-0.85,-10.9,-3.17,31.33
-0.52,-7.18,-0.95,31.31
-2.66,-6.17,-1.74,31.32
0.14,-8.19,-2.22,31.31
1.61,-11.26,-3.39,31.33
-1.59,-11.43,-2.43,31.35
-4.01,-7.85,-0.73,31.32
0.38,-5.86,-1.78,31.34
2.27,-8.99,-3.24,31.25
-2.93,-11.25,-1.55,31.32
0.41,-11.15,-3.08,31.34
-1.96,-7.16,-1.85,31.31
-3.66,-6.05,-0.99,31.29
2.42,-7.35,-1.72,31.29
1.23,-10.43,-1.03,31.34
-2.28,-12.26,-3.97,31.32
-1.76,-8.03,-1.77,31.31
2.4,-5.19,-4.08,31.33
1.32,-7.86,-1.53,31.33
-1.22,-11.22,-1.99,31.31
1.71,-10.75,-4.94,31.31
-2.91,-8.41,-1.8,31.31
-2.32,-6.38,-0.89,31.3
2.81,-9.33,-2.07,31.34
-4.08,-6.45,-2.84,31.29
0.11,-6.01,-3.32,31.32
-3.11,-11.07,-4.39,31.26
-2.66,-10.56,-4.77,31.33
-1.54,-9.94,-2.66,31.29
-3.08,-6.81,-1.87,31.34
-1.21,-6.2,-3.37,31.28
-1.29,-10.88,-3.97,31.35
-1.92,-11.22,-5.34,31.31
-1.96,-8.99,-1.09,31.28
-1.15,-6.17,-2.31,31.31
0.98,-5.08,-3.31,31.3
-1.28,-10.44,-1.16,31.32
-0.01,-11.84,-2.99,31.34
-1.08,-10.6,-2.38,31.29
-1.36,-6.03,-1.68,31.29
1.28,-5.69,-1.33,31.31
-1.91,-8.29,-2.0,31.3
0.22,-10.35,-2.89,31.28
-2.76,-6.69,-2.73,31.32
0.41,-4.25,-4.27,31.34
-1.95,-7.93,-3.59,31.29
-1.46,-11.27,-2.42,31.38
-0.6,-10.97,-3.88,31.31
-1.92,-6.47,-2.67,31.3
-1.2,-5.32,-2.86,31.32
0.13,-6.94,-1.46,31.3
0.74,-11.42,-1.51,31.35
-2.07,-10.78,-2.78,31.27
-2.23,-7.66,-2.74,31.33
0.95,-5.71,-4.12,31.34
-1.4,-8.03,-2.54,31.34
-1.19,-11.24,-1.94,31.31
-0.99,-11.48,-5.32,31.36
-3.12,-7.52,-2.57,31.33
1.81,-4.73,-3.1,31.31
-0.39,-8.57,-3.25,31.35
-3.27,-11.26,-3.23,31.31
-1.38,-8.52,-4.07,31.32
-1.76,-7.56,-3.59,31.32
-0.8,-6.28,-3.14,31.28
1.06,-8.69,-1.87,31.27
-0.73,-12.26,-1.74,31.28
-1.41,-11.41,-3.69,31.28
-0.6,-7.54,-3.25,31.3
-1.68,-6.67,-2.35,31.3
-0.09,-9.91,-2.64,31.3
0.03,-11.99,-2.13,31.31
-0.08,-10.42,-4.47,31.34
-2.5,-7.05,-4.44,31.35
-1.45,-7.25,-2.87,31.29
2.22,-10.01,-1.75,31.31
-0.95,-11.91,-2.54,31.26
-0.8,-10.27,-3.53,31.28
-1.0,-7.13,-3.36,31.32
-2.63,-7.48,-3.39,31.31
0.3,-10.03,-3.98,31.29
-0.08,-10.46,-3.59,31.27
-1.3,-9.47,-4.57,31.28
-2.96,-7.62,-3.92,31.28
-0.84,-7.75,-2.6,31.29
1.95,-9.54,-3.24,31.3
-0.09,-12.3,-2.72,31.26
-0.17,-10.49,-5.47,31.31
-1.76,-6.49,-5.06,31.27
-2.77,-7.83,-3.47,31.27
0.68,-10.58,-3.85,31.24
1.12,-11.29,-3.68,31.26
-1.31,-9.57,-5.17,31.31
-2.97,-6.54,-4.1,31.29
-1.04,-7.91,-2.05,31.27
0.37,-10.24,-3.21,31.26
0.35,-11.78,-3.06,31.29
-0.97,-9.91,-4.32,31.34
-1.69,-7.21,-4.85,31.31
-2.25,-8.56,-3.2,31.27
-0.69,-10.84,-3.96,31.31
-1.76,-7.69,-2.52,31.3
-2.35,-6.41,-3.62,31.29
-1.51,-8.37,-2.5,31.32
-0.68,-10.23,-1.98,31.29
-0.68,-11.33,-3.58,31.31
-1.64,-8.62,-4.11,31.28
-2.12,-5.95,-3.26,31.28
-0.29,-7.71,-1.59,31.3
-1.5,-9.7,-0.79,31.32
-0.68,-11.65,-3.11,31.27
-1.85,-9.45,-4.99,31.27
-2.92,-6.65,-3.32,31.3
-0.15,-7.68,-3.11,31.27
0.29,-10.28,-2.6,31.3
-0.97,-11.84,-4.13,31.29
-2.59,-8.7,-4.54,31.3
-2.0,-6.38,-3.14,31.28
-0.12,-8.85,-4.16,31.29
0.5,-10.81,-2.67,31.27
-1.72,-10.29,-5.01,31.29
1.79,-10.99,-2.99,31.3
-1.48,-11.75,-3.5,31.32
-1.34,-8.85,-4.64,31.29
-1.57,-7.35,-3.39,31.28
-2.18,-8.97,-3.41,31.31
1.12,-10.9,-3.68,31.29
-0.0,-12.14,-4.22,31.27
-0.5,-8.18,-4.92,31.34
-3.04,-6.76,-3.16,31.31
-2.51,-9.13,-3.51,31.29
1.44,-11.34,-4.81,31.31
-0.1,-10.9,-5.18,31.29
-1.3,-7.73,-5.6,31.27
-3.14,-8.07,-3.64,31.3
-2.47,-10.55,-4.16,31.28
-0.08,-11.65,-6.34,31.27
-0.41,-10.93,-6.49,31.34
-1.73,-8.71,-6.71,31.34
-0.68,-10.06,-4.22,31.23
0.8,-11.05,-4.02,31.28
-0.3,-10.74,-4.65,31.29
-0.65,-8.64,-5.16,31.31
-2.71,-7.76,-3.91,31.31
-1.84,-9.17,-3.19,31.29
-0.53,-11.27,-4.73,31.29
-0.73,-11.58,-5.65,31.28
-1.81,-8.51,-6.64,31.26
-2.29,-6.34,-4.75,31.3
-3.3,-10.27,-4.51,31.32
-1.53,-11.28,-5.86,31.32
-0.0,-10.27,-6.04,31.32
-1.32,-8.3,-5.5,31.29
-1.87,-7.64,-3.53,31.3
-3.57,-9.83,-3.0,31.28
-2.48,-11.1,-6.57,31.26
-0.96,-10.49,-5.29,31.27
-0.1,-7.69,-4.66,31.28
-2.58,-7.69,-4.74,31.27
-2.91,-9.83,-4.67,31.26
-0.79,-11.52,-5.6,31.26
-0.25,-11.48,-5.26,31.23
-2.11,-8.58,-4.82,31.29
-3.28,-6.99,-5.04,31.25
-3.46,-10.26,-3.88,31.3
-0.88,-10.65,-5.74,31.3
-0.59,-10.36,-4.79,31.31
0.07,-6.75,-4.65,31.28
-0.9,-5.83,-3.51,31.23
-4.36,-9.93,-1.73,31.26
-1.04,-11.11,-4.51,31.25
-0.8,-11.09,-5.57,31.24
-1.3,-7.62,-5.25,31.23
-1.11,-6.71,-2.83,31.26
-1.94,-9.54,-1.51,31.26
-1.68,-11.33,-4.99,31.22
-0.76,-9.71,-4.71,31.28
-0.59,-7.57,-4.91,31.33
-1.75,-7.23,-3.27,31.27
-2.05,-9.06,-1.93,31.28
-2.6,-11.33,-3.59,31.28
-1.1,-9.76,-4.62,31.3
-0.94,-7.26,-4.82,31.25
-1.15,-7.13,-3.05,31.27
-1.93,-8.96,-1.67,31.21
-1.27,-10.63,-3.23,31.27
-0.74,-9.11,-3.92,31.29
-2.51,-6.64,-3.11,31.29
-0.1,-6.81,-2.89,31.27
-0.28,-8.35,-1.7,31.27
-1.09,-11.19,-1.46,31.29
-0.92,-9.64,-4.3,31.25
-1.69,-7.33,-4.13,31.24
-1.71,-6.49,-3.26,31.24
1.34,-8.51,-1.69,31.27
0.01,-12.26,-1.73,31.28
-2.06,-10.62,-4.27,31.25
-3.1,-7.21,-3.22,31.24
-1.96,-8.19,-3.39,31.26
1.75,-10.48,-2.69,31.27
-1.11,-12.33,-4.07,31.24
-1.34,-8.45,-5.19,31.29
-3.09,-7.17,-3.24,31.27
-1.41,-8.82,-4.13,31.24
1.23,-11.88,-4.83,31.26
-0.38,-11.05,-5.07,31.31
-1.07,-8.31,-4.94,31.29
-4.48,-7.96,-4.36,31.29
-2.35,-9.74,-4.64,31.31
0.63,-11.59,-6.84,31.25
-0.55,-10.37,-4.91,31.33
-2.81,-8.29,-4.66,31.27
-1.68,-7.74,-4.35,31.24
-2.52,-9.72,-4.19,31.33
-1.38,-10.22,-5.62,31.28
-0.37,-11.57,-5.11,31.31
-3.56,-9.23,-3.78,31.29
-1.73,-10.63,-5.16,31.32
-0.48,-11.72,-5.78,31.31
-1.71,-9.1,-5.21,31.27
-2.43,-6.81,-3.73,31.3
-3.17,-8.17,-3.36,31.29
-3.68,-10.67,-4.08,31.23
-0.89,-11.86,-5.95,31.27
-0.65,-9.87,-5.36,31.25
-1.21,-6.83,-4.02,31.27
-2.01,-7.77,-2.18,31.29
-3.58,-10.65,-3.79,31.28
0.1,-11.04,-4.93,31.25
-2.23,-9.27,-4.18,31.24
-2.33,-5.99,-3.91,31.24
-1.95,-6.44,-2.46,31.25
-2.71,-10.66,-2.57,31.25
-1.0,-10.54,-4.75,31.26
-1.5,-7.88,-3.92,31.24
-2.89,-8.68,-2.72,31.29
-3.99,-10.48,-4.13,31.26
-0.68,-11.47,-5.45,31.24
-0.01,-9.45,-4.51,31.24
-0.95,-7.38,-4.43,31.23
-2.14,-6.93,-3.5,31.27
-3.81,-10.72,-3.83,31.28
-1.43,-11.2,-5.34,31.22
-2.14,-9.1,-4.93,31.25
-1.57,-6.06,-3.74,31.23
-3.23,-6.18,-2.36,31.26
-3.54,-9.53,-0.87,31.26
-2.24,-10.91,-4.87,31.24
-1.96,-8.87,-4.54,31.25
-1.05,-6.97,-4.3,31.29
-1.14,-7.41,-2.16,31.24
-2.64,-9.94,-1.79,31.24
-1.4,-11.21,-4.12,31.27
-0.76,-10.07,-4.61,31.26
-0.1,-8.61,-4.82,31.22
-2.7,-6.54,-4.08,31.26
-2.88,-7.61,-2.2,31.29
-2.68,-10.65,-3.63,31.29
-1.29,-10.7,-5.9,31.21
-1.74,-8.7,-4.48,31.27
-0.64,-5.68,-4.1,31.26
-1.83,-6.47,-2.99,31.27
-3.12,-11.2,-3.36,31.28
-1.12,-11.04,-5.26,31.27
-1.67,-8.25,-3.75,31.27
-0.17,-6.59,-3.34,31.24
-0.92,-7.27,-2.1,31.27
-1.2,-10.77,-2.56,31.29
-1.69,-11.11,-5.12,31.27
-1.85,-7.74,-4.92,31.26
-0.32,-6.16,-3.39,31.25
0.32,-7.88,-2.12,31.28
-0.76,-11.03,-1.63,31.27
-2.21,-8.04,-3.36,31.29
0.65,-10.42,-4.57,31.23
0.75,-11.82,-3.26,31.23
-0.39,-10.41,-3.9,31.24
-2.12,-7.82,-3.64,31.26
-3.4,-8.24,-2.74,31.27
-0.76,-10.76,-4.36,31.25
-0.31,-12.21,-4.61,31.28
-1.9,-10.35,-3.97,31.24
-0.87,-6.96,-4.8,31.28
-4.15,-8.41,-3.84,31.25
-1.71,-8.72,-5.4,31.26
1.39,-11.09,-5.08,31.29
-1.96,-11.01,-4.79,31.31
-3.03,-8.33,-4.81,31.27
-3.74,-7.26,-4.93,31.26
-2.03,-8.54,-3.58,31.26
-0.12,-11.54,-5.26,31.22
-1.08,-11.77,-4.59,31.24
-1.82,-9.22,-6.38,31.23
-2.64,-7.35,-5.57,31.23
-3.42,-9.77,-5.73,31.27
-1.31,-11.34,-6.24,31.23
-0.44,-11.26,-6.01,31.28
-0.97,-7.32,-5.74,31.27
-1.07,-6.76,-3.18,31.22
-4.53,-9.4,-2.49,31.28
-1.41,-11.07,-5.52,31.26
-0.84,-10.17,-5.51,31.24
-2.35,-6.69,-3.52,31.25
-2.17,-5.76,-4.53,31.26
-4.11,-9.87,-2.94,31.23
-0.58,-11.03,-3.7,31.25
0.47,-10.19,-4.75,31.26
-2.54,-8.35,-5.11,31.28
-0.98,-5.74,-3.67,31.22
-0.57,-8.75,-0.99,31.25
-3.54,-11.44,-3.55,31.28
-1.44,-10.23,-4.58,31.25
-0.02,-7.58,-4.83,31.25
-1.37,-6.46,-2.0,31.23
0.45,-11.15,-1.65,31.25
-1.04,-11.99,-3.58,31.21
-1.63,-8.89,-3.04,31.25
-0.64,-6.56,-2.75,31.25
-0.43,-7.3,-0.74,31.25
-0.89,-10.35,-0.73,31.25
0.39,-11.75,-3.1,31.25
-0.38,-9.43,-4.28,31.22
-1.94,-5.93,-2.98,31.24
0.38,-7.29,-2.03,31.29
-1.22,-11.61,-2.51,31.26
-0.93,-11.01,-3.79,31.26
-1.52,-9.03,-3.82,31.3
-1.33,-6.57,-3.44,31.22
-0.94,-8.81,-3.97,31.27
0.65,-10.28,-2.72,31.23
0.07,-10.89,-2.3,31.25
-1.1,-8.05,-2.07,31.24
-2.21,-6.62,-2.66,31.23
-2.85,-5.61,-3.36,31.22
-2.71,-8.45,-2.5,31.29
-3.07,-11.42,-5.02,31.23
-1.69,-11.92,-6.1,31.24
-1.35,-8.95,-5.97,31.28
-2.5,-5.22,-4.96,31.27
-3.53,-8.25,-3.64,31.27
-1.0,-12.19,-6.73,31.3
-1.22,-11.8,-5.66,31.25
-1.74,-8.16,-4.78,31.22
-0.31,-5.78,-4.71,31.26
-2.64,-8.58,-2.91,31.31
-4.98,-11.65,-4.36,31.29
-0.82,-11.09,-4.47,31.26
-1.07,-7.47,-2.17,31.22
-1.21,-5.42,-3.18,31.24
-1.17,-8.03,-2.72,31.27
-1.81,-11.61,-2.53,31.25
-1.19,-10.18,-5.1,31.24
-0.69,-7.37,-3.7,31.28
-1.84,-6.05,-3.76,31.26
-2.42,-7.46,-1.76,31.25
-0.01,-10.85,-1.52,31.28
-1.68,-11.03,-3.6,31.26
-1.73,-7.35,-2.51,31.25
-0.09,-5.88,-3.16,31.25
-0.5,-6.99,-1.22,31.26
-1.62,-12.17,-2.12,31.26
-2.38,-12.26,-3.62,31.26
-1.2,-7.6,-2.17,31.28
-0.67,-5.67,-2.94,31.24
-0.34,-8.52,-1.88,31.25
0.65,-11.51,-2.09,31.3
-0.47,-10.86,-3.63,31.24
-1.5,-7.37,-3.72,31.24
-0.71,-7.68,-2.81,31.26
1.17,-9.32,-1.6,31.23
0.44,-11.35,-2.29,31.24
-1.02,-12.15,-6.54,31.27
-1.07,-10.77,-4.95,31.29
-2.47,-6.74,-4.12,31.27
-3.01,-7.63,-4.38,31.29
-4.11,-10.18,-4.07,31.28
-0.63,-11.76,-4.22,31.3
-1.2,-10.23,-5.26,31.24
-1.11,-8.72,-4.19,31.24
-2.68,-8.3,-3.71,31.26
-4.18,-9.49,-2.48,31.24
0.25,-10.04,-3.17,31.24
-0.18,-10.12,-3.02,31.24
-1.04,-8.32,-3.35,31.25
-1.09,-5.85,-1.78,31.2
-4.24,-8.83,-2.26,31.24
-1.41,-11.04,-5.1,31.27
-0.74,-10.28,-4.7,31.28
-0.72,-8.36,-5.52,31.32
-1.72,-6.14,-5.84,31.25
-4.87,-9.4,-3.82,31.24
-1.32,-10.57,-5.79,31.3
-1.04,-9.76,-4.5,31.28
-1.92,-6.9,-3.38,31.26
-2.04,-5.88,-3.68,31.31
-2.82,-10.19,-3.32,31.25
-1.43,-11.09,-6.24,31.26
-3.1,-9.22,-3.62,31.3
-1.19,-7.3,-3.88,31.29
-1.21,-6.0,-3.58,31.22
-3.13,-9.51,-1.76,31.3
-2.52,-12.14,-4.74,31.24
-1.17,-10.87,-3.95,31.29
-1.29,-6.57,-2.9,31.26
-0.37,-4.78,-2.13,31.27
-0.64,-8.96,-0.24,31.26
-2.5,-11.26,-2.68,31.27
-2.09,-9.74,-4.62,31.29
-2.04,-7.13,-2.88,31.26
-3.39,-7.37,-2.67,31.25
-1.4,-6.93,-3.88,31.23
-0.54,-7.61,-2.57,31.24
-2.03,-10.35,-2.09,31.25
-1.29,-11.4,-3.55,31.27
-2.68,-7.94,-3.84,31.27
-2.13,-6.09,-3.07,31.25
-1.16,-9.85,-3.74,31.3
0.4,-11.15,-2.79,31.28
1.22,-10.02,-3.57,31.26
-2.27,-8.12,-4.15,31.28
-2.65,-8.1,-3.77,31.28
0.62,-8.71,-3.72,31.31
0.84,-10.91,-2.67,31.29
-0.72,-11.55,-3.98,31.25
-0.45,-7.59,-3.96,31.27
-1.78,-7.91,-3.44,31.3
-3.03,-10.47,-3.55,31.25
-0.16,-11.01,-3.16,31.28
-0.61,-10.38,-3.21,31.26
-1.07,-7.79,-4.11,31.27
-1.6,-8.25,-1.47,31.26
-0.68,-10.24,-2.97,31.26
-1.16,-11.14,-3.56,31.25
-1.82,-11.71,-4.26,31.27
-1.1,-7.49,-4.31,31.24
-4.37,-8.17,-2.81,31.27
-0.54,-8.86,-5.35,31.26
-0.07,-10.56,-3.66,31.26
-2.34,-10.42,-4.45,31.21
-2.3,-7.77,-3.98,31.26
-6.14,-7.08,-4.1,31.27
-3.7,-9.95,-4.57,31.27
0.56,-11.47,-6.82,31.26
-0.52,-9.94,-5.36,31.27
-2.93,-6.9,-4.52,31.27
-5.26,-7.32,-3.3,31.24
-2.15,-9.17,-4.86,31.23
0.3,-11.37,-4.94,31.24
-0.93,-11.92,-5.32,31.22
-1.09,-7.73,-5.74,31.26
-3.86,-8.29,-4.53,31.23
-3.11,-10.27,-4.58,31.23
-2.23,-10.06,-3.74,31.25
-0.68,-11.18,-5.7,31.2
-1.85,-9.34,-4.08,31.25
-2.63,-7.88,-3.46,31.26
-3.25,-6.18,-5.65,31.25
-2.97,-8.22,-2.55,31.25
-2.06,-10.5,-3.09,31.22
-1.45,-9.91,-3.66,31.24
-1.78,-7.31,-4.49,31.25
-1.61,-6.08,-2.27,31.26
-1.38,-8.89,-1.41,31.22
-2.52,-10.36,-4.04,31.26
-1.13,-9.27,-4.6,31.23
-1.09,-6.84,-2.26,31.21
-1.13,-5.13,-1.19,31.25
-1.58,-8.58,-0.14,31.3
-1.52,-10.12,-1.29,31.25
-1.29,-10.64,-1.97,31.27
-0.22,-6.54,-4.29,31.29
-2.0,-9.71,-5.58,31.23
-2.15,-7.48,-5.43,31.25
-1.71,-8.41,-3.5,31.19
0.56,-9.14,-3.21,31.24
1.44,-12.62,-5.5,31.27
-2.8,-11.93,-4.98,31.22
-0.51,-8.38,-3.68,31.25
-3.18,-7.85,-5.22,31.21
-2.11,-9.87,-4.74,31.21
1.49,-11.86,-5.35,31.24
-1.09,-10.83,-5.06,31.24
-3.51,-6.76,-4.67,31.29
-3.93,-8.6,-3.56,31.25
-0.62,-9.69,-5.83,31.22
-0.99,-10.92,-4.61,31.24
-0.93,-10.31,-4.83,31.28
0.82,-6.25,-4.77,31.25
-3.86,-7.67,-2.87,31.23
-3.88,-9.92,-4.67,31.24
0.96,-12.11,-5.51,31.24
0.03,-13.36,-5.39,31.24
0.03,-9.54,-6.29,31.24
-3.55,-7.21,-4.45,31.25
-2.51,-9.56,-5.69,31.24
2.43,-11.0,-6.14,31.22
-2.62,-12.05,-6.3,31.27
-3.11,-8.15,-5.76,31.27
-2.41,-9.43,-7.95,31.25
-1.19,-9.52,-6.8,31.27
2.09,-10.41,-4.33,31.22
0.0,-12.65,-5.15,31.24
-0.21,-8.39,-4.58,31.22
-4.52,-8.28,-3.5,31.24
-1.65,-9.65,-5.37,31.24
1.95,-12.18,-5.35,31.24
1.12,-11.59,-4.42,31.23
-1.02,-9.0,-3.71,31.23
-4.42,-8.0,-3.46,31.23
-0.06,-11.56,-5.43,31.23
-1.07,-10.03,-5.89,31.22
-0.62,-7.83,-5.18,31.21
-3.62,-9.66,-3.07,31.24
-0.99,-10.27,-5.14,31.22
2.31,-10.89,-5.79,31.25
-1.55,-8.24,-5.11,31.28
-2.0,-7.52,-2.66,31.25
-1.98,-8.71,-3.35,31.25
-1.26,-11.18,-5.25,31.23
-1.71,-11.46,-6.11,31.24
-0.53,-7.48,-3.88,31.24
-0.69,-5.55,-3.83,31.24
-3.13,-8.63,-3.15,31.24
-0.09,-10.39,-3.8,31.27
-1.22,-11.13,-3.28,31.26
-2.28,-8.09,-3.67,31.21
-0.63,-5.49,-4.05,31.23
-3.12,-9.47,-2.3,31.22
-2.6,-10.62,-4.41,31.24
-2.48,-11.6,-5.82,31.23
-1.87,-11.16,-4.59,31.22
-2.25,-9.22,-4.84,31.24
0.97,-7.46,-5.85,31.21
-0.9,-8.75,-4.32,31.23
-1.91,-11.51,-4.61,31.22
-1.57,-10.13,-5.8,31.27
-1.27,-8.1,-4.37,31.2
-0.48,-6.48,-2.54,31.26
-1.87,-7.32,-0.66,31.21
-2.67,-9.6,-3.59,31.21
-1.18,-10.84,-3.65,31.23
-1.91,-8.8,-2.38,31.23
-0.78,-5.12,-2.7,31.25
-2.14,-7.04,-1.66,31.24
-3.1,-10.88,-4.7,31.24
0.76,-10.47,-5.45,31.32
-1.35,-7.88,-4.4,31.23
-3.1,-5.52,-3.47,31.24
-2.24,-8.1,-2.63,31.25
-0.61,-11.53,-3.49,31.27
-0.57,-10.13,-4.93,31.24
-3.13,-6.88,-3.4,31.26
0.09,-7.13,-3.85,31.2
-0.67,-8.26,-2.48,31.23
0.69,-11.83,-3.42,31.22
-0.93,-10.03,-4.21,31.24
-2.03,-6.56,-2.39,31.29
0.76,-6.65,-4.2,31.24
-2.9,-8.89,-2.36,31.24
-2.08,-11.62,-3.94,31.24
0.18,-10.28,-4.7,31.25
-2.75,-6.96,-3.51,31.2
-1.42,-7.3,-4.07,31.19
-2.35,-9.62,-2.9,31.23
-2.13,-10.69,-2.95,31.24
-0.83,-9.24,-4.22,31.26
-3.04,-7.42,-4.35,31.24
0.65,-6.77,-4.67,31.19
-0.39,-12.43,-3.65,31.23
-1.23,-11.52,-4.27,31.21
-2.96,-6.71,-4.58,31.24
1.64,-8.62,-4.41,31.23
1.05,-10.94,-4.39,31.22
0.64,-12.23,-3.92,31.24
-1.75,-8.53,-3.56,31.23
-0.68,-5.28,-2.35,31.24
1.59,-7.01,-3.08,31.24
0.49,-11.46,-2.53,31.25
0.0,-13.3,-3.83,31.22
-1.68,-7.88,-4.23,31.23
-1.35,-5.2,-3.1,31.25
2.84,-8.32,-3.62,31.27
2.99,-10.78,-2.14,31.19
0.23,-10.82,-1.26,31.24
-2.44,-7.1,-2.09,31.22
0.09,-4.67,-1.4,31.25
1.79,-7.4,-3.11,31.22
-3.19,-7.96,-1.97,31.22
-2.34,-6.46,-1.07,31.22
0.91,-9.7,-3.87,31.22
2.12,-11.34,-3.55,31.25
-1.03,-11.26,-3.35,31.24
-4.6,-8.1,-2.34,31.22
-2.52,-7.45,-3.47,31.19
-0.11,-7.6,-3.76,31.2
-0.03,-12.05,-3.95,31.2
-0.05,-11.94,-5.57,31.27
-2.8,-9.64,-3.43,31.25
-2.14,-7.79,-1.83,31.25
2.04,-9.33,-3.02,31.21
0.69,-10.52,-3.23,31.23
-2.63,-11.12,-2.87,31.19
-2.41,-9.58,-4.52,31.22
-2.61,-6.22,-4.9,31.28
0.48,-8.29,-4.47,31.25
0.68,-11.52,-4.8,31.24
-2.89,-9.17,-4.13,31.19
-3.33,-7.49,-2.53,31.25
-2.06,-8.88,-3.68,31.25
-2.19,-9.53,-3.96,31.25
-0.85,-11.08,-3.69,31.25
-1.85,-8.76,-2.25,31.17
-2.77,-8.56,-4.3,31.24
-3.8,-8.18,-5.38,31.22
-1.53,-8.29,-5.02,31.27
-0.67,-11.6,-5.19,31.27
-2.87,-8.0,-4.0,31.2
-3.94,-6.93,-4.92,31.22
-4.05,-7.38,-4.58,31.22
-0.98,-9.81,-5.31,31.2
-1.7,-11.79,-6.5,31.28
-4.49,-12.3,-6.16,31.22
-2.66,-7.69,-5.58,31.24
-3.1,-8.22,-4.78,31.2
-1.7,-9.7,-7.38,31.22
-4.05,-7.78,-4.77,31.23
-1.79,-10.09,-5.57,31.25
0.06,-11.36,-7.43,31.24
-2.41,-8.39,-5.5,31.25
-3.0,-7.96,-5.75,31.27
-4.11,-9.27,-6.22,31.27
0.03,-11.14,-7.19,31.23
-1.19,-11.49,-6.56,31.22
-4.29,-9.72,-4.45,31.25
-0.42,-8.82,-7.54,31.25
-5.15,-10.25,-6.91,31.28
-2.36,-11.62,-7.61,31.21
0.38,-12.33,-5.88,31.24
-2.75,-9.42,-5.18,31.23
-1.8,-8.05,-6.57,31.22
-3.36,-10.21,-6.47,31.22
-1.92,-11.26,-7.6,31.21
-0.05,-11.99,-4.84,31.24
-2.48,-9.07,-4.16,31.22
-0.58,-5.53,-2.93,31.2
-2.54,-9.7,-3.09,31.23
-0.81,-10.09,-4.17,31.26
0.91,-10.43,-4.78,31.26
0.51,-7.66,-4.71,31.26
-0.33,-6.14,-2.18,31.23
-4.36,-9.59,-3.46,31.3
-1.73,-10.72,-6.22,31.22
-2.19,-9.28,-4.45,31.23
-0.19,-7.02,-3.46,31.27
-2.43,-6.46,-3.95,31.26
-2.99,-9.21,-3.69,31.24
1.67,-11.03,-6.84,31.26
-1.25,-11.48,-5.96,31.25
-2.44,-8.51,-5.21,31.28
0.26,-7.39,-5.24,31.21
-1.68,-7.53,-4.48,31.23
-1.2,-10.84,-3.59,31.22
-0.89,-11.82,-4.75,31.22
-1.09,-9.99,-5.6,31.22
-2.02,-6.25,-3.58,31.26
-0.15,-8.23,-3.88,31.24
2.05,-10.27,-5.22,31.25
-1.92,-11.56,-4.19,31.22
-1.27,-9.45,-5.2,31.2
-2.63,-6.45,-4.87,31.25
-2.15,-8.17,-3.43,31.27
1.49,-12.28,-5.69,31.21
-2.99,-13.65,-6.68,31.24
-2.74,-9.35,-5.56,31.22
-0.63,-7.62,-5.62,31.22
-1.15,-9.55,-4.76,31.26
1.96,-13.02,-6.74,31.23
-0.55,-13.98,-7.23,31.26
-2.5,-11.23,-5.44,31.24
-3.4,-8.7,-6.86,31.24
-1.85,-9.81,-7.32,31.27
1.97,-10.47,-6.09,31.26
-1.12,-13.12,-4.79,31.25
0.17,-7.05,-1.83,31.22
1.57,-7.75,-3.47,31.24
-0.44,-10.12,-1.54,31.29
0.35,-11.16,-1.21,31.24
-0.56,-7.45,-2.36,31.22
-1.57,-5.87,-2.86,31.22
1.28,-8.63,-2.93,31.25
1.03,-10.59,-4.09,31.22
-0.73,-10.36,-2.91,31.26
-0.9,-9.55,-3.36,31.23
-1.79,-6.39,-2.81,31.28
0.43,-7.35,-3.6,31.23
2.28,-10.42,-2.21,31.27
-0.88,-11.49,-4.17,31.21
-3.1,-8.19,-4.08,31.22
-2.27,-7.05,-2.76,31.24
0.02,-9.3,-3.89,31.23
0.48,-11.01,-5.0,31.26
-0.24,-11.15,-4.11,31.22
1.1,-5.79,-1.53,31.2
1.23,-5.89,-1.29,31.26
-0.87,-8.77,-1.67,31.24
-0.42,-11.26,-2.85,31.24
-0.24,-9.48,-4.09,31.25
-0.2,-6.32,-4.24,31.25
-0.28,-7.7,-4.05,31.26
-1.38,-9.57,-2.3,31.23
0.76,-12.0,-2.28,31.2
-1.45,-11.91,-5.79,31.25
-3.35,-7.09,-4.77,31.22
-0.15,-8.26,-4.62,31.24
-0.77,-9.54,-2.73,31.26
-3.2,-12.55,-4.35,31.21
-3.17,-10.65,-4.83,31.22
-1.07,-7.27,-2.81,31.19
-0.47,-5.83,-2.25,31.19
-2.15,-9.78,-1.48,31.22
0.09,-11.73,-4.12,31.27
-1.8,-12.6,-7.84,31.25
-2.01,-9.75,-6.16,31.22
-2.45,-6.39,-5.86,31.24
-2.74,-7.68,-3.34,31.23
-1.94,-10.31,-4.55,31.22
-1.8,-11.25,-5.72,31.23
-3.19,-9.58,-4.41,31.33
-0.9,-5.69,-2.69,31.26
0.33,-8.12,-3.21,31.24
-3.96,-10.73,-3.59,31.22
-3.17,-10.63,-2.65,31.17
-2.87,-8.73,-2.49,31.24
-2.23,-5.07,-3.73,31.27
-2.25,-6.72,-2.71,31.26
-3.55,-12.51,-4.94,31.24
-2.4,-10.74,-3.92,31.26
-2.14,-6.74,-1.62,31.23
-1.59,-5.46,-1.86,31.26
-3.33,-7.42,-1.34,31.23
0.2,-4.89,-2.64,31.19
-4.73,-6.51,-3.03,31.2
-3.55,-8.54,-1.5,31.22
-0.14,-10.97,-4.13,31.22
-2.18,-8.8,-3.96,31.22
-0.73,-7.15,-5.16,31.25
-2.43,-7.58,-3.77,31.2
-2.22,-10.31,-3.78,31.21
1.22,-9.86,-3.92,31.21
-1.62,-10.17,-4.08,31.22
-0.3,-5.67,-2.1,31.23
-2.33,-5.8,-0.48,31.24
-2.28,-10.92,-2.26,31.22
-0.16,-11.5,-3.84,31.23
-2.61,-9.53,-2.32,31.23
-2.03,-5.68,-2.41,31.22
-2.56,-6.53,-1.76,31.23
-2.06,-10.32,-2.06,31.22
-1.78,-12.93,-6.0,31.23
-4.01,-7.64,-5.17,31.24
0.97,-5.64,-4.55,31.22
-2.61,-6.94,-1.3,31.22
-2.69,-11.09,-2.98,31.24
-0.77,-11.53,-7.32,31.21
-1.44,-7.11,-4.51,31.25
0.2,-6.01,-3.57,31.23
-2.89,-7.23,-2.82,31.24
-1.56,-10.83,-2.91,31.24
-0.85,-10.92,-3.28,31.27
-3.42,-8.04,-2.49,31.24
0.16,-6.44,-4.59,31.24
-2.01,-6.59,-1.83,31.24
-1.12,-9.96,-1.78,31.26
-1.47,-10.16,-3.47,31.23
-4.79,-8.01,-2.0,31.2
-2.25,-5.17,-2.43,31.21
-1.53,-6.19,-2.26,31.26
-2.98,-9.6,-1.67,31.19
-2.64,-11.82,-5.43,31.22
-1.45,-8.47,-3.46,31.22
-0.11,-6.26,-3.05,31.24
-1.31,-6.91,-2.17,31.22
-0.24,-11.27,-3.17,31.22
-1.86,-11.57,-4.76,31.22
-0.89,-8.09,-1.87,31.23
-1.09,-10.92,-3.06,31.23
-2.33,-12.18,-5.82,31.23
-0.95,-8.93,-4.65,31.23
-0.39,-5.55,-3.62,31.23
-1.68,-7.09,-3.35,31.24
-2.9,-10.69,-1.98,31.23
-2.06,-10.49,-3.47,31.23
-2.76,-8.56,-3.07,31.23
-1.7,-7.61,-4.4,31.22
-0.8,-6.86,-3.57,31.23
-1.47,-8.75,-0.98,31.2
-2.98,-11.97,-2.72,31.2
-0.77,-9.1,-4.58,31.21
0.44,-5.49,-4.05,31.22
-0.24,-5.76,-1.62,31.17
0.15,-9.82,0.1,31.2
-0.27,-11.62,-2.34,31.2
-1.71,-9.08,-2.7,31.24
-0.0,-5.59,-2.14,31.24
0.24,-6.11,-1.61,31.2
-2.46,-9.36,0.01,31.22
0.15,-11.18,0.33,31.21
0.36,-8.0,-0.57,31.22
-0.73,-5.79,-1.66,31.2
1.31,-6.73,-2.06,31.25
1.43,-10.33,-0.36,31.22
-0.27,-11.92,-2.19,31.17
0.12,-9.22,-2.96,31.21
-1.49,-6.72,-1.82,31.18
2.21,-7.15,-1.64,31.25
-0.05,-10.62,-0.59,31.26
-0.47,-11.13,-1.69,31.21
0.82,-8.57,-2.48,31.26
-2.56,-7.07,-1.77,31.22
1.43,-7.23,-3.17,31.21
1.13,-10.63,-0.64,31.24
-0.45,-10.81,-1.5,31.24
-2.6,-8.08,-2.07,31.27
0.34,-7.89,-2.65,31.21
-1.15,-5.51,-2.4,31.21
-1.46,-7.87,-3.28,31.2
-3.85,-10.16,-2.21,31.2
0.29,-10.96,-5.11,31.24
-1.01,-9.4,-4.56,31.26
-1.6,-7.2,-3.87,31.25
-1.88,-8.27,-2.18,31.23
-3.01,-11.82,-3.9,31.19
-2.56,-11.04,-5.64,31.24
-2.92,-9.75,-3.9,31.22
-0.29,-6.68,-4.53,31.21
-3.49,-6.36,-2.75,31.24
-5.4,-10.95,-3.7,31.23
-0.1,-11.98,-5.36,31.19
-2.01,-8.37,-4.4,31.22
-1.36,-4.9,-3.83,31.24
-1.32,-6.75,-1.85,31.24
-2.07,-7.64,-3.26,31.24
-1.21,-8.23,-4.59,31.22
-2.34,-7.37,-2.96,31.27
-3.6,-9.74,-2.78,31.24
0.5,-11.2,-5.69,31.22
-0.25,-10.61,-5.43,31.2
-2.39,-8.41,-5.48,31.22
-1.67,-7.53,-2.46,31.22
-2.49,-10.36,-2.81,31.26
-1.11,-10.83,-5.53,31.27
-2.14,-10.37,-5.63,31.23
-0.04,-7.62,-4.98,31.24
-1.19,-7.11,-2.3,31.22
-4.15,-10.01,-2.82,31.24
0.15,-11.92,-6.25,31.25
-1.28,-9.91,-6.03,31.18
-1.11,-6.05,-4.84,31.22
-1.76,-7.35,-2.58,31.18
-3.25,-10.11,-2.98,31.23
0.07,-11.05,-5.19,31.18
-1.38,-9.28,-4.14,31.2
-1.92,-7.4,-5.33,31.24
-2.55,-7.25,-2.47,31.17
-2.12,-10.63,-2.98,31.2
-0.81,-11.51,-4.78,31.23
-3.33,-8.97,-4.26,31.22
-1.62,-7.3,-4.62,31.26
-2.04,-8.1,-3.29,31.24
-2.78,-10.69,-2.5,31.22
-0.72,-11.66,-5.42,31.22
-2.55,-7.75,-4.73,31.26
-1.15,-6.15,-3.6,31.22
-1.76,-6.57,-2.08,31.25
-2.91,-9.34,-1.36,31.18
-1.86,-10.69,-4.5,31.21
-1.28,-8.23,-4.25,31.2
-1.69,-6.15,-2.75,31.18
-1.0,-6.83,-1.45,31.25
-0.73,-9.21,-2.25,31.21
-3.87,-7.62,-3.26,31.22
-1.81,-9.26,-4.37,31.22
1.79,-10.98,-4.35,31.23
-0.69,-10.69,-5.2,31.22
-1.78,-8.02,-5.79,31.22
-3.72,-7.37,-3.42,31.24
-1.75,-10.25,-4.91,31.22
1.17,-10.92,-5.15,31.19
-0.27,-10.12,-4.82,31.21
-1.8,-7.24,-4.74,31.23
-2.04,-7.04,-4.24,31.22
-1.75,-8.71,-3.13,31.21
0.18,-12.12,-5.02,31.21
0.8,-11.05,-4.02,31.24
-1.55,-9.4,-5.9,31.21
-2.55,-7.69,-5.04,31.2
-1.53,-9.28,-3.89,31.22
-0.39,-10.06,-3.41,31.23
0.22,-11.37,-4.06,31.22
-2.77,-9.69,-5.96,31.21
-1.81,-6.47,-4.91,31.22
-2.94,-9.06,-3.44,31.19
-1.78,-11.27,-4.87,31.18
0.94,-10.64,-4.52,31.23
-0.75,-8.15,-5.0,31.28
-2.68,-7.56,-3.45,31.23
-3.84,-9.31,-2.61,31.23
-0.09,-10.97,-5.66,31.19
-0.34,-11.26,-5.65,31.19
-1.15,-8.32,-5.21,31.24
-1.59,-6.88,-3.91,31.22
-3.82,-9.33,-3.18,31.2
-0.95,-11.59,-4.75,31.22
-0.9,-11.19,-5.93,31.2
-1.39,-7.79,-4.95,31.22
-2.21,-6.36,-4.39,31.23
-3.25,-9.55,-2.45,31.21
-1.24,-11.54,-4.86,31.2
-0.71,-11.33,-4.34,31.2
-1.44,-8.34,-5.47,31.2
-1.19,-6.31,-4.4,31.19
-3.49,-9.79,-2.11,31.19
-2.54,-11.42,-4.24,31.21
-0.68,-10.17,-4.94,31.2
-1.33,-7.53,-4.62,31.25
-1.49,-6.94,-2.89,31.19
-2.43,-8.17,-1.64,31.22
-3.02,-10.79,-3.37,31.23
-0.55,-10.12,-4.56,31.21
-1.83,-7.15,-4.54,31.19
-1.35,-6.12,-3.39,31.21
-1.98,-7.76,-0.5,31.21
-2.44,-10.51,-2.54,31.18
-0.67,-10.05,-4.36,31.2
-1.05,-7.24,-4.48,31.21
-1.02,-6.87,-2.08,31.21
-2.33,-8.56,-1.04,31.25
-0.33,-8.51,-1.52,31.22
-0.45,-10.96,-2.21,31.18
-0.6,-10.01,-3.69,31.2
-1.23,-6.69,-3.12,31.18
-1.01,-7.34,-3.1,31.17
0.52,-8.6,-1.66,31.19
0.28,-11.82,-1.02,31.23
-0.14,-10.1,-4.45,31.2
-1.98,-7.08,-3.59,31.22
-1.7,-6.91,-3.03,31.24
0.98,-8.89,-2.3,31.21
0.52,-11.58,-1.78,31.26
-0.06,-10.2,-4.01,31.25
-1.89,-7.35,-2.92,31.22
-0.45,-6.29,-1.3,31.22
0.38,-9.41,-2.57,31.24
-0.63,-11.76,-3.15,31.22
0.97,-10.33,-4.96,31.17
-1.74,-7.84,-3.73,31.21
0.52,-8.63,-2.34,31.25
-1.91,-10.41,-1.85,31.21
0.08,-10.21,-3.76,31.2
-1.99,-8.04,-2.55,31.23
-0.52,-5.95,-2.06,31.22
2.22,-9.77,-2.66,31.21
-1.77,-13.03,-3.55,31.22
0.02,-10.0,-3.99,31.21
0.04,-7.84,-3.76,31.22
-1.93,-7.38,-3.78,31.23
1.11,-9.41,-3.25,31.24
1.47,-12.36,-2.51,31.25
-0.75,-11.14,-4.29,31.21
-2.79,-8.24,-4.45,31.25
-1.69,-7.82,-3.68,31.22
0.71,-9.8,-3.31,31.24
0.33,-11.96,-2.61,31.2
-1.01,-10.69,-4.7,31.22
-2.38,-7.96,-4.19,31.22
-3.07,-7.93,-3.45,31.21
-1.25,-9.96,-4.73,31.21
0.37,-11.44,-4.36,31.19
-1.59,-10.01,-4.14,31.22
-1.46,-7.64,-5.01,31.22
-3.03,-8.18,-3.41,31.17
-0.85,-10.1,-4.87,31.21
1.28,-11.81,-5.4,31.21
-1.83,-11.39,-4.69,31.22
-1.15,-7.77,-4.95,31.2
-3.03,-7.93,-4.76,31.21
-2.57,-9.3,-4.83,31.24
0.67,-11.45,-5.15,31.19
-0.1,-12.33,-5.75,31.22
-1.41,-9.35,-4.92,31.21
-2.41,-7.86,-4.99,31.22
-2.62,-10.09,-4.34,31.22
-1.02,-11.0,-6.19,31.18
0.15,-11.16,-4.66,31.22
-0.15,-12.23,-5.03,31.19
1.4,-11.88,-5.55,31.2
-1.87,-9.77,-5.16,31.24
-2.96,-7.45,-4.14,31.18
-1.53,-8.81,-3.95,31.17
-0.62,-10.82,-5.12,31.23
0.45,-10.53,-5.25,31.23
-0.35,-9.6,-4.53,31.21
-2.83,-6.75,-4.31,31.21
-3.55,-9.25,-2.93,31.17
-1.26,-11.39,-4.78,31.18
-0.14,-10.34,-4.17,31.24
-0.72,-8.0,-4.24,31.2
-2.19,-6.07,-4.06,31.23
-4.72,-8.77,-2.63,31.19
-1.61,-11.6,-4.85,31.18
-1.13,-11.01,-5.17,31.2
-1.7,-7.39,-4.63,31.17
-2.2,-5.88,-4.92,31.19
-4.77,-9.69,-2.43,31.18
-2.11,-10.36,-5.55,31.21
-1.1,-9.76,-5.67,31.21
-2.43,-7.37,-4.24,31.21
-2.17,-5.82,-3.86,31.2
-3.35,-8.48,-1.9,31.21
-3.75,-10.98,-4.44,31.25
-0.41,-10.06,-5.79,31.2
-1.27,-7.76,-4.82,31.19
-1.5,-6.18,-2.75,31.21
-1.95,-8.24,-1.27,31.16
-3.15,-11.42,-3.57,31.16
0.49,-9.19,-4.91,31.23
-1.17,-7.07,-4.66,31.24
-2.79,-6.46,-1.65,31.23
-0.44,-8.25,-0.79,31.24
-0.27,-11.14,-1.71,31.2
-0.4,-8.88,-4.24,31.21
-1.47,-7.16,-3.21,31.24
0.06,-8.57,-2.02,31.2
-0.24,-10.51,-1.96,31.19
-2.94,-11.58,-4.29,31.14
-0.82,-8.28,-3.71,31.19
-0.52,-6.17,-3.54,31.2
-1.57,-7.2,-2.45,31.2
-0.87,-9.92,-1.64,31.21
-0.01,-11.0,-3.99,31.21
-1.3,-8.32,-3.78,31.16
-2.2,-7.4,-2.48,31.21
0.84,-7.47,-2.27,31.2
-0.33,-10.29,-1.9,31.26
-0.86,-11.82,-3.57,31.22
-0.78,-8.85,-4.59,31.2
-1.62,-6.73,-1.8,31.24
0.02,-7.41,-2.67,31.18
0.45,-11.14,-2.44,31.21
0.46,-12.15,-4.47,31.24
-2.02,-9.1,-4.0,31.19
-4.52,-9.73,-2.41,31.18
0.24,-10.83,-5.93,31.22
0.18,-10.87,-4.0,31.22
-1.92,-6.91,-4.23,31.2
-2.33,-6.62,-2.33,31.24
-2.58,-9.5,-2.98,31.22
-1.06,-11.69,-5.78,31.22
-3.03,-10.48,-4.91,31.25
-1.68,-7.56,-4.28,31.22
-1.09,-5.54,-3.48,31.22
-3.82,-9.88,-2.22,31.2
-1.63,-11.11,-4.74,31.22
-0.32,-11.49,-5.24,31.22
-1.87,-8.31,-5.2,31.22
-0.65,-6.39,-4.71,31.23
-2.06,-7.89,-1.72,31.18
-4.72,-10.59,-2.3,31.22
-0.51,-10.42,-4.72,31.2
-1.57,-8.62,-4.02,31.19
-0.82,-6.28,-4.09,31.21
-1.69,-7.28,-1.68,31.21
-3.13,-10.61,-3.32,31.19
-1.38,-10.36,-5.42,31.25
-1.22,-7.78,-3.61,31.23
-1.5,-6.73,-3.75,31.23
-3.21,-7.11,-2.09,31.22
-2.24,-11.74,-2.04,31.25
-1.39,-11.03,-5.71,31.22
-2.27,-8.1,-3.82,31.21
-0.5,-7.46,-3.44,31.23
-1.89,-8.45,-1.82,31.27
-1.02,-11.13,-0.6,31.22
-1.72,-11.15,-4.06,31.22
-2.46,-8.59,-3.83,31.23
-1.48,-6.97,-4.44,31.21
2.11,-7.08,-2.22,31.24
-3.05,-11.56,-2.71,31.23
-4.1,-11.75,-5.34,31.21
0.91,-8.72,-3.03,31.24
-1.41,-11.09,-3.41,31.27
-0.39,-10.69,-3.07,31.22
-2.3,-8.47,-4.01,31.21
-3.57,-7.54,-3.38,31.22
0.43,-8.05,-3.27,31.24
0.29,-11.19,-2.65,31.23
-2.26,-11.46,-3.52,31.22
-2.43,-9.21,-4.73,31.23
-0.55,-7.24,-2.7,31.21
-0.85,-9.1,-2.59,31.22
-0.05,-11.14,-2.38,31.21
-0.6,-12.26,-5.33,31.22
-0.56,-9.33,-5.78,31.24
-2.79,-8.19,-3.8,31.19
-2.38,-9.33,-4.2,31.2
1.19,-11.31,-4.32,31.24
-0.55,-11.25,-4.32,31.26
-0.41,-7.93,-3.87,31.22
1.13,-9.89,-2.89,31.24
-0.44,-11.52,-3.34,31.19
0.23,-12.52,-4.25,31.22
-0.8,-8.91,-2.95,31.21
-4.29,-7.36,-3.28,31.26
-1.55,-8.72,-4.05,31.19
2.03,-11.1,-3.31,31.24
-2.03,-11.37,-2.67,31.25
-1.32,-8.69,-3.37,31.25
-1.88,-7.49,-2.6,31.22
-0.66,-8.36,-3.07,31.22
1.57,-10.73,-3.52,31.22
-1.19,-12.2,-2.99,31.22
-1.14,-8.03,-4.72,31.23
-3.13,-7.74,-3.71,31.24
-3.28,-9.46,-4.3,31.2
0.76,-11.24,-4.02,31.23
0.85,-11.21,-4.79,31.19
-0.92,-8.5,-4.65,31.22
1.25,-10.17,-3.77,31.21
-1.03,-10.77,-3.47,31.21
-1.31,-8.09,-4.27,31.22
-4.47,-7.36,-4.27,31.2
-3.19,-8.69,-4.42,31.21
0.55,-11.65,-5.83,31.24
-0.4,-12.06,-6.23,31.26
-2.68,-8.54,-5.51,31.16
-3.03,-7.43,-5.24,31.23
-2.68,-9.9,-4.81,31.22
0.08,-11.28,-4.41,31.26
-1.0,-10.75,-5.61,31.24
-3.3,-8.31,-5.58,31.19
-2.04,-7.12,-4.09,31.23
-4.25,-7.58,-4.61,31.22
-2.35,-10.69,-7.34,31.22
1.19,-11.52,-5.91,31.24
-0.18,-7.87,-5.63,31.21
-2.11,-7.75,-6.27,31.22
-3.68,-8.02,-4.81,31.26
-1.71,-10.54,-6.41,31.26
0.77,-11.69,-5.5,31.22
-0.72,-9.62,-5.11,31.22
-2.56,-6.49,-4.45,31.29
-2.63,-7.76,-4.44,31.21
-1.5,-10.26,-5.07,31.18
-0.22,-11.28,-5.79,31.22
-0.99,-9.69,-4.24,31.23
-2.0,-6.62,-3.52,31.24
-1.1,-7.41,-3.73,31.23
-1.06,-11.17,-4.85,31.27
-2.05,-11.86,-3.98,31.26
-0.1,-8.22,-4.55,31.22
-0.9,-6.2,-5.5,31.2
-3.89,-8.97,-1.92,31.23
-0.91,-11.29,-3.76,31.2
-1.04,-11.08,-6.25,31.2
-2.93,-8.37,-4.25,31.23
-1.55,-6.35,-2.64,31.2
-0.01,-6.76,-3.49,31.22
0.68,-9.05,-1.36,31.21
0.26,-12.33,-2.5,31.23
-2.67,-10.79,-5.32,31.22
-2.53,-7.64,-4.52,31.21
1.97,-7.49,-4.03,31.19
0.12,-9.8,-1.7,31.2
-0.49,-12.96,-4.6,31.23
-1.83,-9.43,-4.13,31.2
-2.4,-6.69,-1.59,31.19
-0.74,-6.41,-3.47,31.22
-0.03,-10.44,-3.29,31.22
-0.67,-11.73,-2.77,31.23
-1.47,-10.03,-3.48,31.19
-3.45,-7.89,-4.49,31.22
0.95,-7.28,-3.71,31.24
1.86,-9.85,-2.05,31.22
-0.68,-12.31,-3.09,31.19
-2.44,-9.36,-3.84,31.21
-0.51,-5.59,-1.89,31.24
1.44,-6.82,-2.43,31.21
0.33,-10.54,-1.5,31.18
-0.17,-11.75,-4.13,31.24
0.62,-9.6,-5.39,31.2
-2.7,-8.11,-3.77,31.23
-1.2,-9.26,-3.98,31.23
0.99,-10.03,-3.47,31.27
-0.14,-12.81,-4.42,31.2
-1.22,-10.8,-4.37,31.17
-2.01,-7.8,-4.26,31.19
-1.12,-8.78,-5.16,31.27
1.83,-10.51,-4.09,31.21
1.01,-12.04,-3.06,31.23
-2.22,-8.68,-2.96,31.19
-2.21,-5.74,-3.31,31.21
2.41,-7.03,-3.78,31.26
1.34,-10.21,-2.09,31.23
-0.7,-11.38,-2.56,31.2
-1.13,-10.53,-5.23,31.19
-2.98,-6.61,-4.02,31.23
-1.29,-5.4,-3.8,31.2
0.69,-8.32,-2.07,31.22
-0.82,-10.66,-3.17,31.23
-2.86,-10.23,-3.2,31.17
-2.53,-7.39,-2.13,31.19
0.5,-5.65,-3.24,31.23
0.07,-8.1,-1.84,31.21
-1.99,-12.62,-2.5,31.25
-2.58,-11.55,-4.33,31.22
-1.83,-7.11,-1.76,31.2
0.23,-6.03,-2.7,31.19
0.57,-8.96,-2.97,31.23
-1.27,-13.04,-2.92,31.22
-2.12,-11.15,-2.88,31.21
-1.5,-6.45,-0.74,31.2
-2.35,-6.63,-1.71,31.22
1.05,-7.88,-2.31,31.24
-0.05,-10.19,-2.11,31.22
-1.19,-10.81,-3.43,31.25
-0.3,-9.73,-4.29,31.27
-1.15,-7.68,-4.76,31.23
2.07,-6.86,-2.95,31.22
1.6,-10.86,-1.13,31.18
0.23,-12.1,-3.68,31.19
-1.12,-10.26,-3.8,31.19
-1.8,-6.67,-5.07,31.22
-1.26,-7.92,-2.93,31.22
0.37,-10.76,-2.62,31.23
-0.14,-12.03,-6.06,31.14
-2.32,-9.57,-2.86,31.19
-1.55,-8.02,-4.57,31.22
0.14,-7.03,-3.29,31.22
1.81,-10.64,-2.17,31.22
1.14,-11.26,-2.97,31.22
0.04,-9.52,-2.8,31.2
-2.09,-6.45,-3.04,31.23
0.93,-6.87,-2.9,31.19
1.55,-10.52,-3.21,31.21
-0.87,-11.08,-3.13,31.19
-1.29,-8.05,-1.4,31.21
-0.65,-5.4,-2.44,31.22
1.16,-7.07,-1.47,31.24
0.45,-10.94,-2.34,31.21
-1.28,-11.07,-5.34,31.26
-0.62,-8.54,-3.73,31.21
-2.43,-7.25,-4.12,31.24
-1.2,-8.05,-3.49,31.24
-0.45,-12.0,-2.91,31.25
-0.92,-10.99,-4.2,31.22
-2.66,-8.58,-3.95,31.24
-0.19,-5.35,-2.74,31.22
0.96,-8.48,-2.06,31.2
-0.89,-10.99,-2.44,31.22
-0.78,-11.2,-3.77,31.25
-1.39,-7.57,-2.39,31.22
-1.46,-5.58,-1.91,31.22
1.92,-7.89,-3.12,31.21
-1.08,-11.27,-1.96,31.24
-1.59,-11.28,-3.64,31.23
-3.43,-9.19,-3.19,31.24
-1.67,-11.06,-4.52,31.2
-0.63,-10.61,-5.09,31.22
-1.4,-8.06,-3.57,31.18
-0.28,-5.9,-3.59,31.24
-0.7,-6.69,-4.71,31.18
-2.74,-8.88,-3.03,31.22
-0.37,-10.31,-3.9,31.23
-0.73,-9.25,-3.95,31.23
-2.66,-7.8,-4.41,31.22
-2.45,-8.39,-2.8,31.22
-2.84,-11.39,-3.13,31.18
-1.4,-9.92,-6.28,31.23
-0.67,-9.64,-4.34,31.22
-3.0,-8.17,-3.14,31.21
-3.02,-6.07,-2.62,31.2
-2.86,-11.0,-5.29,31.17
-2.55,-11.19,-4.94,31.21
-2.19,-8.07,-3.66,31.18
-1.95,-6.46,-1.02,31.23
-1.29,-9.97,0.13,31.21
-0.39,-11.08,-2.83,31.22
-2.25,-6.68,0.17,31.22
-0.03,-5.23,-1.13,31.23
-1.52,-6.35,-1.28,31.17
-2.2,-9.17,-1.1,31.22
-2.54,-10.28,-2.01,31.2
-2.85,-5.95,-0.63,31.22
-0.71,-4.67,-1.49,31.21
-1.85,-5.71,-1.75,31.21
-1.87,-8.84,-1.1,31.19
-2.35,-10.32,-3.38,31.25
-3.08,-8.9,-2.23,31.24
-1.48,-5.84,-2.52,31.22
-1.96,-7.92,-2.1,31.22
-1.25,-11.2,-3.5,31.24
-1.38,-11.25,-5.15,31.21
-1.07,-7.01,-2.71,31.26
-2.41,-10.96,-4.13,31.2
-2.4,-8.06,-5.51,31.21
-1.79,-7.73,-4.07,31.22
-0.89,-10.2,-5.38,31.21
0.52,-11.61,-4.85,31.24
-3.09,-11.21,-5.09,31.2
-3.03,-8.32,-2.79,31.22
-1.5,-7.65,-3.82,31.17
-0.57,-8.65,-4.28,31.22
1.15,-11.63,-4.74,31.2
-1.62,-10.69,-4.53,31.17
-2.87,-7.01,-3.59,31.19
-0.34,-7.74,-3.83,31.23
0.79,-7.61,-2.78,31.27
-1.36,-13.19,-3.04,31.22
-0.29,-12.64,-2.01,31.23
0.01,-9.36,-3.17,31.21
-1.88,-7.01,-2.87,31.17
-2.57,-8.48,-1.78,31.2
-2.75,-5.79,-2.65,31.19
-2.3,-8.46,-3.36,31.21
-2.34,-10.98,-5.54,31.2
-2.86,-10.67,-5.09,31.21
-1.99,-9.36,-5.4,31.19
-3.07,-7.13,-5.35,31.22
-3.6,-10.44,-4.6,31.22
-0.02,-10.67,-4.62,31.23
-2.73,-10.81,-3.99,31.21
-2.46,-8.05,-4.4,31.21
-2.37,-6.23,-3.18,31.23
-4.02,-8.43,-2.41,31.21
-0.17,-10.65,-4.73,31.21
-1.66,-10.58,-4.57,31.18
-0.8,-7.91,-3.9,31.25
-1.18,-6.89,-4.62,31.22
-2.54,-7.88,-3.59,31.2
-0.57,-10.97,-4.92,31.23
-2.69,-12.42,-4.76,31.23
-1.75,-8.15,-4.97,31.2
1.43,-10.7,-3.47,31.21
-2.14,-13.11,-4.39,31.24
-0.81,-9.46,-2.84,31.22
-2.36,-7.0,-3.12,31.21
-0.86,-6.5,-3.9,31.2
1.98,-9.64,-3.99,31.18
-1.09,-11.25,-3.58,31.22
0.93,-9.12,-2.78,31.19
-3.1,-6.64,-3.06,31.24
-0.4,-7.97,-3.33,31.19
2.39,-10.49,-3.21,31.23
-2.26,-11.24,-2.88,31.2
-0.36,-9.28,-3.05,31.2
-2.69,-7.73,-2.42,31.19
-2.21,-8.71,-3.59,31.21
1.45,-10.6,-4.11,31.22
-2.83,-12.81,-3.93,31.24
-2.0,-10.29,-4.41,31.24
-2.12,-10.5,-4.24,31.21
-1.4,-6.14,-3.5,31.19
-0.46,-7.38,-3.6,31.19
-1.98,-10.96,-2.54,31.21
-2.35,-10.89,-3.94,31.22
-1.2,-9.12,-2.38,31.21
-2.41,-7.52,-3.7,31.22
0.43,-5.24,-2.79,31.2
0.57,-8.41,-0.09,31.23
-1.07,-12.17,-4.74,31.22
-0.35,-11.19,-5.9,31.27
-2.54,-7.58,-2.27,31.18
0.26,-6.95,-2.91,31.18
0.57,-9.84,-3.01,31.23
-1.06,-11.63,-5.42,31.24
-2.2,-8.9,-2.48,31.16
-2.72,-6.07,-2.89,31.2
1.27,-6.15,-3.32,31.19
0.28,-10.51,-1.05,31.19
-0.33,-12.01,-3.13,31.23
-3.82,-11.84,-4.12,31.21
-2.76,-10.37,-5.41,31.22
-3.61,-7.92,-5.66,31.25
-1.77,-8.84,-5.5,31.19
1.44,-9.9,-4.01,31.23
-2.86,-12.33,-5.31,31.19
-2.49,-7.73,-4.61,31.17
-1.41,-6.5,-3.5,31.17
-0.92,-8.3,-4.21,31.22
0.91,-10.3,-3.51,31.2
-0.93,-11.11,-5.16,31.26
-0.0,-7.92,-5.01,31.21
-4.86,-8.43,-3.58,31.27
-2.77,-9.79,-4.01,31.23
1.65,-10.96,-5.89,31.24
-2.09,-11.06,-6.51,31.22
-2.68,-9.61,-6.01,31.23
-2.67,-7.35,-3.88,31.22
-1.79,-8.41,-3.34,31.19
-0.34,-6.47,-3.86,31.25
-0.46,-5.66,-3.89,31.21
-3.85,-9.21,-1.79,31.14
-0.72,-11.27,-4.41,31.21
0.85,-10.9,-4.9,31.26
-1.84,-9.11,-4.14,31.25
-2.03,-6.32,-3.55,31.23
0.81,-6.79,-2.93,31.21
-0.15,-9.68,-3.11,31.21
-1.82,-10.96,-3.61,31.23
0.37,-9.15,-4.28,31.26
-3.39,-6.23,-4.99,31.23
-4.24,-8.58,-3.37,31.24
0.89,-10.51,-6.28,31.23
-1.55,-12.13,-5.17,31.26
-4.46,-9.57,-4.14,31.24
-2.24,-6.73,-5.08,31.2
-2.58,-7.72,-4.78,31.19
-1.92,-10.71,-6.03,31.24
-2.33,-9.21,-3.55,31.21
-0.6,-10.83,-4.03,31.21
-1.99,-11.63,-4.13,31.21
-1.8,-10.56,-5.05,31.22
-2.3,-7.02,-3.39,31.19
-4.53,-7.58,-1.74,31.28
-0.15,-8.56,-4.41,31.19
-0.67,-11.49,-5.9,31.19
-4.27,-10.09,-4.36,31.22
-1.83,-6.46,-4.41,31.21
-2.19,-7.52,-2.89,31.17
0.17,-9.07,-5.14,31.2
-0.09,-11.57,-5.09,31.21
-1.65,-10.65,-6.29,31.22
-3.32,-7.29,-3.86,31.21
-2.28,-6.64,-5.08,31.19
-0.3,-10.57,-5.87,31.24
-2.26,-11.54,-5.84,31.22
-2.09,-10.46,-5.6,31.24
-3.03,-8.45,-2.74,31.22
-0.36,-6.84,-1.72,31.18
3.17,-9.56,-2.34,31.19
-0.86,-11.28,-3.34,31.2
0.34,-11.76,-4.13,31.22
-3.97,-9.17,-2.05,31.23
-2.71,-6.95,-3.19,31.2
1.27,-9.47,-3.52,31.19
-1.32,-12.52,-3.23,31.21
-1.55,-11.01,-3.54,31.18
-1.55,-8.44,-2.35,31.2
-2.72,-6.61,-4.35,31.19
1.52,-7.64,-3.58,31.22
1.06,-11.18,-2.77,31.22
-1.04,-10.34,-4.51,31.21
-2.72,-9.03,-3.62,31.22
-0.98,-6.99,-5.03,31.23
1.82,-8.49,-4.26,31.19
-2.37,-12.42,-4.92,31.22
0.38,-11.23,-3.56,31.19
-2.02,-8.41,-3.03,31.19
-1.99,-6.57,-3.45,31.2
0.9,-7.48,-3.49,31.19
1.28,-10.88,-2.09,31.18
0.56,-11.73,-3.62,31.18
-1.27,-7.98,-3.1,31.21
-1.57,-6.65,-2.97,31.19
-0.98,-8.51,-4.58,31.2
0.26,-11.2,-3.41,31.19
-0.98,-11.49,-3.34,31.17
-2.47,-9.25,-3.44,31.17
-1.85,-6.94,-3.76,31.18
-0.89,-9.53,-3.57,31.18
-0.12,-11.42,-3.81,31.16
-0.54,-11.73,-4.91,31.21
-1.73,-8.31,-3.6,31.19
-0.02,-5.96,-2.88,31.21
0.52,-9.12,-3.54,31.18
1.58,-11.09,-3.44,31.2
0.69,-12.3,-4.1,31.17
-0.59,-8.52,-3.09,31.19
-0.53,-5.75,-3.66,31.17
0.35,-9.65,-3.75,31.21
2.24,-11.73,-3.79,31.22
-1.99,-12.11,-4.12,31.17
-2.87,-9.15,-3.71,31.2
-0.88,-6.56,-3.77,31.21
-1.91,-9.76,-3.85,31.21
-0.29,-12.0,-4.89,31.14
-1.6,-11.54,-4.71,31.18
-2.61,-7.73,-3.9,31.19
-2.97,-7.23,-1.95,31.17
-0.59,-9.0,-3.09,31.14
-0.3,-11.4,-3.16,31.18
-1.59,-11.75,-3.85,31.17
-0.57,-8.53,-4.74,31.18
-2.25,-6.71,-2.88,31.17
-0.89,-9.2,-3.33,31.21
-1.61,-6.9,-2.09,31.2
1.9,-9.28,-2.47,31.18
-2.71,-12.4,-3.96,31.15
-1.81,-9.78,-3.41,31.2
-1.84,-6.51,-3.82,31.22
-1.04,-6.93,-3.28,31.18
1.91,-10.06,-3.18,31.19
-0.4,-12.39,-3.05,31.18
0.01,-9.66,-3.11,31.18
-2.77,-7.49,-4.06,31.17
1.13,-7.58,-2.34,31.19
1.06,-10.1,-2.86,31.17
-2.9,-11.65,-3.46,31.18
-0.56,-10.18,-4.77,31.17
-3.5,-6.39,-3.93,31.18
-1.88,-7.68,-4.17,31.22
1.62,-10.61,-2.94,31.15
0.39,-12.22,-2.65,31.19
-0.36,-10.39,-4.6,31.19
-1.16,-6.5,-3.84,31.18
1.94,-7.88,-3.57,31.19
0.77,-11.61,-2.27,31.19
0.43,-12.1,-2.6,31.18
-2.64,-9.02,-3.3,31.15
-1.05,-6.33,-3.65,31.2
1.45,-8.65,-3.88,31.18
0.85,-12.29,-3.11,31.2
-0.22,-12.01,-4.83,31.16
-2.04,-7.96,-3.05,31.2
-2.94,-6.88,-2.91,31.17
0.84,-7.81,-3.47,31.21
3.01,-11.19,-3.5,31.18
-1.0,-11.51,-3.67,31.18
-3.98,-9.17,-2.98,31.19
-1.98,-7.54,-5.42,31.2
-0.67,-9.31,-5.96,31.17
0.05,-11.35,-4.98,31.15
-1.16,-11.82,-4.11,31.19
0.99,-5.5,-3.79,31.17
0.19,-6.99,-2.01,31.2
-1.53,-10.93,-2.21,31.17
-1.38,-11.07,-3.62,31.18
-1.82,-8.08,-3.55,31.2
0.47,-5.16,-4.32,31.19
-1.65,-8.52,-2.67,31.16
-1.28,-11.21,-2.97,31.13
-0.46,-11.53,-5.44,31.2
-2.27,-8.72,-5.48,31.16
-1.15,-6.59,-5.13,31.2
-0.89,-7.26,-2.96,31.21
0.1,-10.36,-2.17,31.19
-0.45,-12.13,-4.58,31.17
-1.88,-9.11,-3.36,31.2
1.26,-4.97,-2.05,31.19
-0.93,-6.76,-1.4,31.2
-0.88,-10.36,-1.4,31.18
1.26,-11.07,-3.86,31.14
-0.49,-9.36,-4.9,31.19
2.13,-10.41,-4.76,31.19
-0.65,-12.1,-4.07,31.18
-1.51,-8.49,-4.12,31.24
-4.14,-6.77,-3.43,31.19
-0.38,-8.4,-4.04,31.16
2.38,-10.6,-3.86,31.17
-1.12,-12.06,-3.69,31.16
-1.12,-9.78,-4.4,31.23
-4.02,-6.39,-4.8,31.17
-2.07,-8.15,-4.45,31.18
1.89,-10.59,-4.94,31.2
-0.07,-11.94,-3.64,31.21
-1.03,-10.64,-2.39,31.13
-3.68,-6.77,-3.86,31.22
-1.37,-8.3,-5.5,31.2
0.36,-10.75,-5.77,31.18
0.17,-12.38,-4.31,31.2
0.47,-9.77,-3.54,31.17
-3.17,-6.22,-4.18,31.22
-1.77,-9.05,-4.2,31.17
0.6,-11.27,-4.76,31.17
-0.66,-12.5,-4.81,31.19
-1.87,-10.03,-5.35,31.22
-3.2,-7.77,-3.98,31.2
-1.49,-8.65,-4.25,31.18
-1.11,-11.49,-5.85,31.2
-0.81,-12.11,-5.14,31.21
-1.14,-9.86,-4.7,31.19
-3.89,-7.11,-5.18,31.2
-1.5,-9.29,-4.54,31.15
0.66,-11.53,-6.26,31.23
-2.06,-12.56,-6.13,31.22
-2.16,-8.82,-4.43,31.22
-1.92,-6.99,-3.68,31.19
-1.45,-8.42,-3.93,31.17
-0.33,-11.36,-4.76,31.22
0.38,-11.94,-3.71,31.2
-0.58,-8.19,-4.03,31.22
-3.06,-7.35,-4.68,31.18
-2.66,-6.49,-1.54,31.23
0.19,-5.99,-3.36,31.2
1.72,-7.56,-2.91,31.2
-1.22,-11.14,-1.27,31.27
-3.23,-11.14,-2.01,31.2
-1.01,-6.56,-2.14,31.16
0.05,-6.07,-3.06,31.21
-0.58,-9.35,-1.86,31.2
1.28,-11.09,-1.27,31.21
-0.52,-10.69,-2.38,31.22
-2.59,-7.27,-0.87,31.22
1.33,-6.73,-3.58,31.22
2.75,-8.59,-2.09,31.19
-0.01,-12.14,-1.0,31.19
-0.62,-11.75,-3.44,31.25
-1.96,-7.83,-2.32,31.18
-1.27,-5.66,-2.66,31.17
0.6,-9.78,-2.88,31.2
-1.98,-12.19,-3.32,31.19
-0.21,-10.58,-4.62,31.21
-0.86,-8.92,-3.75,31.2
-1.64,-8.07,-4.4,31.2
-2.46,-6.3,-4.68,31.19
-4.03,-10.46,-4.5,31.17
-2.07,-11.51,-7.22,31.18
-0.69,-10.18,-4.7,31.19
-0.95,-6.9,-3.17,31.18
-0.81,-6.77,-3.38,31.19
-4.51,-9.99,-3.79,31.2
-1.15,-10.59,-4.59,31.19
0.83,-10.0,-4.09,31.21
-1.18,-6.7,-3.07,31.18
-2.08,-6.33,-3.82,31.18
-3.38,-9.4,-3.06,31.21
-0.97,-9.73,-4.05,31.23
-2.12,-9.55,-2.84,31.18
-2.01,-7.81,-3.21,31.26
-1.09,-5.98,-3.02,31.18
-3.28,-8.72,-1.9,31.18
-2.62,-11.81,-5.18,31.19
-1.73,-10.53,-5.08,31.16
-0.84,-6.8,-3.5,31.19
-2.18,-5.34,-2.9,31.19
-2.6,-9.53,-2.62,31.25
1.06,-11.23,-4.57,31.19
-2.39,-10.2,-3.45,31.19
-2.23,-7.06,-3.18,31.22
-0.54,-5.11,-2.62,31.2
-1.24,-9.03,-2.52,31.21
-0.69,-11.22,-5.29,31.19
-1.61,-10.44,-3.15,31.21
-0.68,-7.4,-3.62,31.22
-1.38,-5.96,-2.99,31.21
-1.9,-9.46,-2.75,31.19
0.18,-11.41,-4.24,31.2
-1.79,-9.11,-1.7,31.18
-0.28,-5.44,-2.07,31.23
-0.99,-11.34,-3.63,31.22
-3.74,-7.94,-4.37,31.19
-2.41,-7.62,-5.83,31.21
-0.01,-9.66,-4.69,31.17
0.33,-10.57,-2.9,31.21
-1.53,-10.96,-3.94,31.2
-4.3,-8.46,-3.7,31.16
-1.12,-6.39,-3.37,31.19
0.64,-9.18,-3.78,31.17
0.04,-12.12,-4.52,31.17
-1.81,-11.14,-3.34,31.23
-4.49,-7.4,-2.33,31.22
-0.73,-7.66,-2.86,31.2
0.47,-10.05,-3.97,31.21
-1.08,-12.22,-4.08,31.21
-0.43,-11.7,-3.92,31.19
-3.88,-7.78,-4.19,31.17
-2.11,-6.28,-3.83,31.17
0.6,-10.99,-5.39,31.17
-2.32,-7.02,-1.99,31.21
0.56,-6.43,-2.13,31.17
0.96,-8.97,-1.46,31.19
-1.75,-11.96,-3.44,31.16
-0.26,-9.59,-2.22,31.19
0.67,-6.03,-1.2,31.18
0.03,-6.1,-3.2,31.21
-0.46,-8.15,-1.57,31.18
1.16,-9.94,-3.64,31.22
-1.11,-9.36,-1.99,31.16
-2.93,-5.36,-0.77,31.18
-0.16,-6.14,-1.6,31.23
-1.0,-8.56,-1.23,31.2
-1.59,-9.94,-2.78,31.19
-1.29,-10.43,-1.71,31.21
-2.61,-9.01,-2.99,31.21
-1.99,-6.3,-3.67,31.21
-2.99,-8.37,-2.38,31.17
-2.62,-10.77,-4.4,31.17
-0.6,-8.76,-2.7,31.21
-2.24,-5.74,-1.71,31.2
-0.63,-5.02,-2.58,31.19
-1.98,-7.89,-2.77,31.19
-2.06,-10.07,-3.3,31.2
-1.84,-11.09,-5.15,31.24
-3.14,-7.59,-4.97,31.21
-2.74,-5.64,-5.89,31.2
-1.05,-7.61,-3.36,31.19
0.38,-11.0,-2.69,31.23
-3.06,-11.88,-5.12,31.19
-3.26,-7.91,-4.44,31.19
1.09,-3.52,-3.29,31.19
-0.96,-8.84,-2.43,31.16
-1.03,-11.68,-3.74,31.21
-0.47,-11.39,-5.83,31.18
-3.49,-9.02,-2.31,31.2
-0.46,-5.67,-3.21,31.21
-0.84,-8.6,-3.79,31.17
-0.21,-10.81,-3.87,31.18
-1.22,-11.58,-5.46,31.18
-1.65,-11.09,-4.46,31.18
0.85,-11.59,-5.66,31.2
-2.79,-9.6,-5.44,31.19
-1.87,-7.57,-4.39,31.19
1.05,-7.29,-4.77,31.18
-0.51,-10.72,-4.88,31.22
-0.91,-12.74,-6.82,31.2
-2.21,-11.8,-5.5,31.16
-2.32,-6.7,-2.67,31.18
0.59,-8.1,-4.7,31.2
-2.11,-10.41,-4.04,31.24
-1.07,-12.47,-6.11,31.16
-3.16,-10.81,-5.79,31.16
-2.78,-7.11,-2.25,31.17
0.57,-8.01,-3.52,31.21
1.14,-10.75,-3.23,31.16
0.96,-11.68,-4.4,31.19
-3.09,-10.17,-2.38,31.21
-1.61,-5.99,-1.52,31.2
-1.13,-5.17,-2.68,31.2
-1.39,-5.43,-1.87,31.19
-0.17,-8.65,-1.47,31.19
-0.94,-10.63,-2.2,31.18
-2.16,-9.44,-1.38,31.2
-0.28,-6.66,-2.26,31.21
-1.4,-5.68,-1.57,31.21
-0.23,-8.18,-0.99,31.2
-1.75,-11.56,-2.31,31.21
-1.54,-9.08,-1.52,31.19
-0.75,-6.17,-1.35,31.2
-1.76,-4.86,-1.46,31.19
-0.71,-9.25,-2.13,31.21
-0.15,-10.96,-5.45,31.19
-1.7,-9.82,-3.02,31.19
0.68,-7.51,-3.29,31.19
-0.8,-8.03,-2.29,31.19
0.86,-10.49,-2.24,31.24
1.07,-13.21,-4.82,31.18
-2.33,-9.39,-3.17,31.15
2.34,-7.16,-3.39,31.17
0.36,-7.38,-3.68,31.2
-0.68,-10.9,-2.94,31.22
-0.72,-12.05,-5.08,31.19
-2.51,-9.0,-3.47,31.19
-0.98,-5.76,-3.93,31.22
-1.02,-7.48,-3.48,31.19
-1.52,-11.49,-3.56,31.19
0.23,-10.4,-5.06,31.19
-0.91,-8.95,-3.18,31.17
-2.96,-6.79,-3.7,31.21
-0.18,-6.91,-4.13,31.19
-0.8,-9.32,-3.3,31.18
-1.85,-11.07,-4.91,31.2
-4.02,-10.44,-2.73,31.22
-0.17,-5.99,-2.95,31.19
-1.32,-6.45,-4.34,31.17
-3.52,-6.74,-2.76,31.17
-3.62,-11.44,-5.23,31.22
-2.51,-10.52,-4.6,31.16
-1.23,-8.38,-4.36,31.19
-2.74,-5.6,-4.01,31.2
-1.4,-7.47,-1.48,31.17
-0.27,-9.44,-3.16,31.24
-2.08,-10.64,-2.75,31.22
-1.94,-7.95,-1.88,31.23
1.36,-4.79,-2.19,31.19
0.06,-8.71,-1.46,31.17
-1.12,-10.58,-2.11,31.2
-1.21,-10.63,-2.09,31.18
-0.52,-7.63,-1.24,31.21
0.15,-5.06,-2.81,31.22
-3.97,-8.74,-2.01,31.21
-3.77,-10.45,-3.8,31.2
-1.63,-10.94,-3.48,31.22
-3.36,-8.1,-3.44,31.24
-0.94,-4.7,-3.82,31.22
-0.6,-8.95,-1.8,31.21
-3.99,-11.64,-5.13,31.16
-0.8,-8.96,-5.46,31.19
-0.42,-7.9,-3.3,31.17
-1.87,-4.94,-3.8,31.18
-2.72,-10.33,-5.03,31.16
-1.99,-7.49,-4.51,31.24
-4.65,-6.81,-5.0,31.16
-1.24,-10.07,-6.67,31.24
1.65,-10.47,-5.51,31.16
-3.4,-10.71,-3.76,31.18
-3.3,-6.88,-5.38,31.22
-1.51,-6.37,-5.63,31.16
-0.03,-9.18,-5.06,31.19
-1.64,-11.15,-4.67,31.18
-3.77,-11.71,-4.6,31.19
-3.4,-9.13,-4.9,31.2
-3.6,-6.14,-5.53,31.19
-1.33,-10.44,-7.74,31.23
-0.81,-12.47,-7.2,31.18
-2.78,-10.82,-5.68,31.16
-3.81,-8.36,-4.8,31.21
-4.05,-7.23,-6.08,31.15
-0.79,-10.09,-6.68,31.19
0.85,-11.43,-4.94,31.21
-1.39,-10.7,-4.1,31.19
-0.8,-7.44,-3.44,31.22
-3.42,-8.25,-2.15,31.19
0.45,-10.34,-3.85,31.23
1.46,-11.44,-5.08,31.23
-2.44,-11.97,-4.91,31.18
-3.49,-9.03,-1.93,31.19
-4.2,-6.94,-3.39,31.22
-0.05,-9.64,-5.08,31.24
0.08,-12.34,-5.22,31.2
-1.48,-11.02,-4.43,31.2
-1.77,-7.06,-4.58,31.21
-3.6,-6.36,-4.28,31.19
-0.46,-9.0,-5.02,31.24
1.58,-10.4,-3.16,31.19
-1.16,-10.65,-4.06,31.19
-3.44,-6.96,-4.16,31.17
-3.57,-8.22,-2.94,31.17
-0.63,-7.17,-2.75,31.15
-4.63,-6.33,-3.81,31.19
-2.09,-10.64,-6.11,31.2
1.38,-11.27,-6.05,31.17
-1.01,-9.68,-2.74,31.19
-5.12,-6.83,-1.57,31.2
-4.11,-6.25,-3.89,31.22
-0.78,-8.95,-4.88,31.17
-0.67,-10.78,-3.9,31.21
-0.61,-11.24,-3.46,31.19
-1.29,-7.18,-2.3,31.19
-3.09,-7.16,-0.8,31.22
0.02,-9.8,-4.19,31.21
0.87,-11.25,-3.23,31.15
0.34,-10.01,-2.99,31.2
-1.25,-8.71,-1.54,31.18
-4.9,-7.52,-1.96,31.16
-1.51,-10.35,-5.01,31.16
0.77,-11.65,-4.42,31.19
-0.44,-12.39,-4.91,31.16
-3.34,-8.85,-1.72,31.18
-4.01,-8.2,-3.37,31.19
-1.14,-12.22,-2.99,31.21
-0.88,-11.6,-3.49,31.2
0.19,-8.17,0.04,31.19
-0.57,-6.25,-0.68,31.2
2.77,-9.01,-1.37,31.2
-0.19,-12.47,-1.77,31.19
-2.06,-11.39,-3.76,31.21
-0.86,-8.34,-0.8,31.19
-0.71,-5.93,-2.87,31.22
1.56,-9.07,-1.96,31.22
1.02,-13.05,-4.06,31.19
-0.79,-11.02,-3.58,31.17
-3.55,-8.54,-3.83,31.17
-0.47,-6.41,-3.33,31.22
3.6,-9.08,-2.71,31.23
-0.08,-12.29,-2.87,31.26
0.42,-11.81,-3.48,31.18
0.37,-6.37,-1.77,31.21
-0.98,-6.16,-2.65,31.19
-1.49,-8.82,-4.16,31.19
-0.48,-12.57,-7.13,31.16
-0.4,-10.72,-3.34,31.19
-1.37,-9.37,-3.92,31.19
-5.03,-8.46,-3.62,31.2
-0.63,-9.87,-4.05,31.22
0.27,-11.15,-5.97,31.19
-2.7,-11.35,-4.26,31.19
-2.85,-8.39,-2.7,31.2
-4.3,-5.56,-2.07,31.2
0.23,-8.05,-4.88,31.19
-0.11,-11.01,-3.92,31.18
-2.7,-9.27,-1.68,31.18
-0.62,-8.16,-1.06,31.24
-4.21,-6.02,-2.35,31.17
-2.8,-9.04,-1.98,31.19
0.61,-11.76,-4.32,31.18
-3.03,-11.59,-2.48,31.23
-1.78,-7.13,-3.05,31.19
-2.09,-8.36,-5.69,31.19
-2.42,-9.57,-7.16,31.19
0.06,-11.5,-6.04,31.15
-2.65,-11.78,-3.61,31.2
-0.71,-7.0,-4.97,31.26
-1.92,-6.53,-3.83,31.19
1.54,-9.25,-4.79,31.19
0.42,-11.89,-4.5,31.21
-2.0,-10.53,-4.98,31.16
-1.45,-7.72,-4.18,31.17
-2.41,-6.26,-2.81,31.19
-0.84,-10.8,-5.07,31.19
-1.8,-12.66,-6.44,31.2
-2.77,-11.63,-5.28,31.16
-2.25,-6.13,-2.87,31.19
-2.03,-6.79,-4.11,31.18
-1.48,-11.17,-4.71,31.17
-3.55,-11.65,-5.86,31.18
-2.93,-9.05,-3.0,31.23
-1.05,-11.11,-5.49,31.22
-2.76,-9.25,-2.46,31.17
-3.07,-6.78,-4.41,31.23
0.87,-8.9,-5.23,31.19
1.63,-11.93,-6.08,31.21
-2.42,-11.26,-4.33,31.19
-2.18,-8.32,-4.8,31.22
-1.76,-7.45,-5.15,31.16
-1.42,-10.17,-5.54,31.18
1.2,-11.61,-6.94,31.22
-3.41,-12.31,-5.21,31.18
-4.31,-9.51,-2.12,31.2
-2.17,-7.24,-4.92,31.17
-2.9,-9.27,-6.22,31.22
0.72,-11.95,-6.0,31.21
-1.93,-11.11,-3.27,31.19
-3.04,-8.47,-1.25,31.16
-3.31,-7.56,-4.4,31.17
2.03,-8.91,-5.46,31.21
1.01,-12.42,-6.2,31.19
-2.17,-11.74,-2.3,31.2
-0.91,-9.57,-2.69,31.17
-3.22,-7.92,-4.99,31.19
-1.23,-9.77,-5.27,31.17
0.99,-10.55,-4.47,31.2
-3.57,-10.65,-2.73,31.17
-4.89,-8.77,-2.57,31.22
-2.5,-8.2,-5.27,31.15
-2.27,-9.55,-6.28,31.15
-0.68,-10.83,-4.53,31.19
-2.52,-11.39,-4.58,31.2
-3.16,-7.29,-3.31,31.19
-2.05,-8.39,-4.82,31.2
-1.68,-9.46,-5.1,31.18
-0.05,-10.98,-2.95,31.2
-1.6,-10.83,-3.06,31.19
-3.51,-7.19,-2.57,31.2
-2.41,-7.92,-4.62,31.2
0.49,-8.51,-4.35,31.19
1.3,-11.53,-4.23,31.17
-2.26,-11.06,-4.02,31.2
-2.06,-8.42,-1.47,31.21
-3.29,-8.74,-3.79,31.22
-0.51,-9.14,-6.06,31.16
2.22,-12.36,-6.9,31.19
-2.55,-11.77,-5.8,31.22
-2.09,-5.96,-3.45,31.26
-3.75,-11.95,-4.36,31.17
-2.07,-11.34,-5.22,31.24
-2.56,-8.38,-2.69,31.16
-1.58,-5.17,-3.2,31.23
-0.03,-7.07,-3.48,31.21
-0.53,-10.52,-5.25,31.2
0.53,-10.61,-4.5,31.2
-3.24,-9.9,-2.79,31.18
-0.57,-6.28,-4.44,31.23
0.36,-5.91,-5.58,31.19
-1.44,-10.4,-4.92,31.17
-0.17,-11.35,-4.89,31.19
-2.05,-9.9,-3.62,31.18
-1.35,-7.78,-6.11,31.21
-0.74,-5.71,-4.41,31.25
-0.16,-9.06,-2.53,31.22
-1.77,-11.1,-3.4,31.17
-1.81,-8.57,-3.56,31.19
-1.96,-7.71,-4.82,31.2
0.32,-10.21,-6.57,31.19
0.16,-12.52,-7.14,31.21
-3.66,-11.65,-4.58,31.21
-1.78,-7.69,-4.43,31.16
-3.07,-7.08,-5.32,31.19
0.01,-9.84,-5.87,31.23
0.03,-11.53,-5.06,31.17
-2.56,-11.78,-4.41,31.17
-3.54,-7.44,-4.85,31.25
-1.95,-7.19,-5.0,31.23
-1.81,-10.52,-7.02,31.22
0.01,-10.55,-4.54,31.18
0.1,-10.12,-2.54,31.15
-1.81,-7.28,-2.96,31.24
-1.77,-7.04,-3.61,31.2
0.68,-7.86,-4.69,31.19
-1.15,-11.95,-4.25,31.18
-2.37,-11.38,-3.0,31.25
-1.6,-11.03,-2.57,31.15
0.02,-9.59,-1.96,31.18
-2.82,-6.57,-0.95,31.16
-1.52,-7.29,-3.61,31.17
1.12,-10.9,-3.0,31.14
-1.46,-11.39,-2.55,31.16
-1.17,-8.67,-2.4,31.22
-0.73,-6.36,-1.56,31.17
-0.8,-7.12,-1.82,31.21
0.17,-11.38,-3.12,31.16
-0.42,-11.62,-4.7,31.2
-1.21,-9.13,-2.5,31.21
-1.58,-7.6,-3.17,31.17
-1.08,-8.65,-4.39,31.19
0.87,-11.32,-4.8,31.18
-1.63,-11.54,-5.09,31.17
-3.17,-8.93,-3.96,31.16
-2.35,-6.57,-4.9,31.13
0.04,-8.74,-4.13,31.18
1.27,-9.99,-3.45,31.15
-1.63,-11.16,-3.76,31.19
-0.93,-8.44,-5.51,31.16
-3.28,-7.36,-2.92,31.14
-1.42,-8.33,-4.88,31.17
1.15,-10.51,-5.35,31.16
-2.82,-10.78,-4.47,31.16
-1.25,-8.88,-3.87,31.16
-1.98,-8.47,-4.29,31.19
-2.14,-8.22,-2.58,31.2
1.15,-10.57,-3.0,31.19
-1.15,-11.43,-4.69,31.22
-3.46,-8.81,-3.49,31.16
-2.77,-8.39,-5.45,31.21
-2.85,-8.77,-5.38,31.15
1.25,-9.5,-1.97,31.17
-1.69,-10.12,-2.99,31.18
-3.5,-9.14,-1.87,31.18
-3.29,-5.69,-0.79,31.17
-0.11,-7.03,-3.22,31.18
-2.37,-10.51,-3.54,31.19
-1.22,-11.08,-4.6,31.17
-1.97,-9.78,-3.62,31.19
-3.47,-6.05,-2.68,31.16
1.01,-6.01,-2.97,31.17
0.24,-9.82,-1.55,31.21
-1.17,-10.45,-1.86,31.17
-2.34,-8.43,-1.14,31.21
-0.54,-5.91,-3.21,31.2
-1.86,-6.78,-3.28,31.2
-1.72,-9.24,-1.83,31.17
-1.03,-10.6,-3.93,31.21
-0.34,-7.32,-1.87,31.23
-0.71,-7.52,-3.3,31.18
0.57,-7.29,-3.38,31.21
-0.61,-9.05,-1.37,31.21
-0.42,-10.53,-3.2,31.17
1.96,-8.03,-3.38,31.2
-2.26,-6.61,-2.88,31.17
-2.71,-9.77,-4.6,31.21
-3.23,-7.3,-2.46,31.16
-0.81,-8.02,-3.89,31.19
2.03,-10.87,-4.92,31.17
-0.23,-11.3,-5.57,31.21
-0.4,-7.47,-4.51,31.21
-3.59,-6.8,-5.46,31.18
-2.55,-9.23,-5.98,31.22
0.92,-11.03,-3.89,31.21
-0.73,-12.22,-4.7,31.21
-1.79,-6.73,-4.19,31.19
-1.76,-7.61,-4.09,31.21
-2.49,-9.6,-4.24,31.16
1.04,-11.62,-3.13,31.16
1.02,-9.66,-4.99,31.2
-0.06,-7.68,-4.35,31.18
-4.65,-8.39,-3.32,31.18
-1.7,-10.77,-4.05,31.18
0.89,-11.02,-5.22,31.18
0.87,-7.44,-1.61,31.18
1.95,-10.29,-2.89,31.19
-1.73,-11.21,-2.98,31.17
-1.33,-8.84,-2.52,31.23
-1.5,-5.09,-3.36,31.17
-1.91,-7.18,-2.02,31.14
-0.73,-10.05,-2.38,31.18
-1.88,-11.46,-4.56,31.18
-1.36,-8.89,-4.42,31.15
-0.61,-6.17,-2.62,31.19
-0.47,-7.09,-1.94,31.19
-0.88,-10.29,-2.34,31.16
-1.09,-10.71,-3.86,31.2
-2.96,-9.47,-3.81,31.16
-0.92,-6.91,-2.03,31.15
-0.75,-6.1,-2.44,31.19
-2.53,-10.2,-1.07,31.18
-1.34,-11.91,-4.31,31.17
-2.96,-8.02,-3.58,31.16
-0.54,-6.39,-4.1,31.15
-1.45,-8.98,-3.37,31.23
-1.42,-11.5,-4.27,31.15
-1.14,-10.63,-3.65,31.16
-2.7,-7.55,-3.48,31.18
1.84,-4.76,-3.71,31.21
1.3,-8.79,-1.86,31.14
-2.41,-12.59,-3.52,31.18
0.72,-11.29,-4.85,31.16
-1.95,-8.76,-4.38,31.2
-0.4,-5.79,-2.96,31.17
-0.08,-9.42,-2.48,31.17
0.9,-10.93,-3.67,31.16
-2.6,-10.98,-3.12,31.14
-3.78,-8.45,-3.5,31.15
0.32,-8.37,-4.43,31.15
-1.84,-8.41,-3.34,31.14
-1.49,-10.94,-4.82,31.19
-0.43,-10.17,-5.28,31.21
-1.29,-8.01,-5.88,31.19
-2.51,-6.83,-4.67,31.21
-1.19,-8.23,-4.52,31.2
0.9,-10.52,-5.91,31.17
0.88,-11.01,-4.02,31.2
-1.47,-9.14,-3.71,31.19
-2.8,-7.51,-3.91,31.15
-2.8,-9.17,-3.6,31.19
1.26,-9.32,-4.21,31.17
1.72,-11.08,-4.13,31.22
-2.34,-7.89,-3.51,31.16
-1.7,-6.57,-3.47,31.21
-1.95,-9.14,-2.93,31.18
0.39,-10.39,-3.81,31.19
-1.26,-11.05,-3.65,31.21
-1.64,-8.55,-2.22,31.19
-2.32,-6.62,-2.13,31.2
-4.49,-7.93,-2.7,31.19
-1.0,-11.28,-6.54,31.13
-0.4,-6.05,-1.2,31.17
-4.5,-7.91,-2.47,31.19
-1.06,-9.95,-6.12,31.13
0.51,-9.86,-3.0,31.16
-1.83,-9.35,-1.19,31.22
-1.38,-6.51,-2.37,31.14
-2.94,-7.62,-3.14,31.2
0.31,-10.53,-4.66,31.21
0.13,-9.89,-3.49,31.18
-0.58,-9.03,-2.88,31.19
-0.65,-8.04,-2.37,31.17
-2.27,-9.81,-3.89,31.18
-0.22,-9.36,-4.81,31.17
-0.41,-10.27,-4.81,31.14
-0.82,-8.95,-6.09,31.15
-1.6,-7.14,-4.29,31.17
-1.57,-8.37,-4.38,31.17
-0.73,-9.02,-5.45,31.17
-3.42,-12.8,-8.17,31.17
-2.3,-10.79,-7.61,31.18
-0.93,-6.24,-5.77,31.2
-2.43,-7.04,-5.34,31.18
-2.7,-10.07,-6.82,31.19
-1.56,-11.35,-7.23,31.14
-1.93,-9.47,-3.92,31.17
-4.72,-4.43,-2.79,31.16
-4.43,-8.38,-3.59,31.19
0.79,-10.97,-6.73,31.16
-1.58,-11.26,-5.34,31.19
-2.81,-8.3,-4.21,31.2
-2.97,-6.82,-2.29,31.18
-2.94,-8.58,-3.6,31.16
-2.11,-11.2,-5.7,31.19
-2.1,-9.89,-4.41,31.18
-0.17,-8.63,-1.13,31.18
-3.64,-7.24,-2.24,31.14
-3.62,-9.4,-3.46,31.16
0.12,-11.17,-6.86,31.13
-3.22,-9.67,-3.7,31.2
0.06,-9.58,-4.5,31.15
-1.74,-10.1,-2.31,31.13
-1.96,-6.34,-2.96,31.2
-0.51,-7.55,-1.96,31.18
0.1,-10.53,-2.7,31.17
-1.45,-11.6,-4.22,31.16
-1.12,-9.74,-0.74,31.19
-1.7,-7.68,-2.86,31.17
0.09,-7.3,-2.69,31.17
0.84,-10.64,-1.61,31.22
-0.26,-9.88,-1.58,31.17
-0.07,-7.95,-0.12,31.15
-0.6,-6.67,-3.88,31.2
0.19,-8.68,-2.04,31.16
0.1,-11.37,-2.54,31.14
-0.84,-10.88,-3.49,31.19
-3.44,-8.45,-1.5,31.16
-1.99,-5.88,-3.06,31.16
1.07,-9.36,-3.23,31.17
-0.9,-11.53,-4.41,31.17
-3.12,-9.56,-4.32,31.19
-3.55,-7.82,-4.04,31.16
-0.79,-6.96,-3.58,31.19
-2.02,-10.23,-3.5,31.19
-3.22,-11.69,-6.42,31.19
-2.94,-10.47,-3.35,31.18
-0.25,-5.35,-3.5,31.19
-1.92,-6.96,-3.22,31.18
-2.36,-10.67,-4.67,31.2
-0.64,-10.65,-5.24,31.19
-1.65,-7.64,-2.49,31.18
-1.19,-6.24,-2.78,31.18
-1.68,-6.9,-3.82,31.17
-1.6,-10.73,-3.82,31.18
-0.81,-10.68,-6.01,31.16
-2.79,-9.0,-3.7,31.19
-0.79,-7.65,-4.33,31.16
-1.07,-8.17,-4.38,31.22
-0.86,-10.9,-3.51,31.18
-1.78,-11.37,-5.36,31.14
-3.33,-9.52,-4.66,31.19
0.41,-5.52,-1.99,31.19
0.91,-7.14,-3.45,31.22
-1.62,-11.72,-2.67,31.2
-0.44,-11.05,-5.89,31.2
-1.69,-7.33,-2.42,31.19
-0.49,-4.48,-2.35,31.17
-1.09,-8.35,-1.69,31.16
-1.63,-12.02,-3.64,31.18
-1.96,-11.15,-5.62,31.18
-3.04,-7.92,-2.55,31.2
0.59,-6.11,-1.85,31.21
-1.29,-7.93,-2.84,31.18
-2.74,-10.28,-2.95,31.19
-1.68,-11.07,-4.32,31.21
-1.64,-8.52,-2.25,31.21
-0.8,-5.26,-1.99,31.21
-1.21,-8.37,-3.17,31.19
-0.75,-9.09,-3.53,31.14
-2.45,-6.94,-1.99,31.16
-1.19,-7.6,-2.77,31.17
0.85,-10.64,-4.21,31.21
-1.39,-12.2,-4.02,31.21
-1.14,-9.06,-4.33,31.18
-3.18,-6.64,-4.31,31.19
-0.98,-8.27,-4.15,31.17
1.27,-10.9,-7.92,31.2
-2.62,-11.2,-4.28,31.2
-2.43,-8.9,-3.89,31.13
-2.4,-6.17,-4.11,31.17
-1.56,-9.21,-4.57,31.14
0.6,-10.82,-4.85,31.14
-1.06,-10.65,-2.74,31.19
-2.94,-8.08,-3.36,31.22
-4.26,-8.09,-4.12,31.17
-1.07,-8.08,-7.15,31.21
1.04,-11.69,-5.18,31.22
-2.95,-12.76,-4.3,31.18
-1.99,-9.2,-3.84,31.19
-3.24,-7.58,-5.58,31.16
-4.87,-8.26,-6.06,31.21
-0.34,-10.29,-6.6,31.21
0.61,-10.87,-3.65,31.18
-3.04,-10.41,-4.81,31.2
-3.12,-8.21,-5.2,31.17
-3.58,-8.46,-4.72,31.19
-1.01,-9.8,-4.59,31.17
0.74,-11.56,-4.57,31.17
-2.21,-10.36,-5.12,31.21
-1.29,-6.33,-4.19,31.17
-4.13,-9.56,-3.79,31.2
0.2,-9.9,-5.11,31.23
3.68,-10.64,-5.04,31.24
-1.08,-8.64,-4.54,31.19
-2.39,-7.73,-3.07,31.17
-2.78,-8.36,-1.64,31.14
-2.78,-11.03,-4.49,31.16
-1.46,-9.5,-3.95,31.17
-0.9,-5.75,-3.81,31.17
-1.67,-7.08,-1.04,31.17
-1.02,-9.78,-2.81,31.16
0.32,-11.33,-6.17,31.17
-3.42,-9.59,-4.14,31.24
-3.01,-6.78,-3.58,31.18
-1.73,-6.58,-2.03,31.19
-2.58,-9.95,-2.58,31.17
-1.94,-10.86,-5.18,31.19
-1.99,-8.16,-3.2,31.16
0.31,-6.74,-3.51,31.17
-3.24,-7.44,-1.58,31.19
-2.83,-10.29,-1.97,31.17
0.81,-10.41,-4.07,31.14
-0.56,-8.04,-3.74,31.17
-1.55,-7.37,-3.95,31.18
0.02,-9.28,-2.53,31.15
-3.83,-11.05,-3.96,31.19
-1.13,-10.49,-4.49,31.2
-1.33,-8.99,-4.74,31.18
-1.35,-6.45,-4.58,31.17
-1.68,-8.75,-2.21,31.19
-2.77,-10.29,-3.68,31.17
-2.38,-10.91,-4.63,31.18
-3.24,-7.67,-4.89,31.18
-1.02,-6.21,-3.04,31.2
-0.04,-7.49,-2.09,31.16
-2.95,-11.55,-3.89,31.18
-1.17,-11.56,-5.75,31.16
-1.02,-8.95,-5.65,31.17
-0.86,-5.09,-4.17,31.22
-2.76,-8.65,-0.99,31.16
-4.51,-11.71,-4.87,31.18
0.05,-9.27,-6.45,31.17
-3.1,-8.22,-3.87,31.19
-1.79,-6.35,-2.23,31.13
0.01,-8.76,-3.35,31.19
-1.93,-11.08,-4.41,31.17
-0.7,-13.39,-2.32,31.2
-1.93,-7.66,-5.11,31.2
-2.23,-7.53,-3.73,31.17
2.41,-7.98,-1.65,31.21
1.33,-11.12,-1.31,31.19
-2.49,-11.02,-2.89,31.16
0.41,-7.8,-4.38,31.12
-0.89,-7.39,-3.51,31.17
0.3,-10.58,-2.92,31.22
3.01,-11.55,-3.69,31.15
-0.38,-12.05,-4.42,31.18
-1.81,-9.74,-5.93,31.19
-1.59,-7.56,-5.77,31.18
-1.29,-9.97,-4.9,31.13
0.79,-11.83,-4.43,31.18
-2.19,-11.79,-4.02,31.18
-0.66,-7.46,-3.89,31.2
-3.47,-7.76,-4.05,31.18
-2.68,-9.63,-5.35,31.15
1.72,-10.73,-2.48,31.18
0.2,-11.2,-0.92,31.18
-1.37,-10.37,-1.87,31.17
-3.48,-6.39,-1.49,31.17
2.04,-8.66,-2.72,31.18
1.24,-9.1,-1.36,31.14
1.22,-11.42,-2.71,31.2
-1.62,-10.58,-2.96,31.21
-1.94,-6.98,-2.66,31.17
0.15,-7.65,-2.17,31.12
1.45,-8.82,-2.62,31.14
-0.95,-11.26,-3.76,31.18
-1.2,-9.33,-4.75,31.15
-1.08,-7.27,-1.64,31.16
-1.73,-7.76,-1.91,31.18
0.07,-10.08,-3.09,31.19
-0.49,-11.77,-2.66,31.15
-1.46,-9.54,-3.39,31.19
-3.68,-8.68,-2.93,31.19
-2.28,-10.79,-4.67,31.19
-0.52,-9.73,-3.67,31.17
-2.37,-5.9,-4.38,31.16
-4.27,-8.4,-3.82,31.22
-3.65,-11.35,-5.25,31.16
-1.12,-11.27,-5.03,31.18
-0.71,-8.67,-3.69,31.23
-1.38,-7.11,-3.55,31.18
-3.65,-7.59,-2.05,31.15
-2.83,-10.85,-3.32,31.15
1.1,-11.34,-5.59,31.15
-1.71,-9.64,-5.0,31.2
-2.18,-7.45,-4.6,31.23
0.56,-7.8,-2.25,31.19
-1.57,-10.05,-3.35,31.16
-1.4,-11.21,-4.17,31.17
-0.22,-9.01,-4.89,31.23
0.89,-5.75,-4.71,31.19
-2.41,-7.36,-2.62,31.16
-2.03,-11.54,-3.71,31.21
0.15,-11.68,-6.06,31.17
-3.11,-7.92,-4.53,31.22
-0.66,-5.95,-4.0,31.19
0.13,-7.36,-2.05,31.16
-1.84,-11.36,-3.21,31.17
-2.94,-11.22,-3.34,31.23
-2.96,-8.02,-3.8,31.15
0.19,-5.74,-4.64,31.18
-3.17,-8.65,-1.98,31.17
-2.9,-11.82,-3.91,31.17
-1.13,-11.12,-4.23,31.18
-4.42,-7.74,-4.6,31.19
-0.73,-7.02,-5.35,31.18
-0.27,-8.23,-3.9,31.17
-3.99,-11.17,-3.47,31.17
-0.72,-10.56,-5.12,31.15
-1.04,-7.87,-4.81,31.19
-1.92,-6.25,-3.5,31.17
-3.64,-8.87,-2.11,31.19
-0.11,-10.74,-5.09,31.17
-1.2,-10.89,-5.28,31.24
-2.14,-8.14,-5.0,31.17
-0.47,-5.95,-2.56,31.24
-1.66,-8.89,-1.94,31.19
-1.97,-10.6,-3.47,31.24
-0.42,-10.64,-4.99,31.21
-1.36,-8.91,-3.68,31.2
-2.25,-5.43,-2.49,31.23
-2.24,-7.58,-2.93,31.21
-2.4,-11.1,-4.39,31.18
-1.77,-10.81,-5.23,31.19
-1.17,-9.33,-4.78,31.17
-2.0,-7.21,-5.18,31.22
-3.61,-6.78,-3.15,31.2
-2.38,-9.85,-3.08,31.21
-0.57,-10.93,-5.67,31.24
-2.3,-9.43,-5.2,31.22
-1.35,-6.03,-4.26,31.2
-1.24,-6.32,-2.54,31.17
-3.79,-10.38,-2.64,31.19
-0.9,-10.54,-4.52,31.24
-0.76,-8.21,-3.82,31.19
-1.76,-6.23,-3.44,31.24
-2.66,-7.01,-1.89,31.2
-0.7,-10.55,-2.6,31.19
-0.62,-9.96,-4.45,31.18
-2.55,-8.91,-3.12,31.18
-1.42,-6.32,-4.1,31.21
-1.8,-6.56,-2.03,31.17
-2.14,-10.35,-2.03,31.2
-1.27,-11.58,-4.32,31.21
-1.73,-8.34,-4.23,31.22
-0.14,-6.49,-2.67,31.19
-0.03,-8.16,-2.51,31.23
-0.34,-10.73,-2.49,31.19
-1.65,-12.54,-3.78,31.2
-2.98,-8.66,-4.89,31.23
1.22,-10.83,-2.08,31.27
-0.73,-11.89,-2.79,31.19
-1.36,-10.23,-3.72,31.2
-2.42,-7.32,-2.52,31.22
-0.59,-6.87,-2.65,31.21
1.48,-8.67,-2.95,31.22
-1.09,-11.86,-3.52,31.22
-0.36,-10.25,-3.54,31.21
-2.62,-7.09,-3.63,31.2
-1.51,-7.46,-2.68,31.19
2.0,-9.83,-2.84,31.18
0.59,-10.87,-4.05,31.21
-1.72,-10.01,-5.95,31.2
-3.73,-6.86,-4.37,31.21
-1.37,-7.43,-3.65,31.22
1.31,-9.17,-3.37,31.21
0.71,-11.31,-4.27,31.22
0.14,-9.76,-4.82,31.21
-1.89,-6.63,-3.49,31.2
-1.81,-6.9,-3.67,31.19
-2.26,-10.0,-3.05,31.19
0.53,-11.65,-2.89,31.19
-0.38,-10.29,-3.58,31.16
-4.14,-8.15,-3.55,31.18
-2.53,-7.77,-2.66,31.22
2.4,-8.95,-1.87,31.2
-1.64,-10.08,-1.88,31.18
-1.86,-10.55,-3.6,31.19
-0.86,-6.97,-3.67,31.2
-1.05,-6.47,-1.21,31.2
0.34,-9.62,-1.65,31.17
0.44,-12.85,-3.86,31.24
0.57,-11.32,-4.75,31.19
-2.37,-7.1,-2.38,31.17
-1.41,-7.49,-2.66,31.23
2.23,-9.97,-3.64,31.19
0.68,-11.89,-3.11,31.2
0.23,-9.55,-3.45,31.2
0.8,-10.94,-2.55,31.17
-1.58,-10.24,-2.77,31.21
-1.27,-6.97,-3.71,31.15
-2.55,-8.04,-2.73,31.17
-2.82,-10.31,-3.69,31.22
1.07,-10.87,-3.08,31.19
0.09,-9.87,-4.25,31.21
-2.51,-6.88,-4.54,31.2
-3.54,-8.24,-2.47,31.2
-0.24,-9.54,-2.61,31.19
0.93,-11.23,-3.65,31.17
-3.05,-10.86,-4.11,31.17
-3.4,-7.46,-3.71,31.21
-2.7,-8.28,-2.96,31.24
-1.19,-10.53,-4.45,31.22
-0.19,-11.32,-4.53,31.21
-2.1,-10.46,-5.27,31.21
-0.68,-8.77,-4.4,31.24
-5.02,-8.81,-3.34,31.19
-0.63,-10.31,-6.49,31.14
0.43,-11.77,-6.51,31.18
-3.56,-9.2,-5.53,31.18
-2.71,-5.39,-4.24,31.22
-3.18,-7.71,-3.91,31.18
-2.28,-10.51,-3.69,31.2
-0.78,-11.0,-5.31,31.24
-1.85,-9.38,-5.53,31.22
-1.67,-6.15,-5.77,31.14
-2.08,-8.56,-2.42,31.19
-0.96,-11.16,-4.1,31.22
-1.96,-11.48,-5.51,31.2
-1.06,-9.16,-6.05,31.17
-2.66,-7.05,-6.42,31.17
-2.88,-8.75,-3.38,31.24
0.28,-10.5,-4.64,31.14
-2.15,-11.45,-5.28,31.17
-2.78,-8.44,-4.65,31.17
0.11,-6.56,-4.32,31.17
-1.57,-9.02,-5.04,31.21
-2.6,-7.23,-4.47,31.19
-3.4,-7.47,-3.8,31.17
1.04,-10.46,-3.26,31.17
-0.41,-12.41,-4.4,31.22
-1.45,-12.01,-4.47,31.17
-2.8,-8.06,-5.26,31.21
-0.91,-7.28,-4.06,31.18
0.2,-9.77,-3.3,31.18
0.39,-12.99,-3.5,31.17
-0.51,-11.75,-4.86,31.14
-3.33,-7.57,-5.43,31.16
-2.91,-7.52,-4.19,31.19
0.26,-9.86,-4.19,31.17
-0.46,-11.92,-5.54,31.19
-2.34,-10.52,-5.51,31.16
-3.93,-7.49,-4.94,31.19
-2.76,-7.64,-4.02,31.22
0.53,-10.27,-4.27,31.23
1.31,-10.15,-6.16,31.18
-1.78,-7.83,-5.54,31.18
-4.2,-6.86,-2.92,31.2
0.65,-9.5,-3.39,31.21
1.67,-11.03,-5.34,31.21
-0.94,-11.13,-5.17,31.19
-1.11,-9.48,-5.22,31.19
-1.93,-6.14,-4.11,31.15
-2.46,-9.69,-3.68,31.17
0.12,-11.59,-5.18,31.21
0.67,-11.99,-4.58,31.19
-3.14,-6.63,-4.32,31.22
-3.0,-7.53,-3.08,31.15
-2.71,-10.41,-4.1,31.19
-0.9,-10.57,-4.57,31.17
-1.36,-9.11,-3.26,31.15
-2.84,-8.09,-4.24,31.17
-1.87,-7.86,-4.95,31.14
-4.17,-10.62,-3.9,31.17
-2.62,-9.23,-4.46,31.19
-1.78,-6.3,-2.79,31.15
-1.45,-6.27,-1.99,31.18
-1.86,-9.94,-2.77,31.2
-3.1,-11.42,-4.65,31.16
-1.17,-9.04,-4.17,31.21
-0.69,-5.54,-3.14,31.21
-0.07,-5.96,-2.44,31.18
0.1,-11.6,-2.23,31.19
-1.49,-12.34,-4.32,31.19
-2.21,-8.55,-4.35,31.21
-0.75,-6.43,-4.26,31.17
1.7,-7.91,-3.27,31.19
-0.41,-9.48,-1.47,31.2
-0.36,-10.97,-3.06,31.23
-2.41,-10.21,-3.79,31.19
-4.2,-6.54,-4.05,31.21
1.91,-6.22,-3.07,31.19
-1.63,-10.2,-0.76,31.22
-3.7,-7.82,-4.73,31.18
-1.25,-6.56,-3.67,31.2
-2.47,-8.03,-2.89,31.19
-4.37,-11.03,-3.53,31.23
-1.18,-10.04,-4.77,31.23
-2.26,-7.63,-3.41,31.19
-3.12,-7.37,-3.84,31.16
-1.9,-7.52,-1.86,31.15
-1.55,-9.17,-2.18,31.19
-3.53,-11.18,-4.43,31.17
-1.68,-10.02,-4.76,31.19
-1.66,-6.62,-5.6,31.17
-1.27,-6.23,-2.96,31.16
-2.33,-9.39,-1.91,31.16
-2.67,-11.11,-2.79,31.2
-1.28,-9.23,-5.69,31.17
-1.47,-5.79,-4.02,31.19
-0.45,-7.43,-3.32,31.19
-2.51,-10.05,-1.55,31.22
-1.7,-11.56,-4.06,31.17
-1.81,-9.49,-4.64,31.17
-1.75,-7.18,-4.34,31.23
0.16,-6.56,-3.36,31.21
-0.99,-10.09,-1.14,31.18
-1.64,-11.71,-4.81,31.22
-2.16,-9.83,-4.14,31.2
-2.11,-6.87,-3.89,31.2
-0.01,-7.14,-1.85,31.18
-1.86,-10.75,-2.11,31.22
0.06,-11.66,-4.1,31.23
-0.72,-9.19,-4.12,31.21
-2.88,-6.45,-2.36,31.22
0.37,-6.43,-2.4,31.24
0.75,-10.35,-2.15,31.17
-1.24,-12.28,-3.54,31.22
-0.69,-9.75,-3.65,31.2
-0.57,-5.71,-3.85,31.24
-0.15,-7.08,-2.65,31.18
-0.9,-11.26,-2.7,31.17
0.23,-11.6,-3.99,31.2
-1.72,-9.73,-3.33,31.22
-0.51,-11.22,-4.38,31.2
-0.02,-11.53,-4.72,31.22
-2.61,-8.46,-4.29,31.22
-2.77,-7.37,-3.49,31.16
-0.06,-8.86,-3.04,31.2
-0.17,-12.41,-3.97,31.18
-0.55,-11.36,-5.57,31.16
-1.14,-8.9,-4.64,31.25
-4.97,-6.94,-2.21,31.22
-0.73,-9.47,-1.91,31.2
2.06,-11.45,-4.96,31.21
-0.45,-11.16,-3.14,31.22
-0.46,-8.19,-4.21,31.22
-3.27,-7.56,-3.68,31.24
-1.73,-9.18,-3.13,31.16
0.8,-11.6,-5.41,31.2
0.2,-11.12,-4.56,31.18
0.91,-8.14,-4.17,31.21
-2.32,-7.06,-2.4,31.21
-0.3,-7.25,-2.6,31.19
-0.35,-10.16,-2.11,31.19
-3.83,-11.6,-3.47,31.22
-3.17,-8.85,-4.5,31.2
-0.78,-6.43,-5.39,31.19
-1.43,-7.35,-2.37,31.19
-0.83,-9.71,-2.92,31.18
-1.85,-12.02,-4.78,31.19
-2.41,-8.28,-4.52,31.23
-3.14,-6.97,-4.72,31.22
-0.87,-7.33,-3.25,31.24
-1.4,-9.75,-2.45,31.23
-1.84,-11.44,-3.49,31.23
-1.79,-9.15,-4.1,31.2
-3.02,-5.73,-4.74,31.18
-2.23,-8.47,-3.39,31.24
-1.59,-10.1,-2.59,31.2
0.51,-11.39,-4.04,31.25
-2.42,-9.75,-5.82,31.19
-1.32,-9.0,-4.16,31.22
1.34,-9.81,-3.92,31.17
-0.41,-9.46,-3.28,31.21
-1.55,-8.66,-4.04,31.22
-3.52,-7.61,-3.4,31.24
-0.17,-8.23,-2.81,31.24
0.53,-10.26,-3.2,31.22
-1.42,-10.76,-4.96,31.17
0.17,-8.88,-5.57,31.23
-3.2,-7.53,-3.11,31.19
-1.31,-9.21,-3.01,31.24
1.04,-11.37,-4.97,31.15
-1.25,-12.41,-6.16,31.2
-1.62,-10.02,-5.6,31.17
-2.08,-7.51,-4.1,31.18
-1.6,-8.67,-4.72,31.21
0.21,-12.29,-5.83,31.19
-0.75,-13.66,-6.89,31.2
-1.99,-8.7,-5.39,31.21
-0.68,-7.29,-6.1,31.18
-2.33,-6.45,-4.87,31.22
-6.01,-9.18,-5.17,31.21
-0.63,-10.78,-7.33,31.17
0.46,-10.71,-5.97,31.23
-4.07,-10.15,-6.23,31.23
-2.14,-6.73,-6.92,31.19
-0.76,-7.58,-3.43,31.18
-2.47,-10.1,-5.63,31.25
-1.95,-11.51,-5.61,31.22
-0.7,-9.95,-5.26,31.24
0.4,-5.23,-4.06,31.21
-3.83,-9.01,-1.87,31.2
-1.03,-12.38,-4.14,31.24
0.38,-11.38,-6.45,31.19
-1.28,-7.61,-3.67,31.16
-2.44,-6.18,-2.12,31.22
-2.61,-7.52,-3.17,31.19
0.57,-9.89,-4.36,31.23
-1.79,-8.73,-4.89,31.2
-2.54,-8.51,-6.05,31.24
-2.27,-8.87,-4.68,31.18
-0.83,-8.97,-6.66,31.21
-1.0,-10.74,-5.86,31.21
0.36,-11.52,-5.82,31.19
-1.79,-8.61,-5.44,31.22
-3.61,-7.46,-4.73,31.19
-0.61,-10.27,-4.24,31.19
-0.19,-12.62,-6.64,31.23
-1.52,-11.93,-5.59,31.19
-0.43,-7.57,-5.55,31.21
-4.27,-7.07,-4.46,31.19
-1.99,-9.94,-4.67,31.24
1.8,-11.13,-4.56,31.18
-0.67,-10.77,-3.27,31.17
-1.1,-7.09,-4.24,31.25
-2.77,-7.24,-2.75,31.19
-0.98,-9.58,-3.35,31.22
0.62,-11.2,-3.93,31.21
0.74,-10.07,-4.51,31.2
-0.66,-7.52,-4.53,31.19
-3.39,-7.86,-2.05,31.17
-0.59,-9.72,-3.74,31.19
-0.63,-11.59,-4.98,31.23
-0.11,-10.22,-5.39,31.22
-0.49,-7.35,-4.03,31.2
-2.17,-7.48,-3.65,31.19
-2.62,-9.74,-2.94,31.21
-0.96,-11.38,-4.58,31.16
-0.91,-9.73,-5.23,31.17
-0.56,-5.76,-5.75,31.22
-0.73,-7.55,-3.13,31.2
-1.36,-10.91,-3.69,31.19
0.02,-11.78,-6.19,31.18
-2.28,-9.17,-4.94,31.17
-2.0,-7.21,-5.84,31.17
-1.7,-7.86,-4.91,31.2
-4.3,-10.64,-5.48,31.17
-2.07,-8.14,-5.78,31.23
-3.07,-5.89,-3.51,31.19
-4.36,-8.96,-2.21,31.21
-1.99,-11.5,-5.72,31.2
-1.84,-10.06,-4.92,31.25
-1.7,-6.54,-3.13,31.21
-0.49,-5.68,-4.24,31.18
-1.48,-9.84,-2.09,31.22
-2.79,-10.51,-2.85,31.19
-4.06,-9.22,-4.06,31.21
-3.02,-7.93,-4.1,31.23
-0.5,-6.76,-3.55,31.21
-2.67,-8.77,-0.24,31.19
-3.0,-11.69,-4.27,31.24
-1.85,-10.49,-5.94,31.17
-0.77,-8.16,-4.92,31.2
-0.8,-6.53,-3.41,31.18
-1.72,-9.34,-0.93,31.19
-1.71,-12.0,-4.74,31.17
-0.55,-10.2,-5.05,31.19
-0.58,-7.58,-3.67,31.23
-2.04,-6.33,-4.2,31.18
-3.17,-8.91,-2.88,31.25
0.2,-10.76,-5.58,31.22
-3.52,-11.89,-4.98,31.23
-2.97,-8.15,-3.64,31.21
0.19,-7.13,-5.12,31.19
-4.4,-9.82,-3.09,31.22
-1.54,-11.39,-6.56,31.18
-0.06,-10.0,-6.11,31.19
-0.67,-7.91,-5.98,31.21
-2.24,-6.47,-4.71,31.22
-1.83,-11.0,-3.94,31.21
-0.84,-10.04,-4.8,31.22
-0.61,-10.4,-3.54,31.21
-0.63,-10.47,-5.02,31.23
-2.77,-5.96,-5.03,31.22
-4.31,-10.02,-2.86,31.25
-1.7,-11.22,-3.42,31.2
-0.62,-10.55,-5.66,31.21
-0.74,-9.59,-6.41,31.21
-3.13,-7.84,-5.05,31.22
-3.11,-9.09,-5.54,31.22
-2.35,-11.43,-6.33,31.22
-1.03,-11.52,-6.55,31.24
-0.28,-8.61,-5.75,31.18
-2.07,-6.04,-5.43,31.19
-1.85,-7.72,-1.76,31.18
-0.44,-10.66,-2.7,31.22
-1.12,-11.35,-4.2,31.23
-2.04,-8.22,-2.76,31.2
0.41,-6.29,-3.87,31.22
-1.49,-7.84,-1.36,31.21
-0.6,-10.99,-2.94,31.19
0.16,-9.94,-4.52,31.18
-2.61,-7.92,-3.22,31.2
-0.16,-5.45,-3.05,31.17
-0.6,-6.69,-2.04,31.22
-3.69,-10.92,-3.99,31.19
-0.93,-9.19,-3.06,31.22
-0.46,-6.41,-2.96,31.21
-1.36,-5.25,-3.04,31.21
-2.09,-7.29,-2.29,31.19
-2.67,-10.35,-2.93,31.23
-1.41,-9.22,-6.16,31.24
-2.87,-7.64,-2.58,31.21
-0.54,-7.62,-3.07,31.19
-0.22,-8.3,-2.38,31.22
-2.3,-11.02,-4.29,31.19
0.51,-11.25,-6.13,31.18
-2.68,-8.74,-4.79,31.18
-1.72,-6.65,-4.38,31.2
0.07,-7.98,-2.94,31.18
0.23,-10.85,-2.82,31.2
-0.6,-10.91,-3.15,31.2
-1.98,-8.34,-2.41,31.23
-2.62,-9.54,-3.37,31.2
-1.13,-8.26,-3.6,31.2
-1.61,-6.92,-1.86,31.22
0.43,-8.15,-1.83,31.24
2.02,-10.45,-2.49,31.17
-0.9,-12.2,-2.52,31.22
-1.96,-7.87,-3.75,31.23
-4.38,-7.87,-2.06,31.21
0.12,-9.5,-3.42,31.24
2.52,-10.06,-3.12,31.23
-0.71,-10.69,-2.67,31.22
-0.01,-8.49,-3.37,31.23
-3.24,-7.87,-3.52,31.17
-1.84,-9.74,-5.09,31.22
1.81,-12.33,-5.81,31.19
-0.84,-12.66,-5.72,31.24
-3.38,-8.1,-5.94,31.22
-2.5,-8.01,-4.67,31.19
-1.16,-11.06,-6.19,31.21
1.07,-10.01,-1.88,31.19
-1.2,-10.2,-0.98,31.22
0.89,-11.2,-3.48,31.22
-1.46,-8.98,-3.4,31.22
-2.57,-5.59,-0.0,31.18
-0.06,-7.56,-1.83,31.2
-1.61,-9.98,-3.43,31.22
-0.76,-9.42,-4.09,31.21
-0.33,-8.45,0.1,31.21
-0.97,-4.75,-1.73,31.21
-1.87,-8.11,-0.9,31.28
-0.36,-10.8,-2.75,31.24
0.7,-10.74,-5.13,31.26
-1.66,-9.63,-2.95,31.19
-2.4,-7.11,-3.06,31.25
0.57,-8.43,-3.12,31.21
-1.49,-11.98,-3.44,31.2
-0.58,-12.21,-6.15,31.22
-1.66,-9.02,-4.45,31.22
-3.81,-6.72,-2.34,31.2
-1.91,-8.42,-2.12,31.22
0.54,-10.28,-4.06,31.23
-2.46,-12.65,-4.79,31.2
-0.44,-9.79,-4.64,31.25
-1.81,-7.94,-3.12,31.18
-1.63,-7.68,-2.97,31.22
-1.17,-11.36,-3.56,31.23
-0.2,-11.06,-6.27,31.23
-1.13,-8.68,-5.68,31.18
-3.46,-6.32,-2.97,31.23
-2.46,-9.75,-3.43,31.21
-0.05,-9.17,-4.16,31.24
1.06,-9.49,-4.65,31.21
-1.63,-11.2,-5.08,31.23
-0.83,-7.72,-5.78,31.19
-1.88,-7.04,-3.57,31.17
-2.28,-8.89,-4.05,31.23
-1.71,-11.81,-4.49,31.2
-4.29,-11.06,-3.5,31.2
-0.43,-11.82,-4.02,31.21
-1.45,-12.47,-4.05,31.2
-2.6,-9.19,-3.99,31.21
0.36,-7.53,-3.72,31.17
-2.44,-7.73,-2.06,31.23
-1.83,-10.5,-4.47,31.22
-0.48,-11.1,-3.93,31.21
-0.94,-8.83,-3.73,31.24
-2.27,-6.07,-2.7,31.21
-1.0,-8.17,-1.62,31.26
1.02,-10.82,-3.18,31.18
-2.69,-11.2,-4.36,31.21
-1.21,-8.18,-3.96,31.22
-0.19,-6.22,-3.95,31.17
-0.87,-7.89,-1.16,31.18
0.1,-10.26,-1.58,31.23
-1.46,-11.06,-1.9,31.2
-0.79,-8.45,-0.66,31.24
-1.53,-8.33,-1.72,31.25
-2.71,-8.25,-2.57,31.24
-2.67,-5.69,-1.54,31.22
-3.32,-7.3,-2.45,31.21
-0.06,-11.35,-3.88,31.2
-0.06,-9.14,-2.83,31.25
-2.09,-7.0,-1.59,31.22
-3.46,-6.82,-2.12,31.23
-3.24,-9.07,-4.27,31.22
1.07,-10.55,-5.18,31.24
-1.92,-10.08,-2.75,31.25
-2.24,-7.63,-2.86,31.24
-1.39,-7.42,-3.83,31.24
-2.74,-10.54,-3.78,31.23
0.51,-11.3,-4.27,31.21
0.17,-10.59,-4.43,31.23
-2.62,-6.8,-5.64,31.24
-2.47,-7.75,-3.0,31.22
-4.67,-10.86,-3.54,31.23
-2.38,-9.72,-2.63,31.24
-2.87,-11.22,-2.85,31.2
-2.28,-11.84,-3.04,31.19
-1.99,-9.54,-2.63,31.23
-0.95,-6.43,-3.36,31.19
-1.09,-7.53,-3.26,31.22
-0.68,-11.68,-2.96,31.24
1.12,-11.22,-5.83,31.21
-2.56,-9.23,-3.57,31.2
-2.64,-5.83,-2.73,31.2
1.06,-6.87,-2.22,31.22
-1.76,-10.68,-1.21,31.22
0.34,-10.25,-3.97,31.22
-2.17,-7.59,-3.63,31.23
-0.07,-5.2,-2.43,31.23
0.16,-6.83,-2.36,31.27
-0.96,-10.15,-1.85,31.26
-0.2,-10.84,-4.1,31.25
-1.02,-8.09,-2.63,31.23
-0.16,-5.52,-0.84,31.22
-1.99,-6.89,-1.13,31.22
0.47,-10.31,-2.11,31.22
-0.15,-10.74,-3.64,31.2
-3.63,-8.45,-2.43,31.19
-0.65,-5.64,-1.17,31.2
-1.66,-5.73,-0.66,31.19
-5.16,-10.8,0.08,31.24
-1.01,-10.6,-3.98,31.22
-0.0,-6.86,-2.14,31.21
-1.54,-5.13,-0.77,31.19
-1.41,-7.62,-0.21,31.21
0.04,-10.07,-1.66,31.23
-1.08,-9.36,-1.53,31.26
-1.37,-7.18,0.15,31.22
0.78,-4.67,-1.52,31.2
-0.04,-7.65,-1.53,31.23
-0.07,-10.04,-1.16,31.21
-0.87,-10.65,-3.95,31.21
-1.36,-6.98,-3.78,31.19
-3.71,-8.84,-4.92,31.22
0.04,-11.09,-4.03,31.24
-0.71,-12.39,-5.25,31.17
-1.41,-9.56,-5.57,31.24
-0.84,-7.95,-4.5,31.2
-3.73,-8.24,-3.12,31.22
-3.83,-12.15,-5.21,31.24
-0.57,-10.57,-5.84,31.23
-1.0,-11.73,-3.43,31.22
-2.38,-9.17,-5.54,31.21
-4.06,-8.99,-2.26,31.22
-2.11,-10.25,-5.37,31.17
-0.64,-11.27,-5.18,31.27
-0.77,-11.34,-5.8,31.19
-1.35,-9.04,-6.1,31.19
-4.16,-7.35,-3.34,31.22
-1.74,-9.46,-4.13,31.24
0.19,-11.6,-6.39,31.22
-0.24,-11.25,-1.97,31.19
0.38,-10.4,-2.13,31.24
-1.37,-7.17,-1.95,31.24
0.56,-5.56,-3.09,31.2
1.66,-9.16,-1.84,31.19
0.08,-11.85,-2.11,31.21
-0.95,-11.13,-5.0,31.24
-1.74,-7.81,-2.64,31.22
-1.93,-7.01,-3.51,31.21
0.85,-7.48,-1.6,31.21
-1.21,-12.23,-1.83,31.23
-2.36,-10.82,-4.48,31.18
-2.73,-7.05,-3.9,31.22
0.62,-6.63,-3.24,31.21
0.85,-8.14,-1.48,31.23
-1.47,-11.35,-0.92,31.24
-2.66,-11.03,-3.11,31.24
-2.03,-5.35,-2.65,31.19
0.4,-5.99,-2.24,31.19
0.74,-9.25,-0.91,31.22
-2.06,-8.16,-4.23,31.24
-1.63,-8.02,-3.96,31.24
0.61,-10.43,-5.54,31.22
-0.87,-11.42,-6.1,31.22
-2.92,-9.38,-6.38,31.23
-2.25,-6.45,-5.66,31.25
-3.26,-8.75,-4.96,31.21
-0.33,-9.84,-5.32,31.22
-1.69,-10.09,-2.73,31.21
-4.35,-9.98,-3.52,31.22
-3.19,-6.9,-4.32,31.22
-3.66,-9.21,-3.85,31.24
-0.22,-10.12,-6.89,31.23
0.67,-11.49,-5.32,31.25
-2.12,-9.46,-3.9,31.25
-3.39,-6.24,-2.58,31.25
-2.95,-7.97,-2.95,31.21
-1.19,-10.48,-5.38,31.26
-0.35,-10.23,-3.91,31.21
-1.67,-8.66,-3.54,31.22
-2.47,-6.77,-4.37,31.21
-1.92,-7.28,-2.94,31.19
-2.08,-10.11,-4.21,31.24
0.37,-11.88,-7.38,31.21
-1.15,-8.59,-6.46,31.24
-2.1,-7.2,-4.4,31.23
-2.39,-9.17,-2.55,31.24
-1.99,-10.21,-4.59,31.2
-0.76,-10.91,-5.03,31.26
-2.39,-9.85,-5.26,31.26
-2.25,-7.45,-4.91,31.24
-4.67,-9.68,-4.39,31.23
-4.74,-12.05,-6.99,31.28
-1.34,-11.33,-8.36,31.22
-2.44,-8.95,-5.65,31.27
-2.72,-7.08,-5.95,31.17
-4.93,-9.56,-4.51,31.2
-3.11,-11.13,-5.69,31.21
-1.4,-10.97,-7.07,31.26
-2.67,-7.24,-5.03,31.27
-1.51,-6.7,-3.36,31.22
-2.33,-8.49,-2.34,31.2
-3.71,-9.62,-4.24,31.22
-0.57,-10.42,-3.45,31.2
0.61,-7.72,-4.21,31.22
-0.9,-6.8,-4.11,31.2
-3.14,-8.75,-0.61,31.21
-1.98,-10.38,-2.93,31.24
0.19,-9.56,-5.62,31.21
-3.52,-9.99,-4.89,31.19
-1.7,-6.73,-2.97,31.18
-1.62,-9.8,-2.14,31.24
-3.85,-10.79,-6.8,31.25
0.51,-10.92,-7.02,31.23
-0.17,-9.45,-5.99,31.22
-3.02,-5.56,-3.61,31.2
-3.53,-7.95,-2.88,31.15
0.18,-6.42,-4.17,31.2
-0.33,-7.4,-3.94,31.18
-1.66,-11.07,-3.47,31.22
-1.15,-11.6,-5.67,31.24
1.31,-10.02,-5.81,31.18
-0.22,-9.07,-5.42,31.2
-1.86,-7.04,-3.62,31.19
-2.1,-8.6,-3.13,31.2
-0.79,-11.09,-5.47,31.21
-1.35,-11.78,-4.64,31.18
-2.36,-9.22,-6.4,31.18
-3.7,-5.52,-4.7,31.2
-4.65,-8.98,-3.98,31.23
-2.79,-11.96,-5.04,31.24
-2.92,-11.51,-5.78,31.19
-0.21,-7.71,-5.58,31.2
-1.63,-5.68,-3.88,31.19
-4.73,-9.4,-4.05,31.2
-1.62,-10.73,-6.07,31.18
-0.4,-7.37,-5.16,31.22
-1.62,-8.26,-3.93,31.22
-2.07,-11.48,-4.11,31.23
-0.91,-11.71,-6.11,31.24
-0.5,-9.53,-3.54,31.22
0.74,-8.15,-4.99,31.22
-0.8,-8.84,-3.35,31.25
-3.27,-11.69,-3.81,31.21
-0.96,-12.09,-6.95,31.21
-2.32,-10.75,-6.64,31.25
-2.86,-8.2,-3.64,31.24
0.06,-8.22,-3.4,31.21
-2.69,-11.27,-4.7,31.2
-0.75,-11.41,-6.59,31.21
-1.27,-9.95,-4.77,31.25
-0.16,-6.23,-3.92,31.23
-1.34,-7.1,-2.15,31.2
-1.52,-9.58,-2.77,31.25
-0.03,-10.73,-4.19,31.24
-2.37,-8.55,-3.6,31.21
0.62,-6.46,-2.89,31.25
-2.14,-8.39,-1.09,31.22
-1.34,-10.04,-4.0,31.22
0.1,-10.47,-3.56,31.2
-3.49,-8.84,-3.34,31.24
-1.03,-6.75,-4.5,31.3
-0.39,-7.16,-3.24,31.2
-0.65,-11.04,-2.41,31.22
0.54,-10.73,-3.74,31.22
-1.58,-8.78,-2.91,31.25
-1.73,-6.59,-1.43,31.23
-2.05,-6.18,-0.05,31.26
-1.55,-9.37,-1.75,31.22
2.43,-10.34,-4.48,31.23
-2.62,-9.6,-2.4,31.25
-1.57,-6.35,-2.62,31.25
0.62,-6.21,-0.9,31.22
-0.42,-10.61,-2.57,31.26
-0.63,-12.61,-3.37,31.18
1.81,-10.12,-3.58,31.24
-2.0,-10.17,-3.82,31.22
-3.28,-8.95,-5.53,31.25
-2.06,-6.9,-3.32,31.26
0.83,-6.44,-3.62,31.18
-0.8,-9.74,-2.96,31.22
-1.73,-12.65,-5.19,31.23
-2.88,-9.06,-4.8,31.19
-2.91,-8.45,-3.2,31.25
-1.13,-8.87,-4.72,31.2
-0.01,-10.74,-4.84,31.2
-1.6,-13.42,-4.79,31.25
-0.43,-9.43,-4.91,31.23
-2.36,-6.89,-2.62,31.23
-1.56,-8.12,-3.41,31.23
0.05,-10.95,-4.36,31.21
-1.38,-10.89,-3.37,31.24
-0.22,-8.68,-2.62,31.25
-2.34,-7.31,-3.4,31.25
-2.16,-7.68,-5.09,31.24
-4.56,-7.81,-3.9,31.23
-2.57,-8.8,-4.48,31.25
1.07,-11.82,-6.22,31.19
-0.74,-10.82,-4.77,31.21
-2.3,-8.56,-4.02,31.23
-2.4,-7.41,-4.53,31.21
-3.33,-8.93,-4.52,31.22
1.36,-10.15,-5.62,31.18
-0.41,-10.66,-3.93,31.23
-2.1,-6.89,-4.8,31.24
-1.09,-7.31,-2.86,31.23
-2.65,-9.54,-2.21,31.19
1.71,-9.59,-3.89,31.2
1.62,-9.9,-3.54,31.2
-2.02,-7.63,-4.16,31.2
-3.03,-7.85,-2.19,31.24
-2.72,-10.88,-3.44,31.21
-2.32,-11.2,-6.38,31.21
-1.3,-10.5,-4.75,31.2
-2.4,-8.48,-4.55,31.22
-3.07,-7.78,-4.09,31.21
-1.32,-8.83,-3.63,31.21
0.06,-11.12,-3.93,31.19
-0.48,-10.07,-4.23,31.23
-1.17,-7.47,-3.13,31.2
-3.14,-7.0,-1.79,31.21
-0.46,-10.56,-2.81,31.24
-0.76,-11.8,-4.54,31.24
-1.52,-10.43,-2.75,31.23
-1.61,-7.56,-0.83,31.23
-3.73,-7.57,-2.09,31.19
-3.14,-8.9,-3.74,31.2
-0.96,-11.01,-5.55,31.19
-3.14,-11.52,-3.88,31.22
-3.56,-9.0,-5.1,31.24
-2.35,-7.06,-3.47,31.23
-2.1,-10.62,-3.59,31.21
0.75,-10.05,-3.94,31.21
-1.36,-7.63,-2.58,31.21
-2.88,-6.16,-1.78,31.2
0.96,-7.01,-3.09,31.19
1.17,-9.17,-2.22,31.25
-0.88,-10.0,-3.06,31.18
-3.82,-9.57,-2.82,31.2
-2.65,-7.64,-2.94,31.22
-0.0,-8.45,-4.26,31.23
-0.24,-10.75,-4.87,31.24
0.27,-11.76,-4.57,31.22
-1.03,-7.88,-5.15,31.2
-3.52,-7.53,-2.74,31.2
-1.34,-8.81,-4.45,31.22
-0.76,-10.99,-4.41,31.22
-1.89,-10.8,-5.76,31.24
-1.67,-7.13,-4.99,31.27
-2.95,-7.58,-2.87,31.21
-2.45,-8.78,-4.65,31.26
-2.39,-8.93,-3.21,31.21
1.52,-4.53,-3.79,31.24
1.52,-8.58,-2.42,31.21
-1.24,-12.32,-3.9,31.2
-0.0,-11.11,-5.17,31.17
-3.6,-6.88,-3.0,31.23
-1.99,-6.79,-3.01,31.22
2.56,-10.77,-4.47,31.22
-2.33,-13.04,-4.37,31.23
-1.9,-11.19,-5.83,31.23
-3.61,-8.84,-2.46,31.19
-2.6,-7.13,-4.03,31.22
1.72,-9.58,-3.77,31.21
-0.82,-12.2,-3.13,31.17
-1.77,-10.2,-3.29,31.24
-6.12,-8.25,-1.73,31.18
-2.33,-6.52,-4.5,31.16
2.74,-8.25,-3.33,31.19
-1.84,-10.37,-3.37,31.2
-0.64,-10.01,-3.81,31.16
-4.49,-7.73,-2.12,31.2
-1.15,-6.97,-5.98,31.22
3.56,-10.91,-4.12,31.23
-1.24,-12.21,-2.39,31.21
-0.86,-9.85,-3.08,31.2
-2.6,-9.25,-3.62,31.22
-2.29,-7.99,-6.54,31.19
0.73,-11.68,-6.61,31.23
0.21,-11.04,-5.45,31.17
0.2,-10.43,-2.96,31.18
-1.73,-9.12,-4.59,31.21
-2.1,-9.38,-6.73,31.18
2.67,-10.31,-6.88,31.2
1.01,-11.5,-4.19,31.23
-0.78,-11.07,-3.7,31.21
-1.64,-8.91,-4.81,31.18
-2.38,-9.55,-4.75,31.21
0.87,-10.19,-4.25,31.22
0.35,-11.68,-3.94,31.2
1.17,-12.19,-5.77,31.21
-0.89,-10.0,-2.64,31.2
-2.09,-7.77,-1.83,31.24
1.01,-7.28,-4.48,31.23
2.15,-9.78,-3.15,31.21
0.24,-12.83,-4.08,31.2
0.17,-10.83,-4.15,31.23
-1.85,-7.46,-3.79,31.2
-0.09,-5.58,-5.08,31.22
-1.53,-11.41,-4.01,31.22
-0.42,-12.36,-4.7,31.18
-1.61,-9.23,-3.22,31.2
-2.82,-7.13,-1.49,31.19
0.18,-7.72,-4.43,31.25
0.39,-10.36,-3.44,31.21
1.09,-11.27,-4.83,31.2
-2.49,-10.02,-3.53,31.2
-1.9,-6.48,-3.31,31.19
1.65,-7.31,-4.72,31.18
-4.22,-8.79,-4.57,31.17
-0.74,-11.19,-5.97,31.21
-1.35,-10.09,-5.45,31.21
-2.33,-9.03,-2.77,31.23
-1.15,-6.0,-3.97,31.2
-1.39,-8.19,-1.61,31.2
-0.52,-9.91,-3.52,31.21
-1.77,-9.66,-3.62,31.19
-1.78,-8.78,-2.0,31.19
-1.0,-5.13,-1.47,31.21
-1.9,-7.56,-1.71,31.25
-2.23,-10.65,-4.51,31.24
-1.17,-10.32,-3.7,31.21
-0.87,-7.43,-1.03,31.22
-2.02,-4.75,-1.86,31.21
-3.13,-8.4,-3.12,31.27
-2.5,-10.39,-4.64,31.22
-0.71,-10.71,-4.41,31.2
-2.28,-7.05,-2.95,31.22
-0.24,-5.43,-2.72,31.19
-0.96,-8.99,-3.08,31.19
-2.84,-11.29,-3.58,31.22
1.47,-9.49,-4.95,31.22
-1.62,-7.9,-4.27,31.2
-3.28,-6.43,-3.16,31.2
-0.59,-8.23,-1.36,31.19
-4.11,-11.19,-4.67,31.24
-1.25,-9.82,-3.99,31.15
-1.32,-8.55,-5.09,31.24
-2.06,-5.06,-3.06,31.22
-2.06,-9.33,-3.67,31.22
-4.23,-10.35,-5.96,31.24
-2.3,-10.07,-4.23,31.24
-1.89,-8.73,-2.18,31.22
-0.69,-4.74,-2.13,31.22
-1.67,-8.97,-2.4,31.19
-1.58,-11.06,-3.65,31.22
0.15,-10.24,-4.37,31.22
-2.86,-7.99,-2.15,31.22
-0.59,-10.39,-2.67,31.19
-2.11,-9.34,-1.83,31.24
-1.94,-6.22,-3.12,31.17
0.8,-8.22,-3.33,31.25
-1.07,-11.02,-2.56,31.19
-0.23,-10.74,-5.08,31.25
-1.16,-9.02,-3.94,31.21
-1.83,-6.69,-4.27,31.23
1.14,-8.04,-3.48,31.21
-0.91,-10.81,-2.87,31.21
-1.76,-10.54,-4.72,31.2
-0.18,-8.83,-3.22,31.21
-2.05,-6.38,-3.33,31.2
-1.37,-7.96,-3.22,31.23
-0.86,-11.51,-4.64,31.23
-0.86,-10.69,-5.46,31.21
-1.75,-9.29,-3.49,31.19
-3.48,-6.56,-4.5,31.22
0.79,-7.22,-3.66,31.23
-1.68,-10.79,-3.7,31.25
-2.51,-10.97,-5.75,31.21
-2.27,-11.03,-3.13,31.23
-3.16,-5.84,-2.37,31.23
-1.15,-8.31,-3.54,31.26
-2.2,-12.05,-5.29,31.24
-0.08,-11.88,-4.61,31.21
-1.89,-9.25,-1.55,31.21
-3.65,-6.1,-1.94,31.19
2.12,-7.32,-2.95,31.19
0.72,-12.08,-3.04,31.21
-1.82,-11.81,-4.04,31.22
-2.52,-8.44,-2.81,31.22
-0.7,-5.99,-3.36,31.22
1.39,-7.8,-2.76,31.19
-0.6,-11.85,-3.08,31.23
-1.31,-12.66,-2.74,31.24
-3.24,-10.4,-2.98,31.23
-1.92,-5.8,-2.36,31.23
1.79,-7.72,-2.9,31.21
0.18,-11.54,-2.74,31.22
-3.07,-12.54,-3.93,31.26
-0.64,-4.8,-4.08,31.19
-2.84,-6.93,-2.72,31.24
-0.75,-11.09,-3.61,31.22
-0.66,-11.21,-3.67,31.2
0.27,-9.86,-5.31,31.21
-0.95,-9.16,-3.98,31.19
-3.46,-8.31,-3.85,31.24
-1.82,-9.06,-3.42,31.26
-0.23,-10.65,-6.18,31.23
-0.75,-11.06,-2.93,31.21
-1.23,-8.84,-3.28,31.24
-3.29,-6.81,-4.28,31.22
-3.84,-8.77,-4.69,31.27
-0.28,-10.68,-5.8,31.21
-0.95,-11.06,-5.25,31.24
-2.68,-9.09,-5.38,31.21
-4.16,-6.6,-3.82,31.22
-3.15,-9.02,-3.78,31.26
-2.15,-12.06,-6.2,31.22
-3.63,-12.13,-5.57,31.23
-3.62,-7.49,-5.3,31.21
-1.86,-5.56,-6.32,31.28
-4.41,-8.37,-5.53,31.22
-2.93,-10.74,-7.61,31.26
-1.45,-11.51,-5.83,31.25
-2.44,-8.6,-4.64,31.21
-3.24,-7.21,-4.82,31.22
-3.22,-10.72,-4.89,31.22
0.32,-10.9,-7.89,31.27
-1.81,-10.66,-6.7,31.24
-1.75,-8.13,-5.16,31.19
-2.86,-7.47,-4.07,31.2
-4.51,-9.48,-2.85,31.16
-0.3,-10.65,-6.73,31.22
-2.67,-12.29,-6.68,31.24
-1.66,-9.28,-5.26,31.2
-0.64,-6.3,-3.29,31.23
-4.35,-10.22,-3.2,31.23
-1.72,-6.55,-2.53,31.26
-2.46,-5.56,-3.93,31.17
-0.6,-9.28,-3.12,31.24
-2.87,-11.68,-4.89,31.25
-1.18,-10.57,-5.88,31.23
-4.37,-7.75,-4.32,31.22
-2.54,-6.6,-4.28,31.23
-0.18,-9.41,-5.01,31.2
-3.91,-10.5,-3.13,31.22
-1.97,-9.69,-3.39,31.22
-3.16,-7.34,-2.29,31.19
-1.13,-6.66,-4.31,31.21
0.31,-8.88,-3.73,31.25
-0.66,-11.56,-2.96,31.22
-1.84,-10.34,-4.12,31.22
-2.12,-6.91,-4.28,31.24
-2.16,-7.67,-4.6,31.2
0.44,-9.29,-3.12,31.28
-0.67,-10.7,-3.9,31.2
-1.63,-10.17,-5.55,31.19
-3.81,-8.29,-5.07,31.22
-3.37,-8.54,-5.34,31.2
-0.03,-8.87,-4.29,31.23
-0.33,-11.94,-4.5,31.2
-0.35,-11.49,-5.18,31.2
-3.44,-7.94,-4.96,31.19
-1.79,-6.9,-5.08,31.24
2.51,-10.22,-6.02,31.23
-1.48,-12.96,-5.2,31.21
-1.47,-11.3,-5.82,31.26
-3.26,-7.89,-6.15,31.2
-2.1,-7.37,-5.4,31.19
0.41,-10.6,-5.24,31.18
-0.31,-11.76,-4.06,31.25
-1.31,-10.86,-3.15,31.21
-3.24,-7.98,-2.77,31.24
-0.95,-9.03,-3.98,31.19
0.98,-10.83,-5.54,31.23
0.02,-10.37,-3.78,31.18
-0.94,-6.24,-1.55,31.22
-1.48,-6.12,-1.76,31.19
0.15,-9.73,-3.26,31.19
-0.92,-11.24,-3.85,31.22
-3.02,-9.86,-3.09,31.21
-2.5,-7.54,-1.79,31.21
-0.06,-7.58,-2.94,31.21
-1.34,-8.9,-3.17,31.25
-0.64,-10.84,-2.92,31.2
-2.18,-10.91,-2.7,31.17
-4.05,-6.22,-2.62,31.22
-1.24,-5.83,-4.03,31.24
-1.53,-8.95,-2.15,31.24
-0.91,-10.88,-3.34,31.24
-1.44,-9.63,-4.77,31.18
-2.35,-7.26,-2.8,31.25
0.5,-5.96,-3.41,31.21
-0.16,-8.53,-2.67,31.21
0.79,-5.82,-2.85,31.25
1.55,-9.87,-1.11,31.19
1.24,-12.34,-1.09,31.21
-0.14,-9.9,-2.44,31.23
-1.65,-6.84,-2.24,31.21
1.8,-6.9,-2.87,31.22
1.25,-10.55,-2.14,31.25
-0.75,-12.74,-2.64,31.18
0.57,-10.73,-3.3,31.27
-2.08,-6.5,-2.3,31.22
-0.81,-5.75,-2.23,31.17
1.3,-11.43,-2.86,31.22
-0.95,-12.67,-3.39,31.24
-1.35,-9.72,-4.71,31.22
-2.4,-8.59,-4.19,31.22
-2.57,-6.34,-3.52,31.21
-0.31,-8.93,-3.77,31.2
-2.81,-12.29,-5.37,31.22
-1.17,-10.42,-5.18,31.21
-2.81,-8.66,-4.03,31.22
-3.13,-7.51,-3.45,31.2
1.54,-8.71,-3.73,31.19
-0.34,-11.25,-4.3,31.25
-0.02,-11.11,-5.52,31.24
-1.76,-8.19,-3.97,31.22
-0.44,-6.31,-3.15,31.22
1.83,-8.05,-3.8,31.24
0.18,-11.93,-3.89,31.2
1.29,-11.23,-6.26,31.24
-1.66,-8.22,-3.84,31.21
-3.51,-7.62,-2.75,31.21
1.18,-8.66,-3.47,31.22
0.91,-11.91,-3.85,31.25
-1.54,-12.58,-4.4,31.21
-2.55,-7.96,-4.51,31.23
-2.47,-6.83,-3.44,31.22
-0.93,-9.58,-4.2,31.2
0.57,-12.11,-4.87,31.2
-1.13,-11.88,-3.52,31.23
-1.69,-8.25,-4.39,31.22
0.43,-9.12,-4.29,31.18
0.96,-11.28,-3.83,31.23
0.06,-10.64,-2.7,31.26
-1.89,-6.37,-4.05,31.2
-2.31,-8.08,-4.66,31.25
-0.49,-9.81,-4.88,31.24
1.4,-11.05,-4.33,31.23
-1.21,-11.9,-5.57,31.2
-4.01,-7.75,-6.33,31.25
-0.28,-7.18,-4.28,31.21
-0.55,-9.28,-4.53,31.24
-1.65,-11.73,-5.6,31.23
-0.48,-12.06,-5.31,31.21
-2.38,-7.28,-4.58,31.22
-3.74,-7.66,-4.19,31.18
-1.1,-9.83,-5.6,31.21
0.17,-11.92,-5.25,31.2
-1.6,-11.29,-5.06,31.23
-3.93,-7.66,-2.95,31.21
-1.42,-10.08,-4.61,31.25
-1.02,-12.49,-5.9,31.23
-2.54,-9.21,-3.98,31.18
-2.09,-6.11,-4.28,31.24
-2.73,-7.58,-3.82,31.2
-1.43,-10.93,-4.7,31.22
0.11,-12.17,-6.28,31.24
-3.11,-10.57,-5.96,31.22
-3.69,-6.57,-5.65,31.23
-1.61,-7.59,-4.24,31.24
-0.88,-10.98,-5.76,31.23
-0.33,-12.3,-5.44,31.23
-1.08,-9.96,-4.68,31.19
-2.78,-6.9,-6.22,31.21
-2.61,-7.59,-5.04,31.23
-1.53,-10.83,-4.94,31.19
-1.63,-11.88,-5.48,31.23
-1.91,-9.59,-5.06,31.22
-2.97,-8.86,-4.08,31.27
-1.62,-6.73,-4.66,31.21
-1.54,-6.14,-4.07,31.24
-2.04,-10.74,-2.21,31.24
-1.46,-12.16,-3.95,31.22
-0.82,-9.15,-4.39,31.24
-1.41,-6.98,-3.39,31.21
-1.03,-6.7,-3.53,31.23
-1.4,-9.89,-3.02,31.25
-3.0,-11.39,-4.26,31.22
-2.06,-9.31,-4.16,31.19
-1.11,-6.48,-3.11,31.18
-0.34,-6.32,-3.03,31.27
-2.45,-9.94,-2.15,31.22
-3.24,-12.14,-5.21,31.27
-3.13,-10.78,-4.14,31.22
-2.23,-7.15,-4.13,31.21
-1.32,-6.51,-3.2,31.23
-2.8,-9.69,-2.03,31.23
-1.5,-10.5,-4.53,31.22
-2.07,-7.72,-2.96,31.23
0.33,-6.23,-3.73,31.24
-0.07,-8.88,-3.23,31.2
-2.42,-12.16,-3.08,31.25
-0.44,-10.64,-4.42,31.25
-1.44,-8.75,-3.26,31.19
-2.03,-7.01,-2.72,31.22
0.62,-9.14,-3.44,31.24
-0.45,-11.22,-3.3,31.27
-0.3,-11.87,-5.16,31.22
-1.2,-10.47,-3.1,31.24
-2.52,-7.42,-2.41,31.26
0.23,-9.28,-4.33,31.22
-1.68,-12.02,-3.03,31.23
-1.59,-12.21,-3.55,31.25
-0.55,-9.53,-4.18,31.21
-2.73,-6.38,-3.25,31.16
-0.43,-7.26,-4.14,31.24
-0.89,-8.36,-3.52,31.22
-0.96,-10.86,-5.3,31.2
1.0,-11.46,-4.9,31.21
-0.74,-10.39,-4.67,31.24
-1.71,-6.79,-3.63,31.21
-2.57,-6.72,-4.49,31.22
-0.63,-10.39,-3.7,31.25
0.47,-11.67,-4.49,31.26
-2.01,-8.9,-2.94,31.26
-1.17,-7.54,-4.28,31.24
-3.2,-7.7,-4.26,31.2
-0.72,-9.19,-4.95,31.23
0.23,-11.86,-4.82,31.22
-2.4,-10.57,-4.75,31.21
-2.28,-6.26,-4.25,31.23
-3.25,-8.65,-3.32,31.21
-0.74,-10.07,-4.9,31.21
0.66,-11.35,-4.41,31.2
-1.29,-10.95,-4.83,31.23
-1.76,-7.0,-4.58,31.18
-3.13,-7.86,-2.24,31.22
-0.57,-10.23,-5.29,31.22
-0.19,-12.14,-5.2,31.22
-0.33,-10.97,-4.68,31.24
1.62,-7.7,-4.16,31.22
-3.26,-8.57,-3.76,31.24
-0.56,-11.23,-4.28,31.24
1.64,-12.55,-6.42,31.23
-1.1,-9.3,-5.38,31.2
-2.19,-6.9,-3.87,31.22
-2.55,-8.28,-3.88,31.24
-1.6,-10.0,-5.58,31.22
-0.23,-11.26,-5.37,31.22
-1.53,-10.53,-5.64,31.21
-2.03,-7.2,-5.54,31.25
-2.72,-7.88,-4.05,31.28
-0.17,-10.91,-4.19,31.19
-0.51,-12.63,-5.86,31.23
-2.55,-10.69,-4.48,31.24
-3.58,-7.51,-4.67,31.19
-2.07,-7.62,-5.48,31.24
-1.79,-10.2,-4.25,31.26
0.23,-12.11,-3.7,31.24
-0.08,-11.08,-5.56,31.23
-1.06,-6.92,-4.53,31.23
-3.0,-7.73,-3.1,31.25
-0.82,-9.64,-5.69,31.18
0.39,-10.81,-5.1,31.18
-0.33,-11.08,-3.95,31.27
-1.89,-7.42,-5.02,31.22
-5.31,-6.73,-4.2,31.23
-1.08,-10.13,-5.09,31.24
1.39,-12.02,-4.82,31.27
-1.75,-9.79,-4.35,31.2
-2.33,-7.07,-3.55,31.17
-2.84,-7.88,-3.14,31.23
-0.38,-10.44,-4.17,31.23
-1.27,-11.75,-4.48,31.25
-0.23,-9.12,-4.58,31.24
-0.94,-6.6,-4.07,31.18
-3.83,-6.92,-1.45,31.22
0.43,-10.97,-3.88,31.19
-0.66,-12.46,-5.1,31.22
-1.65,-9.06,-3.5,31.24
0.19,-6.87,-4.77,31.19
-3.09,-8.88,-4.14,31.18
-1.19,-10.49,-4.47,31.24
-0.52,-11.1,-5.26,31.23
-1.24,-10.35,-3.6,31.2
-2.31,-6.6,-4.7,31.18
-2.31,-7.99,-3.16,31.21
-0.87,-11.0,-4.3,31.22
-0.25,-10.79,-2.96,31.24
-1.56,-9.9,-3.44,31.23
-1.42,-6.07,-4.08,31.27
-2.48,-8.79,-3.15,31.23
-1.72,-9.85,-3.33,31.21
-1.17,-6.16,-4.94,31.19
-2.95,-5.92,-3.87,31.19
-2.83,-9.83,-2.25,31.2
-2.3,-11.3,-4.4,31.22
-3.54,-10.15,-3.92,31.19
-3.59,-7.78,-4.2,31.25
-1.46,-5.35,-4.66,31.21
-1.73,-9.76,-2.66,31.23
-3.82,-11.39,-5.07,31.22
-2.5,-10.22,-5.15,31.19
-3.18,-8.36,-4.43,31.2
-0.25,-4.5,-2.36,31.21
-0.51,-9.1,-1.73,31.17
-0.96,-10.64,-3.65,31.21
-1.53,-10.83,-5.47,31.24
-2.84,-8.41,-4.16,31.24
-0.4,-6.25,-4.0,31.23
-0.45,-6.44,-1.78,31.22
0.98,-10.54,-3.68,31.26
1.74,-11.5,-2.21,31.23
-2.26,-12.12,-1.95,31.24
-2.83,-8.11,-1.76,31.22
-1.23,-6.97,-3.46,31.22
-0.25,-8.0,-3.28,31.24
0.94,-11.83,-2.61,31.16
1.88,-11.15,-3.23,31.22
-2.01,-8.2,-4.2,31.19
-4.21,-7.53,-2.33,31.22
2.0,-9.48,-4.41,31.22
1.05,-12.15,-5.51,31.2
-1.47,-10.83,-3.86,31.23
-1.22,-7.92,-5.59,31.21
-2.97,-7.62,-3.29,31.22
-0.67,-7.89,-4.53,31.23
2.66,-10.0,-4.17,31.2
-2.23,-11.94,-4.21,31.19
-2.55,-6.71,-4.79,31.21
-0.55,-7.14,-4.27,31.2
-0.19,-9.68,-4.65,31.23
-0.64,-11.13,-4.22,31.21
-0.82,-10.54,-5.21,31.19
-0.79,-7.35,-4.37,31.21
-3.51,-6.57,-4.75,31.24
-2.46,-10.05,-4.43,31.22
1.58,-11.26,-3.92,31.16
-0.93,-10.77,-3.39,31.14
-2.85,-7.21,-3.16,31.22
-2.61,-6.98,-2.41,31.22
0.63,-8.72,-2.93,31.21
1.05,-11.7,-3.24,31.24
0.7,-10.93,-4.04,31.22
-1.1,-7.99,-2.45,31.17
-4.02,-7.26,-2.17,31.2
-0.54,-10.41,-4.37,31.23
0.03,-11.51,-5.17,31.22
-0.34,-9.29,-3.39,31.23
-0.84,-7.43,-4.14,31.18
-0.75,-8.88,-1.86,31.19
-1.44,-9.19,-2.87,31.23
0.54,-10.22,-3.43,31.25
-3.26,-9.03,-2.15,31.21
-0.65,-6.43,-3.56,31.23
0.71,-6.73,-2.96,31.21
-1.29,-10.48,-2.26,31.17
-0.99,-11.66,-4.72,31.2
-2.62,-8.2,-2.52,31.2
-0.76,-5.6,-3.61,31.25
-1.5,-6.22,-2.56,31.23
-0.42,-10.64,-3.18,31.2
-0.06,-11.45,-4.47,31.19
-2.43,-7.73,-2.19,31.22
-2.21,-4.75,-3.88,31.24
-1.66,-6.73,-1.76,31.19
-0.52,-10.79,-1.03,31.24
-0.65,-11.34,-3.12,31.22
-2.47,-7.66,-3.91,31.2
0.23,-5.07,-2.65,31.18
-0.23,-6.69,-1.71,31.17
-1.96,-10.19,-0.36,31.19
-1.58,-11.2,-2.2,31.21
-0.6,-7.13,-2.36,31.2
-0.42,-6.72,-2.2,31.26
0.57,-7.68,-1.77,31.21
0.43,-10.27,-0.53,31.22
-1.79,-12.64,-2.15,31.21
-1.9,-8.56,-3.34,31.22
-0.05,-6.05,-2.17,31.17
-0.44,-7.98,-1.44,31.21
-0.26,-10.77,-0.92,31.25
-0.51,-12.28,-3.38,31.21
-1.58,-8.67,-3.45,31.2
-0.53,-6.35,-1.92,31.2
1.06,-7.93,-1.95,31.23
-0.3,-10.64,-1.99,31.2
0.94,-12.18,-3.06,31.19
-1.63,-5.97,-1.65,31.25
0.63,-8.26,-1.96,31.22
1.14,-11.15,-1.13,31.18
0.59,-10.68,-2.55,31.27
-1.91,-7.48,-3.59,31.24
-2.94,-6.42,-3.01,31.22
1.12,-7.69,-2.38,31.21
1.25,-10.26,-2.22,31.19
-0.71,-10.68,-2.34,31.2
-1.25,-9.19,-4.4,31.19
-2.51,-6.86,-3.22,31.23
-0.88,-7.37,-4.87,31.25
0.08,-9.45,-3.0,31.18
-0.24,-12.65,-2.67,31.22
-1.94,-9.63,-4.58,31.23
-3.36,-6.69,-3.86,31.18
-1.73,-8.52,-3.92,31.25
0.94,-8.66,-2.12,31.19
-1.92,-12.73,-2.77,31.23
0.08,-11.18,-6.01,31.2
-0.6,-11.24,-6.1,31.21
-0.53,-8.53,-5.46,31.19
-1.53,-6.55,-4.44,31.26
-4.47,-9.19,-1.92,31.21
-1.99,-11.38,-4.81,31.25
-1.68,-11.58,-6.55,31.23
-1.16,-8.51,-5.23,31.22
-2.01,-6.54,-3.85,31.22
-3.26,-9.53,-2.0,31.24
-1.87,-10.49,-4.51,31.23
-1.27,-10.89,-4.5,31.25
-1.9,-8.1,-4.7,31.19
-3.46,-6.04,-4.46,31.22
-2.47,-8.26,-1.23,31.24
-1.02,-11.8,-3.88,31.19
-1.79,-10.19,-5.7,31.25
-1.31,-7.92,-5.4,31.21
-0.45,-7.26,-3.82,31.21
-2.23,-7.24,-3.18,31.21
-1.07,-9.03,-2.83,31.23
3.84,-11.26,-3.01,31.3
-0.87,-11.31,-3.7,31.27
-2.29,-8.78,-5.2,31.21
-1.75,-7.41,-4.17,31.21
-1.59,-8.64,-4.42,31.2
0.63,-10.92,-3.9,31.25
-0.02,-12.36,-4.83,31.18
-2.43,-9.03,-6.11,31.24
-3.91,-7.21,-3.68,31.21
-1.28,-8.83,-4.19,31.23
-0.1,-11.31,-4.35,31.24
-2.21,-11.48,-5.33,31.19
-1.57,-7.71,-5.94,31.21
-4.5,-7.46,-4.14,31.24
-4.18,-10.25,-5.42,31.24
0.11,-11.11,-5.95,31.22
-0.14,-10.41,-6.47,31.18
-4.0,-10.56,-2.89,31.16
0.66,-10.43,-6.56,31.21
-1.06,-10.15,-5.12,31.22
-2.91,-7.95,-4.83,31.22
-1.55,-5.94,-3.52,31.28
-2.15,-9.24,-2.17,31.18
-0.97,-11.16,-4.24,31.25
-2.36,-9.96,-5.84,31.24
-2.03,-7.48,-5.1,31.21
-2.99,-5.76,-3.68,31.21
-2.17,-9.12,-1.65,31.24
-0.96,-11.8,-5.16,31.22
-2.29,-9.05,-5.78,31.23
-1.58,-6.95,-5.04,31.25
-2.29,-6.79,-3.55,31.24
-2.71,-10.68,-2.58,31.21
-1.78,-11.51,-4.81,31.19
-1.88,-9.19,-4.68,31.23
-2.37,-6.34,-4.78,31.22
-2.02,-6.48,-4.96,31.24
-2.8,-8.24,-4.28,31.27
-1.2,-9.9,-3.2,31.23
0.87,-11.66,-5.02,31.25
-1.43,-10.8,-5.6,31.19
-1.4,-7.84,-5.54,31.2
-2.93,-8.7,-2.92,31.24
-1.7,-10.13,-5.24,31.25
0.14,-12.08,-6.09,31.18
-0.24,-10.77,-5.7,31.22
-1.77,-7.13,-4.96,31.21
-5.08,-8.68,-3.08,31.2
-1.1,-10.86,-4.72,31.21
0.3,-11.86,-5.68,31.18
-0.97,-9.89,-5.49,31.21
-1.71,-6.78,-5.29,31.23
-3.37,-8.25,-1.81,31.19
-2.17,-11.17,-3.62,31.18
-1.27,-11.72,-5.26,31.22
-2.35,-6.64,-4.69,31.22
-3.81,-8.67,-2.37,31.22
-1.68,-11.29,-4.77,31.25
-0.44,-11.21,-5.72,31.22
-1.85,-8.82,-5.67,31.24
-2.48,-7.87,-4.81,31.24
-1.99,-8.08,-3.42,31.21
-4.06,-9.75,-3.53,31.21
-1.6,-10.78,-5.45,31.19
-0.15,-10.79,-5.26,31.19
-1.68,-7.64,-5.81,31.19
-1.96,-6.17,-3.99,31.24
-4.27,-8.78,-1.96,31.22
-1.99,-11.04,-4.56,31.24
-1.66,-10.72,-5.24,31.24
-2.17,-8.06,-5.26,31.18
-3.39,-6.37,-3.91,31.21
-3.84,-8.78,-2.4,31.24
-1.85,-11.49,-5.24,31.23
0.65,-10.4,-2.11,31.2
-0.65,-10.15,-3.92,31.25
-1.58,-7.95,-4.19,31.19
-2.38,-7.29,-3.68,31.19
-0.54,-7.83,-2.68,31.22
-0.58,-11.02,-2.77,31.22
-1.18,-11.89,-3.94,31.21
-0.97,-8.66,-4.81,31.22
-2.84,-6.47,-3.26,31.23
-0.06,-7.44,-2.68,31.22
1.19,-11.68,-2.78,31.22
-0.91,-12.17,-3.51,31.24
-2.68,-7.88,-4.21,31.29
-1.98,-6.84,-2.61,31.19
-0.83,-9.4,-3.33,31.2
1.29,-9.88,-2.42,31.25
0.91,-10.89,-2.85,31.2
-1.84,-8.58,-4.22,31.19
-2.83,-7.36,-2.13,31.24
-2.37,-11.06,-5.78,31.25
0.08,-11.41,-4.99,31.19
-0.09,-9.74,-5.31,31.21
-2.14,-6.48,-3.79,31.23
-3.68,-8.13,-3.1,31.22
-0.83,-10.62,-4.47,31.23
0.52,-12.16,-5.31,31.23
-1.48,-8.94,-5.06,31.2
-1.55,-6.84,-3.91,31.22
-2.67,-8.13,-3.09,31.25
-2.12,-11.23,-4.41,31.3
-1.41,-11.41,-5.26,31.19
-1.15,-8.51,-4.92,31.27
-1.36,-6.55,-5.52,31.18
-3.84,-8.32,-1.57,31.24
-1.41,-10.92,-4.14,31.2
0.2,-10.92,-4.24,31.23
-2.86,-8.08,-3.74,31.19
-0.49,-5.97,-3.2,31.24
-1.93,-9.62,-4.33,31.24
-2.28,-6.86,-4.32,31.2
-0.39,-6.26,-2.63,31.24
-0.38,-8.96,-1.58,31.26
-1.62,-12.19,-3.48,31.24
-1.04,-9.62,-5.04,31.24
-2.98,-6.8,-2.86,31.24
-0.76,-6.77,-3.12,31.21
-0.34,-9.04,-1.64,31.27
-0.57,-11.5,-2.95,31.23
-0.96,-9.97,-3.23,31.22
-1.77,-5.88,-2.22,31.22
0.55,-6.24,-2.77,31.22
0.76,-9.41,-1.93,31.2
0.02,-11.77,-1.61,31.23
-0.73,-9.46,-3.97,31.25
-2.26,-7.05,-3.33,31.25
-0.93,-7.89,-3.13,31.19
0.74,-9.25,-2.32,31.22
-0.38,-11.64,-2.57,31.23
-1.13,-9.7,-3.94,31.26
-1.65,-7.26,-2.8,31.21
-1.07,-7.47,-2.96,31.19
-0.77,-10.8,-3.43,31.24
-1.18,-12.07,-4.37,31.22
0.49,-10.48,-4.82,31.2
-3.22,-7.54,-4.08,31.21
-1.68,-7.89,-2.76,31.19
1.3,-10.22,-3.48,31.26
-0.02,-11.65,-2.21,31.25
-1.2,-10.68,-4.92,31.25
-3.4,-7.13,-3.79,31.22
-2.11,-7.43,-3.21,31.22
0.13,-8.71,-3.62,31.2
0.22,-11.79,-2.78,31.22
-0.93,-11.98,-2.42,31.25
-0.21,-8.85,-4.85,31.23
-2.69,-6.84,-2.82,31.26
-1.36,-8.23,-2.58,31.22
-1.77,-9.84,-5.34,31.25
-1.42,-7.95,-5.73,31.24
-4.97,-7.31,-3.02,31.24
-1.23,-9.39,-3.38,31.21
0.94,-10.83,-4.93,31.21
-0.6,-10.91,-4.59,31.23
-0.36,-8.12,-5.28,31.23
-3.31,-7.67,-3.25,31.24
-2.72,-9.92,-3.69,31.22
0.28,-11.39,-5.32,31.23
-0.77,-10.68,-5.96,31.19
-1.77,-8.02,-6.08,31.24
-3.19,-8.17,-3.91,31.24
-2.01,-9.36,-3.71,31.24
0.58,-10.52,-4.58,31.24
-0.6,-10.52,-4.49,31.23
-2.4,-8.63,-5.29,31.26
-2.31,-6.45,-4.49,31.21
-3.5,-9.87,-3.07,31.21
-1.8,-7.32,-2.31,31.22
-2.39,-10.28,-2.63,31.21
-1.99,-11.27,-5.12,31.24
-1.1,-9.13,-5.16,31.2
-1.86,-7.47,-4.37,31.24
-2.4,-6.69,-3.23,31.2
-3.36,-8.47,-2.38,31.21
-3.24,-10.82,-4.03,31.22
-0.81,-9.5,-4.93,31.2
-2.36,-6.94,-3.74,31.23
-1.84,-6.77,-2.48,31.25
-0.66,-8.14,-1.73,31.19
-3.2,-11.03,-3.62,31.24
-2.18,-9.88,-4.87,31.2
-2.07,-7.15,-4.82,31.24
-0.28,-6.73,-3.45,31.24
-0.98,-9.05,-1.93,31.22
-0.76,-11.82,-2.6,31.23
-0.3,-10.1,-4.77,31.22
-2.5,-9.64,-4.52,31.21
1.54,-9.84,-3.59,31.24
0.56,-12.68,-3.52,31.22
-0.91,-10.81,-5.43,31.2
-2.64,-7.19,-4.74,31.23
-2.7,-8.14,-3.33,31.26
1.27,-9.34,-4.07,31.2
1.24,-11.43,-3.04,31.25
-0.75,-10.35,-4.3,31.22
-3.4,-6.42,-3.8,31.22
-2.12,-7.84,-2.41,31.26
0.53,-10.16,-3.81,31.28
0.37,-11.81,-4.11,31.2
-1.02,-9.25,-4.87,31.27
-1.08,-7.34,-4.55,31.23
-3.7,-8.26,-3.25,31.23
-0.85,-10.33,-5.04,31.25
1.92,-11.3,-5.23,31.23
-0.6,-9.4,-4.63,31.23
-0.88,-10.62,-5.02,31.23
-0.81,-10.14,-5.24,31.25
-0.98,-7.98,-4.11,31.28
-1.41,-6.51,-2.61,31.21
-2.81,-7.52,-2.2,31.2
-3.04,-10.4,-3.47,31.22
-0.86,-10.3,-4.76,31.23
-2.47,-8.55,-5.08,31.22
-1.96,-7.57,-4.89,31.22
-1.83,-7.16,-2.55,31.27
-1.94,-10.55,-3.44,31.21
-3.04,-11.43,-5.31,31.26
-2.3,-7.96,-3.37,31.21
-0.18,-6.43,-4.58,31.2
-1.99,-7.19,-1.78,31.24
-2.62,-9.43,-1.93,31.24
-1.31,-10.87,-4.73,31.24
-1.45,-7.63,-4.28,31.21
-1.39,-7.06,-4.53,31.2
-0.38,-10.07,-4.89,31.23
-1.45,-8.04,-4.0,31.25
-2.7,-5.99,-3.64,31.22
0.52,-8.36,-2.99,31.19
2.38,-11.16,-2.63,31.27
-0.51,-11.71,-4.04,31.24
-1.93,-7.52,-5.06,31.22
-1.41,-7.29,-2.77,31.21
-1.06,-9.02,-3.35,31.23
1.94,-10.96,-3.59,31.25
-0.15,-11.37,-4.29,31.24
-2.0,-7.95,-5.73,31.22
-3.45,-7.0,-2.95,31.2
-1.15,-8.76,-3.18,31.2
1.07,-10.85,-3.15,31.22
-1.34,-11.4,-3.66,31.24
-0.78,-7.26,-5.64,31.2
-4.55,-7.04,-2.36,31.21
-2.04,-8.73,-3.99,31.23
-0.91,-10.84,-4.71,31.22
-2.47,-6.9,-3.74,31.19
-0.64,-5.9,-3.75,31.22
-0.96,-8.68,-1.58,31.2
-1.35,-11.51,-2.4,31.23
-0.88,-10.22,-4.19,31.22
-2.05,-7.52,-4.2,31.22
-0.52,-6.97,-3.6,31.2
-1.28,-8.78,-1.61,31.28
-0.02,-11.15,-1.92,31.22
-0.31,-9.85,-4.46,31.23
-3.66,-7.83,-5.21,31.19
-2.5,-7.35,-3.24,31.18
1.99,-9.11,-2.07,31.22
-0.78,-11.48,-1.8,31.19
-0.96,-11.48,-3.91,31.2
-0.35,-7.93,-3.23,31.17
-1.21,-5.92,-3.37,31.22
-0.45,-7.82,-1.71,31.23
-2.43,-11.26,-4.05,31.22
0.35,-8.95,-4.91,31.18
-1.31,-7.52,-4.86,31.24
-2.23,-6.85,-3.41,31.17
-1.19,-8.69,-0.5,31.17
0.25,-10.97,-1.92,31.22
-1.38,-9.65,-2.98,31.18
-2.19,-6.91,-2.04,31.22
0.53,-6.25,-2.6,31.26
-0.48,-10.01,-0.65,31.22
-0.81,-12.27,-3.08,31.22
0.12,-10.75,-4.45,31.21
-1.27,-6.72,-3.59,31.21
-0.82,-7.83,-3.59,31.22
1.17,-10.44,-2.46,31.23
-0.25,-12.25,-2.64,31.2
-0.44,-9.54,-2.72,31.19
-0.88,-6.86,-3.21,31.17
-1.35,-7.6,-3.31,31.18
-2.23,-11.3,-5.06,31.21
0.34,-9.71,-5.37,31.17
-4.87,-7.71,-4.01,31.19
-2.61,-8.24,-4.64,31.27
1.28,-10.94,-4.39,31.21
-0.71,-11.81,-3.78,31.22
-1.56,-9.38,-4.38,31.22
-2.24,-7.19,-4.92,31.21
-3.43,-8.76,-3.0,31.18
-0.33,-10.17,-4.43,31.19
1.18,-11.87,-4.61,31.21
-1.92,-9.8,-4.58,31.19
-3.14,-7.74,-3.13,31.2
-3.3,-9.27,-3.61,31.22
-0.79,-10.11,-4.46,31.25
-0.05,-11.34,-4.53,31.23
-1.59,-10.61,-4.39,31.22
-2.39,-6.07,-4.42,31.21
-3.57,-8.65,-2.64,31.22
-3.22,-7.15,-2.65,31.24
0.44,-5.98,-2.04,31.16
0.45,-10.36,-2.37,31.22
-1.49,-12.46,-3.93,31.21
-1.88,-8.08,-3.65,31.19
-1.4,-4.69,-1.2,31.23
0.02,-7.22,-2.39,31.22
-0.88,-10.71,-2.35,31.22
1.35,-10.55,-3.43,31.22
-2.6,-8.08,-4.36,31.15
-3.82,-5.96,-3.11,31.23
1.3,-7.64,-3.7,31.25
0.89,-9.83,-2.69,31.23
-1.74,-11.25,-3.94,31.22
-1.92,-10.41,-5.78,31.23
-2.51,-8.33,-4.16,31.22
-0.85,-6.7,-4.64,31.22
-0.78,-9.68,-2.51,31.24
-1.08,-11.47,-4.15,31.24
-0.7,-10.74,-5.22,31.19
0.09,-10.41,-5.91,31.23
-2.28,-7.21,-3.66,31.27
-1.18,-6.76,-2.86,31.22
-4.07,-9.51,-1.7,31.23
-2.39,-11.17,-5.54,31.24
-2.65,-9.98,-4.84,31.21
-0.33,-6.56,-4.69,31.25
-2.27,-6.74,-2.98,31.23
-5.25,-9.96,-1.79,31.23
-0.44,-11.35,-6.09,31.24
-2.46,-10.0,-4.95,31.18
-3.1,-7.01,-5.96,31.19
-1.34,-7.33,-3.6,31.24
-3.1,-11.46,-3.01,31.24
-2.16,-11.94,-5.84,31.25
-0.93,-9.43,-4.38,31.21
-1.64,-6.85,-5.59,31.2
-2.51,-7.48,-3.36,31.24
-2.32,-9.76,-2.9,31.24
-1.86,-11.41,-4.88,31.17
-2.38,-10.38,-4.95,31.19
-2.29,-6.58,-4.31,31.22
-1.02,-7.44,-2.65,31.21
-1.53,-9.23,-2.26,31.21
-3.28,-10.77,-3.7,31.23
-1.88,-9.46,-4.25,31.2
-0.85,-6.33,-3.5,31.19
-0.25,-6.75,-2.89,31.2
-1.69,-9.34,-1.84,31.22
-1.2,-11.08,-3.52,31.19
-0.7,-8.57,-3.95,31.2
-1.56,-6.45,-3.1,31.22
0.78,-7.08,-3.31,31.2
-1.06,-9.88,-0.97,31.22
-0.96,-11.22,-3.86,31.22
-0.68,-10.69,-5.09,31.22
-1.34,-6.98,-5.01,31.2
-0.58,-7.17,-1.61,31.23
-2.06,-9.81,-1.59,31.21
-0.92,-11.24,-3.45,31.2
-0.93,-9.4,-4.54,31.2
-1.39,-6.72,-3.08,31.24
-0.05,-7.5,-1.45,31.21
-0.55,-9.83,-2.6,31.23
0.83,-11.21,-2.39,31.22
-0.63,-9.36,-2.49,31.22
-1.28,-6.19,-3.33,31.19
0.95,-7.59,-4.86,31.21
-1.23,-9.99,-1.47,31.24
1.26,-12.21,-2.79,31.23
-1.98,-9.79,-3.91,31.24
-4.03,-7.26,-3.94,31.22
0.4,-7.6,-3.45,31.22
1.11,-10.3,-3.25,31.24
-3.67,-12.67,-3.12,31.23
-2.47,-10.01,-3.45,31.23
-1.81,-6.25,-3.95,31.21
-1.45,-6.87,-3.49,31.22
0.77,-10.37,-3.6,31.26
0.65,-11.45,-3.61,31.19
-1.33,-9.34,-3.74,31.21
-3.78,-6.82,-2.59,31.21
0.89,-8.58,-3.83,31.2
1.05,-10.46,-2.52,31.21
-1.07,-10.83,-1.88,31.19
-0.87,-9.28,-5.3,31.24
-3.87,-7.19,-4.5,31.19
-1.83,-7.77,-5.3,31.21
0.95,-9.96,-3.32,31.24
-1.67,-11.76,-3.5,31.22
-1.68,-11.1,-4.44,31.22
-1.93,-7.69,-4.74,31.2
-1.03,-6.17,-2.92,31.19
1.25,-9.94,-2.67,31.23
-1.07,-12.43,-4.08,31.2
-3.12,-6.32,-2.66,31.23
2.19,-8.42,-3.49,31.19
0.76,-11.54,-3.52,31.26
-1.84,-11.27,-2.83,31.22
-3.32,-8.74,-5.09,31.2
-2.26,-6.29,-3.13,31.18
0.91,-9.51,-3.56,31.21
0.0,-11.51,-3.85,31.2
-0.96,-12.4,-4.93,31.2
-1.68,-6.97,-5.2,31.23
-2.16,-6.83,-2.14,31.22
0.54,-9.05,-3.35,31.18
0.68,-11.46,-3.57,31.21
-2.08,-10.62,-5.12,31.27
-0.99,-7.47,-3.89,31.19
-1.01,-7.39,-3.12,31.22
-3.12,-7.99,-3.53,31.22
1.09,-10.97,-4.27,31.24
0.96,-11.97,-3.0,31.19
-1.37,-11.02,-4.77,31.22
-2.23,-11.6,-5.62,31.24
-1.85,-8.14,-5.11,31.2
-1.48,-5.91,-2.19,31.22
-3.82,-9.43,-3.0,31.22
-0.88,-11.93,-5.83,31.21
-0.78,-10.32,-5.82,31.19
-2.54,-7.12,-4.5,31.18
-2.21,-6.77,-4.48,31.23
-2.06,-8.86,-3.33,31.24
-2.09,-10.98,-4.51,31.24
-0.43,-10.24,-5.1,31.23
-2.08,-8.58,-4.89,31.24
-1.12,-6.38,-3.98,31.2
-2.51,-9.01,-2.46,31.22
-4.14,-10.93,-3.86,31.21
-1.17,-9.71,-5.44,31.22
-2.07,-7.75,-4.93,31.24
0.37,-6.65,-3.82,31.24
-1.88,-9.57,-0.9,31.23
-3.82,-11.49,-3.51,31.21
-1.38,-10.42,-5.14,31.23
-2.71,-7.78,-5.06,31.19
-0.73,-6.91,-5.12,31.27
-2.04,-8.22,-1.98,31.22
-3.64,-11.5,-3.25,31.22
0.12,-10.84,-5.51,31.21
-1.16,-6.92,-5.79,31.22
-1.23,-6.59,-2.9,31.28
-2.19,-8.72,-2.16,31.23
-0.97,-11.03,-3.03,31.21
0.82,-9.69,-4.39,31.24
-2.94,-6.84,-3.26,31.24
-1.3,-7.0,-3.77,31.2
-0.16,-8.06,-1.68,31.22
-1.16,-10.7,-1.94,31.23
-2.0,-10.91,-4.18,31.21
-2.08,-7.34,-4.38,31.24
-1.56,-6.08,-2.6,31.22
-1.87,-7.54,-3.33,31.23
-0.03,-7.23,-0.77,31.22
0.94,-11.06,-1.65,31.27
-2.74,-11.46,-4.1,31.22
-1.85,-7.17,-3.28,31.25
-0.71,-6.47,-2.7,31.25
-0.03,-8.06,-1.95,31.24
-1.56,-11.36,-2.76,31.22
-0.71,-9.6,-4.1,31.25
-1.3,-7.56,-3.08,31.22
-2.38,-7.07,-2.17,31.19
-0.69,-9.0,-3.15,31.23
0.31,-11.31,-2.73,31.22
0.17,-10.95,-3.61,31.26
-0.9,-7.08,-3.4,31.21
-1.15,-6.5,-2.49,31.21
1.46,-9.64,-2.3,31.24
1.37,-12.66,-2.07,31.2
-1.24,-11.89,-3.4,31.2
-0.73,-7.65,-3.9,31.27
-1.28,-7.05,-2.39,31.21
0.81,-9.13,-2.2,31.26
0.61,-13.15,-2.88,31.23
-0.88,-10.56,-4.2,31.24
-3.08,-7.41,-3.03,31.23
-2.52,-6.77,-2.21,31.21
0.68,-8.82,-3.47,31.17
1.2,-11.31,-2.65,31.22
-0.61,-11.33,-2.49,31.25
-1.96,-7.25,-3.33,31.25
-1.11,-7.0,-3.39,31.17
0.8,-9.78,-3.89,31.2
1.15,-11.58,-3.59,31.21
-0.76,-11.39,-4.03,31.19
-2.08,-7.47,-6.4,31.18
-2.89,-8.29,-2.51,31.16
0.61,-9.91,-5.24,31.22
1.71,-10.92,-4.92,31.23
-0.55,-10.98,-5.24,31.22
-1.08,-11.65,-4.87,31.22
-0.92,-9.51,-4.92,31.22
-0.82,-7.02,-5.18,31.23
-3.51,-8.03,-2.86,31.19
-2.22,-10.38,-2.98,31.25
1.29,-11.21,-4.6,31.26
-0.73,-9.23,-4.54,31.2
-2.11,-7.33,-5.37,31.2
-0.28,-8.09,-3.09,31.25
-2.57,-10.46,-4.04,31.25
-0.4,-10.46,-5.58,31.24
-1.44,-10.23,-5.26,31.23
-2.76,-7.19,-5.73,31.21
-1.96,-7.35,-2.69,31.22
-4.41,-9.86,-3.71,31.24
-1.61,-10.73,-5.2,31.26
-1.87,-11.26,-4.87,31.19
-2.01,-8.71,-5.45,31.23
-0.79,-6.79,-2.7,31.22
0.25,-6.34,-1.81,31.26
0.95,-9.01,-1.69,31.22
-0.22,-10.21,-1.94,31.22
0.49,-9.05,-3.06,31.21
-0.91,-6.55,-2.34,31.21
-0.16,-5.88,-2.62,31.19
-0.19,-8.59,-0.71,31.23
-1.18,-11.97,-2.39,31.23
-0.89,-9.31,-4.61,31.2
-0.81,-6.58,-2.68,31.23
-0.74,-7.49,-1.89,31.23
-0.25,-9.22,-0.89,31.22
0.51,-11.28,-2.03,31.21
-1.86,-9.94,-2.89,31.23
-2.45,-7.14,-1.83,31.23
-0.54,-6.13,-1.53,31.2
0.86,-8.63,-1.27,31.19
0.31,-11.02,-1.26,31.2
0.3,-10.58,-3.23,31.18
0.63,-11.11,-4.34,31.24
-2.38,-8.88,-5.47,31.21
-4.3,-7.15,-3.66,31.22
-0.4,-9.39,-5.24,31.24
-0.59,-11.07,-5.6,31.15
-4.31,-11.73,-4.88,31.22
-0.69,-8.49,-6.13,31.22
-4.16,-7.55,-3.99,31.2
-4.39,-8.24,-4.13,31.24
1.26,-10.64,-4.89,31.19
-2.43,-11.69,-5.78,31.21
-3.59,-7.8,-4.92,31.22
-3.14,-6.81,-3.68,31.22
-0.95,-9.26,-4.77,31.21
0.74,-10.97,-4.96,31.2
-1.5,-11.25,-5.8,31.22
-0.29,-8.17,-5.53,31.24
-4.74,-8.38,-4.52,31.23
0.0,-9.12,-2.76,31.23
0.05,-12.76,-3.03,31.19
-1.13,-11.42,-4.73,31.18
-1.88,-7.34,-4.77,31.27
-0.91,-7.31,-3.51,31.21
1.16,-10.07,-2.53,31.19
-1.05,-12.81,-1.77,31.2
1.09,-8.41,-3.69,31.21
-0.21,-7.19,-3.3,31.21
-2.73,-7.42,-1.51,31.27
2.36,-9.5,-2.04,31.21
-0.42,-12.09,-2.85,31.25
-1.46,-11.06,-3.35,31.19
-0.01,-8.12,-4.35,31.19
-1.87,-7.45,-2.62,31.25
-1.03,-9.61,-3.19,31.21
-1.17,-12.42,-3.81,31.24
-0.2,-10.7,-6.44,31.2
-3.15,-7.41,-4.9,31.23
-2.58,-8.19,-3.12,31.18
0.45,-10.0,-4.32,31.21
-1.18,-10.81,-3.7,31.22
-0.8,-9.53,-4.53,31.19
-3.1,-7.81,-4.03,31.26
-3.55,-7.92,-3.24,31.2
1.35,-9.47,-3.54,31.22
1.25,-10.77,-4.53,31.21
-1.02,-9.23,-4.83,31.22
-2.79,-8.11,-4.0,31.2
-2.32,-7.33,-3.24,31.2
0.14,-9.81,-3.9,31.2
0.06,-12.31,-4.4,31.2
0.66,-10.72,-5.49,31.21
-3.59,-8.47,-5.93,31.25
-3.89,-8.48,-4.12,31.23
0.7,-9.74,-4.71,31.24
0.62,-11.57,-4.09,31.23
-3.2,-10.66,-5.2,31.19
-2.52,-7.51,-1.21,31.19
-3.05,-10.87,-2.28,31.22
-3.0,-10.59,-5.12,31.22
-2.26,-9.64,-4.79,31.21
-1.76,-7.02,-4.76,31.21
-2.9,-8.93,-1.82,31.23
-2.13,-10.04,-2.74,31.17
-2.08,-11.03,-4.22,31.23
-2.6,-9.31,-4.85,31.21
0.37,-6.18,-3.23,31.23
-0.19,-7.19,-2.73,31.21
-2.18,-9.1,-0.78,31.23
-1.55,-10.49,-3.52,31.2
-1.75,-9.23,-5.16,31.22
-2.79,-7.05,-3.85,31.21
0.18,-6.24,-2.71,31.23
-1.11,-9.85,-1.47,31.24
-0.51,-12.19,-3.51,31.18
-0.45,-9.2,-5.12,31.21
-2.78,-5.49,-4.07,31.2
-1.0,-7.4,-3.04,31.25
-1.05,-10.54,-2.96,31.21
-1.13,-10.79,-3.42,31.22
-1.3,-8.31,-3.18,31.16
-3.94,-6.73,-2.79,31.19
-0.73,-6.97,-3.35,31.19
-0.68,-10.22,-2.7,31.21
-1.8,-11.45,-2.89,31.24
-0.66,-8.96,-4.16,31.22
-1.16,-7.24,-3.56,31.22
0.26,-6.97,-3.48,31.21
-1.41,-9.65,-2.52,31.21
-0.75,-11.51,-4.28,31.22
-1.42,-9.24,-5.63,31.19
-1.99,-6.05,-3.7,31.25
0.77,-7.71,-3.05,31.25
0.74,-10.16,-2.04,31.26
0.02,-10.89,-3.05,31.23
-1.04,-9.17,-4.27,31.24
-1.61,-6.79,-3.52,31.2
0.93,-7.06,-3.31,31.21
1.53,-11.08,-1.89,31.27
-0.23,-12.13,-2.05,31.21
-0.36,-8.03,-5.36,31.24
-1.48,-6.98,-3.71,31.25
-1.22,-8.3,-3.51,31.24
0.47,-10.52,-2.43,31.23
-0.61,-11.6,-2.39,31.22
-0.59,-8.77,-4.49,31.22
-0.87,-11.36,-3.77,31.22
-0.0,-11.2,-5.52,31.19
-1.88,-9.39,-5.18,31.23
-2.65,-7.18,-5.55,31.24
-3.07,-8.65,-2.28,31.23
-1.77,-9.79,-3.15,31.28
-0.32,-10.47,-3.98,31.22
-1.64,-9.83,-5.25,31.24
-1.96,-7.19,-4.95,31.2
-1.99,-7.14,-3.91,31.22
-4.39,-11.14,-4.93,31.25
-0.49,-10.76,-5.61,31.26
-0.03,-9.05,-4.94,31.21
-2.35,-6.69,-4.46,31.21
-4.19,-8.57,-2.31,31.27
-2.93,-10.26,-4.09,31.21
0.01,-11.26,-5.79,31.22
-2.91,-9.93,-5.78,31.2
-1.11,-7.16,-5.24,31.24
-1.38,-7.43,-2.05,31.21
-3.55,-9.81,-3.1,31.22
-1.11,-10.98,-5.51,31.21
-2.43,-9.38,-5.8,31.24
-2.19,-6.88,-3.87,31.26
-1.87,-6.52,-1.53,31.26
-1.47,-10.29,-1.89,31.21
-1.19,-10.92,-5.1,31.19
-2.17,-8.16,-4.07,31.22
-1.26,-6.28,-3.76,31.22
-2.67,-6.76,-2.0,31.23
-2.63,-9.94,-2.38,31.19
-1.05,-10.96,-4.39,31.2
-2.07,-8.08,-3.94,31.26
-1.54,-6.12,-3.94,31.22
-0.32,-7.44,-2.81,31.23
-1.82,-10.87,-2.48,31.25
-2.46,-10.41,-4.69,31.2
-1.55,-8.1,-5.5,31.24
1.71,-11.34,-2.14,31.25
-0.21,-11.5,-2.18,31.22
-0.67,-10.76,-4.15,31.22
-2.4,-7.07,-3.39,31.22
-1.28,-6.84,-1.92,31.22
0.16,-9.12,-2.46,31.23
-0.1,-12.34,-2.68,31.2
0.62,-10.42,-4.98,31.24
-2.92,-7.75,-3.89,31.22
-3.17,-7.55,-2.93,31.18
1.56,-9.68,-3.51,31.24
0.47,-12.05,-2.98,31.25
-0.81,-10.45,-3.77,31.19
-2.92,-7.74,-4.43,31.19
-2.53,-7.13,-3.95,31.24
-0.08,-10.38,-4.32,31.21
0.62,-12.03,-4.19,31.19
-0.04,-10.44,-4.2,31.24
-2.05,-7.7,-5.29,31.2
-3.08,-8.06,-3.4,31.27
0.27,-9.65,-3.83,31.23
0.3,-11.48,-3.44,31.25
-2.34,-10.58,-4.34,31.22
-1.44,-7.74,-5.31,31.19
-3.21,-8.38,-3.0,31.24
-1.71,-9.59,-3.46,31.2
0.83,-11.44,-4.3,31.23
-1.24,-10.46,-5.66,31.25
-0.59,-7.04,-5.1,31.23
-4.1,-8.57,-3.07,31.26
-2.84,-10.07,-4.51,31.22
1.58,-11.49,-5.5,31.25
0.19,-10.06,-5.76,31.24
-1.73,-6.81,-4.87,31.24
-4.08,-7.54,-2.7,31.22
-1.86,-10.56,-4.73,31.22
-0.97,-11.76,-6.44,31.24
-1.38,-9.71,-5.86,31.24
-4.14,-7.49,-2.45,31.25
2.05,-8.8,-3.63,31.23
0.73,-11.65,-3.12,31.2
-1.82,-11.8,-3.5,31.23
-1.94,-7.96,-5.41,31.24
-3.46,-6.88,-4.31,31.23
-0.57,-8.94,-4.03,31.22
-0.0,-11.91,-3.36,31.26
-0.94,-11.44,-4.16,31.25
-1.38,-7.48,-5.27,31.2
-3.91,-7.84,-3.27,31.27
-0.75,-9.84,-4.4,31.25
1.27,-11.37,-3.53,31.21
-2.52,-11.42,-3.97,31.28
-0.94,-8.27,-5.6,31.24
-2.23,-8.29,-4.84,31.2
-2.28,-9.18,-3.75,31.22
1.77,-10.78,-3.47,31.24
-0.81,-10.75,-4.58,31.22
-0.4,-10.69,-2.35,31.28
-0.74,-10.71,-3.07,31.24
-1.47,-9.13,-3.33,31.28
-1.65,-6.47,-2.71,31.21
1.22,-7.11,-2.64,31.22
0.67,-10.33,-2.55,31.24
-1.1,-11.77,-3.42,31.2
-2.36,-7.72,-4.27,31.27
-2.38,-6.15,-3.05,31.22
-0.45,-7.68,-2.84,31.29
1.13,-10.36,-2.84,31.22
0.05,-11.23,-2.95,31.23
-2.71,-7.45,-4.55,31.18
-2.18,-6.43,-2.53,31.2
1.16,-8.64,-3.5,31.25
-0.09,-10.66,-2.28,31.24
-0.28,-11.76,-3.15,31.24
-0.42,-8.56,-4.97,31.24
-2.56,-7.0,-3.2,31.21
-3.12,-7.94,-5.88,31.25
-2.27,-7.58,-4.54,31.23
-2.81,-9.78,-3.21,31.22
-1.67,-11.31,-4.34,31.24
-1.39,-10.68,-5.62,31.22
-1.93,-8.43,-5.72,31.27
-1.64,-7.43,-3.48,31.26
-3.09,-10.59,-3.08,31.28
-1.57,-11.58,-6.56,31.22
-0.94,-10.81,-6.28,31.24
-1.42,-8.0,-4.84,31.22
-2.9,-6.55,-4.12,31.27
-4.2,-9.06,-4.19,31.2
-0.43,-11.19,-5.77,31.24
-0.87,-10.18,-5.51,31.21
-2.8,-9.83,-5.28,31.19
-0.46,-6.37,-3.68,31.22
-3.25,-7.99,-2.36,31.26
-4.16,-11.41,-3.71,31.22
-1.87,-8.08,-4.89,31.24
-1.38,-7.91,-3.27,31.22
-0.95,-5.88,-2.68,31.21
-0.72,-8.37,-1.93,31.23
-1.33,-11.46,-1.98,31.21
0.11,-10.32,-3.12,31.2
-2.09,-7.83,-3.57,31.24
-2.08,-6.07,-1.7,31.22
0.76,-8.33,-3.42,31.23
-0.02,-11.69,-3.27,31.23
-0.59,-10.58,-3.35,31.22
-2.89,-7.23,-3.89,31.26
-2.44,-7.19,-3.57,31.26
-0.28,-8.73,-3.27,31.21
2.09,-11.75,-2.88,31.24
-0.41,-10.82,-3.76,31.23
-2.94,-7.52,-4.14,31.21
-1.98,-7.98,-3.07,31.23
-0.43,-9.53,-3.53,31.24
0.34,-11.02,-2.76,31.25
-0.92,-10.56,-4.21,31.2
-1.71,-8.08,-4.23,31.22
-2.99,-6.63,-1.87,31.21
-0.6,-8.35,-2.71,31.24
1.07,-11.42,-3.13,31.26
-1.3,-11.8,-4.26,31.2
-0.82,-7.53,-4.6,31.2
-3.39,-8.34,-2.58,31.24
-1.31,-9.32,-3.87,31.21
1.58,-11.81,-4.57,31.23
-1.19,-11.09,-4.94,31.23
-1.11,-8.58,-5.54,31.21
-5.07,-8.22,-5.1,31.21
-2.59,-9.66,-5.27,31.23
1.14,-11.06,-4.84,31.19
-1.27,-10.77,-4.9,31.27
-2.51,-7.74,-5.79,31.26
-2.18,-7.94,-4.52,31.25
-2.47,-10.0,-4.63,31.21
-1.4,-9.25,-4.66,31.26
-1.43,-8.18,-4.83,31.24
-1.02,-6.58,-3.87,31.22
-2.3,-8.47,-1.59,31.21
-2.23,-10.95,-3.51,31.21
0.7,-10.49,-4.94,31.27
-1.28,-7.52,-3.81,31.22
-1.07,-5.63,-2.98,31.23
-0.38,-8.37,-1.41,31.24
-1.93,-11.12,-2.65,31.22
-0.51,-9.87,-3.47,31.22
-1.38,-7.23,-4.14,31.25
-0.77,-5.66,-2.25,31.25
-2.08,-7.93,-0.64,31.26
-2.38,-11.18,-3.05,31.16
-0.62,-10.67,-5.25,31.2
-3.54,-7.28,-4.48,31.21
-1.34,-6.31,-3.67,31.21
-2.26,-8.61,-2.77,31.26
-2.16,-11.15,-3.03,31.22
-1.56,-10.22,-5.23,31.24
-3.04,-6.93,-4.26,31.25
-1.51,-5.6,-4.18,31.26
-1.8,-7.67,-1.54,31.22
-2.31,-10.65,-0.87,31.24
-0.85,-9.76,-4.2,31.22
-2.61,-7.72,-5.02,31.22
-1.91,-7.05,-3.45,31.24
0.69,-8.16,-1.34,31.24
-0.24,-11.02,-2.23,31.25
-1.59,-11.35,-3.85,31.24
-1.0,-8.59,-3.8,31.23
-1.04,-6.37,-3.07,31.19
0.24,-8.39,-1.71,31.24
-0.2,-12.12,-2.56,31.22
0.15,-11.11,-3.88,31.25
-0.74,-7.32,-3.0,31.23
-2.28,-6.61,-1.39,31.23
0.68,-8.41,-2.34,31.22
0.74,-11.12,-2.52,31.26
-0.9,-11.49,-3.31,31.19
-3.04,-7.63,-3.92,31.24
-2.09,-6.92,-2.59,31.25
-0.51,-9.48,-2.74,31.21
-0.19,-11.08,-2.13,31.19
-0.56,-10.91,-2.59,31.22
-2.74,-7.34,-4.38,31.24
-3.81,-7.52,-2.87,31.23
0.36,-9.0,-3.98,31.26
1.14,-10.6,-3.0,31.24
-2.17,-11.89,-3.92,31.23
-0.27,-10.13,-4.88,31.24
-4.6,-7.34,-5.15,31.26
-0.8,-8.69,-4.32,31.25
1.35,-10.7,-3.61,31.21
-1.74,-11.76,-2.7,31.23
-1.64,-9.37,-4.62,31.2
-1.41,-7.31,-4.47,31.25
-0.31,-8.37,-3.8,31.25
0.88,-11.14,-2.61,31.21
0.41,-12.68,-2.83,31.24
-0.43,-8.56,-5.35,31.27
-2.5,-7.03,-3.37,31.24
-0.29,-8.7,-4.01,31.24
0.91,-11.14,-2.88,31.23
-1.64,-12.99,-3.32,31.23
-0.04,-9.23,-4.37,31.25
-1.46,-6.74,-3.29,31.21
-1.68,-8.18,-2.73,31.19
1.14,-11.02,-4.45,31.22
-0.35,-10.95,-5.06,31.24
-1.97,-8.77,-4.94,31.21
-4.01,-7.77,-3.44,31.26
-1.57,-8.86,-6.21,31.24
0.31,-10.31,-5.82,31.23
-1.05,-11.7,-4.46,31.25
-1.55,-8.08,-5.94,31.23
-3.05,-6.74,-4.42,31.26
-1.92,-9.39,-4.77,31.27
0.34,-11.21,-4.69,31.23
0.18,-11.28,-3.93,31.22
-1.18,-8.58,-5.25,31.25
-3.14,-7.95,-4.61,31.26
-3.45,-8.52,-4.98,31.25
0.07,-10.43,-5.32,31.26
0.93,-11.42,-5.91,31.25
-2.94,-8.77,-5.33,31.24
-2.71,-7.37,-4.28,31.24
-1.96,-8.45,-3.16,31.26
-0.5,-9.78,-4.69,31.25
0.67,-10.0,-4.36,31.25
-2.0,-7.46,-2.94,31.22
-1.02,-6.54,-3.73,31.23
-0.82,-7.67,-2.11,31.24
0.31,-10.86,-1.06,31.21
-0.47,-10.47,-3.33,31.22
-3.08,-7.57,-2.66,31.26
-0.48,-6.46,-4.14,31.24
-0.63,-7.13,-1.52,31.24
-2.28,-9.49,-0.72,31.27
-0.2,-10.57,-2.85,31.2
-3.29,-8.67,-3.22,31.18
-1.94,-6.09,-3.38,31.22
1.71,-7.62,-2.45,31.25
-2.78,-10.32,-1.96,31.23
-1.56,-10.86,-3.68,31.27
-1.54,-8.4,-5.18,31.22
-3.59,-7.26,-3.64,31.26
-1.71,-7.57,-2.48,31.25
-1.08,-11.21,-2.2,31.24
-2.75,-7.16,-2.6,31.22
-3.18,-9.67,-2.74,31.22
-0.82,-11.6,-4.89,31.24
-2.1,-8.47,-5.4,31.23
-2.4,-6.21,-4.42,31.25
-2.11,-6.95,-2.1,31.23
-2.71,-10.52,-2.51,31.22
-0.71,-11.0,-4.8,31.24
-2.04,-9.11,-4.77,31.22
-1.52,-6.65,-4.09,31.26
-2.58,-7.41,-2.49,31.23
-2.47,-11.36,-2.63,31.23
0.0,-9.92,-5.13,31.23
-0.82,-8.52,-3.9,31.26
-2.78,-7.82,-4.02,31.19
-0.09,-6.97,-3.13,31.27
-0.5,-10.52,-2.34,31.27
-2.58,-10.75,-3.94,31.22
-0.41,-8.81,-4.37,31.24
-1.64,-6.62,-3.3,31.29
-3.32,-8.69,-3.93,31.25
-2.41,-11.23,-5.19,31.27
0.62,-11.13,-5.84,31.27
-0.98,-9.79,-5.83,31.3
-3.11,-6.96,-5.07,31.28
-1.74,-8.71,-3.0,31.29
-2.12,-10.8,-4.17,31.27
-0.05,-11.04,-4.6,31.27
-1.46,-9.3,-4.23,31.27
-0.88,-7.28,-3.29,31.25
-1.87,-7.87,-1.6,31.27
-4.02,-10.97,-2.74,31.25
-0.38,-11.27,-6.12,31.23
-1.41,-8.92,-4.87,31.21
-0.77,-6.65,-3.18,31.24
-1.66,-7.59,-2.55,31.27
-3.86,-9.82,-3.23,31.27
0.54,-10.44,-5.28,31.27
-1.81,-8.38,-4.41,31.29
-2.52,-6.97,-4.13,31.24
-1.39,-8.06,-2.65,31.23
-3.72,-10.69,-2.43,31.26
-3.44,-10.57,-4.36,31.28
-1.56,-7.74,-4.44,31.3
-1.46,-6.3,-2.8,31.24
-0.9,-7.24,-1.56,31.23
-1.55,-10.63,-1.16,31.24
-1.59,-11.21,-3.99,31.25
0.39,-7.57,-4.64,31.27
-1.55,-6.98,-4.15,31.24
-1.08,-7.92,-2.23,31.3
-0.44,-10.26,-1.37,31.23
-0.71,-11.48,-3.73,31.24
-0.7,-8.56,-4.63,31.26
-1.15,-6.08,-2.32,31.3
-0.84,-7.85,-2.41,31.27
-0.87,-10.04,-2.56,31.25
0.28,-11.35,-3.01,31.28
-2.2,-10.08,-4.63,31.25
-1.58,-8.81,-5.7,31.24
-2.49,-6.78,-4.76,31.21
-1.6,-8.05,-3.06,31.27
-2.12,-11.8,-3.45,31.28
-2.13,-10.66,-5.53,31.26
-1.11,-9.02,-5.68,31.24
-0.76,-6.57,-4.51,31.29
-1.89,-7.15,-1.64,31.26
-2.5,-11.37,-4.06,31.25
-1.21,-10.29,-5.49,31.2
-1.06,-7.08,-4.28,31.27
-1.68,-6.68,-3.73,31.26
-2.07,-7.8,-2.01,31.28
-0.74,-10.07,-2.34,31.22
-0.59,-10.55,-4.8,31.25
-2.64,-7.44,-3.92,31.27
-1.18,-6.82,-4.38,31.3
0.11,-6.92,-2.46,31.23
-1.44,-7.42,-4.1,31.26
-1.6,-6.62,-4.94,31.27
-2.73,-7.85,-3.11,31.23
-3.29,-10.2,-4.01,31.25
-0.25,-11.42,-4.7,31.29
-0.45,-9.11,-5.33,31.22
-1.25,-7.17,-4.27,31.25
-1.01,-7.36,-2.53,31.27
-2.85,-10.55,-3.39,31.28
-2.16,-11.69,-6.16,31.3
-0.99,-9.6,-5.63,31.29
-0.9,-7.19,-4.48,31.29
-2.28,-6.51,-2.91,31.31
-2.36,-10.78,-2.89,31.26
-0.48,-11.35,-6.08,31.25
-1.98,-8.76,-5.43,31.27
-2.02,-7.14,-5.19,31.25
-0.68,-7.52,-3.48,31.26
-2.69,-10.66,-2.69,31.24
-0.67,-10.13,-5.38,31.28
-1.26,-7.84,-5.17,31.23
-0.33,-7.0,-4.03,31.26
-0.96,-7.57,-1.55,31.22
-1.8,-10.41,-2.81,31.27
-0.94,-9.58,-5.34,31.29
-1.6,-7.67,-4.14,31.27
-0.95,-6.69,-3.27,31.28
-2.29,-7.57,-1.95,31.26
-0.74,-10.7,-2.25,31.27
-0.24,-9.95,-5.03,31.28
-2.03,-9.01,-4.85,31.27
-2.31,-6.98,-3.98,31.26
0.52,-6.19,-2.21,31.23
-0.58,-9.87,-1.58,31.27
-1.5,-11.31,-3.97,31.25
-0.81,-9.68,-4.93,31.22
-2.21,-7.01,-5.18,31.27
-2.09,-7.63,-3.7,31.25
-1.76,-10.74,-2.95,31.31
-0.99,-11.61,-3.87,31.27
-1.79,-9.37,-4.71,31.29
-1.75,-7.29,-2.67,31.28
-1.09,-7.6,-2.84,31.3
-0.89,-9.91,-2.19,31.24
-0.62,-12.81,-3.09,31.29
-1.86,-9.69,-5.14,31.28
-2.61,-8.27,-4.45,31.26
-0.94,-7.69,-4.24,31.25
1.03,-9.31,-2.62,31.26
-1.19,-12.42,-2.49,31.27
-1.14,-10.17,-3.72,31.27
-1.2,-6.73,-2.97,31.26
-2.68,-7.09,-1.7,31.24
0.57,-9.38,-1.53,31.27
0.57,-11.18,-3.01,31.27
-1.9,-9.37,-3.99,31.27
-1.97,-7.29,-3.16,31.28
0.5,-11.08,-4.33,31.25
-0.59,-8.8,-3.9,31.25
-2.39,-6.32,-3.03,31.27
0.66,-8.36,-3.45,31.25
-0.5,-10.33,-2.72,31.26
0.32,-11.49,-3.58,31.28
-1.45,-8.65,-5.07,31.29
-2.24,-6.62,-3.06,31.25
0.26,-7.74,-3.22,31.26
1.6,-10.81,-2.52,31.28
-0.47,-11.26,-3.09,31.26
-2.95,-8.17,-4.22,31.21
-1.64,-6.7,-3.4,31.25
-0.82,-8.48,-3.68,31.27
1.37,-10.81,-2.94,31.31
-0.83,-12.13,-4.54,31.31
-2.37,-8.8,-5.2,31.25
-2.29,-7.32,-3.9,31.24
-1.63,-9.35,-3.67,31.26
0.54,-10.95,-4.15,31.26
-0.65,-11.22,-4.69,31.27
-0.35,-9.5,-6.3,31.21
-4.04,-7.73,-5.4,31.29
-3.48,-9.55,-4.67,31.25
0.67,-10.5,-4.87,31.29
0.53,-9.9,-3.38,31.26
-2.2,-9.14,-4.29,31.24
-3.41,-8.13,-3.13,31.27
-1.97,-8.88,-3.74,31.24
-0.81,-11.06,-4.45,31.27
-0.78,-10.38,-4.79,31.23
-0.63,-8.77,-5.71,31.25
-3.1,-7.42,-4.55,31.23
-5.14,-9.38,-4.41,31.22
0.57,-11.46,-6.36,31.26
0.32,-12.39,-6.12,31.2
-3.15,-7.99,-4.85,31.28
-1.65,-6.17,-4.05,31.28
-2.6,-7.51,-3.58,31.22
-0.78,-7.69,-2.15,31.26
0.52,-10.3,-3.0,31.25
-0.13,-11.49,-3.16,31.22
0.67,-9.27,-5.02,31.27
-3.23,-7.38,-3.61,31.23
-2.71,-7.96,-2.98,31.29
1.07,-10.97,-4.37,31.21
0.07,-11.48,-3.87,31.26
-0.43,-9.61,-4.73,31.29
-2.29,-7.92,-4.35,31.24
-3.5,-8.4,-3.25,31.22
0.4,-9.78,-4.72,31.26
0.82,-10.73,-4.61,31.25
-1.88,-9.56,-5.83,31.24
-1.37,-8.21,-5.41,31.28
-4.58,-8.88,-3.73,31.26
-1.09,-10.36,-5.03,31.25
1.51,-10.91,-4.72,31.25
-0.18,-11.08,-4.62,31.26
-1.6,-10.4,-4.17,31.24
-1.25,-7.19,-3.93,31.26
-2.24,-6.58,-3.17,31.24
-4.3,-8.91,-2.21,31.24
-1.75,-11.28,-4.67,31.26
-1.51,-9.72,-4.21,31.26
-1.55,-6.85,-3.55,31.24
-1.66,-7.0,-3.31,31.23
-3.46,-8.43,-2.3,31.28
-2.72,-11.13,-4.7,31.24
0.06,-10.35,-5.85,31.28
-0.87,-7.95,-4.38,31.28
0.33,-6.93,-3.82,31.28
-1.3,-7.59,-2.93,31.26
-2.34,-10.56,-3.67,31.27
0.34,-10.47,-5.78,31.25
-1.73,-8.32,-3.95,31.26
-1.62,-6.68,-2.98,31.23
-0.97,-7.26,-2.97,31.29
-0.61,-11.58,-5.43,31.24
-1.01,-12.18,-4.65,31.24
-1.96,-8.75,-6.54,31.2
-2.55,-7.71,-5.15,31.26
-3.04,-8.68,-4.32,31.29
-1.6,-10.64,-5.25,31.26
-0.91,-10.82,-5.01,31.25
-0.89,-9.03,-5.28,31.27
-1.98,-6.97,-4.8,31.23
-4.09,-8.14,-2.0,31.26
-0.37,-11.43,-5.45,31.29
0.92,-11.04,-5.56,31.29
-1.64,-8.9,-4.62,31.25
-2.89,-6.72,-4.21,31.23
-3.32,-9.35,-3.25,31.27
-1.54,-11.3,-5.26,31.29
-1.75,-11.0,-5.16,31.27
-1.52,-8.51,-5.24,31.25
-1.93,-7.44,-4.46,31.27
-0.12,-10.98,-4.94,31.29
-0.42,-8.77,-4.89,31.25
-0.33,-7.85,-5.11,31.31
-1.63,-7.07,-3.27,31.28
-3.71,-9.69,-2.47,31.29
-2.28,-12.63,-5.99,31.24
-2.57,-9.76,-5.92,31.3
-1.11,-7.46,-5.06,31.3
-1.81,-6.98,-4.39,31.27
-3.82,-10.1,-3.87,31.28
-0.8,-10.82,-4.83,31.26
-2.01,-9.68,-5.64,31.25
-1.42,-6.53,-4.11,31.27
-1.0,-8.02,-3.71,31.25
-3.33,-11.1,-3.31,31.25
-2.64,-11.72,-5.12,31.26
-0.38,-9.02,-5.46,31.25
-0.49,-6.68,-5.47,31.29
-0.7,-6.86,-4.47,31.27
-1.09,-6.77,-2.52,31.28
-2.14,-8.45,-0.46,31.29
-0.17,-11.71,-3.74,31.24
-0.51,-9.91,-5.03,31.26
-2.89,-6.78,-2.98,31.28
-1.45,-7.46,-4.19,31.34
-1.93,-9.86,-2.78,31.28
-0.45,-11.42,-3.16,31.31
-2.12,-10.42,-3.72,31.28
-1.66,-6.16,-3.14,31.25
1.08,-6.2,-2.48,31.29
0.96,-9.56,-2.22,31.26
-0.61,-12.42,-2.83,31.28
-0.59,-9.73,-4.38,31.26
-1.45,-6.47,-3.37,31.31
0.25,-7.15,-3.24,31.28
1.61,-10.63,-3.3,31.28
-0.4,-12.73,-2.63,31.23
-0.42,-9.88,-5.46,31.33
-2.48,-7.07,-4.1,31.26
-1.31,-9.0,-4.3,31.27
0.44,-11.12,-3.54,31.27
-1.09,-12.27,-4.19,31.29
-0.19,-8.89,-5.64,31.24
-2.79,-7.55,-3.17,31.24
-1.75,-7.76,-4.56,31.26
2.33,-9.47,-3.64,31.28
0.2,-12.19,-3.56,31.28
-0.23,-9.56,-4.39,31.25
-1.21,-7.47,-3.14,31.27
-2.16,-8.59,-3.81,31.32
1.92,-10.83,-3.04,31.23
2.14,-12.08,-2.17,31.3
-0.13,-9.9,-3.42,31.28
-2.27,-7.67,-3.65,31.28
-0.91,-9.18,-3.08,31.26
0.41,-10.38,-3.79,31.29
0.88,-11.46,-3.98,31.27
-2.77,-8.43,-4.69,31.29
-3.86,-8.03,-4.65,31.24
-1.64,-7.84,-4.47,31.28
0.81,-10.37,-3.45,31.29
-0.95,-12.62,-2.42,31.25
-1.72,-7.39,-6.17,31.25
-0.74,-6.19,-5.26,31.24
-1.38,-10.51,-4.36,31.31
-0.61,-10.51,-4.69,31.28
-0.66,-8.77,-2.61,31.28
-1.45,-10.09,-4.4,31.28
-4.47,-9.05,-3.5,31.3
-0.6,-7.01,-2.54,31.28
0.77,-8.76,-3.29,31.28
-3.23,-9.56,-4.01,31.27
-1.31,-8.46,-4.17,31.25
-3.96,-8.51,-3.34,31.24
-0.0,-0.0,-0.0,36.53
-0.17,-8.37,-4.32,31.27
0.15,-9.21,-1.08,31.25
-0.36,-12.15,-1.62,31.27
-1.34,-10.08,-6.06,31.3
0.78,-5.97,-4.39,31.24
-2.01,-7.29,-1.38,31.24
1.81,-9.36,-1.94,31.32
-0.69,-14.03,-4.09,31.29
-0.73,-10.39,-6.38,31.3
-1.18,-7.81,-4.26,31.27
-0.68,-7.1,-3.37,31.29
0.39,-8.83,-3.3,31.31
0.74,-11.0,-3.3,31.25
-0.94,-10.66,-4.57,31.31
-3.76,-7.78,-4.59,31.24
-2.91,-7.65,-2.55,31.24
-0.58,-9.51,-3.62,31.26
0.81,-10.65,-2.88,31.28
-0.91,-7.51,-3.78,31.26
-2.6,-7.75,-3.05,31.28
0.48,-9.28,-2.6,31.26
0.04,-11.4,-3.54,31.27
-1.52,-10.08,-3.86,31.28
-3.62,-7.0,-5.6,31.33
-1.2,-8.03,-4.68,31.28
-1.06,-10.13,-4.89,31.3
0.57,-8.21,-2.55,31.3
-0.78,-8.29,-4.0,31.33
-2.99,-9.19,-3.71,31.32
-2.66,-9.82,-5.05,31.3
-1.15,-9.68,-4.29,31.28
0.39,-8.72,-4.08,31.24
-2.17,-9.37,-3.62,31.3
-1.41,-9.15,-3.21,31.24
-2.17,-9.35,-3.82,31.26
-2.34,-9.25,-4.53,31.27
0.41,-8.34,-3.97,31.32
1.81,-9.16,-3.85,31.25
-1.41,-9.51,-3.67,31.24
-1.33,-9.47,-4.71,31.27
-5.08,-8.09,-4.45,31.24
-2.6,-11.88,-4.04,31.29
-1.65,-12.16,-6.12,31.25
-1.64,-5.66,-4.39,31.27
-4.16,-6.96,-3.05,31.26
-4.54,-10.12,-3.4,31.29
0.08,-10.81,-4.81,31.25
-1.12,-8.44,-3.55,31.24
-2.33,-6.66,-3.17,31.28
0.61,-5.48,-2.72,31.29
-1.47,-7.86,-1.8,31.27
-2.01,-9.98,-2.83,31.27
0.62,-10.0,-5.33,31.28
-1.91,-6.54,-3.82,31.25
-0.4,-5.41,-1.82,31.26
-1.04,-8.8,-2.06,31.24
-0.67,-6.53,-3.55,31.29
-1.87,-7.87,-1.75,31.28
0.65,-8.97,-1.94,31.27
-0.45,-12.31,-2.4,31.21
-2.84,-10.4,-4.7,31.29
-1.43,-7.52,-3.51,31.24
-1.04,-7.51,-2.53,31.27
-0.99,-9.43,-2.59,31.28
-1.11,-12.28,-3.6,31.3
-2.44,-10.66,-5.15,31.27
-3.74,-7.0,-4.68,31.25
-2.79,-7.75,-3.54,31.27
0.26,-10.34,-4.18,31.25
0.2,-11.84,-3.57,31.3
-1.69,-10.23,-4.21,31.23
-3.38,-8.3,-4.17,31.28
-1.99,-7.69,-4.09,31.27
0.82,-9.1,-4.08,31.29
-0.55,-12.09,-2.83,31.25
0.95,-11.77,-3.62,31.22
-1.1,-12.06,-2.6,31.25
-0.95,-10.98,-4.92,31.19
-2.73,-7.03,-4.26,31.28
-1.3,-6.9,-3.0,31.27
1.02,-7.91,-3.71,31.3
-1.13,-11.45,-2.66,31.24
-0.15,-10.64,-4.56,31.24
-3.19,-7.44,-3.27,31.28
-1.64,-7.38,-2.14,31.25
2.04,-9.76,-2.73,31.27
-1.56,-11.82,-3.5,31.27
-0.84,-10.81,-4.67,31.26
-0.98,-7.93,-4.59,31.29
-1.98,-7.53,-3.59,31.27
1.07,-8.26,-3.02,31.28
-1.64,-12.56,-2.41,31.26
-1.5,-9.82,-4.59,31.27
-3.23,-7.38,-3.01,31.26
-1.43,-6.7,-2.31,31.28
0.63,-9.35,-2.66,31.27
-1.66,-12.01,-2.88,31.27
0.07,-9.89,-3.2,31.29
-0.85,-6.79,-2.74,31.27
-1.58,-7.26,-2.72,31.28
0.76,-9.21,-3.61,31.26
0.3,-12.25,-1.77,31.29
-0.31,-10.47,-3.94,31.24
-3.29,-7.22,-3.08,31.22
-1.24,-7.03,-3.49,31.27
1.18,-9.54,-3.05,31.29
-0.8,-11.15,-1.76,31.32
-0.38,-8.28,-2.05,31.26
-1.72,-7.2,-2.78,31.3
-3.03,-7.45,-3.94,31.29
0.06,-7.32,-3.43,31.27
0.15,-8.65,-2.74,31.28
-2.88,-11.15,-2.26,31.24
-1.05,-8.4,-4.49,31.25
-0.27,-6.54,-3.95,31.29
-1.68,-7.86,-2.26,31.27
-2.5,-11.73,-2.32,31.29
-1.72,-10.99,-5.89,31.28
-2.12,-7.93,-6.88,31.24
-0.35,-6.93,-2.84,31.28
-2.04,-8.96,-3.97,31.27
-2.68,-8.44,-3.95,31.25
-1.05,-10.01,-4.38,31.26
-2.53,-10.23,-3.88,31.29
1.18,-7.09,-4.43,31.27
-1.35,-7.79,-4.58,31.27
-4.55,-11.25,-2.71,31.24
0.41,-10.9,-5.71,31.28
-1.39,-9.07,-6.1,31.29
-2.74,-8.85,-5.15,31.28
-2.56,-8.18,-3.94,31.31
-2.09,-9.39,-3.88,31.32
-0.22,-10.33,-4.01,31.3
-0.74,-9.77,-4.67,31.24
-1.04,-7.66,-4.81,31.3
-3.57,-9.34,-1.68,31.26
-1.44,-10.79,-3.2,31.29
-0.14,-10.02,-6.23,31.29
-1.42,-10.54,-6.49,31.28
-0.98,-8.07,-5.53,31.24
-4.06,-8.55,-1.19,31.27
0.52,-10.05,-4.07,31.29
2.47,-11.3,-4.23,31.24
-3.21,-11.1,-5.94,31.27
-2.8,-7.69,-5.3,31.25
-1.0,-7.95,-4.77,31.26
1.57,-9.0,-2.74,31.29
0.46,-11.66,-2.8,31.28
-0.85,-9.85,-4.8,31.3
-4.64,-8.38,-3.3,31.28
0.26,-8.32,-4.51,31.29
2.02,-10.25,-2.76,31.29
-2.26,-12.16,-2.98,31.25
-1.64,-9.94,-3.43,31.28
-1.91,-6.68,-2.94,31.28
-0.45,-7.18,-1.61,31.21
1.53,-9.31,-3.4,31.29
-0.41,-10.88,-2.83,31.24
-1.13,-12.22,-1.9,31.28
-0.94,-7.69,-4.06,31.29
-1.54,-4.9,-1.91,31.27
-1.36,-7.36,-0.62,31.24
-0.45,-8.45,-1.76,31.29
-1.64,-11.1,-4.05,31.27
-1.11,-8.59,-5.08,31.28
-1.63,-7.8,-5.82,31.25
-4.34,-9.28,-2.67,31.29
-2.68,-11.31,-3.12,31.24
-1.17,-10.5,-5.39,31.31
-3.89,-9.05,-5.23,31.26
-0.18,-8.09,-4.89,31.26
-1.27,-8.03,-3.57,31.24
-4.7,-10.71,-3.53,31.27
-0.16,-11.53,-4.29,31.27
-0.81,-8.57,-5.4,31.28
-3.98,-6.99,-5.7,31.26
-2.51,-9.01,-3.42,31.29
-0.59,-12.49,-7.62,31.32
1.32,-10.75,-6.22,31.27
-2.21,-8.06,-4.12,31.26
-1.52,-9.63,-4.08,31.28
-0.15,-8.59,-2.32,31.27
0.04,-11.0,-5.63,31.32
0.17,-11.14,-5.1,31.31
-3.85,-9.08,-3.51,31.3
-3.19,-6.25,-2.72,31.2
1.72,-7.8,-3.6,31.27
2.82,-9.87,-3.59,31.27
-2.25,-10.13,-1.75,31.29
-4.32,-10.91,-2.66,31.24
-0.27,-6.05,-3.82,31.29
2.53,-7.55,-0.58,31.27
-1.22,-10.47,-3.37,31.27
-3.14,-12.78,-2.98,31.29
-1.19,-7.73,-5.42,31.29
-0.99,-6.49,-3.49,31.29
-0.66,-7.04,-2.48,31.24
-2.16,-11.89,-2.28,31.29
-2.58,-11.01,-3.55,31.28
0.3,-6.87,-4.32,31.3
-0.01,-7.31,-2.08,31.26
-3.08,-8.35,-1.85,31.31
-1.88,-11.26,-5.2,31.27
0.32,-10.02,-5.98,31.27
-1.65,-6.76,-3.87,31.3
-4.47,-8.01,-0.97,31.23
-1.84,-11.44,-4.1,31.29
-0.43,-9.17,-6.87,31.31
-2.23,-10.41,-3.35,31.29
-0.36,-8.46,-4.7,31.27
-2.59,-9.02,-2.97,31.27
-2.68,-10.05,-4.87,31.28
2.5,-11.08,-4.81,31.26
-2.5,-10.72,-3.44,31.26
-3.27,-7.52,-3.0,31.28
-0.58,-7.8,-6.76,31.28
0.04,-6.33,-5.14,31.28
-0.88,-7.88,-2.95,31.28
-3.57,-12.25,-2.8,31.3
-0.97,-10.96,-4.71,31.3
-2.6,-7.78,-5.85,31.31
-2.82,-6.69,-5.8,31.26
0.44,-10.05,-5.48,31.28
0.8,-10.84,-3.25,31.27
-2.87,-11.55,-4.56,31.26
-1.89,-9.53,-6.51,31.25
-2.64,-8.41,-3.38,31.28
-1.24,-8.13,-2.34,31.3
-1.13,-10.84,-4.61,31.29
-0.28,-12.12,-4.42,31.34
1.91,-7.13,-4.35,31.28
-3.93,-8.22,-1.91,31.24
-0.37,-9.94,-4.46,31.28
2.53,-9.91,-4.62,31.25
-3.11,-10.52,-5.53,31.31
-2.33,-9.7,-0.45,31.28
0.25,-6.7,-0.2,31.26
0.28,-8.55,-3.65,31.28
-1.6,-10.06,-4.84,31.31
-2.21,-11.61,-2.62,31.27
-2.09,-6.38,-2.55,31.27
0.04,-7.32,-4.26,31.27
1.53,-8.27,-4.14,31.28
-2.57,-10.26,-0.58,31.27
-4.82,-10.31,-3.27,31.24
0.37,-7.04,-5.26,31.25
1.44,-6.51,-4.03,31.28
-4.42,-8.78,-2.99,31.27
-2.45,-11.77,-3.59,31.28
2.24,-8.64,-4.83,31.23
-5.33,-9.07,-1.94,31.3
-2.42,-8.65,-6.17,31.28
1.23,-9.26,-4.47,31.26
-1.27,-10.39,-1.57,31.26
-0.4,-8.38,-2.08,31.28
-2.9,-12.16,-2.04,31.3
0.56,-7.84,-4.91,31.28
-1.5,-7.08,-3.07,31.27
-3.86,-9.2,-1.14,31.29
-1.62,-9.67,-3.68,31.3
-0.49,-10.01,-4.59,31.32
-0.92,-9.74,-6.61,31.29
-1.12,-8.5,-3.74,31.26
-3.83,-10.33,-2.17,31.26
-1.76,-9.03,-6.88,31.3
0.42,-11.43,-4.07,31.26
-1.75,-10.32,-5.8,31.29
-2.7,-8.15,-5.43,31.28
-2.62,-8.54,-4.06,31.25
1.99,-8.0,-3.14,31.32
0.83,-9.4,-1.76,31.32
-3.65,-10.04,-6.17,31.28
-0.51,-9.59,-4.34,31.25
-4.55,-10.19,0.42,31.28
-2.82,-8.14,-4.53,31.29
1.55,-9.51,-5.04,31.28
-1.58,-9.37,-2.47,31.23
-0.07,-7.66,-2.5,31.32
-0.23,-8.89,-2.02,31.26
-2.06,-7.1,-3.99,31.28
-3.35,-9.4,-2.57,31.28
-0.68,-9.53,-3.05,31.29
-0.68,-6.74,-4.46,31.27
-2.79,-8.64,-3.29,31.3
-2.05,-9.7,-5.57,31.33
-0.8,-9.89,-3.71,31.25
-1.17,-10.19,-1.69,31.29
-3.35,-9.77,-6.83,31.27
0.36,-7.56,-6.99,31.25
-0.72,-8.92,-2.43,31.26
-1.78,-10.14,-1.51,31.22
-1.59,-12.34,-3.88,31.28
-2.2,-9.67,-7.34,31.31
-1.38,-7.23,-5.74,31.28
-3.58,-8.58,-1.49,31.22
1.87,-10.41,-3.99,31.31
0.53,-10.79,-4.01,31.3
-2.7,-7.26,-3.07,31.27
-4.08,-8.62,-3.0,31.26
2.54,-7.42,-2.88,31.31
2.2,-8.13,-1.52,31.29
-4.76,-9.83,-1.97,31.26
-1.67,-10.08,-2.96,31.28
0.74,-6.57,-3.45,31.25
-1.25,-7.36,-1.83,31.31
-1.84,-10.05,-2.26,31.29
-1.2,-9.62,-2.54,31.27
-0.75,-9.0,-3.24,31.29
-0.46,-6.24,-5.94,31.29
0.99,-7.93,-3.01,31.33
-4.34,-11.03,-1.38,31.29
-0.25,-7.29,-2.09,31.28
-0.95,-11.17,-2.42,31.32
-2.35,-9.7,-4.94,31.29
-0.56,-8.62,-4.89,31.33
-4.02,-7.68,-2.94,31.29
0.21,-8.77,-4.98,31.27
-1.0,-10.02,-4.64,31.27
-1.54,-10.16,-4.14,31.27
-1.98,-12.61,-3.73,31.27
-1.1,-6.23,-5.59,31.31
-2.58,-8.54,-3.48,31.27
-1.63,-10.3,-1.64,31.3
1.34,-11.01,-3.81,31.32
-3.1,-8.66,-3.4,31.3
-2.83,-8.22,-4.62,31.24
-0.2,-9.57,-4.02,31.3
0.32,-8.7,-4.89,31.3
-1.64,-10.18,-2.64,31.27
-2.78,-11.16,-3.78,31.3
-2.1,-10.88,-1.57,31.26
-2.47,-10.71,-3.45,31.26
-0.71,-7.04,-3.82,31.27
-1.11,-7.41,-1.71,31.27
-3.46,-8.42,-4.2,31.29
-2.5,-12.92,-2.64,31.3
1.54,-7.64,-5.53,31.31
-2.71,-7.67,-5.87,31.27
-2.89,-7.14,-2.23,31.27
-0.88,-10.65,-4.07,31.27
-0.3,-9.53,-3.61,31.25
-2.9,-9.12,-4.01,31.3
-1.27,-9.12,-5.39,31.24
-1.12,-8.14,-3.78,31.23
-3.06,-9.86,-3.56,31.26
1.34,-10.97,-4.88,31.28
0.74,-9.92,-5.85,31.29
-2.24,-7.43,-3.71,31.24
-4.02,-8.45,-3.41,31.26
1.66,-8.52,-2.23,31.28
-2.27,-9.41,-2.95,31.24
-2.3,-10.3,-4.06,31.27
-1.1,-7.98,-5.22,31.26
-2.44,-6.61,-4.29,31.27
-1.64,-8.44,-2.47,31.25
-1.84,-11.11,-4.03,31.28
-1.06,-9.88,-4.02,31.3
-3.39,-9.04,-5.76,31.28
-0.83,-7.18,-6.24,31.28
-1.73,-9.88,-2.47,31.24
-2.43,-10.33,-4.29,31.27
-0.26,-11.02,-4.85,31.28
-0.51,-8.59,-5.46,31.22
-2.01,-8.09,-4.32,31.29
-2.67,-9.61,-3.1,31.3
1.36,-9.78,-5.05,31.28
-0.45,-10.47,-3.11,31.28
-3.33,-10.15,-4.17,31.24
-1.16,-7.37,-6.05,31.26
0.75,-8.77,-2.5,31.27
-0.13,-11.3,-3.29,31.27
-1.45,-10.35,-3.36,31.27
-1.93,-9.5,-4.29,31.27
-1.67,-6.96,-4.25,31.3
1.23,-8.09,-3.66,31.27
1.06,-9.22,-2.57,31.26
-1.52,-11.04,-1.5,31.28
-2.44,-8.34,-4.2,31.3
-1.53,-7.05,-3.47,31.24
1.39,-7.32,-1.75,31.27
-1.8,-9.28,-2.29,31.26
-1.34,-11.18,-3.97,31.27
-0.48,-7.81,-3.68,31.24
-2.34,-6.68,-2.12,31.27
-1.87,-7.92,-2.73,31.27
-1.6,-10.63,-4.81,31.28
-2.1,-9.24,-3.52,31.28
-2.02,-9.27,-5.26,31.3
0.81,-10.9,-4.96,31.23
-1.61,-8.13,-4.48,31.29
-3.18,-7.4,-4.68,31.34
-2.56,-10.13,-3.38,31.27
-0.03,-10.27,-4.93,31.27
-1.32,-10.82,-4.48,31.24
-1.88,-8.66,-5.31,31.31
-1.75,-7.86,-5.04,31.27
-1.77,-9.94,-2.79,31.3
0.46,-10.05,-4.84,31.26
-0.34,-10.86,-4.28,31.28
-1.15,-8.28,-4.5,31.28
-4.05,-8.83,-3.47,31.3
0.14,-9.24,-3.68,31.27
1.85,-9.32,-3.45,31.37
-2.72,-11.49,-3.57,31.3
-1.35,-8.73,-4.63,31.29
0.21,-6.56,-3.21,31.3
-0.25,-8.0,-2.61,31.26
-2.41,-11.0,-2.57,31.28
-2.3,-10.54,-4.32,31.32
-0.16,-7.4,-3.52,31.28
-0.18,-6.07,-2.84,31.24
-0.58,-8.84,-2.24,31.3
-0.68,-10.78,-3.02,31.3
-2.53,-9.02,-5.43,31.26
-0.76,-8.34,-4.55,31.27
0.79,-9.77,-4.63,31.27
-0.4,-11.0,-3.03,31.27
-2.48,-12.14,-4.28,31.25
-1.05,-8.3,-4.95,31.24
-0.06,-6.48,-3.17,31.28
-1.96,-7.68,-2.36,31.27
0.32,-10.67,-2.36,31.28
1.24,-9.98,-3.55,31.29
-3.5,-8.71,-3.6,31.32
-0.47,-6.65,-3.13,31.26
1.11,-7.55,-1.29,31.27
-3.01,-9.54,-3.68,31.31
-0.58,-10.88,-4.1,31.28
0.14,-8.14,-2.15,31.26
-3.59,-6.55,-2.41,31.26
-0.22,-7.17,-3.42,31.32
-0.06,-9.42,-3.86,31.26
-2.2,-9.33,-4.21,31.29
-2.96,-8.84,-3.8,31.27
0.4,-6.8,-5.24,31.27
-1.92,-8.0,-2.49,31.29
-3.55,-10.44,-3.47,31.22
0.9,-10.28,-6.23,31.29
-2.62,-9.88,-4.92,31.28
-3.58,-6.48,-7.3,31.26
-0.94,-9.73,-1.79,31.27
0.29,-9.99,-3.36,31.33
-1.0,-11.31,-4.61,31.24
0.17,-10.23,-5.81,31.27
-3.39,-9.39,-4.33,31.27
-5.03,-7.93,-3.66,31.26
1.54,-9.67,-5.07,31.25
3.25,-9.81,-4.29,31.27
-2.53,-9.52,-3.39,31.29
-4.29,-9.02,-4.18,31.26
-2.21,-6.14,-4.99,31.21
-0.4,-7.01,-0.7,31.25
-1.73,-10.36,-3.54,31.23
-2.4,-9.78,-6.15,31.29
-2.13,-10.05,-3.58,31.29
-1.73,-7.55,-3.72,31.26
-2.98,-8.3,-3.02,31.29
-2.37,-7.6,-3.61,31.25
-0.24,-7.35,-3.02,31.26
-3.34,-10.11,-2.63,31.3
-1.63,-8.92,-5.12,31.27
-0.86,-9.07,-3.11,31.28
-1.45,-6.95,-5.09,31.24
-4.5,-9.5,-3.04,31.27
-2.61,-10.11,-6.6,31.29
1.5,-10.66,-5.19,31.27
-2.7,-9.54,-3.69,31.27
-2.83,-8.18,-3.95,31.28
-1.39,-8.85,-5.02,31.27
-2.05,-10.2,-4.91,31.3
-0.18,-10.43,-4.93,31.31
-0.97,-11.41,-4.02,31.26
-1.26,-8.2,-5.42,31.26
-3.86,-8.55,-4.69,31.29
-0.57,-9.84,-4.43,31.25
1.57,-10.57,-2.95,31.28
-0.35,-8.84,-3.39,31.31
1.43,-11.94,-3.6,31.3
0.19,-9.06,-3.27,31.26
-4.09,-8.47,-2.95,31.27
-1.57,-8.46,-4.69,31.28
1.7,-8.94,-2.6,31.31
-1.96,-9.03,-1.97,31.26
-1.63,-11.08,-2.06,31.27
0.53,-8.66,-3.82,31.27
-1.66,-5.59,-4.17,31.27
-1.92,-8.42,-3.15,31.29
-2.94,-10.52,-2.36,31.27
-0.24,-9.64,-4.45,31.26
0.59,-8.58,-5.07,31.28
-3.03,-8.49,-5.37,31.27
-2.24,-9.5,-2.54,31.27
-1.76,-9.66,-4.05,31.32
-0.13,-9.87,-5.46,31.28
-2.55,-10.52,-4.47,31.31
-3.21,-7.81,-5.77,31.29
0.15,-9.46,-4.67,31.27
-0.66,-9.35,-4.11,31.3
-1.51,-11.13,-3.58,31.32
-1.87,-10.09,-4.15,31.31
-1.03,-7.61,-4.72,31.26
-0.78,-8.37,-4.14,31.26
0.24,-10.24,-3.82,31.25
1.05,-11.29,-3.07,31.26
-1.27,-8.91,-4.24,31.26
-3.83,-7.8,-3.36,31.3
0.65,-8.71,-4.25,31.27
2.22,-9.13,-3.49,31.27
-2.67,-10.73,-2.72,31.23
-1.13,-9.74,-3.81,31.34
-0.76,-7.77,-3.6,31.32
-0.72,-6.66,-2.43,31.27
1.08,-8.85,-1.05,31.31
-0.57,-10.71,-2.89,31.27
-1.39,-7.33,-3.81,31.28
0.18,-8.99,-4.09,31.28
1.38,-10.05,-3.39,31.3
-1.47,-11.19,-3.04,31.25
-2.07,-6.79,-4.23,31.29
-1.15,-7.24,-4.36,31.29
0.35,-8.14,-1.77,31.27
-2.41,-10.14,-2.67,31.26
-4.7,-10.41,-4.46,31.27
-1.16,-7.96,-5.06,31.29
1.32,-6.22,-4.94,31.31
-2.71,-9.64,-1.76,31.3
-2.24,-10.7,-3.74,31.28
-1.28,-9.91,-6.05,31.27
-2.54,-7.83,-6.45,31.27
-2.34,-7.75,-4.16,31.24
-2.9,-9.78,-3.0,31.31
-0.37,-9.18,-5.62,31.29
-0.52,-11.3,-5.75,31.31
-0.57,-8.65,-7.92,31.29
0.4,-9.16,-3.85,31.29
-1.45,-11.81,-1.77,31.29
-1.98,-10.08,-3.89,31.27
-1.31,-6.35,-2.19,31.25
-1.23,-7.48,-3.79,31.28
-0.07,-9.3,-3.1,31.29
-0.56,-11.31,-2.57,31.29
-2.09,-9.75,-4.1,31.32
-2.38,-7.92,-5.6,31.25
-0.16,-7.67,-2.86,31.31
-1.52,-8.63,-1.44,31.29
-2.94,-10.63,-2.34,31.3
-0.05,-8.26,-6.13,31.3
-0.63,-7.55,-3.6,31.29
-2.75,-7.74,-3.27,31.27
-2.19,-10.33,-2.47,31.3
-0.12,-9.68,-6.34,31.27
-2.81,-10.11,-6.38,31.28
-1.4,-8.42,-3.49,31.29
-3.22,-6.32,-1.53,31.29
-0.17,-8.53,-3.56,31.33
-1.42,-9.48,-6.19,31.29
-3.88,-10.51,-5.74,31.31
-2.36,-10.83,-4.94,31.29
-0.97,-7.63,-4.38,31.29
-2.05,-7.9,-2.7,31.29
-3.39,-10.77,-3.66,31.27
0.69,-10.96,-8.37,31.28
-1.13,-9.62,-5.53,31.32
-3.02,-8.79,-3.16,31.31
-1.12,-9.06,-3.76,31.28
-0.78,-9.25,-3.45,31.3
1.05,-10.41,-6.21,31.27
-1.17,-10.9,-3.56,31.24
-1.7,-8.98,-4.11,31.27
-1.36,-7.81,-3.94,31.26
0.55,-8.64,-5.04,31.25
0.15,-10.5,-2.67,31.25
-2.01,-8.67,-2.96,31.28
-1.03,-11.48,-2.78,31.29
-1.76,-9.5,-3.76,31.24
-3.18,-8.11,-5.87,31.29
-0.98,-6.61,-5.71,31.26
-1.64,-9.0,-2.55,31.24
-1.84,-10.74,-3.9,31.3
-0.78,-11.36,-4.58,31.32
-0.26,-10.52,-6.91,31.28
-2.29,-7.88,-4.92,31.29
-3.23,-8.5,-1.95,31.26
0.77,-10.13,-4.13,31.31
0.45,-11.05,-7.7,31.28
-1.83,-10.5,-5.14,31.27
-1.57,-8.24,-4.13,31.27
-2.08,-8.7,-0.78,31.28
0.71,-9.39,-4.82,31.29
-0.44,-10.44,-4.6,31.3
-2.16,-10.37,-2.56,31.27
-0.94,-8.72,-4.54,31.28
1.82,-8.37,-4.03,31.27
-0.84,-11.17,-5.8,31.27
-0.75,-12.11,-3.46,31.29
-1.19,-9.86,-5.73,31.34
-2.9,-6.61,-3.71,31.26
-0.65,-8.85,-3.33,31.32
1.41,-11.51,-2.98,31.33
-0.89,-11.05,-3.57,31.31
-2.96,-7.88,-4.18,31.28
0.0,-7.01,-2.39,31.28
0.31,-7.77,-2.85,31.29
-2.13,-8.83,-2.01,31.28
-1.84,-11.15,-3.24,31.26
0.04,-6.36,-3.03,31.31
-2.35,-7.18,-2.16,31.3
-0.17,-7.91,-2.5,31.24
-1.33,-11.65,-4.47,31.29
-1.77,-9.17,-4.46,31.31
-0.12,-11.2,-1.27,31.23
-2.75,-10.19,-1.38,31.27
-2.13,-7.14,-6.23,31.29
1.64,-8.07,-3.85,31.27
-1.05,-9.28,-2.49,31.29
-3.57,-11.07,-2.59,31.25
-1.06,-8.06,-4.21,31.25
-0.32,-5.95,-6.69,31.26
-4.34,-7.53,-1.96,31.24
-4.01,-11.84,-3.57,31.27
2.44,-10.38,-4.76,31.27
-3.32,-8.67,-5.63,31.28
-1.3,-6.65,-5.48,31.28
-1.69,-9.92,-1.87,31.22
-1.46,-9.85,-4.38,31.32
-0.79,-11.17,-5.47,31.26
-0.41,-9.65,-4.8,31.28
-1.12,-7.82,-3.21,31.31
-5.78,-9.66,-1.51,31.3
3.63,-9.12,-7.23,31.24
-4.24,-7.73,-3.97,31.27
-4.2,-9.68,-3.78,31.3
3.18,-8.47,-5.67,31.28
0.49,-9.38,-2.87,31.26
-5.71,-11.47,-2.66,31.28
-0.19,-9.08,-6.27,31.29
-0.34,-7.82,-2.74,31.23
-2.05,-7.73,-3.0,31.27
-0.87,-11.95,-0.94,31.28
0.34,-10.06,-5.53,31.29
-2.98,-7.24,-4.38,31.28
-2.0,-8.69,-2.08,31.27
1.43,-7.39,-3.1,31.3
-1.81,-10.78,-1.91,31.29
-1.53,-10.01,-3.56,31.26
0.36,-7.09,-4.91,31.29
-1.51,-7.12,-2.33,31.3
-4.58,-9.62,-2.46,31.27
-1.51,-11.31,-4.22,31.23
-1.21,-9.93,-4.27,31.29
-1.81,-5.94,-3.71,31.33
-3.15,-8.34,-2.02,31.3
-1.02,-10.24,-4.38,31.3
0.17,-10.03,-6.09,31.25
-3.14,-9.17,-4.78,31.28
-1.94,-8.47,-4.81,31.25
-0.66,-9.99,-1.45,31.29
-3.21,-9.04,-4.31,31.27
-0.62,-10.26,-3.94,31.3
0.6,-12.46,-4.08,31.25
-1.26,-7.64,-6.65,31.27
-2.25,-7.73,-3.4,31.29
1.14,-11.18,-3.0,31.24
-0.57,-10.68,-5.74,31.24
-2.54,-9.48,-4.1,31.3
-1.22,-9.72,-1.99,31.28
-2.41,-7.75,-4.07,31.32
0.89,-7.93,-4.18,31.32
0.16,-9.74,-2.9,31.26
-0.98,-11.12,-2.14,31.29
-2.87,-7.86,-3.22,31.31
-1.34,-7.78,-3.41,31.32
1.36,-8.69,-3.54,31.3
0.03,-9.47,-2.23,31.31
-4.65,-10.63,-3.02,31.32
-2.75,-7.52,-5.19,31.31
-0.15,-5.95,-2.93,31.29
-3.24,-8.14,-3.08,31.28
-2.06,-11.46,-4.27,31.31
0.07,-9.06,-4.28,31.29
-4.98,-8.42,-1.97,31.29
-0.96,-7.11,-4.22,31.24
0.41,-10.07,-4.3,31.3
-3.3,-10.05,-4.63,31.32
-2.94,-11.64,-5.67,31.28
-0.57,-9.0,-5.62,31.27
-1.19,-6.65,-3.12,31.26
-1.38,-11.08,-3.11,31.27
-2.26,-7.46,-2.13,31.3
-3.21,-7.16,-3.74,31.3
2.16,-7.31,-3.97,31.27
-0.9,-9.66,-3.23,31.27
-4.55,-10.46,-4.85,31.32
-2.29,-9.4,-4.69,31.27
0.57,-6.42,-4.86,31.3
-2.09,-6.98,-1.37,31.29
-3.85,-11.74,-3.42,31.28
1.24,-9.75,-7.71,31.3
-0.88,-8.09,-6.05,31.25
-4.11,-8.77,-3.02,31.27
-3.54,-10.46,-4.23,31.28
-0.98,-10.5,-4.65,31.33
-0.44,-10.09,-4.79,31.29
-0.63,-10.61,-5.91,31.29
-2.32,-8.35,-4.07,31.29
-1.9,-9.63,-2.55,31.32
1.33,-10.21,-6.38,31.33
-3.09,-12.26,-3.94,31.32
-1.31,-8.4,-5.64,31.29
-1.6,-7.15,-2.94,31.31
1.34,-9.69,-3.44,31.29
1.4,-11.25,-6.32,31.27
-1.95,-9.44,-1.85,31.3
-3.68,-8.09,-4.24,31.29
-1.43,-8.15,-4.0,31.28
1.32,-9.93,-4.56,31.26
-2.06,-9.35,-3.11,31.34
-2.54,-10.7,-2.16,31.32
-1.2,-6.56,-4.69,31.31
-0.21,-7.73,-2.3,31.27
-2.05,-9.23,-2.27,31.28
-1.55,-11.5,-3.66,31.29
-0.85,-8.82,-3.35,31.3
-2.08,-6.59,-4.97,31.28
-0.9,-7.48,-2.04,31.29
-2.91,-9.08,-5.04,31.29
-0.92,-8.27,-5.28,31.28
-2.14,-7.77,-3.34,31.31
-2.25,-9.27,-3.8,31.26
2.04,-11.54,-6.31,31.29
0.41,-10.29,-4.32,31.31
-2.12,-8.18,-2.99,31.27
-4.8,-8.2,-3.64,31.3
2.06,-10.02,-4.18,31.3
3.96,-9.08,-4.27,31.28
-3.27,-10.25,-1.16,31.3
-2.24,-10.75,-1.97,31.29
-3.4,-7.06,-3.46,31.26
1.77,-8.42,-3.76,31.27
1.42,-7.35,-4.52,31.31
-2.53,-11.18,-1.44,31.29
-3.17,-8.78,-3.9,31.27
-1.31,-7.19,-4.38,31.27
-0.03,-6.86,-2.49,31.25
-3.25,-10.31,-1.89,31.29
-2.57,-9.7,-4.67,31.23
-1.57,-9.1,-4.77,31.28
-1.72,-6.53,-3.74,31.27
-3.26,-8.98,-2.41,31.31
-1.27,-9.48,-5.08,31.3
-0.05,-11.39,-5.27,31.27
-2.56,-9.56,-5.2,31.29
-3.59,-8.19,-4.79,31.29
-2.55,-9.92,-3.59,31.31
0.33,-8.88,-5.26,31.29
-0.29,-11.51,-5.1,31.3
-0.38,-9.66,-4.1,31.28
-2.69,-9.2,-3.37,31.27
-3.38,-7.92,-3.62,31.29
2.68,-9.09,-5.52,31.33
1.44,-10.86,-3.29,31.27
-2.97,-10.14,-3.91,31.29
-4.56,-8.55,-4.0,31.29
1.59,-7.85,-5.17,31.31
1.8,-8.53,-2.5,31.3
-3.0,-12.1,-1.66,31.29
-2.41,-10.62,-4.66,31.31
-0.55,-9.11,-5.2,31.26
-2.63,-7.69,-6.17,31.27
-2.38,-9.13,-2.49,31.31
0.43,-10.58,-3.57,31.3
-0.68,-11.06,-3.98,31.32
-1.4,-9.92,-5.66,31.28
-1.86,-8.25,-5.27,31.24
-0.69,-8.13,-1.71,31.28
0.32,-10.95,-3.7,31.31
-0.06,-10.81,-5.03,31.31
-2.04,-9.44,-4.04,31.32
-2.68,-6.74,-3.27,31.28
-0.38,-9.03,-1.69,31.35
0.87,-10.84,-3.76,31.27
-0.08,-10.51,-3.41,31.28
-1.76,-8.52,-4.09,31.3
-1.69,-6.42,-3.59,31.34
0.84,-7.51,-1.33,31.33
-0.56,-9.57,-2.51,31.29
-0.21,-11.13,-3.94,31.25
-2.16,-7.8,-2.15,31.31
-2.17,-7.11,-2.6,31.34
0.87,-7.08,-2.24,31.29
-1.41,-9.25,-2.99,31.28
-2.21,-9.31,-4.13,31.29
-2.46,-9.38,-4.08,31.25
-1.07,-7.34,-3.95,31.29
-1.42,-8.04,-2.71,31.3
-2.5,-11.0,-4.56,31.29
0.35,-10.55,-5.91,31.32
-2.02,-7.75,-5.25,31.26
-4.3,-8.67,-4.85,31.27
-1.27,-9.9,-3.55,31.24
1.6,-10.23,-4.16,31.29
-1.71,-10.72,-4.34,31.29
-3.39,-9.5,-6.26,31.27
-2.3,-8.99,-4.78,31.28
-0.98,-7.88,-3.76,31.28
-3.08,-8.49,-7.08,31.29
-1.07,-7.89,-4.42,31.31
-0.78,-8.71,-3.83,31.3
-2.16,-9.72,-3.07,31.31
-1.04,-11.31,-4.77,31.32
-1.52,-9.68,-6.0,31.29
-0.71,-7.68,-5.11,31.25
-2.8,-8.99,-3.4,31.26
0.36,-10.38,-4.88,31.29
0.11,-11.06,-4.78,31.34
-2.9,-10.14,-5.28,31.26
-1.53,-6.77,-4.47,31.32
-1.85,-9.3,-1.74,31.36
-0.1,-10.81,-6.16,31.28
-0.36,-11.57,-3.01,31.28
-1.15,-9.32,-4.02,31.32
-2.5,-6.35,-4.95,31.33
-0.08,-8.33,-3.16,31.29
1.11,-10.25,-1.41,31.29
0.97,-9.35,-3.11,31.27
-3.97,-7.62,-3.96,31.28
-1.07,-8.53,-3.12,31.29
2.02,-9.59,-2.94,31.29
-0.92,-9.93,-3.17,31.3
-0.79,-10.02,-2.55,31.24
-1.02,-7.7,-3.73,31.26
-2.41,-7.86,-2.25,31.29
0.02,-8.05,-3.06,31.31
-0.47,-11.26,-1.8,31.31
-1.43,-9.75,-2.94,31.29
-3.96,-7.52,-5.59,31.27
-1.35,-8.64,-4.92,31.27
-1.76,-8.1,-2.3,31.29
-2.25,-9.55,-3.95,31.26
-1.35,-9.32,-5.96,31.28
-2.1,-8.01,-6.19,31.29
-2.0,-7.92,-5.01,31.28
-2.01,-9.98,-2.37,31.31
-0.79,-7.99,-1.59,31.26
-5.41,-8.04,-2.6,31.26
-1.55,-12.12,-6.15,31.28
-0.82,-9.62,-3.23,31.29
-0.72,-5.9,-2.73,31.26
1.59,-8.88,-1.81,31.28
-2.72,-10.14,-4.98,31.28
-1.87,-9.95,-6.84,31.27
-1.94,-9.71,-5.65,31.27
-2.05,-7.8,-3.3,31.26
-2.02,-7.72,-3.03,31.27
-2.46,-9.39,-4.56,31.28
1.32,-11.56,-7.4,31.27
-0.65,-9.48,-4.98,31.24
-5.91,-8.03,-2.4,31.28
1.54,-10.61,-4.62,31.27
-0.67,-9.46,-5.3,31.29
-2.08,-7.25,-3.91,31.34
1.38,-12.51,-3.09,31.31
-0.83,-8.49,-4.85,31.29
-5.21,-5.58,-4.15,31.33
-1.74,-9.63,-3.09,31.36
-0.35,-9.41,-5.45,31.27
-1.44,-9.81,-5.05,31.29
-0.74,-9.86,-4.11,31.29
0.43,-7.46,-2.76,31.28
-0.62,-8.03,-3.34,31.28
-4.54,-10.31,-3.4,31.29
-0.64,-11.53,-4.45,31.27
0.48,-9.4,-6.48,31.26
-1.96,-7.64,-5.36,31.27
-2.15,-8.61,-4.13,31.31
-1.0,-10.12,-3.55,31.28
0.02,-10.92,-4.26,31.25
0.02,-10.3,-5.38,31.31
-1.61,-7.93,-4.81,31.32
-3.67,-7.41,-2.55,31.3
1.74,-10.31,-4.53,31.31
3.79,-11.09,-3.37,31.26
-4.49,-9.46,-0.73,31.3
-2.36,-8.28,-3.32,31.3
2.23,-8.72,-3.92,31.31
-0.09,-7.9,-3.38,31.28
-3.55,-10.8,-2.7,31.29
-0.15,-9.82,-4.85,31.29
-1.12,-6.69,-3.28,31.3
-2.09,-7.14,-2.89,31.31
0.56,-9.03,-3.68,31.27
-2.78,-11.58,-4.24,31.26
-2.04,-8.28,-4.1,31.26
-1.2,-6.08,-2.89,31.31
-0.54,-7.45,-1.75,31.29
1.99,-10.16,-1.6,31.29
-5.4,-11.05,-2.09,31.32
-1.99,-8.19,-3.7,31.27
1.6,-8.54,-7.75,31.3
-3.43,-7.53,-3.37,31.31
-2.78,-9.96,-3.29,31.31
-1.13,-7.93,-5.07,31.35
-1.92,-7.62,-5.55,31.25
-3.06,-10.35,-2.22,31.23
3.39,-10.65,-5.78,31.31
1.19,-10.18,-3.94,31.29
-5.88,-7.87,-3.64,31.28
-0.46,-8.23,-4.87,31.29
2.6,-9.26,-3.19,31.26
-0.65,-10.26,-4.11,31.24
-2.37,-10.57,-3.45,31.28
-0.85,-8.96,-4.89,31.3
-2.43,-6.5,-4.05,31.32
-0.55,-8.59,-2.98,31.29
4.62,-11.42,-2.43,31.27
0.62,-10.78,-2.89,31.29
-3.98,-8.57,-3.62,31.29
-0.17,-8.33,-4.19,31.31
2.02,-7.11,-1.82,31.27
-3.9,-9.65,0.87,31.29
0.34,-12.73,-2.78,31.3
-0.9,-8.89,-5.52,31.24
-4.14,-6.07,-5.35,31.29
-2.81,-7.47,-3.29,31.26
-1.21,-11.31,-3.77,31.31
-0.53,-10.6,-3.77,31.24
-1.94,-6.68,-3.2,31.31
-0.29,-6.91,-3.39,31.26
-3.18,-9.65,-3.22,31.25
-0.54,-10.54,-3.45,31.3
0.78,-8.72,-4.39,31.29
-1.44,-7.6,-3.72,31.31
-1.04,-7.24,-6.24,31.33
-2.48,-8.31,-4.09,31.3
-2.41,-10.85,-5.23,31.27
1.05,-11.24,-5.92,31.26
0.64,-8.86,-6.12,31.26
-3.76,-7.33,-0.89,31.27
-3.96,-9.23,-3.51,31.29
-2.39,-10.38,-2.11,31.28
-1.59,-11.5,-2.32,31.31
-1.68,-8.55,-3.19,31.27
-0.49,-7.12,-2.68,31.28
3.22,-7.85,-5.01,31.28
-0.51,-11.39,-1.46,31.32
-3.03,-10.88,-1.35,31.3
-0.05,-6.93,-2.53,31.24
-0.28,-7.51,-2.82,31.32
-2.55,-9.79,-3.68,31.24
-1.22,-9.89,-2.07,31.28
-3.22,-9.51,-2.06,31.27
-3.21,-6.89,-6.94,31.25
-0.4,-7.74,-5.76,31.26
-0.46,-8.9,-4.36,31.27
-1.52,-10.5,-2.73,31.25
-2.3,-11.11,-4.69,31.3
1.75,-8.12,-6.68,31.24
-1.63,-7.45,-2.33,31.3
-2.26,-8.2,-4.61,31.29
-0.03,-13.39,-2.91,31.27
1.73,-8.44,-3.78,31.22
-5.15,-5.99,-1.25,31.27
-1.44,-7.92,-2.88,31.27
1.71,-10.41,-3.65,31.24
-7.11,-8.46,-2.76,31.25
1.14,-8.7,-6.27,31.32
1.13,-7.51,-5.01,31.29
-5.43,-7.76,-2.83,31.26
0.15,-9.74,-4.12,31.27
-0.29,-11.03,-4.77,31.28
-4.85,-8.85,-3.09,31.29
-1.25,-9.38,-4.98,31.26
-0.04,-8.4,-6.53,31.29
-1.83,-8.69,-3.81,31.25
-0.22,-11.65,-3.21,31.27
-0.24,-9.59,-3.15,31.3
-1.79,-8.62,-1.62,31.24
0.18,-7.54,-3.29,31.26
-6.05,-6.55,-2.37,31.28
-3.5,-6.91,-2.87,31.29
-2.56,-10.95,-4.94,31.27
-0.3,-10.22,-5.34,31.28
0.17,-8.78,-5.11,31.26
-0.99,-7.11,-3.48,31.3
-0.99,-7.57,1.01,31.28
-4.63,-9.51,-4.53,31.3
-2.65,-7.77,-4.62,31.21
-0.9,-9.61,-3.63,31.25
-1.43,-6.65,-4.72,31.32
-4.75,-10.25,-3.7,31.27
3.68,-8.93,-5.84,31.29
-0.8,-13.65,-5.75,31.25
-4.38,-8.77,-6.11,31.28
0.46,-7.2,-4.37,31.32
-3.4,-10.48,-1.87,31.27
1.32,-8.85,-7.05,31.28
2.58,-10.89,-3.15,31.29
-3.63,-9.9,-4.3,31.24
-3.24,-7.51,-5.72,31.26
1.31,-8.2,-3.61,31.27
-0.42,-9.7,-3.22,31.28
-2.25,-11.46,-0.84,31.28
0.32,-8.58,-4.02,31.28
0.6,-7.2,-3.85,31.29
-3.63,-7.24,-1.36,31.27
-2.92,-8.53,-4.15,31.27
-1.08,-12.28,-5.36,31.25
-1.0,-7.36,-6.39,31.23
-2.46,-7.29,-2.02,31.23
-1.05,-10.57,-4.31,31.24
-3.14,-10.33,-3.58,31.29
-1.36,-8.08,-4.84,31.3
-0.81,-8.37,-3.85,31.25
0.34,-6.83,-6.18,31.26
0.3,-7.17,-3.53,31.25
-4.02,-9.62,-4.74,31.29
1.35,-11.85,-4.89,31.27
-2.2,-9.74,-3.28,31.27
-2.79,-10.14,-2.46,31.26
-2.55,-7.06,-3.99,31.23
2.29,-8.29,-4.25,31.26
-1.71,-8.53,-0.72,31.25
-3.51,-9.46,-4.47,31.28
-1.37,-9.21,-3.29,31.32
3.44,-7.95,-3.88,31.29
-4.09,-7.99,-1.8,31.25
-5.58,-10.31,-5.05,31.25
0.34,-11.03,-4.91,31.27
-2.95,-7.98,-3.62,31.24
-0.98,-7.73,-5.55,31.27
-0.67,-10.04,-3.4,31.27
-1.01,-9.5,-4.63,31.26
-0.2,-10.45,-5.56,31.24
0.34,-9.63,-4.39,31.27
-2.6,-7.94,-4.38,31.25
-4.89,-8.85,-1.25,31.29
1.31,-10.18,-5.07,31.25
-4.08,-9.73,-4.14,31.27
-1.28,-10.18,-0.83,31.29
-1.02,-7.2,-4.54,31.24
0.57,-7.94,-3.2,31.24
-1.42,-9.67,-3.88,31.27
-2.95,-12.34,-3.45,31.27
-2.94,-8.4,-5.08,31.26
-4.2,-5.79,-3.13,31.23
1.92,-5.26,-4.31,31.24
1.47,-11.13,-2.71,31.3
-6.76,-8.96,-3.61,31.25
-0.9,-7.78,-4.16,31.24
3.42,-7.3,-6.08,31.27
-6.58,-7.56,-2.23,31.25
-3.63,-10.49,-3.83,31.23
2.41,-11.56,-4.15,31.28
-2.47,-8.27,-3.97,31.22
-4.36,-7.24,-4.92,31.28
-3.27,-9.55,-3.24,31.25
-0.96,-10.43,-5.07,31.24
-0.23,-8.9,-6.33,31.23
-4.18,-9.9,-2.47,31.23
0.94,-7.68,-5.55,31.3
-0.05,-10.85,-3.07,31.26
-0.84,-8.49,-3.14,31.25
-2.66,-9.0,-1.63,31.29
-3.34,-8.52,-4.39,31.23
1.52,-7.05,-5.37,31.27
-0.1,-10.57,-2.63,31.29
-3.06,-11.22,-1.23,31.28
-0.95,-7.58,-3.99,31.28
0.14,-6.86,-4.7,31.27
-2.17,-8.17,-3.42,31.27
-1.68,-12.22,-1.3,31.24
0.24,-6.26,-5.62,31.3
-2.25,-7.77,-5.78,31.27
-0.77,-6.84,-2.36,31.29
0.57,-10.41,-4.92,31.25
-7.9,-6.04,-1.52,31.28
-0.63,-9.21,-4.11,31.26
4.15,-11.23,-4.59,31.25
-4.26,-7.9,-2.52,31.24
-2.34,-10.21,-3.94,31.27
-1.51,-8.64,-3.38,31.29
-2.0,-8.98,-3.47,31.26
0.35,-10.12,-3.17,31.28
-0.19,-10.81,-3.2,31.31
-2.57,-8.11,-4.56,31.29
-5.28,-5.08,-6.51,31.27
1.66,-9.41,-7.04,31.28
4.6,-11.75,-3.69,31.25
0.89,-9.31,-0.74,31.24
-4.8,-7.98,-2.81,31.27
1.62,-7.61,-3.88,31.27
-0.64,-9.57,-5.29,31.22
-6.88,-7.9,-1.06,31.27
0.59,-9.43,-5.24,31.3
-2.19,-11.74,-2.94,31.26
-0.81,-10.16,-2.36,31.29
-0.26,-8.75,-5.99,31.26
-1.22,-4.36,-5.09,31.31
-2.86,-9.5,-4.11,31.27
0.47,-12.22,-0.4,31.32
4.68,-12.55,-4.98,31.22
5.87,-9.3,-7.93,31.27
-3.97,-6.34,2.09,31.25
-9.22,-6.52,-2.48,31.24
-1.16,-10.29,-5.88,31.24
-2.12,-12.24,-5.29,31.32
-4.58,-6.21,-5.57,31.28
0.26,-6.55,-1.92,31.29
-0.32,-11.37,-3.63,31.22
-0.9,-8.88,-3.79,31.26
-3.03,-11.79,-4.02,31.24
-1.23,-8.37,-4.76,31.28
0.33,-9.53,-5.49,31.27
0.29,-8.76,-2.62,31.23
-0.95,-12.49,-2.73,31.27
-1.65,-10.23,-5.49,31.27
-0.53,-6.87,-5.47,31.29
2.28,-11.61,-2.45,31.27
-1.54,-11.99,0.13,31.3
1.49,-11.37,-2.22,31.25
-1.03,-10.17,-3.32,31.26
-6.25,-7.1,-4.75,31.29
2.68,-9.91,-6.11,31.29
2.34,-9.51,-1.74,31.29
-5.84,-8.66,-1.41,31.26
-0.45,-12.37,-3.43,31.25
-2.0,-6.84,-4.42,31.26
0.14,-6.81,-3.72,31.25
-1.19,-10.78,-3.73,31.28
-1.33,-11.6,-4.32,31.23
-2.83,-6.19,-3.34,31.27
5.71,-8.29,-1.18,31.27
-5.66,-5.21,-6.55,31.31
-3.53,-9.68,-7.59,31.27
-2.04,-7.26,-6.64,31.24
1.1,-10.17,-4.76,31.29
-2.21,-10.41,-1.64,31.27
-3.99,-7.73,-3.92,31.27
1.69,-9.62,-7.7,31.24
2.79,-6.86,-2.21,31.25
-3.9,-10.16,0.23,31.27
-1.48,-12.11,-2.72,31.26
-1.09,-7.59,-4.72,31.29
-0.38,-7.28,-3.11,31.29
-0.84,-9.88,-4.95,31.29
-9.59,-8.34,0.75,31.24
-2.79,-10.08,-7.5,31.3
2.22,-7.88,-5.82,31.28
-0.45,-4.64,0.04,31.28
-2.14,-11.83,-2.59,31.3
-1.01,-10.4,-4.27,31.27
0.47,-11.56,-7.27,31.27
-1.96,-8.56,-5.05,31.24
-4.28,-9.92,-3.33,31.26
-0.1,-8.1,-2.08,31.24
0.57,-9.98,-3.85,31.3
-2.99,-11.06,-4.11,31.24
-4.38,-9.93,-4.39,31.25
-0.68,-8.58,-5.64,31.31
3.34,-8.37,-4.37,31.29
-3.06,-8.37,-3.8,31.23
-3.07,-9.53,-5.88,31.26
-1.39,-12.88,-1.8,31.27
-0.94,-6.29,-3.65,31.28
-0.06,-5.28,-2.87,31.26
-2.71,-10.39,-2.66,31.28
-0.12,-10.41,-4.09,31.27
1.05,-7.57,-2.79,31.27
-2.9,-6.85,-2.41,31.24
-1.7,-8.37,-2.88,31.3
0.01,-10.31,-2.25,31.28
-2.47,-8.98,-1.21,31.28
-2.58,-9.11,-6.28,31.28
-1.12,-9.46,-5.74,31.27
-2.51,-7.2,-1.89,31.27
-0.89,-10.34,-3.55,31.27
-0.79,-10.57,-5.18,31.29
-4.11,-10.29,-4.25,31.32
-3.31,-8.37,-5.24,31.27
-0.19,-9.23,-5.17,31.24
1.76,-11.25,-2.89,31.26
-5.98,-8.77,-1.61,31.31
-3.2,-10.68,-4.18,31.29
5.07,-9.18,-5.66,31.32
-3.47,-5.72,-2.71,31.3
-7.74,-6.56,-4.84,31.28
2.4,-10.61,-7.23,31.24
0.41,-9.53,-1.95,31.25
-6.4,-5.02,-0.34,31.25
1.02,-10.61,-4.03,31.31
1.92,-11.56,-3.82,31.25
-2.07,-7.82,-4.4,31.3
-3.78,-11.04,-4.47,31.26
-3.13,-7.17,-6.71,31.3
2.85,-10.03,-3.61,31.34
0.87,-9.8,-0.94,31.29
-4.95,-9.55,-4.11,31.27
1.25,-11.53,-9.39,31.27
2.21,-8.09,-4.58,31.25
-1.02,-7.24,-5.09,31.29
-1.96,-9.58,-4.31,31.25
1.65,-10.45,-4.36,31.28
-0.59,-11.62,-3.51,31.25
-5.22,-7.09,-4.53,31.27
-1.04,-8.69,-4.09,31.28
2.69,-8.59,-5.73,31.31
-1.53,-8.21,-2.83,31.29
-7.13,-12.98,1.01,31.29
7.2,-13.83,-7.92,31.28
-1.28,-6.22,-3.91,31.24
-10.77,-11.1,-2.2,31.26
-3.15,-11.27,-3.43,31.27
2.57,-8.3,-4.61,31.3
-1.27,-10.68,-10.75,31.27
-1.49,-6.69,-2.49,31.22
-2.43,-8.95,0.97,31.26
1.3,-11.99,-6.75,31.3
-1.66,-8.24,-4.4,31.29
-2.21,-10.1,-4.13,31.25
-0.52,-8.78,-5.02,31.28
-3.48,-7.05,-5.07,31.27
4.2,-9.82,-7.72,31.3
-2.96,-9.94,-1.28,31.27
-11.86,-7.92,5.55,31.31
-3.8,-9.06,-6.33,31.29
1.94,-2.49,-4.83,31.29
-6.22,-11.77,-4.36,31.29
-0.71,-12.39,-6.57,31.28
-2.5,-13.58,-1.89,31.22
0.54,-3.29,0.33,31.28
-0.03,-9.47,-10.33,31.3
-2.62,-10.23,-5.1,31.25
-1.87,-11.46,-5.2,31.29
0.34,-10.79,-4.82,31.27
-1.32,-8.72,-7.06,31.27
-2.81,-8.51,-4.27,31.26
-2.46,-7.48,-5.31,31.27
9.31,-13.39,-6.28,31.27
4.8,-12.02,-1.98,31.28
-7.88,-8.2,-1.09,31.3
-5.96,-9.55,-5.3,31.28
7.05,-7.34,-6.82,31.26
0.36,-9.37,-4.64,31.3
-4.38,-11.42,1.15,31.29
0.29,-10.34,-4.4,31.26
-3.28,-7.62,-7.98,31.24
-3.8,-5.52,-2.32,31.32
-4.59,-8.1,-4.34,31.28
0.55,-7.4,-4.56,31.25
2.59,-10.07,-6.1,31.28
0.89,-10.92,-2.59,31.31
-0.15,-12.85,-2.71,31.22
0.33,-5.28,-2.56,31.28
1.06,-6.2,-3.55,31.29
-2.81,-12.05,-3.19,31.28
5.64,-13.81,-1.01,31.29
-6.11,-7.4,1.49,31.29
-4.85,-4.36,-8.21,31.24
0.55,-11.11,-4.71,31.29
0.28,-7.35,-4.71,31.26
-0.36,-11.66,-5.61,31.25
-1.75,-8.27,-0.47,31.25
-1.01,-7.75,-1.13,31.25
-1.74,-9.33,-7.6,31.28
-2.49,-10.35,-7.52,31.28
-0.17,-11.71,-3.1,31.27
-1.29,-9.33,-3.16,31.2
-1.96,-7.87,-0.24,31.27
0.55,-9.82,-6.72,31.29
3.24,-12.59,-5.57,31.27
-8.61,-6.33,1.36,31.24
-5.99,-9.66,-5.56,31.26
-0.27,-12.5,-4.02,31.25
-3.09,-3.08,-3.85,31.31
2.52,-10.01,-8.06,31.25
-3.09,-11.45,-2.54,31.27
-1.15,-6.43,-0.66,31.29
-0.34,-11.4,-1.85,31.25
-0.55,-5.59,-6.01,31.28
-2.12,-9.48,-2.89,31.31
-2.58,-13.41,-1.36,31.27
1.1,-4.63,-5.35,31.3
1.84,-6.08,-3.99,31.28
-9.48,-6.27,-0.02,31.25
-2.65,-13.07,-5.65,31.26
-6.21,-5.4,-1.81,31.26
-2.83,-13.4,-9.47,31.27
1.84,-4.92,-3.48,31.25
0.21,-11.11,-8.26,31.32
2.29,-11.99,-6.88,31.29
0.16,-6.52,-0.36,31.21
-3.95,-12.55,-5.52,31.25
-0.33,-9.44,-4.82,31.27
3.43,-8.78,-6.3,31.24
0.76,-9.33,-3.13,31.27
-2.02,-12.73,-1.51,31.29
2.12,-10.75,-8.44,31.31
-9.75,-8.07,5.38,31.27
-4.49,-10.73,-3.42,31.26
9.16,-10.16,-3.65,31.27
-5.28,-8.35,-7.62,31.23
-11.77,-9.44,-3.84,31.29
6.5,-8.84,-7.24,31.26
0.39,-6.66,-6.86,31.24
0.48,-10.5,-5.36,31.25
-3.07,-6.31,-4.52,31.27
-0.01,-7.15,-6.36,31.24
-4.7,-11.28,-1.49,31.23
-1.68,-7.59,-5.61,31.25
7.63,-9.65,-6.4,31.25
-6.72,-5.85,-8.66,31.28
-13.77,-6.73,3.44,31.27
-2.13,-12.45,-3.38,31.26
2.9,-6.93,-1.07,31.27
-7.88,-11.29,-3.05,31.25
-1.95,-10.7,-5.5,31.29
2.9,-8.93,-4.43,31.25
0.65,-6.9,-3.43,31.28
-2.36,-12.34,-4.25,31.26
-2.33,-11.2,-4.29,31.28
0.8,-6.83,-6.55,31.26
-2.2,-8.2,-2.22,31.28
-0.78,-9.02,-5.17,31.26
-7.58,-10.69,0.3,31.25
-8.93,-12.74,-2.14,31.27
1.64,-11.88,-6.67,31.3
0.68,-5.49,-5.53,31.24
-9.72,-7.2,-4.07,31.29
0.92,-12.21,-9.0,31.26
4.64,-9.91,-7.34,31.27
-2.8,-7.75,0.02,31.24
-1.9,-10.82,-0.56,31.27
-3.68,-9.55,-1.92,31.27
-1.55,-7.95,-8.17,31.29
-0.93,-11.53,-5.23,31.27
-0.86,-11.09,-2.48,31.28
-0.43,-7.17,-4.61,31.23
-9.21,-10.34,1.31,31.25
-5.76,-9.67,-5.03,31.25
6.69,-13.62,-3.13,31.25
-3.32,-8.86,-4.09,31.26
-8.76,-3.59,-3.09,31.23
-1.86,-7.88,-5.4,31.24
4.06,-14.0,-6.22,31.25
-0.87,-8.35,-0.76,31.25
-4.2,-7.9,-2.82,31.22
-3.52,-9.48,-4.73,31.24
-0.58,-9.22,-4.3,31.28
4.13,-9.92,-5.41,31.24
-11.9,-10.46,3.25,31.29
-5.71,-12.65,-3.72,31.32
2.11,-10.08,-2.55,31.26
-6.76,-4.26,-11.9,31.28
-4.0,-11.59,-2.28,31.27
3.3,-10.17,-7.4,31.25
-3.17,-9.18,-4.13,31.24
1.19,-7.3,-1.25,31.27
0.78,-10.66,-6.5,31.28
-2.14,-8.72,-1.56,31.25
-0.35,-11.6,-4.21,31.27
-0.05,-8.28,-2.14,31.3
-0.97,-7.71,-3.46,31.26
-1.97,-8.02,-0.5,31.25
-1.61,-10.74,-3.5,31.26
-7.04,-6.44,-0.06,31.28
3.91,-7.33,-10.95,31.24
2.38,-11.2,0.87,31.26
-7.88,-5.66,-2.84,31.24
-4.42,-12.33,-11.76,31.26
2.78,-6.43,-6.53,31.24
1.49,-6.37,-6.31,31.24
-4.13,-12.43,-3.68,31.27
-4.43,-6.87,-4.21,31.24
0.64,-10.46,-4.93,31.23
1.19,-9.79,-5.44,31.23
-2.79,-9.94,-4.93,31.23
-1.54,-6.96,-6.38,31.24
2.02,-8.87,-5.61,31.27
-0.05,-6.26,-2.59,31.24
-1.27,-11.37,-5.68,31.24
-6.01,-2.82,-9.15,31.29
10.51,-13.23,-3.8,31.26
2.99,-4.19,-0.66,31.26
-13.52,-8.03,2.01,31.24
-5.85,-17.48,-13.3,31.27
4.79,-3.82,-8.68,31.27
3.93,-3.33,-2.64,31.26
-1.75,-12.26,-8.76,31.27
-1.28,-6.18,-0.17,31.24
-2.5,-11.03,-5.33,31.25
-3.03,-7.54,-6.45,31.25
-0.98,-8.42,-7.14,31.29
0.83,-10.23,-4.85,31.24
-0.05,-8.67,-2.51,31.29
0.65,-10.86,-7.4,31.26
-13.7,-8.1,-2.78,31.24
-8.8,-12.04,-0.15,31.27
7.7,-13.17,-3.51,31.24
-1.95,-2.8,-5.78,31.25
-6.54,-9.37,-4.87,31.26
-1.85,-9.72,-6.32,31.25
-0.62,-11.88,-5.41,31.25
4.15,-5.78,-0.4,31.28
-0.97,-14.35,-3.01,31.23
-5.05,-9.33,-5.41,31.22
-1.1,-8.16,-5.91,31.22
2.63,-7.39,-5.07,31.23
-0.09,-11.74,-1.87,31.27
-3.74,-6.68,-2.49,31.25
11.77,-12.09,-7.61,31.22
-0.14,-7.65,-4.08,31.23
-11.45,0.04,-1.76,31.24
2.73,-14.86,-7.38,31.28
1.51,-10.96,-3.87,31.25
-2.84,-4.27,-3.17,31.23
2.78,-8.62,-8.34,31.21
-3.73,-7.55,-1.92,31.23
-1.37,-12.41,-2.42,31.23
1.14,-7.91,-7.59,31.22
2.44,-9.75,-4.83,31.29
-2.73,-8.15,-2.49,31.2
-2.32,-10.24,-5.71,31.24
3.9,-9.85,-6.61,31.26
6.28,-13.26,-1.03,31.24
-7.21,-6.84,4.8,31.25
-6.54,-10.87,1.75,31.27
6.89,-6.64,-6.1,31.29
-1.86,-6.17,-5.58,31.27
-5.83,-9.92,-3.6,31.26
3.71,-11.48,0.41,31.26
-0.21,-8.33,-2.72,31.24
-3.07,-5.99,-5.08,31.25
-3.18,-8.63,-5.28,31.3
0.6,-11.47,-4.52,31.22
-0.74,-9.01,-3.62,31.25
-3.86,-6.78,-4.98,31.27
-1.53,-8.96,-5.56,31.22
14.15,-18.03,4.36,31.26
-4.12,-7.64,-4.79,31.25
-0.46,-12.74,-4.17,31.26
-1.42,-10.32,-5.37,31.25
1.13,-9.0,-4.24,31.24
-2.02,-8.1,-0.71,31.24
-0.76,-9.75,-4.91,31.23
0.52,-10.25,-6.15,31.2
-2.85,-11.43,-3.11,31.22
-2.18,-8.93,-2.71,31.24
1.0,-7.44,-6.43,31.23
-0.25,-9.12,-5.51,31.28
-5.97,-8.16,-3.43,31.27
-6.98,-11.73,-2.99,31.29
1.85,-11.03,-4.87,31.25
-2.15,-8.85,-2.17,31.27
-4.51,-5.61,-7.44,31.24
2.77,-11.9,-5.93,31.21
-1.29,-11.06,-1.85,31.29
-0.64,-8.41,-1.36,31.29
-2.11,-8.84,-2.34,31.21
-1.16,-7.42,-5.98,31.25
-0.76,-8.67,-4.4,31.25
-2.21,-12.49,-2.88,31.27
-1.02,-7.4,-2.45,31.28
-0.37,-6.98,-6.42,31.25
0.02,-10.09,-3.98,31.22
2.92,-12.86,-3.35,31.24
-5.64,-6.44,1.85,31.26
-6.52,-10.03,-4.25,31.24
2.89,-9.81,-5.88,31.25
-4.68,-6.59,-2.94,31.24
-1.02,-6.72,-7.18,31.26
5.06,-11.74,-5.27,31.22
-2.47,-5.5,-0.12,31.25
-1.52,-10.77,-5.17,31.23
-2.35,-8.36,-7.77,31.23
-1.94,-10.46,-6.71,31.23
-2.45,-9.79,-6.78,31.28
0.29,-11.09,-4.86,31.26
3.35,-10.95,-0.98,31.28
-4.47,-6.63,1.43,31.29
-3.99,-6.46,-6.75,31.21
-0.72,-14.13,-7.36,31.26
0.96,-6.04,-3.31,31.23
-0.46,-6.59,-3.79,31.27
0.7,-9.28,-3.24,31.28
-2.98,-9.31,-2.51,31.27
0.44,-12.06,-3.1,31.25
-0.66,-6.52,0.01,31.28
-1.59,-9.77,-5.04,31.24
0.63,-7.48,-5.94,31.27
-1.51,-8.37,-4.61,31.25
0.46,-11.44,-2.77,31.24
-5.08,-8.64,-5.59,31.27
-4.26,-13.68,-4.13,31.27
-1.03,-6.41,-4.39,31.29
-7.37,-7.5,-5.68,31.24
-3.19,-9.02,-2.48,31.25
-3.46,-5.06,-2.36,31.27
1.02,-9.5,-7.7,31.26
-1.22,-7.18,-3.53,31.24
0.87,-11.79,-3.39,31.27
-1.99,-9.07,-4.55,31.3
0.95,-7.69,-4.14,31.23
-2.2,-9.38,-1.33,31.23
2.36,-11.62,-3.88,31.27
-1.82,-9.11,-1.52,31.22
-3.63,-5.56,2.76,31.23
3.55,-6.42,-1.51,31.28
-0.27,-7.19,-4.29,31.22
-2.67,-12.06,-7.54,31.24
2.24,-10.06,-4.39,31.27
-1.15,-7.28,-3.72,31.29
-2.77,-7.83,-6.43,31.27
-2.14,-11.61,-4.37,31.28
-0.09,-7.99,-5.5,31.27
-0.41,-12.37,-7.29,31.28
-2.99,-6.8,-3.21,31.3
-3.49,-8.21,-5.06,31.26
0.43,-6.82,-6.37,31.25
-3.82,-7.06,-7.37,31.22
7.56,-16.79,-7.23,31.23
4.35,-9.67,0.45,31.29
-9.7,-5.31,2.77,31.26
0.33,-9.03,-8.26,31.25
6.33,-12.35,-8.25,31.26
-6.22,-11.54,-1.4,31.29
-0.97,-8.12,-2.96,31.24
2.0,-4.83,-1.72,31.26
-1.57,-9.97,-5.17,31.27
-3.68,-10.92,-2.12,31.22
-4.31,-7.91,-5.21,31.24
0.4,-8.07,-4.96,31.28
2.54,-7.89,-0.29,31.26
-11.15,-6.05,-2.7,31.28
2.37,-12.14,-8.74,31.26
-5.12,-2.7,-1.01,31.26
-2.72,-7.97,-4.34,31.22
2.75,-9.75,-5.68,31.31
0.58,-9.44,-5.01,31.24
-1.75,-9.25,-2.48,31.3
-3.35,-11.38,-1.35,31.23
-0.24,-7.51,-7.41,31.27
0.02,-7.38,-2.3,31.32
0.46,-12.53,-3.36,31.27
-0.44,-10.09,-3.5,31.29
-2.16,-9.97,-5.72,31.3
-2.07,-6.23,-5.07,31.24
2.74,-10.09,-5.35,31.25
-2.2,-9.73,-2.27,31.23
-10.16,-6.74,1.7,31.24
-4.56,-15.64,-1.54,31.25
2.28,-3.96,-4.26,31.23
-5.72,-11.78,-7.31,31.24
-7.84,-10.01,-3.37,31.27
0.94,-14.83,-4.24,31.26
-3.72,-3.03,0.44,31.22
-4.07,-12.13,-5.21,31.23
-0.59,-9.49,-6.69,31.22
0.62,-8.48,-4.9,31.25
0.33,-11.84,-3.13,31.26
0.76,-9.79,-3.23,31.23
-1.83,-10.87,-4.75,31.23
-3.1,-10.08,-7.47,31.24
7.52,-13.06,-2.51,31.27
0.32,-6.28,4.15,31.28
-5.88,-7.55,-2.28,31.25
0.46,-11.1,-6.52,31.3
0.61,-3.55,-2.11,31.25
0.22,-7.96,-4.93,31.25
0.23,-12.59,-0.77,31.28
1.76,-8.54,-1.47,31.24
-2.05,-8.73,-3.79,31.25
-2.66,-8.28,-3.65,31.24
0.44,-6.38,-4.31,31.27
3.92,-6.88,-3.13,31.29
-0.17,-12.21,2.25,31.25
7.58,-18.14,2.34,31.27
-8.26,-4.64,2.63,31.29
-8.31,-3.19,-0.42,31.25
6.58,-13.8,-8.93,31.25
-1.79,-4.86,-0.72,31.2
0.71,-8.74,-4.85,31.24
0.57,-13.73,-5.45,31.3
-2.78,-4.6,-0.98,31.28
-1.5,-11.87,-5.77,31.25
-1.99,-10.56,-7.71,31.24
-2.72,-8.78,-5.37,31.26
-2.72,-11.65,-2.52,31.23
-0.44,-6.76,-7.17,31.27
0.43,-9.56,-4.25,31.24
-1.17,-8.73,-4.73,31.29
-9.12,-8.9,-3.42,31.29
-2.76,-6.41,-5.24,31.22
1.0,-13.93,-4.31,31.29
-1.83,-6.51,1.6,31.26
-3.21,-8.94,-4.9,31.27
0.19,-8.33,-5.61,31.23
-3.24,-9.71,-2.84,31.23
-1.62,-8.26,-4.19,31.19
1.91,-11.5,-4.02,31.25
0.12,-7.5,-7.67,31.23
-10.38,-11.48,1.24,31.28
-0.46,-13.7,-6.57,31.24
6.9,-11.69,-4.73,31.27
-5.58,-1.42,2.71,31.26
-7.05,-9.95,-3.62,31.27
0.35,-10.18,-5.2,31.31
3.93,-5.12,-8.23,31.27
1.11,-10.27,-1.9,31.28
-6.37,-13.18,-0.34,31.25
-1.31,-9.19,-4.54,31.24
-1.24,-10.44,-3.86,31.22
-3.26,-6.16,-2.83,31.29
0.34,-6.84,-4.25,31.24
-2.66,-7.46,-5.77,31.21
9.59,-19.08,-3.88,31.28
4.95,-11.06,2.11,31.24
-9.54,-4.28,1.32,31.24
1.13,-8.58,-3.78,31.3
5.1,-6.86,-6.12,31.23
-7.02,-8.6,-4.7,31.26
1.22,-12.42,-6.98,31.26
2.42,-4.87,-0.95,31.21
-7.67,-9.56,-0.12,31.23
-5.98,-10.22,-7.69,31.24
1.98,-9.01,-7.09,31.24
0.32,-11.51,-2.97,31.23
1.02,-8.28,1.43,31.27
-6.71,-7.95,-6.62,31.24
15.89,-15.96,-2.79,31.23
1.46,-7.47,3.48,31.26
-7.71,-5.38,-5.74,31.28
-9.87,-9.76,-7.99,31.27
11.31,-13.71,-6.35,31.24
-1.41,-11.11,0.03,31.26
-3.79,-5.17,-0.71,31.23
-1.96,-14.04,-4.41,31.27
-1.64,-7.63,-8.56,31.25
-0.56,-9.13,-3.49,31.2
-0.91,-10.95,-2.28,31.23
2.05,-9.7,-3.86,31.24
0.11,-7.83,-3.79,31.28
-1.14,-7.87,-2.62,31.25
-9.87,-8.93,-1.35,31.25
-6.33,-7.64,-0.92,31.24
7.82,-11.66,-6.18,31.22
0.64,-6.67,-4.65,31.24
-9.94,-7.42,-1.97,31.23
2.1,-12.69,-7.88,31.25
0.5,-9.33,-5.09,31.22
1.95,-8.17,-4.37,31.24
-6.74,-11.11,-2.2,31.23
-4.78,-7.01,-6.53,31.23
4.32,-11.74,-5.86,31.23
-0.08,-9.82,-1.8,31.22
-3.81,-8.02,-3.76,31.23
-12.62,-6.43,-1.32,31.23
1.87,-12.0,-9.56,31.25
9.95,-9.77,-0.02,31.25
-12.55,-7.03,-6.17,31.21
-7.05,-9.69,-6.73,31.22
8.03,-10.91,-5.82,31.21
0.67,-7.46,-1.57,31.24
-3.08,-8.94,-0.19,31.2
-0.33,-14.64,-3.47,31.23
-2.96,-4.36,-4.41,31.28
-1.16,-9.5,-3.18,31.22
0.56,-9.14,-1.75,31.24
1.63,-9.7,-6.73,31.21
-6.19,-8.71,-2.16,31.21
4.5,-4.55,-1.56,31.27
-6.78,-6.62,-3.84,31.24
-2.85,-12.43,-3.81,31.24
-2.21,-9.84,-2.13,31.21
0.18,-4.54,-4.22,31.2
-3.05,-8.16,-7.57,31.21
-2.95,-10.34,-6.37,31.22
-0.9,-11.03,-2.54,31.21
-4.56,-9.29,-4.47,31.19
1.07,-5.55,-4.98,31.27
0.79,-8.9,-0.57,31.24
-3.45,-9.16,-5.47,31.23
-1.65,-12.31,-2.5,31.2
-2.19,-7.5,-2.09,31.24
-6.17,-2.59,-3.12,31.24
-2.97,-12.49,-8.51,31.23
6.01,-9.92,0.93,31.23
-5.15,-3.37,-0.75,31.25
0.1,-11.54,-12.91,31.22
-5.54,-5.54,-6.9,31.28
4.96,-8.2,2.13,31.23
-1.79,-13.23,-7.76,31.22
-6.81,-4.46,-1.15,31.26
-3.46,-13.48,-5.62,31.22
1.8,-7.26,-4.98,31.24
-0.22,-9.32,-2.67,31.22
0.26,-10.05,-3.77,31.23
-5.49,-8.94,2.37,31.23
-1.54,-13.05,-10.81,31.23
10.64,-7.81,-4.66,31.21
-13.84,-2.68,-0.63,31.23
-0.03,-10.03,-9.08,31.2
6.42,-14.45,-4.23,31.25
-6.05,-9.24,0.22,31.23
-0.7,-7.13,-5.73,31.19
-0.03,-7.95,-5.11,31.28
-3.26,-9.61,-0.41,31.23
-1.54,-11.48,-4.01,31.19
-0.23,-9.35,-5.13,31.25
-2.29,-6.96,-6.11,31.27
-3.09,-7.37,-5.35,31.23
-3.69,-9.71,-4.05,31.24
3.74,-9.15,-3.43,31.23
1.24,-10.24,-4.52,31.28
-8.69,-4.68,-0.39,31.24
-5.22,-8.07,-5.75,31.23
6.7,-12.33,-1.75,31.23
-5.49,-8.75,-4.6,31.22
-0.11,-10.25,-5.34,31.24
2.09,-10.9,-3.43,31.25
-1.7,-6.46,0.92,31.22
0.69,-11.61,-5.07,31.26
-3.9,-10.17,-5.53,31.25
-5.68,-8.93,-3.36,31.21
1.43,-8.45,-5.84,31.27
1.25,-5.89,-4.28,31.23
12.82,-15.14,-1.31,31.19
-2.24,-7.19,0.81,31.22
-9.77,-3.1,-2.11,31.24
4.23,-14.72,-7.1,31.21
0.11,-6.86,-3.88,31.24
-2.78,-6.09,-5.4,31.25
3.04,-8.7,-8.57,31.23
-0.17,-10.16,-2.38,31.24
-2.35,-11.23,-2.77,31.27
-1.99,-8.06,-5.32,31.28
-1.23,-7.93,-6.04,31.28
0.4,-8.25,-3.21,31.24
-3.15,-10.38,-2.24,31.26
-0.56,-8.99,-3.05,31.24
1.1,-7.35,-5.19,31.27
-3.18,-7.91,-4.42,31.22
4.27,-10.89,-2.95,31.24
-0.28,-10.3,-3.99,31.22
-13.46,-4.7,4.24,31.23
0.16,-13.19,-4.41,31.25
-4.88,-6.34,-0.32,31.23
-3.22,-11.15,-7.2,31.22
0.69,-9.1,-6.59,31.23
-1.47,-11.63,-5.35,31.22
1.24,-8.9,-3.08,31.21
-0.52,-8.53,-3.09,31.23
-2.2,-8.76,-4.6,31.24
1.68,-10.19,-6.85,31.25
2.92,-12.3,-3.22,31.22
-4.07,-5.6,-5.35,31.22
-13.22,-4.47,0.81,31.24
2.46,-7.23,-7.45,31.21
-2.7,-11.64,-6.04,31.24
-7.63,-9.67,-2.09,31.24
3.86,-11.41,-5.33,31.24
-0.2,-8.23,-4.4,31.26
-4.04,-4.43,0.42,31.21
-2.24,-10.14,-6.9,31.25
-1.96,-10.66,-4.95,31.23
-0.38,-8.45,-4.31,31.3
-1.58,-8.38,-2.63,31.28
-0.49,-6.42,-4.66,31.24
0.53,-11.03,-0.81,31.26
0.23,-11.42,-4.61,31.2
-1.55,-11.0,-4.88,31.27
9.04,-12.33,-0.5,31.22
-2.13,-9.1,1.67,31.22
-7.29,-9.84,-2.39,31.24
2.66,-12.53,-7.11,31.27
-3.4,-6.16,-7.36,31.21
2.46,-6.44,-5.32,31.23
-1.2,-10.33,-4.97,31.21
-1.06,-5.97,-0.02,31.27
-1.46,-12.84,-6.47,31.24
-3.06,-10.01,-5.2,31.25
-0.95,-9.1,-4.58,31.27
3.86,-6.98,-4.76,31.27
0.54,-9.68,-1.29,31.21
0.22,-11.02,-4.95,31.21
2.97,-10.78,-0.58,31.23
-3.69,-3.16,0.13,31.24
-4.16,-6.38,-0.1,31.25
-1.3,-13.91,-3.71,31.27
-1.46,-5.99,-2.15,31.27
0.36,-7.43,-4.55,31.24
-0.18,-9.02,-5.94,31.26
-2.1,-6.48,-0.52,31.23
-2.24,-12.33,-3.99,31.25
1.44,-9.83,-6.53,31.22
-0.83,-8.92,-3.33,31.31
-2.66,-8.3,-3.92,31.26
1.78,-10.64,-5.95,31.22
-2.29,-11.27,-2.66,31.24
-8.46,-8.49,1.58,31.2
2.92,-11.32,-7.08,31.28
-0.08,-7.79,-5.48,31.21
-7.14,-6.57,1.87,31.23
-1.85,-7.1,-6.35,31.22
5.32,-5.59,-5.86,31.22
-2.87,-7.29,-3.41,31.25
-0.31,-8.27,-3.24,31.2
-1.96,-11.28,-4.43,31.2
-3.41,-9.53,-3.55,31.23
-1.96,-8.72,-4.37,31.22
2.83,-9.36,-6.6,31.24
-0.49,-6.66,-5.3,31.24
-3.95,-11.07,-3.23,31.24
0.59,-10.3,-5.93,31.25
0.05,-6.05,-8.03,31.22
1.33,-11.17,-6.08,31.23
-2.27,-7.07,0.26,31.25
-4.76,-10.71,-2.71,31.24
1.23,-9.3,-4.06,31.25
-0.67,-7.01,-6.84,31.23
-4.23,-9.47,-7.56,31.23
3.49,-8.63,-3.59,31.19
1.37,-9.49,-1.15,31.22
-3.57,-12.56,-2.02,31.22
-3.96,-10.9,-5.94,31.22
-0.65,-6.93,-4.36,31.23
2.61,-10.02,-4.63,31.24
1.72,-9.5,-0.32,31.28
-2.33,-11.21,-3.18,31.22
-6.36,-5.69,-4.0,31.21
4.93,-11.36,-8.68,31.25
8.54,-9.42,0.57,31.22
-8.43,-5.43,0.61,31.22
-5.52,-12.87,-4.53,31.2
4.93,-7.07,-6.2,31.22
-3.37,-5.05,-5.63,31.25
-2.65,-10.99,-3.38,31.24
1.33,-10.05,-3.81,31.27
-1.72,-9.45,-2.93,31.25
-2.46,-8.53,-4.81,31.24
-1.59,-8.17,-4.62,31.23
2.23,-8.5,-5.22,31.19
6.82,-12.59,0.53,31.22
-12.7,-6.07,4.58,31.24
-1.59,-7.12,-7.45,31.21
5.48,-11.99,-2.7,31.22
-8.84,-9.17,-3.98,31.21
0.97,-8.47,-7.58,31.24
3.71,-8.47,-5.03,31.2
-1.05,-8.03,-2.26,31.23
-0.36,-12.44,-2.92,31.2
-1.72,-12.45,-4.91,31.24
-2.78,-6.41,-5.37,31.23
-2.81,-8.8,-3.63,31.22
-0.3,-9.88,-4.19,31.17
-3.18,-7.29,-7.59,31.25
11.62,-16.52,-3.91,31.26
4.87,-10.01,1.99,31.22
-13.24,-2.44,4.08,31.2
-2.88,-11.31,-8.17,31.22
6.68,-10.27,-5.5,31.18
-1.0,-9.29,-4.08,31.21
-0.51,-8.64,-3.73,31.24
-2.16,-6.2,0.0,31.2
-1.95,-9.55,-5.09,31.17
-1.43,-10.17,-5.84,31.21
-3.05,-9.53,-3.33,31.23
1.06,-7.21,-3.37,31.22
2.9,-6.0,-2.94,31.23
-4.44,-7.29,-3.35,31.2
-1.82,-14.47,-5.41,31.22
9.96,-13.04,-1.76,31.23
4.54,-6.65,-6.38,31.23
-0.18,-6.57,-4.37,31.22
1.01,-8.61,-4.74,31.23
-1.53,-7.73,0.23,31.2
-1.49,-11.6,-5.74,31.25
-5.14,-9.95,-4.87,31.23
-1.69,-11.08,-5.63,31.22
-0.07,-7.27,-5.29,31.18
-2.08,-9.88,-2.71,31.22
0.31,-10.75,-3.44,31.21
-6.19,-8.43,-4.5,31.2
-0.6,-10.49,-9.05,31.19
8.18,-9.57,-3.9,31.2
-8.77,-3.71,-2.75,31.23
-3.03,-9.67,-7.57,31.23
4.58,-12.79,-7.35,31.21
-0.37,-8.69,-4.69,31.24
-1.76,-8.6,-2.83,31.19
1.76,-8.26,-2.26,31.24
-3.71,-12.94,-0.64,31.2
7.17,-15.22,-1.6,31.22
-1.71,-6.31,0.82,31.23
-8.1,-4.57,2.13,31.22
0.33,-10.65,-6.81,31.2
-0.46,-12.11,-5.11,31.22
1.8,-8.68,-5.95,31.22
1.21,-9.7,-6.13,31.21
-2.76,-6.23,-2.38,31.22
-1.33,-11.54,-2.83,31.19
-1.14,-8.73,-6.79,31.2
-1.08,-9.55,-6.9,31.19
-1.85,-10.01,-4.73,31.19
-0.69,-7.87,-4.29,31.27
-0.81,-8.04,-2.94,31.26
-0.36,-11.67,-6.7,31.17
1.74,-11.65,-5.13,31.23
-9.22,-6.11,1.63,31.22
-9.82,-7.04,-0.65,31.22
-2.94,-11.06,-5.62,31.21
2.53,-15.02,-2.76,31.21
-5.81,-8.02,1.9,31.2
-0.82,-4.19,-5.11,31.24
1.26,-12.62,-3.62,31.19
-3.73,-10.43,-4.93,31.22
0.27,-10.89,-5.63,31.22
2.95,-10.74,-4.98,31.24
0.45,-9.15,-1.0,31.22
-3.01,-9.19,-2.88,31.24
-2.04,-7.73,-4.75,31.22
-1.04,-9.96,-4.9,31.22
-2.67,-11.59,-3.34,31.19
-1.38,-9.77,-4.69,31.23
0.11,-7.26,-2.74,31.2
1.97,-8.73,-2.78,31.18
-5.2,-6.59,-2.78,31.21
-7.75,-10.59,-2.51,31.22
3.96,-10.62,-3.15,31.17
-3.29,-5.01,-1.32,31.23
-5.74,-7.49,-6.91,31.18
0.73,-15.27,-8.51,31.21
3.77,-10.84,-6.78,31.2
-0.42,-9.23,-4.32,31.19
-2.3,-7.06,-2.72,31.26
-2.19,-10.29,-3.25,31.24
-2.11,-9.55,-8.65,31.21
-2.32,-10.12,-5.41,31.22
0.25,-9.28,-2.65,31.22
0.42,-7.12,-3.98,31.19
-3.85,-8.97,-3.69,31.22
-0.16,-10.17,-5.1,31.21
-7.47,-7.76,-0.64,31.2
-7.47,-9.43,-3.5,31.25
4.51,-13.09,-3.68,31.19
-2.43,-3.41,-2.21,31.19
-5.89,-7.47,-6.87,31.22
2.01,-14.76,-9.11,31.19
1.62,-10.98,-4.29,31.2
-2.1,-10.36,-0.56,31.2
-2.21,-12.53,-3.76,31.2
0.42,-10.73,-6.71,31.16
-0.31,-7.63,-3.93,31.19
0.88,-7.18,-4.0,31.21
2.35,-9.83,-0.32,31.23
3.5,-12.93,-2.8,31.19
-4.26,-8.34,-4.73,31.2
-4.88,-4.88,3.69,31.21
-1.32,-7.4,-2.15,31.2
0.52,-11.24,-4.4,31.21
-3.68,-7.28,-3.77,31.21
0.77,-6.06,-1.82,31.2
-0.33,-8.01,-4.61,31.19
-0.98,-7.0,-5.33,31.24
-1.42,-10.99,-2.7,31.18
-3.1,-10.5,-3.78,31.18
-4.33,-8.96,-4.1,31.24
0.93,-8.57,-6.03,31.25
1.0,-9.54,-3.63,31.2
-4.82,-5.63,-4.87,31.2
-9.09,-6.66,-0.85,31.19
3.71,-11.55,-5.09,31.19
-2.38,-11.29,-2.79,31.22
-7.21,-5.52,-2.53,31.23
3.95,-8.03,-3.96,31.23
-1.62,-8.24,-3.53,31.24
-3.01,-9.85,-2.79,31.21
2.39,-11.04,-5.44,31.23
-0.74,-9.61,-4.72,31.25
-5.01,-7.55,-4.49,31.19
-2.83,-10.15,-5.54,31.24
1.14,-10.62,-7.34,31.23
0.3,-9.62,-5.19,31.23
-5.01,-10.17,-4.45,31.23
-2.52,-9.75,-6.11,31.26
-3.7,-6.07,-7.32,31.22
4.87,-13.48,-6.19,31.22
-4.21,-10.62,-6.73,31.21
3.91,-4.99,-5.72,31.23
1.01,-4.56,-4.43,31.19
-4.27,-9.77,-3.61,31.18
-0.1,-11.09,-2.79,31.22
-0.42,-10.39,-3.23,31.21
-3.54,-3.68,-4.87,31.23
-3.3,-9.56,-5.3,31.24
0.07,-12.92,-5.16,31.24
-0.05,-9.14,-1.61,31.23
-1.95,-8.04,-3.96,31.22
-0.25,-7.41,-7.33,31.27
0.02,-8.73,-4.46,31.26
-2.8,-9.87,-0.74,31.2
-3.46,-10.24,1.06,31.2
-0.11,-8.57,-5.53,31.2
-5.69,-7.81,-2.04,31.21
-1.25,-7.62,-6.0,31.24
3.32,-11.3,-6.79,31.24
-0.73,-7.51,-2.21,31.17
-2.53,-11.4,-4.27,31.17
-2.64,-10.69,-3.3,31.22
-0.83,-8.75,-5.22,31.21
1.19,-6.29,-5.07,31.24
-2.96,-8.71,-1.62,31.22
-2.21,-12.48,-5.02,31.21
0.61,-10.81,-5.9,31.22
-0.04,-5.75,-6.47,31.23
-5.38,-5.86,-5.62,31.25
6.56,-17.31,-7.86,31.21
5.28,-10.19,-1.02,31.2
-6.11,-6.7,-1.52,31.19
-0.22,-12.95,-4.27,31.23
0.53,-7.55,-9.9,31.23
-1.07,-7.27,-3.18,31.22
0.82,-11.89,-8.76,31.22
0.31,-5.92,0.56,31.19
-6.98,-13.12,-3.32,31.21
-1.91,-10.95,-0.44,31.2
-4.65,-11.35,-2.6,31.17
-1.63,-9.47,-7.19,31.21
0.65,-7.22,-4.55,31.2
-1.59,-5.56,-7.2,31.2
0.96,-13.52,-2.06,31.19
2.3,-8.56,1.92,31.17
-3.7,-7.13,1.48,31.23
-3.45,-9.12,-1.53,31.17
-1.06,-6.33,-4.82,31.17
-2.89,-8.26,-7.78,31.2
1.13,-11.81,-7.25,31.19
3.43,-10.58,-1.96,31.17
-4.62,-5.85,-2.81,31.23
-7.07,-9.43,-6.01,31.2
1.53,-10.22,-8.25,31.15
2.83,-8.33,-4.14,31.2
0.95,-11.36,-3.53,31.2
-1.86,-9.81,-2.26,31.22
-0.09,-7.8,-4.04,31.19
-1.76,-4.95,-3.43,31.17
-5.89,-11.61,-6.92,31.18
-0.75,-11.81,-6.06,31.24
0.98,-10.55,-3.03,31.2
-1.47,-6.22,-8.2,31.2
-3.41,-9.08,-0.73,31.22
-2.11,-11.43,-5.89,31.24
1.54,-9.01,-5.05,31.22
-0.53,-12.22,-4.98,31.17
-1.99,-7.08,-2.91,31.22
-1.45,-7.94,-4.72,31.16
0.3,-10.62,-4.74,31.21
-1.49,-11.09,-5.49,31.22
-2.37,-8.84,-4.12,31.21
-1.08,-8.58,-2.02,31.17
-2.23,-6.28,-4.38,31.23
5.91,-13.6,-0.76,31.21
1.21,-6.31,0.44,31.19
-8.13,-10.81,-1.55,31.2
-3.77,-6.51,-4.55,31.17
2.7,-2.82,-5.7,31.2
2.72,-9.61,-6.56,31.21
-3.6,-10.49,-3.27,31.18
-1.01,-6.48,0.16,31.24
-1.8,-11.33,-4.02,31.23
-0.05,-6.15,-3.92,31.23
-0.0,-9.44,-3.23,31.21
-1.1,-11.73,-4.22,31.19
-2.13,-8.57,-3.03,31.19
-0.93,-7.26,-5.86,31.22
-2.52,-6.83,-5.81,31.23
-2.48,-9.35,-6.88,31.22
-0.85,-10.87,-2.27,31.23
-0.66,-8.88,0.83,31.2
-4.06,-9.26,-2.76,31.22
-4.74,-8.53,-3.43,31.21
2.4,-8.25,-8.11,31.22
0.58,-13.28,-8.04,31.23
-4.25,-11.3,-5.14,31.24
-1.6,-10.08,-5.85,31.18
-0.81,-8.62,-4.1,31.22
-1.94,-10.15,-1.68,31.17
0.38,-8.68,-2.77,31.18
2.73,-8.59,-1.92,31.19
-4.51,-9.75,-2.5,31.18
3.59,-13.05,-3.57,31.17
-0.69,-4.2,0.1,31.22
-2.31,-3.39,-1.96,31.21
-0.84,-11.89,-5.68,31.17
-4.97,-7.16,-4.8,31.17
-0.42,-11.24,-4.88,31.18
1.47,-8.17,-6.03,31.19
-1.18,-6.83,-3.1,31.17
0.12,-9.23,-3.84,31.19
-2.64,-10.56,-4.6,31.23
-5.22,-11.46,-4.17,31.22
-0.91,-7.0,-5.26,31.23
-0.66,-9.9,-1.75,31.16
1.75,-10.92,-1.75,31.17
-3.43,-8.95,-2.3,31.19
-3.35,-6.09,-0.26,31.19
-0.91,-7.74,-4.2,31.18
-4.84,-10.86,-4.7,31.19
-3.37,-9.52,-6.17,31.19
2.12,-6.34,-6.23,31.2
1.91,-8.79,-4.09,31.19
-2.84,-9.33,-3.83,31.21
-0.32,-11.3,-3.65,31.18
-1.45,-9.84,-3.3,31.17
-1.16,-8.2,-4.13,31.2
-0.11,-10.28,-5.03,31.22
-0.24,-8.36,-5.11,31.17
-0.62,-8.69,-2.55,31.19
-0.32,-10.75,-4.67,31.21
-10.29,-7.36,-3.63,31.15
-2.52,-10.08,-5.66,31.21
6.81,-11.88,-6.29,31.19
-6.09,-4.58,-4.06,31.22
-4.77,-13.72,-7.65,31.19
1.16,-9.53,-2.09,31.23
1.06,-8.27,-5.43,31.19
0.54,-11.03,-7.7,31.21
-0.88,-7.33,-0.08,31.21
-1.16,-12.36,-2.56,31.17
-0.28,-8.26,-4.27,31.17
-0.45,-8.85,-5.92,31.18
1.99,-6.75,-3.51,31.2
-1.28,-8.01,-1.09,31.24
-2.33,-9.28,-5.32,31.17
0.84,-7.78,-4.98,31.23
1.96,-7.65,-4.15,31.21
2.67,-10.6,-1.67,31.24
-3.59,-6.86,-0.42,31.18
-4.98,-10.15,-2.41,31.19
2.07,-9.04,-3.19,31.19
-2.59,-11.62,-2.68,31.19
-1.45,-2.76,-1.05,31.21
-2.57,-7.68,-4.55,31.24
-4.67,-9.01,-7.3,31.18
0.41,-11.53,-3.82,31.23
1.24,-9.0,-6.02,31.19
0.04,-7.54,-2.66,31.23
-5.56,-8.34,-5.14,31.22
2.66,-12.77,-4.8,31.19
3.09,-11.47,-0.07,31.19
-4.47,-6.13,-2.13,31.21
-6.0,-10.3,-6.12,31.18
1.65,-9.49,-6.05,31.19
3.47,-8.19,-5.43,31.22
-2.13,-10.78,-2.85,31.22
-3.27,-9.46,-1.24,31.24
-0.71,-7.35,-5.28,31.19
0.17,-7.22,-2.8,31.22
1.46,-9.75,-5.45,31.17
-0.54,-7.31,-5.79,31.17
-3.17,-8.6,-5.12,31.2
0.97,-8.69,-5.05,31.22
2.25,-10.79,-3.68,31.24
-3.83,-6.56,-4.21,31.21
-1.96,-12.19,-1.87,31.19
0.73,-7.17,-1.36,31.2
-1.75,-6.84,-2.15,31.23
-4.03,-11.55,-3.19,31.2
-1.4,-9.51,-5.93,31.24
1.36,-4.13,-6.89,31.19
-0.45,-8.05,-2.79,31.21
-1.67,-7.6,-0.24,31.18
-3.34,-12.5,-5.34,31.21
-0.52,-10.23,-4.12,31.2
-0.99,-5.52,-6.71,31.2
-1.81,-10.57,-3.44,31.21
0.91,-11.51,-3.51,31.21
-0.58,-8.91,-4.51,31.22
5.27,-10.94,-5.54,31.2
-6.26,-12.86,-1.7,31.18
-5.73,-6.96,2.93,31.18
-3.4,-8.2,-3.62,31.21
-0.91,-8.57,-5.04,31.2
-2.2,-14.15,-11.43,31.17
-6.61,-0.22,-1.05,31.2
6.31,-8.74,-4.1,31.19
-2.09,-14.43,-4.2,31.19
-5.27,-5.48,0.24,31.24
-2.78,-12.71,-6.07,31.2
1.0,-5.52,-5.0,31.22
0.86,-8.77,-3.48,31.22
0.23,-10.26,-1.92,31.19
-2.38,-11.65,-1.34,31.23
-1.88,-9.22,-7.28,31.17
-6.92,-6.02,0.48,31.18
-0.65,-9.93,-6.32,31.23
6.83,-10.96,-2.56,31.19
-7.19,-8.37,-0.45,31.19
-3.69,-10.58,-4.72,31.17
-2.36,-7.49,-3.17,31.2
1.67,-12.03,-4.21,31.18
0.91,-9.09,-4.98,31.21
0.53,-4.2,-4.46,31.2
-3.57,-13.58,-3.46,31.18
-3.0,-11.51,-6.74,31.17
-1.85,-8.87,-6.24,31.19
-3.61,-6.71,-2.49,31.17
1.46,-6.64,-3.61,31.22
1.83,-9.93,-4.21,31.16
-5.51,-6.57,-3.4,31.21
-5.85,-11.09,-2.56,31.17
1.11,-10.62,-4.58,31.18
1.0,-8.59,-1.98,31.18
-5.01,-6.53,-1.08,31.23
-0.19,-9.57,-5.96,31.19
1.83,-10.43,-4.83,31.22
-1.53,-9.55,-2.1,31.19
-0.76,-10.88,-3.39,31.23
-1.95,-6.77,-5.84,31.18
-1.42,-8.89,-4.34,31.22
-1.37,-10.13,-2.84,31.19
-1.32,-8.93,-2.96,31.23
-3.31,-10.46,-4.01,31.21
5.22,-10.01,-4.22,31.21
4.25,-7.26,-1.65,31.22
-8.62,-7.13,-1.38,31.19
-3.6,-12.0,-5.92,31.19
0.85,-7.11,-4.18,31.18
0.86,-4.47,-4.61,31.23
-1.71,-9.08,-6.2,31.19
1.85,-8.83,-5.25,31.17
-3.45,-8.59,-4.56,31.18
-3.65,-11.07,-2.19,31.2
2.18,-7.94,-5.98,31.21
-0.83,-8.25,-5.33,31.22
-3.33,-10.98,-4.29,31.17
-0.97,-9.82,-5.12,31.21
2.09,-10.17,-4.57,31.2
1.74,-8.24,-3.88,31.25
-8.98,-7.28,-0.76,31.14
-4.12,-9.59,-4.11,31.18
2.43,-8.49,-6.96,31.19
-4.51,-8.55,0.51,31.21
-7.49,-8.6,-4.31,31.17
1.74,-7.74,-8.47,31.18
3.35,-8.05,-4.06,31.22
-3.47,-10.55,1.13,31.24
-0.4,-9.64,0.12,31.17
-2.98,-9.62,-8.64,31.12
-2.07,-5.33,-3.12,31.22
-0.76,-10.04,-4.54,31.16
-0.16,-13.73,-0.98,31.2
1.13,-9.42,-1.61,31.17
-4.16,-7.85,-5.03,31.2
-9.23,-7.42,-1.62,31.16
-0.02,-13.71,-6.48,31.19
6.61,-7.03,-1.19,31.16
-3.57,-6.77,-1.32,31.19
-5.94,-7.63,-5.16,31.19
-1.14,-8.87,-3.84,31.18
1.49,-10.12,-6.73,31.2
-0.05,-9.99,-3.74,31.2
-1.26,-9.75,-1.04,31.17
-2.14,-8.25,-6.7,31.18
-3.94,-8.59,-4.38,31.22
0.25,-9.22,-5.98,31.13
0.34,-11.82,-4.07,31.2
-1.72,-9.99,-3.66,31.19
0.07,-7.7,-3.94,31.21
-4.02,-7.37,-5.26,31.16
3.19,-12.52,-5.98,31.19
7.76,-9.22,-0.82,31.17
-4.13,-6.18,-0.09,31.2
-3.39,-7.34,-4.8,31.22
4.35,-6.64,-8.18,31.19
3.19,-7.45,-6.37,31.21
-4.09,-12.02,-1.39,31.23
-0.12,-7.83,-1.33,31.16
-0.88,-10.05,-4.84,31.22
-1.42,-6.89,-5.18,31.23
-1.46,-8.87,-4.77,31.2
-0.2,-9.22,-4.04,31.17
-1.84,-7.92,-2.38,31.19
-2.72,-6.62,-6.21,31.21
-11.76,-10.24,-1.0,31.17
-4.47,-8.44,-9.17,31.15
3.55,-8.6,-5.26,31.19
-0.84,-7.04,-2.75,31.19
-8.95,-8.26,-4.89,31.16
1.27,-6.65,-3.99,31.17
6.71,-12.05,-5.35,31.19
-1.29,-9.86,0.46,31.19
-1.5,-9.05,-0.42,31.16
-1.28,-11.36,-7.86,31.17
1.46,-4.5,-3.15,31.15
1.96,-12.62,-5.78,31.19
-4.21,-10.57,-1.79,31.17
-1.58,-9.92,-5.29,31.19
-2.82,-7.07,-1.91,31.17
7.1,-14.47,0.94,31.19
-8.18,-6.85,-2.42,31.22
-2.32,-11.14,-6.64,31.17
-0.2,-8.6,-4.41,31.23
1.27,-7.52,-5.36,31.24
-3.34,-8.38,-4.92,31.23
-2.38,-8.46,-2.01,31.2
2.88,-9.44,-7.38,31.21
0.29,-9.26,-5.81,31.23
-3.48,-10.96,-2.71,31.16
0.82,-9.23,-7.67,31.18
-0.2,-7.3,-6.45,31.16
-1.09,-10.51,-4.36,31.19
-0.52,-13.81,-4.54,31.22
7.72,-12.69,-6.17,31.24
-6.96,-3.99,-3.74,31.2
-12.75,-9.54,1.61,31.19
-1.97,-8.09,-6.15,31.18
1.45,-8.23,-5.94,31.19
-6.82,-8.84,-5.22,31.19
4.04,-6.38,-2.58,31.22
-4.77,-9.26,-3.34,31.16
-0.05,-6.91,-3.11,31.2
-1.44,-12.81,-5.03,31.18
-3.79,-7.26,-3.03,31.2
-1.87,-10.53,-7.59,31.15
1.82,-10.08,-5.71,31.21
0.2,-8.9,-4.59,31.18
-3.96,-13.81,-1.86,31.19
-1.53,-12.36,-5.49,31.24
-1.15,-6.39,-0.65,31.17
-3.31,-7.16,-1.63,31.17
-0.5,-7.97,0.75,31.17
-0.49,-13.23,-4.95,31.16
-1.65,-4.84,-5.05,31.17
-2.48,-8.36,-1.15,31.18
-0.96,-7.77,-3.1,31.14
1.82,-8.45,-2.26,31.18
-0.92,-12.47,-6.05,31.2
0.45,-8.45,-4.2,31.18
-1.35,-7.71,-4.75,31.18
1.12,-8.58,-5.8,31.22
0.57,-11.26,-2.76,31.21
-7.92,-8.11,-3.36,31.17
-7.71,-11.27,-0.23,31.19
4.61,-6.1,-4.12,31.21
-3.68,-4.25,-2.49,31.16
-6.12,-10.27,-4.2,31.19
-1.13,-10.19,-5.79,31.18
0.25,-7.97,-5.16,31.22
-3.04,-6.33,-4.65,31.16
-0.49,-9.71,-3.18,31.17
0.16,-9.09,-5.45,31.18
-0.05,-9.71,-1.54,31.19
-1.49,-11.2,-3.77,31.14
0.29,-8.27,-7.16,31.13
-2.43,-8.55,-3.03,31.19
-0.99,-11.02,-4.7,31.16
-4.25,-10.93,-3.14,31.15
-3.56,-8.54,-1.06,31.19
-1.69,-10.2,-2.89,31.17
-2.05,-11.44,-5.06,31.2
1.1,-5.71,-2.54,31.19
1.55,-8.86,-6.39,31.16
-5.11,-10.0,-2.1,31.17
0.28,-12.62,-2.23,31.2
-4.37,-5.36,-0.83,31.17
-1.69,-7.11,-6.99,31.19
5.0,-11.9,-1.38,31.22
-5.15,-7.14,-4.15,31.14
-5.02,-9.17,-0.2,31.19
0.52,-8.29,-4.19,31.19
-0.68,-6.56,-4.3,31.19
-4.68,-6.53,-3.96,31.17
-2.7,-9.22,-2.83,31.2
1.27,-10.07,-4.61,31.21
-2.08,-11.0,-4.09,31.2
0.59,-6.98,-6.62,31.19
-4.87,-10.91,-4.46,31.17
-2.1,-10.01,-3.33,31.19
0.23,-12.22,-4.33,31.17
-1.73,-8.79,-2.51,31.21
-1.68,-13.31,-4.75,31.21
5.52,-6.83,-2.31,31.19
-1.33,-7.26,-0.91,31.17
-4.15,-10.35,-1.63,31.22
-1.91,-9.9,-4.5,31.13
-2.1,-4.73,-2.05,31.17
-0.91,-5.41,-5.28,31.16
-1.49,-9.16,-1.67,31.17
-1.67,-11.14,-3.45,31.23
-4.88,-8.97,-4.09,31.19
-0.47,-8.94,-4.24,31.17
2.04,-7.24,-8.05,31.2
-3.02,-10.5,-2.63,31.17
-6.01,-10.32,-3.93,31.22
-3.68,-10.07,-3.28,31.17
0.65,-6.6,-6.39,31.22
1.8,-8.7,-5.8,31.17
4.95,-10.12,-4.69,31.17
-1.49,-10.41,-3.51,31.19
-1.14,-7.81,-2.65,31.18
-0.95,-6.45,0.21,31.17
-1.03,-7.23,-5.09,31.19
0.42,-7.75,-7.19,31.23
-3.64,-10.26,-3.31,31.22
-0.37,-10.77,-3.56,31.23
-1.63,-9.27,-6.94,31.2
-4.06,-5.56,-3.43,31.17
-5.2,-9.78,-3.27,31.19
-4.94,-9.02,-3.92,31.24
2.01,-8.74,-4.91,31.18
1.46,-8.0,-4.54,31.2
-7.36,-7.36,-0.47,31.23
-4.63,-7.51,-2.66,31.21
0.58,-11.73,-7.63,31.21
-1.05,-10.77,-5.5,31.23
-3.2,-6.51,-3.67,31.17
-2.05,-9.87,-4.87,31.2
0.15,-8.06,-4.48,31.21
1.31,-10.19,-4.55,31.23
-0.26,-10.61,-3.75,31.18
-4.41,-8.99,-3.1,31.21
-1.04,-8.81,-4.89,31.22
-1.22,-6.6,-6.43,31.17
-2.46,-11.13,-3.73,31.21
2.32,-11.11,-3.73,31.17
-0.38,-7.03,-1.79,31.21
-2.76,-6.57,-5.56,31.22
-2.32,-10.31,-3.79,31.2
-2.38,-11.08,-3.93,31.21
-0.9,-7.45,-3.76,31.22
-1.48,-6.96,-2.75,31.23
0.17,-7.42,-3.52,31.19
-0.41,-11.23,-5.12,31.2
-1.28,-9.73,-3.33,31.21
-2.65,-10.26,-3.85,31.19
