ax,ay,az,temp
1.41,-0.24,9.21,36.96
1.32,-0.23,9.22,36.98
1.38,-0.2,9.17,36.95
1.37,-0.22,9.3,36.97
1.39,-0.19,9.19,36.97
1.37,-0.24,9.22,36.95
1.32,-0.22,9.22,36.93
1.36,-0.21,9.19,36.98
1.36,-0.25,9.2,36.96
1.39,-0.27,9.15,36.96
1.37,-0.25,9.24,36.98
1.38,-0.2,9.27,37.01
1.4,-0.16,9.22,37.01
1.31,-0.23,9.15,36.96
1.39,-0.23,9.22,36.94
1.36,-0.26,9.16,36.96
1.37,-0.21,9.17,36.98
1.38,-0.25,9.18,36.94
1.37,-0.21,9.2,36.96
1.34,-0.22,9.17,36.97
1.31,-0.24,9.23,36.96
1.33,-0.28,9.21,36.96
1.31,-0.29,9.19,36.97
1.39,-0.27,9.22,36.96
1.38,-0.18,9.2,36.98
1.35,-0.26,9.23,36.97
1.37,-0.23,9.2,36.94
1.39,-0.19,9.24,36.98
1.39,-0.26,9.2,36.99
1.39,-0.23,9.15,36.97
1.34,-0.25,9.23,37.04
1.37,-0.26,9.18,36.98
1.38,-0.24,9.21,36.95
1.39,-0.22,9.17,37.02
1.41,-0.21,9.22,36.97
1.38,-0.2,9.18,36.94
1.35,-0.24,9.14,37.0
1.36,-0.24,9.26,36.98
1.33,-0.21,9.15,37.0
1.36,-0.29,9.24,36.97
1.37,-0.25,9.18,37.0
1.38,-0.23,9.22,36.97
1.38,-0.23,9.15,36.97
1.36,-0.23,9.24,37.0
1.39,-0.25,9.18,36.99
1.37,-0.25,9.17,36.97
1.41,-0.25,9.24,36.99
1.37,-0.19,9.11,37.0
1.39,-0.28,9.16,36.99
1.39,-0.2,9.28,36.96
1.38,-0.25,9.15,37.01
1.33,-0.24,9.16,36.97
1.36,-0.23,9.2,36.97
1.34,-0.2,9.21,37.01
1.36,-0.24,9.24,37.03
1.36,-0.23,9.2,36.99
1.37,-0.26,9.22,36.97
1.4,-0.24,9.2,36.98
1.33,-0.23,9.19,37.0
1.38,-0.22,9.17,36.94
1.38,-0.22,9.25,37.02
1.33,-0.24,9.15,37.01
1.34,-0.22,9.2,36.99
1.36,-0.24,9.21,36.94
1.39,-0.22,9.18,36.99
1.43,-0.23,9.24,37.05
1.38,-0.19,9.13,37.02
1.35,-0.23,9.13,36.97
1.37,-0.19,9.2,36.98
1.34,-0.22,9.21,36.96
1.36,-0.23,9.24,36.96
1.33,-0.24,9.19,36.97
1.4,-0.24,9.2,36.99
1.35,-0.24,9.25,36.96
1.37,-0.22,9.18,36.96
1.37,-0.24,9.29,36.99
1.33,-0.24,9.15,36.99
1.34,-0.22,9.26,36.99
1.33,-0.2,9.16,36.97
1.38,-0.19,9.19,36.96
1.38,-0.23,9.22,36.97
1.38,-0.23,9.2,36.99
1.33,-0.2,9.23,36.97
1.37,-0.19,9.22,37.03
1.37,-0.27,9.18,37.02
1.38,-0.25,9.15,36.98
1.4,-0.25,9.21,37.01
1.42,-0.25,9.25,37.0
1.33,-0.25,9.25,36.98
1.38,-0.25,9.19,37.03
1.36,-0.23,9.21,36.98
1.36,-0.23,9.23,37.0
1.35,-0.2,9.22,36.99
1.42,-0.19,9.17,37.0
1.35,-0.24,9.2,37.03
1.36,-0.21,9.22,37.02
1.4,-0.25,9.17,37.01
1.34,-0.27,9.23,37.06
1.4,-0.26,9.21,36.99
1.4,-0.27,9.23,37.05
1.34,-0.23,9.22,37.01
1.34,-0.23,9.2,37.04
1.39,-0.22,9.18,36.97
1.37,-0.19,9.29,37.03
1.4,-0.28,9.17,36.97
1.34,-0.24,9.17,36.95
1.42,-0.24,9.2,37.04
1.38,-0.24,9.25,36.98
1.37,-0.22,9.21,37.04
1.34,-0.26,9.19,37.0
1.43,-0.23,9.19,36.98
1.41,-0.25,9.25,37.02
1.38,-0.24,9.16,37.0
1.37,-0.24,9.17,37.02
1.34,-0.25,9.2,37.01
1.39,-0.22,9.18,36.99
1.35,-0.23,9.22,37.0
1.36,-0.23,9.19,37.0
1.35,-0.3,9.23,37.0
1.38,-0.28,9.18,37.02
1.34,-0.27,9.26,37.03
1.41,-0.23,9.27,36.98
1.36,-0.25,9.22,37.0
1.34,-0.27,9.14,37.0
1.36,-0.23,9.21,36.96
1.34,-0.26,9.26,37.02
1.35,-0.23,9.18,37.03
1.36,-0.25,9.19,36.98
1.39,-0.22,9.21,37.03
1.37,-0.23,9.21,37.02
1.42,-0.25,9.23,36.97
1.35,-0.23,9.19,37.01
1.35,-0.25,9.21,37.01
1.35,-0.23,9.22,37.01
1.36,-0.18,9.12,37.03
1.38,-0.24,9.21,37.04
1.36,-0.23,9.24,37.01
1.34,-0.24,9.19,36.99
1.38,-0.22,9.14,36.99
1.41,-0.23,9.22,37.01
1.37,-0.23,9.25,37.03
1.37,-0.25,9.19,36.99
1.33,-0.25,9.2,36.97
1.39,-0.25,9.19,37.0
1.34,-0.26,9.09,37.07
1.35,-0.26,9.2,37.02
1.36,-0.22,9.13,37.01
1.38,-0.27,9.25,36.99
1.44,-0.24,9.14,37.01
1.34,-0.26,9.26,37.02
1.4,-0.2,9.12,36.99
1.39,-0.23,9.2,37.02
1.36,-0.31,9.26,37.0
1.41,-0.18,9.21,37.02
1.39,-0.27,9.25,37.0
1.44,-0.24,9.18,37.0
1.32,-0.25,9.21,37.0
1.39,-0.2,9.2,37.01
1.37,-0.24,9.19,36.98
1.35,-0.3,9.16,37.03
1.35,-0.24,9.18,37.01
1.39,-0.23,9.25,37.04
1.36,-0.23,9.14,37.06
1.4,-0.21,9.2,36.99
1.37,-0.24,9.22,36.97
1.37,-0.25,9.24,37.05
1.39,-0.25,9.22,37.03
1.38,-0.25,9.16,37.06
1.43,-0.29,9.21,37.02
1.37,-0.26,9.19,37.02
1.37,-0.18,9.22,37.02
1.4,-0.23,9.22,37.03
1.36,-0.18,9.19,37.02
1.3,-0.2,9.22,37.01
1.39,-0.22,9.24,37.02
1.33,-0.24,9.22,36.98
1.37,-0.29,9.24,37.03
1.34,-0.22,9.19,37.02
1.39,-0.22,9.29,36.99
1.38,-0.23,9.16,36.99
1.42,-0.25,9.15,37.04
1.38,-0.24,9.28,37.01
1.37,-0.22,9.18,36.98
1.37,-0.25,9.22,37.03
1.36,-0.19,9.2,37.02
1.38,-0.25,9.14,37.04
1.4,-0.27,9.19,37.05
1.34,-0.24,9.11,37.0
1.39,-0.25,9.19,37.05
1.35,-0.26,9.17,37.04
1.32,-0.24,9.2,37.01
1.37,-0.26,9.25,37.0
1.41,-0.23,9.27,37.03
1.33,-0.23,9.23,37.08
1.4,-0.2,9.24,37.05
1.37,-0.21,9.17,37.09
1.37,-0.23,9.22,37.03
1.38,-0.24,9.18,37.03
1.35,-0.26,9.29,37.06
1.4,-0.24,9.27,37.04
1.37,-0.27,9.22,37.03
1.36,-0.24,9.23,37.01
1.38,-0.26,9.24,37.06
1.34,-0.24,9.26,37.03
1.39,-0.2,9.11,37.03
1.38,-0.27,9.2,37.06
1.37,-0.23,9.2,37.04
1.34,-0.3,9.22,36.99
1.36,-0.2,9.19,37.05
1.37,-0.22,9.2,37.01
1.39,-0.25,9.23,37.02
1.36,-0.26,9.21,37.04
1.38,-0.25,9.19,37.04
1.4,-0.28,9.17,37.06
1.42,-0.25,9.27,37.03
1.36,-0.27,9.2,37.03
1.37,-0.29,9.22,37.07
1.37,-0.22,9.21,37.03
1.36,-0.22,9.15,37.04
1.39,-0.22,9.22,37.07
1.37,-0.27,9.22,37.04
1.4,-0.23,9.23,37.06
1.38,-0.27,9.25,37.05
1.39,-0.26,9.25,37.04
1.37,-0.23,9.18,37.05
1.36,-0.26,9.17,37.08
1.34,-0.19,9.14,37.01
1.37,-0.27,9.26,37.06
1.31,-0.28,9.24,37.06
1.37,-0.22,9.15,37.07
1.33,-0.31,9.31,37.04
1.41,-0.2,9.21,37.03
1.36,-0.26,9.29,37.04
1.43,-0.19,9.12,37.05
1.36,-0.27,9.2,37.03
1.37,-0.2,9.17,37.04
1.37,-0.26,9.24,37.04
1.4,-0.21,9.21,37.03
1.39,-0.26,9.21,37.06
1.39,-0.21,9.16,37.04
1.35,-0.28,9.23,37.05
1.37,-0.24,9.2,37.09
1.37,-0.24,9.23,37.05
1.39,-0.21,9.17,37.02
1.31,-0.22,9.21,37.03
1.36,-0.27,9.21,37.07
1.35,-0.18,9.26,37.01
1.37,-0.24,9.17,37.05
1.37,-0.19,9.21,37.07
1.38,-0.27,9.24,37.1
1.37,-0.23,9.17,37.04
1.37,-0.23,9.16,37.05
1.35,-0.23,9.2,37.01
1.36,-0.23,9.21,37.05
1.32,-0.23,9.25,37.02
1.36,-0.25,9.22,37.04
1.36,-0.24,9.21,37.06
1.37,-0.27,9.17,37.07
1.39,-0.21,9.21,37.08
1.4,-0.27,9.22,36.99
1.38,-0.27,9.2,37.09
1.36,-0.24,9.25,37.06
1.4,-0.22,9.25,37.04
1.37,-0.25,9.22,37.01
1.37,-0.22,9.2,37.02
1.32,-0.21,9.2,37.08
1.39,-0.28,9.21,37.04
1.4,-0.29,9.16,37.06
1.47,-0.26,9.41,37.05
1.5,-0.06,9.42,37.05
1.96,-0.52,10.12,37.06
1.42,0.14,8.77,37.04
0.89,0.15,9.2,37.01
1.51,0.2,9.21,37.07
1.51,-0.41,9.09,37.08
0.92,-0.11,8.68,37.04
1.11,-0.23,8.98,37.07
0.91,0.18,8.63,37.04
1.1,-0.05,9.01,37.06
0.89,-0.5,9.1,37.03
1.3,-0.83,9.39,37.06
1.14,-0.72,9.47,37.06
1.31,-0.53,9.48,37.07
1.35,-0.61,9.67,37.07
1.37,-0.76,9.67,37.08
1.47,-0.93,9.68,37.06
1.49,-0.78,9.49,37.07
1.49,-0.64,9.49,37.07
1.48,-0.17,9.17,37.09
1.43,-0.15,9.04,37.11
1.38,-0.23,8.97,37.08
1.59,-0.21,8.76,37.06
1.59,-0.26,8.84,37.09
1.65,-0.0,8.8,37.04
1.65,0.19,8.76,37.09
1.6,0.12,8.96,37.09
1.45,-0.02,9.16,37.08
1.56,-0.26,9.36,37.09
1.69,-0.05,9.35,37.08
1.65,-0.05,9.46,37.08
1.52,0.05,9.5,37.06
1.4,0.04,9.44,37.05
1.36,-0.18,9.39,37.07
1.29,-0.21,9.39,37.12
1.27,-0.02,9.11,37.02
1.26,-0.07,9.18,37.08
1.22,0.13,8.95,37.11
1.09,0.02,8.94,37.05
1.12,-0.11,8.99,37.09
1.02,-0.22,8.94,37.06
1.11,-0.28,9.01,37.13
1.18,-0.25,9.03,37.07
1.15,-0.18,9.12,37.06
1.19,-0.33,9.29,37.08
1.17,-0.55,9.41,37.06
1.27,-0.61,9.46,37.11
1.38,-0.66,9.51,37.09
1.41,-0.49,9.4,37.06
1.43,-0.42,9.28,37.06
1.34,-0.5,9.24,37.11
1.5,-0.54,9.24,37.09
1.47,-0.27,9.0,37.05
1.53,-0.24,9.05,37.07
1.5,-0.08,8.96,37.11
1.41,-0.11,8.88,37.05
1.43,-0.23,9.06,37.09
1.44,-0.16,9.1,37.06
1.49,-0.21,9.26,37.07
1.53,-0.09,9.22,37.07
1.43,-0.14,9.31,37.05
1.51,-0.24,9.39,37.09
1.55,-0.25,9.35,37.09
1.5,-0.27,9.36,37.04
1.5,-0.3,9.45,37.04
1.47,-0.1,9.17,37.04
1.49,-0.17,9.12,37.04
1.48,-0.25,9.16,37.12
1.43,-0.18,9.08,37.09
1.44,-0.14,9.02,37.04
1.3,-0.12,8.98,37.09
1.36,-0.08,8.94,37.03
1.36,-0.12,9.18,37.09
1.24,-0.18,9.04,37.06
1.28,-0.27,9.18,37.07
1.26,-0.31,9.31,37.04
1.26,-0.26,9.26,37.09
1.24,-0.32,9.44,37.07
1.23,-0.32,9.36,37.04
1.23,-0.33,9.3,37.08
1.26,-0.51,9.41,37.03
1.19,-0.21,9.17,37.07
1.15,-0.3,9.39,37.08
1.23,-0.17,9.14,37.07
1.28,-0.22,9.1,37.08
1.3,-0.22,9.11,37.06
1.32,-0.21,9.09,37.06
1.34,-0.2,9.14,37.08
1.37,-0.07,9.03,37.08
1.58,-0.28,9.28,37.07
1.53,-0.28,9.2,37.08
1.56,-0.23,9.26,37.06
1.58,-0.25,9.34,37.05
1.57,-0.24,9.14,37.07
1.55,-0.3,9.18,37.08
1.6,-0.23,9.11,37.13
1.55,-0.2,9.14,37.1
1.53,-0.25,9.11,37.1
1.5,-0.22,9.08,37.08
1.47,-0.28,9.12,37.1
1.42,-0.25,9.06,37.08
1.47,-0.33,9.19,37.1
1.41,-0.32,9.21,37.13
1.34,-0.24,9.11,37.09
1.34,-0.33,9.29,37.07
1.34,-0.33,9.24,37.09
1.29,-0.35,9.35,37.1
1.27,-0.36,9.24,37.08
1.25,-0.29,9.23,37.09
1.28,-0.27,9.24,37.1
1.28,-0.25,9.2,37.1
1.23,-0.28,9.21,37.05
1.26,-0.21,9.16,37.09
1.23,-0.18,9.14,37.09
1.27,-0.16,9.05,37.11
1.3,-0.14,9.21,37.1
1.3,-0.24,9.15,37.05
1.28,-0.16,9.2,37.12
1.34,-0.17,9.22,37.1
1.31,-0.12,9.19,37.05
1.41,-0.12,9.28,37.09
1.36,-0.09,9.32,37.04
1.39,-0.15,9.24,37.09
1.41,-0.19,9.24,37.11
1.43,-0.13,9.22,37.07
1.42,-0.12,9.22,37.11
1.41,-0.18,9.18,37.15
1.44,-0.2,9.15,37.09
1.37,-0.19,9.12,37.1
1.43,-0.2,9.12,37.06
1.47,-0.28,9.11,37.1
1.41,-0.31,9.22,37.09
1.45,-0.36,9.21,37.08
1.4,-0.34,9.22,37.05
1.47,-0.37,9.23,37.08
1.49,-0.43,9.28,37.13
1.44,-0.37,9.27,37.1
1.45,-0.37,9.26,37.12
1.43,-0.34,9.22,37.07
1.43,-0.36,9.19,37.11
1.4,-0.36,9.23,37.07
1.42,-0.34,9.15,37.08
1.38,-0.39,9.17,37.12
1.39,-0.32,9.11,37.08
1.38,-0.32,9.17,37.07
1.34,-0.37,9.15,37.12
1.36,-0.25,9.14,37.05
1.35,-0.29,9.23,37.09
1.35,-0.23,9.25,37.1
1.39,-0.28,9.28,37.09
1.36,-0.26,9.18,37.09
1.37,-0.21,9.22,37.08
1.39,-0.24,9.2,37.12
1.37,-0.18,9.23,37.14
1.36,-0.16,9.25,37.12
1.38,-0.17,9.23,37.12
1.38,-0.14,9.13,37.12
1.41,-0.11,9.2,37.11
1.36,-0.08,9.12,37.12
1.4,-0.05,9.18,37.11
1.39,-0.13,9.14,37.09
1.36,-0.08,9.14,37.12
1.36,-0.15,9.16,37.06
1.39,-0.11,9.21,37.11
1.38,-0.17,9.19,37.11
1.36,-0.18,9.25,37.12
1.36,-0.25,9.24,37.09
1.34,-0.21,9.27,37.13
1.34,-0.25,9.23,37.07
1.34,-0.27,9.27,37.12
1.37,-0.31,9.22,37.1
1.37,-0.34,9.15,37.11
1.34,-0.28,9.13,37.14
1.45,-0.35,9.14,37.13
1.42,-0.33,9.18,37.11
1.44,-0.36,9.18,37.12
1.44,-0.45,9.25,37.1
1.4,-0.33,9.15,37.08
1.45,-0.4,9.23,37.12
1.47,-0.35,9.22,37.15
1.41,-0.44,9.27,37.12
1.47,-0.38,9.24,37.12
1.36,-0.34,9.2,37.12
1.41,-0.4,9.29,37.13
1.42,-0.31,9.23,37.14
1.37,-0.32,9.22,37.09
1.38,-0.26,9.14,37.09
1.41,-0.23,9.21,37.12
1.37,-0.24,9.2,37.12
1.38,-0.16,9.18,37.12
1.4,-0.22,9.15,37.12
1.41,-0.16,9.11,37.12
1.39,-0.08,9.12,37.13
1.36,-0.13,9.13,37.09
1.38,-0.11,9.14,37.12
1.38,-0.14,9.26,37.14
1.39,-0.01,9.24,37.13
1.32,-0.11,9.25,37.15
1.35,-0.06,9.17,37.09
1.31,-0.17,9.2,37.12
1.28,-0.15,9.21,37.13
1.34,-0.16,9.13,37.14
1.31,-0.2,9.16,37.12
1.27,-0.2,9.06,37.11
1.43,-0.22,9.34,37.16
1.41,-0.18,9.11,37.12
1.47,-0.34,9.26,37.12
1.44,-0.27,9.28,37.12
1.38,-0.3,9.14,37.1
1.43,-0.41,9.27,37.12
1.28,-0.34,9.22,37.16
1.34,-0.37,9.24,37.12
1.3,-0.45,9.34,37.06
1.28,-0.29,9.13,37.1
1.31,-0.41,9.31,37.12
1.33,-0.35,9.24,37.13
1.31,-0.39,9.17,37.11
1.38,-0.37,9.3,37.1
1.29,-0.38,9.13,37.14
1.43,-0.38,9.25,37.12
1.43,-0.35,9.11,37.16
1.36,-0.31,9.16,37.13
1.47,-0.29,9.16,37.13
1.39,-0.33,9.19,37.17
1.47,-0.27,9.28,37.11
1.45,-0.31,9.13,37.14
1.52,-0.23,9.17,37.14
1.48,-0.26,9.29,37.12
1.41,-0.17,9.18,37.14
1.49,-0.2,9.17,37.1
1.47,-0.13,9.21,37.17
1.4,-0.06,9.11,37.11
1.45,-0.05,9.17,37.1
1.33,-0.05,9.11,37.14
1.44,-0.06,9.24,37.15
1.37,-0.07,9.18,37.09
1.31,0.0,9.16,37.14
1.36,-0.02,9.15,37.15
1.38,-0.13,9.15,37.13
1.34,-0.18,9.17,37.13
1.46,-0.19,9.29,37.12
1.33,-0.11,9.28,37.13
1.32,-0.11,9.18,37.13
1.36,-0.06,9.23,37.12
1.34,-0.24,9.18,37.12
1.28,-0.36,9.26,37.11
1.29,-0.37,9.25,37.15
1.22,-0.32,9.17,37.15
1.19,-0.37,9.14,37.14
1.23,-0.52,9.28,37.11
1.28,-0.65,9.28,37.12
1.29,-0.58,9.23,37.17
1.28,-0.53,9.24,37.16
1.31,-0.39,9.18,37.16
1.33,-0.39,9.23,37.12
1.36,-0.47,9.29,37.11
1.38,-0.4,9.28,37.14
1.39,-0.35,9.25,37.12
1.44,-0.3,9.15,37.15
1.46,-0.35,9.2,37.17
1.47,-0.24,9.18,37.14
1.43,-0.32,9.13,37.12
1.54,-0.42,9.17,37.17
1.49,-0.25,9.11,37.14
1.56,-0.28,9.22,37.12
1.52,-0.11,9.18,37.14
1.51,-0.19,9.2,37.13
1.58,-0.21,9.19,37.12
1.5,-0.17,9.19,37.11
1.52,-0.26,9.29,37.12
1.5,-0.09,9.17,37.16
1.43,-0.06,9.16,37.13
1.41,0.03,9.21,37.15
1.38,-0.08,9.29,37.19
1.29,-0.06,9.18,37.17
1.36,-0.04,9.12,37.16
1.32,0.06,9.05,37.14
1.25,0.05,9.07,37.11
1.27,-0.08,9.11,37.17
1.27,-0.09,9.15,37.17
1.37,-0.2,9.18,37.12
1.33,-0.18,9.14,37.15
1.32,-0.2,9.15,37.16
1.15,-0.41,9.43,37.15
1.11,-0.08,8.92,37.15
1.58,-0.39,8.69,37.1
0.88,-0.56,8.13,37.13
-2.95,-0.78,11.02,37.19
-0.14,1.35,8.84,37.15
1.07,-1.23,9.89,37.14
1.76,0.02,7.83,37.14
2.55,-1.27,10.75,37.15
0.31,-0.01,8.24,37.15
0.05,-0.07,9.92,37.14
1.23,1.05,8.57,37.18
4.49,-0.53,18.37,37.12
2.62,-0.25,9.87,37.19
3.56,-0.53,9.7,37.17
4.14,-1.06,8.77,37.18
0.62,-0.37,8.44,37.22
-1.39,-0.12,9.34,37.14
0.79,-0.51,10.16,37.16
3.48,-0.6,9.82,37.17
3.79,-0.63,8.75,37.19
0.03,0.04,7.87,37.11
-1.77,0.38,8.65,37.16
0.57,-0.33,10.1,37.16
3.78,-0.81,10.09,37.19
4.2,-0.93,8.95,37.15
0.27,-0.02,8.51,37.2
-1.24,0.7,8.89,37.22
0.71,-0.09,9.96,37.16
3.61,-0.49,9.79,37.19
3.83,-0.49,8.8,37.17
-0.3,0.17,8.47,37.18
-1.54,0.77,9.28,37.2
1.22,-0.14,9.91,37.18
3.81,-0.59,9.39,37.18
3.97,-0.52,8.47,37.21
-0.29,0.68,8.17,37.17
-1.26,0.18,9.37,37.17
1.07,-0.44,10.36,37.18
4.24,-1.12,10.21,37.16
4.18,-0.68,8.69,37.15
-0.37,0.66,7.97,37.19
-1.74,0.54,8.65,37.16
1.21,-0.22,10.03,37.18
4.28,-0.61,9.65,37.18
4.01,-0.96,8.61,37.16
-0.66,-0.11,8.34,37.15
-1.39,0.26,9.31,37.17
1.54,-0.47,10.34,37.24
4.67,-0.64,9.52,37.2
3.7,-0.92,8.4,37.16
-0.79,-0.25,8.31,37.2
-1.29,-0.04,9.71,37.18
0.95,-0.61,10.61,37.19
4.94,-1.03,9.45,37.16
4.53,-1.2,9.14,37.19
0.76,-0.29,8.04,37.18
-2.25,0.09,9.31,37.21
0.57,0.1,9.98,37.17
3.7,-0.72,9.84,37.21
4.36,-0.6,8.56,37.19
0.66,0.0,8.02,37.18
-1.74,0.37,9.15,37.18
0.72,-0.28,10.57,37.22
3.93,-0.97,10.18,37.2
4.53,-0.62,8.6,37.21
0.45,0.77,7.42,37.21
-2.11,0.81,8.68,37.21
0.47,0.12,9.91,37.15
4.12,-1.02,10.07,37.17
4.75,-0.53,8.46,37.23
-0.06,-0.02,8.35,37.16
-1.94,0.71,9.11,37.16
4.37,-0.96,10.09,37.19
4.88,-0.91,9.51,37.19
2.58,-0.09,7.46,37.22
-2.4,0.87,7.97,37.24
-1.06,-0.03,9.44,37.14
2.38,-0.6,10.5,37.19
4.98,-1.26,9.19,37.2
2.3,-0.39,7.91,37.26
-2.0,-0.51,9.08,37.2
-1.33,0.01,9.78,37.18
0.44,-0.35,10.58,37.22
3.67,-0.81,9.83,37.23
4.0,-0.56,8.2,37.19
0.6,0.08,7.64,37.22
-2.75,0.16,8.66,37.19
1.23,-0.26,10.88,37.22
4.5,-1.63,10.59,37.21
4.59,-0.56,8.71,37.21
0.41,-0.56,7.95,37.19
-2.89,0.54,9.12,37.2
1.07,-0.17,10.63,37.21
4.24,-0.64,9.17,37.19
4.81,-0.34,8.4,37.22
-0.28,0.16,7.79,37.21
-1.92,0.38,9.34,37.21
1.07,-0.85,11.51,37.19
4.73,-0.8,9.74,37.23
4.15,-0.71,8.92,37.21
-0.34,0.43,7.32,37.19
-2.58,0.75,9.11,37.23
1.27,-0.57,10.49,37.2
4.49,-0.43,9.22,37.17
4.32,-0.57,8.66,37.24
-0.69,0.15,7.81,37.19
-2.16,0.17,10.33,37.2
1.48,-0.63,10.79,37.27
4.24,-0.66,10.04,37.19
4.13,-0.69,8.06,37.19
-1.56,0.84,7.21,37.19
-2.56,0.05,9.16,37.19
-2.64,-1.05,9.58,37.2
-1.47,0.82,7.66,37.19
-2.01,-1.0,11.62,37.19
4.12,0.45,8.71,37.23
3.81,-1.41,9.9,37.23
2.63,1.16,6.06,37.18
-3.74,-1.22,10.32,37.2
0.88,0.58,8.9,37.23
2.78,-2.13,12.61,37.2
5.23,-0.03,8.28,37.2
1.79,-0.9,8.09,37.22
-2.87,0.09,8.93,37.22
-0.56,0.11,9.79,37.18
2.89,-1.03,10.68,37.21
4.22,0.76,7.26,37.21
1.7,-0.93,8.32,37.21
-2.74,1.05,8.2,37.13
1.2,-0.75,10.47,37.19
3.03,-1.27,11.35,37.26
2.29,-0.1,10.12,37.16
6.22,-0.45,8.57,37.21
1.0,-0.62,8.42,37.21
-0.81,1.04,7.38,37.19
-1.25,-1.36,12.07,37.23
3.03,0.02,9.61,37.19
5.64,-1.89,10.32,37.2
0.8,0.45,6.94,37.2
-2.34,0.82,7.91,37.23
-1.09,-0.33,10.93,37.18
3.79,0.57,9.2,37.17
4.43,-1.57,9.91,37.19
2.34,0.6,6.02,37.23
-2.09,-0.84,9.73,37.21
-0.96,0.35,10.14,37.2
4.73,-1.31,11.35,37.24
3.99,-1.03,9.54,37.2
2.16,1.27,5.66,37.2
-3.28,-1.69,10.58,37.2
-0.39,1.38,8.68,37.21
3.22,-1.58,11.44,37.22
4.0,0.54,7.59,37.24
2.02,-0.06,7.37,37.22
-2.34,-0.61,9.37,37.19
0.63,0.06,9.91,37.14
3.13,-1.55,11.83,37.22
4.88,0.02,7.94,37.18
1.28,-0.98,8.81,37.23
-3.32,0.11,8.8,37.19
1.66,0.23,10.13,37.2
1.82,-1.27,11.01,37.26
5.94,1.57,6.64,37.25
0.28,-1.27,8.82,37.22
-2.32,1.6,6.99,37.2
1.27,-1.3,11.06,37.24
1.26,-0.31,10.43,37.23
6.12,-0.71,9.59,37.19
3.07,-1.0,8.53,37.25
-0.9,0.67,7.41,37.24
3.72,-0.73,10.5,37.22
4.07,-1.23,11.17,37.23
4.43,-0.25,7.77,37.24
-1.63,0.43,7.41,37.21
-0.96,-0.5,9.87,37.22
-0.08,-0.07,10.77,37.22
4.91,0.21,8.79,37.23
4.54,-0.65,7.92,37.21
-1.65,-1.0,8.82,37.2
-1.19,0.8,8.05,37.2
2.6,-1.31,11.16,37.2
3.46,-1.56,11.17,37.2
3.73,1.42,5.77,37.24
0.74,-1.55,9.83,37.19
-3.11,-0.97,10.36,37.23
1.7,1.67,9.01,37.18
5.34,-2.47,11.37,37.2
0.96,0.17,7.33,37.22
-0.98,1.97,5.53,37.19
-0.12,-1.61,11.05,37.24
4.72,-2.09,9.86,37.21
-3.0,0.17,7.64,37.22
-0.53,0.38,9.04,37.23
3.58,-1.61,11.92,37.21
2.62,-0.4,10.18,37.2
3.58,0.43,6.97,37.23
0.02,-0.84,8.86,37.21
-3.28,-0.3,10.57,37.2
1.64,0.91,9.3,37.2
5.53,-0.65,10.04,37.22
2.41,-0.35,7.66,37.22
-2.0,1.46,6.36,37.17
1.05,-0.78,9.95,37.22
1.75,-0.98,11.39,37.22
3.58,0.32,8.28,37.24
5.5,-0.23,8.07,37.21
-1.02,-1.57,10.01,37.24
-2.29,0.37,9.19,37.22
4.02,-0.06,10.15,37.22
3.69,-1.32,10.88,37.24
3.89,-0.73,7.6,37.24
0.9,-1.58,7.75,37.29
-2.1,1.35,9.21,37.24
0.74,0.12,11.63,37.25
2.63,-1.07,9.0,37.26
3.87,-0.98,7.32,37.32
-0.23,-1.26,8.11,37.29
0.23,0.77,9.73,37.29
2.18,0.18,10.39,37.28
3.67,-0.17,8.75,37.25
5.24,-1.3,8.16,37.24
1.18,-1.46,8.34,37.26
-0.84,1.02,9.27,37.29
1.71,0.74,10.54,37.31
4.98,-1.41,8.85,37.26
4.27,-0.97,7.39,37.27
0.9,-0.89,8.13,37.31
-0.16,1.32,9.45,37.27
2.67,-0.08,11.03,37.26
5.21,-0.78,8.72,37.29
3.64,-1.54,8.15,37.26
-0.43,-0.93,9.84,37.24
-2.2,1.45,9.23,37.28
2.57,-0.66,11.8,37.24
4.1,-0.74,8.82,37.29
4.66,-1.23,7.43,37.29
-0.13,-0.81,10.04,37.32
-1.18,0.62,9.77,37.26
0.72,0.81,10.86,37.31
3.71,0.82,9.2,37.28
3.74,-1.09,7.2,37.3
2.39,-0.71,8.18,37.28
0.46,0.17,9.41,37.24
0.18,0.84,10.05,37.28
3.12,0.1,8.87,37.32
4.45,-1.33,8.32,37.26
0.62,-0.87,8.11,37.29
-2.63,-0.31,9.31,37.28
-1.46,0.32,11.33,37.29
2.13,-0.14,10.29,37.27
3.7,-1.39,9.47,37.3
4.25,-1.13,8.84,37.27
3.66,-0.87,6.25,37.31
-1.48,0.74,9.04,37.24
-1.18,1.44,10.34,37.27
2.95,-0.72,10.04,37.33
4.6,-1.33,8.02,37.29
2.4,-1.65,6.68,37.29
-1.68,1.38,8.71,37.28
-0.63,0.15,10.22,37.27
4.21,-0.27,10.19,37.25
4.23,-1.83,8.21,37.28
2.95,-0.64,7.01,37.28
0.53,-0.71,9.55,37.27
0.78,1.32,8.96,37.3
5.53,0.04,9.77,37.26
6.04,-1.49,8.17,37.32
2.84,-0.66,6.83,37.31
-0.21,-0.29,9.74,37.29
2.55,0.44,10.53,37.27
4.86,-0.5,10.24,37.28
6.02,-2.12,7.82,37.26
2.55,-1.16,7.52,37.28
-0.31,0.71,9.28,37.25
3.08,0.8,10.45,37.23
2.89,-0.02,10.19,37.29
6.59,-1.23,7.56,37.28
2.87,-1.2,7.82,37.3
-0.92,0.22,10.14,37.29
0.92,1.69,10.4,37.28
4.45,-0.45,10.41,37.26
5.52,-2.28,7.19,37.32
0.2,-0.31,7.97,37.29
-0.99,-0.51,10.62,37.29
0.35,0.88,10.64,37.3
3.16,-0.27,9.68,37.26
4.34,-3.57,8.54,37.27
-0.72,-0.36,8.03,37.28
-1.96,-0.49,10.7,37.27
3.88,-0.43,9.56,37.27
4.03,-2.94,8.55,37.28
-1.6,-0.63,8.22,37.25
-2.18,0.51,10.64,37.27
0.56,0.88,10.72,37.29
3.86,-0.06,10.21,37.28
6.61,-2.51,7.84,37.31
1.85,-0.82,6.79,37.28
-2.17,-0.18,11.1,37.28
0.82,1.03,10.76,37.31
5.85,-0.7,10.12,37.26
6.77,-2.32,7.36,37.31
-0.38,-0.79,7.69,37.31
-1.19,0.45,10.97,37.29
1.23,0.34,10.33,37.28
2.52,0.18,8.57,37.27
4.44,-1.58,7.26,37.3
-1.94,-1.15,8.99,37.29
-4.82,0.45,10.92,37.26
-0.7,-0.23,11.05,37.25
1.28,-0.34,9.86,37.26
2.66,-1.36,8.14,37.31
-2.29,-0.46,8.45,37.27
-5.06,0.79,11.3,37.3
-1.23,0.21,10.81,37.29
2.81,0.5,8.94,37.27
3.84,-1.67,7.9,37.24
-2.23,0.13,7.5,37.33
-4.58,0.2,9.74,37.29
0.54,-0.56,11.72,37.29
4.2,-0.08,6.94,37.3
4.3,-0.82,7.22,37.28
2.19,-1.19,7.93,37.29
-2.17,1.07,9.31,37.26
-2.38,0.0,9.95,37.31
1.74,0.85,9.04,37.28
2.31,-1.07,8.97,37.26
2.0,-1.62,8.11,37.3
-3.06,-0.26,8.95,37.27
3.21,-1.06,10.98,37.3
4.29,-1.1,9.46,37.3
5.47,-2.14,7.23,37.27
0.8,-0.54,8.14,37.25
-2.18,1.33,9.96,37.27
4.31,0.33,11.36,37.26
6.17,-2.8,9.76,37.29
4.5,-0.09,5.83,37.3
2.37,-0.25,7.39,37.28
0.82,0.18,9.93,37.29
2.56,1.56,9.16,37.26
5.7,-1.01,8.41,37.24
5.55,-1.25,6.67,37.28
-1.0,0.5,7.39,37.32
0.81,1.06,8.83,37.3
2.9,0.31,10.81,37.27
4.04,-0.36,7.65,37.32
3.73,-1.87,7.66,37.29
-0.28,-0.4,8.45,37.25
-0.46,0.63,9.6,37.28
0.45,0.31,10.35,37.28
2.15,0.07,9.96,37.31
3.46,-1.32,7.9,37.23
-0.66,-1.45,8.37,37.33
-4.74,0.43,9.95,37.3
0.2,-0.73,11.17,37.28
2.27,-0.37,11.01,37.31
5.59,-1.37,6.99,37.28
-0.65,-2.12,8.68,37.26
-4.33,0.4,10.68,37.27
0.61,0.33,11.42,37.27
2.14,-0.08,10.36,37.31
3.85,-1.66,7.15,37.27
-0.98,-1.41,8.36,37.27
-4.18,0.28,10.98,37.3
0.52,0.15,10.92,37.3
2.02,0.9,8.63,37.27
4.25,-1.79,8.06,37.27
-1.39,-1.59,8.14,37.3
-2.85,0.72,10.33,37.25
-0.32,0.1,11.2,37.26
3.64,0.65,8.75,37.32
6.28,-1.47,7.72,37.26
-0.08,-1.19,7.39,37.29
-1.95,1.41,10.11,37.31
-0.63,0.19,11.47,37.29
3.66,0.91,7.98,37.23
6.32,-1.57,7.07,37.28
-0.87,-1.17,7.07,37.28
-3.6,1.86,9.84,37.28
0.23,-0.47,11.37,37.31
2.31,-0.54,9.03,37.24
2.87,-1.37,7.1,37.29
-0.48,-0.15,7.94,37.27
-3.88,0.29,10.26,37.24
0.38,0.51,10.59,37.3
3.36,-0.23,8.81,37.27
3.72,-1.7,7.4,37.27
-1.28,0.0,7.34,37.31
-2.17,0.73,10.44,37.25
2.8,-0.52,10.11,37.27
5.31,-1.3,6.6,37.24
2.66,1.1,5.91,37.28
-1.34,0.38,8.54,37.28
1.36,0.96,10.26,37.29
4.46,-1.46,9.98,37.3
5.39,-1.44,7.81,37.32
2.32,-1.33,7.68,37.29
0.43,0.0,9.68,37.28
1.88,0.09,10.94,37.3
4.75,-0.89,9.19,37.29
5.13,-0.32,7.49,37.29
1.75,-0.56,6.97,37.31
-0.34,0.55,9.29,37.28
1.34,1.26,9.16,37.32
2.37,-0.49,9.79,37.3
2.55,-0.93,8.82,37.27
5.71,-0.68,6.65,37.33
1.08,-0.4,8.06,37.33
0.06,-1.63,8.42,37.29
-2.75,-0.61,9.27,37.3
-2.35,-0.07,11.29,37.29
0.84,1.58,10.68,37.27
4.78,-0.92,9.49,37.3
1.98,-1.72,8.0,37.29
-2.93,0.41,8.92,37.29
-2.65,-0.59,12.48,37.23
1.06,1.35,10.33,37.29
5.22,-0.66,8.21,37.27
2.83,-1.2,8.49,37.32
-4.9,0.11,8.6,37.29
-2.8,0.27,11.24,37.33
2.01,0.82,9.67,37.26
3.67,-0.31,8.77,37.28
3.11,-1.57,8.58,37.28
-2.7,-0.67,9.86,37.3
-2.11,0.33,11.73,37.28
2.27,0.4,10.21,37.27
1.88,-1.33,7.1,37.3
-1.17,0.62,8.53,37.29
-0.22,1.16,10.62,37.31
3.84,-0.91,10.32,37.25
7.71,-0.23,6.61,37.3
4.1,-1.59,7.55,37.3
-2.19,0.95,7.67,37.32
1.28,1.06,10.07,37.29
4.21,-1.21,10.98,37.32
5.59,-0.5,6.23,37.34
3.23,-0.1,6.53,37.34
-0.94,-0.18,8.28,37.3
0.08,1.8,10.0,37.3
3.81,-1.09,10.04,37.28
5.82,-0.92,7.16,37.29
0.97,-1.96,7.07,37.32
-1.75,0.76,7.95,37.25
-0.16,0.06,10.46,37.27
3.68,-0.22,9.0,37.3
5.26,-1.21,7.92,37.31
-0.42,0.52,9.69,37.29
1.41,0.41,9.32,37.31
2.47,0.34,10.35,37.28
4.75,-1.09,8.03,37.3
2.6,-1.43,8.09,37.33
-0.5,-1.15,9.02,37.31
-1.19,1.71,9.05,37.34
0.49,0.25,11.59,37.29
3.75,-2.28,8.99,37.32
2.23,-0.93,7.73,37.3
-0.9,-0.24,8.74,37.28
-1.87,1.27,10.51,37.24
2.06,0.53,11.6,37.29
5.47,-1.74,8.88,37.29
1.57,-0.53,7.4,37.29
-0.01,-0.54,8.82,37.31
0.75,1.29,10.27,37.3
2.57,1.47,10.16,37.27
3.88,-1.16,8.13,37.29
2.14,-2.1,8.07,37.28
2.3,0.52,10.9,37.27
6.2,0.34,8.23,37.33
4.49,-2.75,8.27,37.29
-2.23,0.84,8.84,37.31
0.94,-1.2,11.46,37.29
2.84,0.18,10.11,37.3
5.12,0.7,7.35,37.3
3.05,-2.7,7.5,37.27
-3.26,0.79,9.07,37.32
-0.06,-1.02,11.18,37.32
2.41,1.64,8.18,37.32
4.62,-1.25,7.84,37.28
2.0,-1.01,7.93,37.3
-3.96,-0.08,10.05,37.29
-0.28,0.01,11.53,37.3
3.27,1.1,9.09,37.34
5.4,-1.21,9.42,37.25
2.61,-1.37,8.45,37.27
-3.62,-0.13,9.17,37.3
-2.05,-0.76,12.66,37.27
1.05,1.41,9.32,37.3
4.29,-0.83,8.62,37.31
0.21,-1.13,8.13,37.29
-4.49,0.82,9.32,37.32
-4.24,0.24,11.27,37.27
1.29,0.05,9.26,37.27
3.4,-0.49,9.6,37.31
2.36,-1.8,7.69,37.32
-0.25,-1.44,8.71,37.32
-2.32,-1.22,9.99,37.3
1.04,0.06,11.67,37.3
2.79,0.38,10.42,37.29
7.75,-1.64,7.37,37.34
-2.01,-1.93,9.17,37.28
-3.54,-0.19,11.07,37.26
1.52,0.18,11.71,37.31
3.11,0.33,9.99,37.28
4.92,-0.85,7.53,37.28
-1.14,-1.41,9.07,37.28
0.5,-0.5,11.15,37.27
1.56,1.68,9.45,37.27
4.81,1.18,9.81,37.31
5.16,-1.35,8.22,37.28
-1.18,0.08,7.35,37.33
-3.13,-0.37,11.35,37.27
1.41,1.78,9.19,37.3
1.31,1.6,8.74,37.33
3.2,-1.41,8.55,37.29
-1.98,-0.54,8.55,37.26
-3.5,0.69,10.06,37.33
-0.04,1.26,9.99,37.3
1.42,0.05,10.53,37.29
3.94,-2.21,9.32,37.29
-3.27,-0.83,8.4,37.25
-5.51,-0.32,12.03,37.28
0.34,0.56,10.94,37.31
3.01,-0.79,11.14,37.27
3.64,-1.25,7.65,37.33
-3.67,-1.11,8.55,37.27
-3.82,-0.79,11.99,37.29
-0.03,1.23,10.47,37.29
2.41,-0.58,9.85,37.32
5.43,-1.6,7.67,37.34
-1.32,-0.98,8.38,37.29
-2.24,-0.25,10.19,37.31
1.54,-0.1,10.61,37.31
4.57,0.35,8.3,37.29
3.91,-0.98,6.08,37.32
-3.06,-1.08,7.96,37.33
-3.02,-0.55,10.36,37.31
2.77,0.62,10.21,37.33
2.75,0.03,8.16,37.32
3.48,-1.27,5.83,37.28
-3.37,-1.11,8.31,37.36
-3.9,-0.74,10.91,37.29
0.06,0.19,10.88,37.32
2.34,-0.38,8.04,37.31
3.76,-0.92,7.0,37.33
-0.3,-1.29,8.09,37.33
-1.37,-0.41,9.34,37.33
-0.89,0.14,10.24,37.27
2.98,0.68,9.91,37.26
5.55,-1.31,7.57,37.3
1.69,-0.48,8.45,37.3
-2.92,-0.44,9.6,37.25
2.21,0.87,10.7,37.34
3.64,-0.8,11.2,37.34
5.2,-1.26,8.77,37.33
2.56,-1.46,8.62,37.28
-0.74,-0.28,9.88,37.32
1.52,0.94,10.14,37.32
3.32,-0.66,10.72,37.31
4.7,-1.89,8.48,37.33
3.16,-0.37,6.82,37.31
-0.28,-1.47,10.87,37.34
2.51,0.94,10.57,37.25
4.58,-0.42,11.25,37.29
3.82,-1.96,9.72,37.31
4.21,-1.64,8.24,37.28
0.74,-2.28,8.12,37.33
0.07,-0.19,9.67,37.34
1.29,0.61,11.58,37.31
3.36,0.4,11.18,37.31
6.43,-2.33,7.91,37.32
1.22,-1.39,8.42,37.31
-0.4,-0.4,10.77,37.32
2.84,1.72,11.65,37.29
3.96,0.36,10.28,37.3
5.37,-1.3,7.6,37.3
-0.51,-1.44,9.32,37.33
-0.99,-0.51,10.66,37.34
0.48,2.24,9.99,37.31
2.59,-0.09,10.45,37.31
3.82,-1.07,8.2,37.33
-1.72,-1.73,10.02,37.29
-1.29,0.07,9.66,37.31
1.25,1.92,10.07,37.31
2.63,0.33,9.36,37.3
2.92,-1.49,7.86,37.32
-3.54,-0.69,8.68,37.32
-0.99,1.16,8.92,37.3
0.66,1.02,11.64,37.31
3.71,-0.01,9.08,37.34
2.21,-0.82,7.41,37.27
-3.26,-1.87,9.4,37.3
-1.26,-0.43,10.61,37.34
-0.45,1.02,11.01,37.3
3.36,-0.58,10.12,37.28
1.64,-1.66,7.22,37.31
-1.83,-2.09,9.64,37.32
-0.53,-0.79,10.86,37.3
0.49,2.2,9.81,37.3
5.05,0.64,9.63,37.29
3.17,-2.95,7.72,37.33
-3.79,-1.48,9.0,37.27
-0.66,0.6,9.74,37.29
0.54,0.86,11.62,37.31
2.69,0.4,10.82,37.31
3.27,-2.43,7.32,37.34
-5.12,-2.02,10.7,37.32
-0.8,0.57,10.16,37.32
0.6,1.4,11.51,37.35
3.49,1.53,7.91,37.33
0.89,-2.87,8.5,37.32
-6.37,-0.54,8.77,37.29
-0.13,0.76,10.14,37.31
1.69,0.25,11.76,37.3
3.69,0.17,8.66,37.31
2.09,-2.09,7.5,37.3
-4.01,-1.64,8.69,37.28
-2.99,1.06,10.37,37.32
-0.64,1.27,11.21,37.3
5.09,0.59,9.2,37.31
1.17,-2.15,8.0,37.29
-4.38,-0.31,8.41,37.31
-2.69,-0.36,11.65,37.27
-0.38,0.74,11.04,37.28
3.84,0.41,8.22,37.32
-0.06,-2.49,7.31,37.29
-5.11,-1.07,9.96,37.3
-3.52,0.24,11.8,37.28
2.47,1.21,9.87,37.31
3.25,0.25,11.36,37.34
5.13,-0.08,8.0,37.34
2.22,-1.87,8.49,37.33
-0.97,-0.5,8.97,37.3
1.89,0.69,9.85,37.34
2.73,0.12,10.84,37.32
4.56,-1.05,8.16,37.24
2.15,-2.0,8.15,37.29
-1.07,0.14,8.51,37.3
0.85,1.18,11.11,37.32
4.25,0.3,11.05,37.29
5.2,-0.4,10.49,37.29
4.55,-1.44,8.49,37.33
1.53,-1.49,7.95,37.35
1.56,1.27,10.17,37.31
1.96,1.34,10.69,37.31
6.39,0.27,8.88,37.31
4.6,-1.06,6.77,37.3
1.14,-0.36,7.69,37.32
0.72,0.33,9.27,37.33
-2.09,0.16,10.3,37.3
-2.84,0.29,11.23,37.28
2.11,-0.03,10.08,37.29
4.03,-0.96,7.9,37.31
-1.52,-1.32,7.91,37.32
-5.23,-0.64,11.01,37.32
-2.09,0.19,10.68,37.34
2.93,0.89,8.28,37.27
3.26,-0.66,8.06,37.34
0.02,-0.88,7.14,37.27
-2.08,-1.23,10.5,37.29
0.78,0.55,10.3,37.32
3.87,1.37,9.62,37.33
4.53,-1.8,6.71,37.3
0.92,-1.09,8.49,37.32
-3.85,-0.57,10.53,37.33
1.42,0.1,11.82,37.28
4.48,-0.32,9.66,37.27
3.91,-1.73,6.14,37.29
-0.3,-0.29,7.34,37.32
2.55,0.39,9.84,37.34
3.09,0.61,7.58,37.28
4.3,-0.74,6.55,37.29
-0.7,-0.08,6.43,37.28
-3.04,0.61,9.42,37.3
0.62,-0.44,12.03,37.33
3.32,0.54,7.93,37.26
3.34,-0.79,6.23,37.33
-1.32,-0.8,7.75,37.29
-2.59,1.02,9.78,37.3
1.02,-0.49,11.53,37.26
4.7,0.55,7.86,37.29
3.89,-1.49,6.82,37.27
-0.71,-0.02,6.58,37.33
-1.22,0.26,9.43,37.31
1.38,-0.17,10.46,37.27
4.09,0.44,8.09,37.28
5.68,-0.88,5.97,37.31
-0.3,0.02,6.5,37.29
-3.25,-0.47,8.69,37.28
0.27,1.44,9.94,37.29
2.12,0.49,7.69,37.27
3.31,-0.79,8.04,37.32
-1.48,-1.64,7.51,37.3
-2.1,0.41,9.31,37.3
0.14,-0.72,11.78,37.29
1.97,2.39,8.06,37.31
1.65,-1.77,8.55,37.31
-2.05,0.13,7.47,37.29
-4.28,-0.22,10.31,37.32
-0.95,0.78,10.03,37.32
3.39,1.91,7.72,37.35
2.9,-2.19,8.37,37.33
-3.58,-0.34,7.69,37.29
0.07,-1.03,9.63,37.32
1.4,0.51,10.09,37.29
4.23,0.36,7.41,37.29
4.23,-2.49,7.26,37.3
-0.56,-2.32,8.1,37.33
2.86,0.1,10.52,37.32
3.57,0.01,8.69,37.36
3.77,-1.4,7.73,37.28
-0.18,-0.1,8.82,37.35
-0.17,0.86,9.93,37.29
2.82,1.12,10.63,37.28
4.07,-1.46,9.24,37.31
3.23,-0.94,7.45,37.34
-2.08,-0.58,8.92,37.32
-0.74,1.15,9.77,37.33
2.78,0.48,10.51,37.28
3.09,-1.13,9.2,37.34
5.05,-1.35,6.79,37.33
-2.44,-0.72,9.03,37.26
-3.29,0.45,9.22,37.31
3.64,-0.04,10.78,37.28
2.61,-0.78,10.04,37.37
4.25,-1.41,7.04,37.32
-0.23,-2.4,7.59,37.28
5.76,-0.46,7.6,37.33
3.17,-1.9,8.1,37.31
1.23,-1.33,9.27,37.28
-0.26,1.64,9.33,37.31
2.24,1.17,10.24,37.33
5.98,-0.59,10.51,37.29
4.3,-1.78,8.19,37.33
1.06,-0.22,8.13,37.34
-0.6,0.54,9.62,37.31
2.47,1.68,10.2,37.29
5.11,0.34,8.77,37.33
3.57,-1.17,7.41,37.33
-0.18,-2.13,9.31,37.29
0.85,1.13,8.37,37.35
3.7,0.02,10.26,37.3
5.77,-1.65,9.8,37.3
4.16,-0.64,5.81,37.29
2.03,-1.4,9.4,37.34
0.26,-0.26,10.98,37.31
5.16,0.86,10.18,37.29
9.94,-1.0,8.83,37.3
4.93,-2.46,8.16,37.3
0.83,-1.21,9.84,37.31
3.24,-0.16,10.47,37.28
4.66,0.71,11.02,37.29
6.87,-0.74,8.66,37.3
4.21,-2.73,7.52,37.27
1.04,-1.81,10.42,37.36
0.53,0.49,10.83,37.27
3.98,1.44,10.73,37.31
7.91,-2.31,9.76,37.28
2.65,-2.55,7.93,37.26
0.23,-1.88,10.59,37.3
1.47,1.01,11.08,37.3
4.21,0.3,10.89,37.33
5.14,-2.22,9.66,37.31
2.3,-2.07,8.35,37.28
0.79,-1.42,10.58,37.3
0.23,-0.27,10.81,37.29
4.06,2.61,9.28,37.28
2.4,-0.13,11.09,37.27
3.68,-0.89,9.01,37.3
5.42,-0.94,5.54,37.31
-1.21,0.17,7.47,37.32
-0.34,1.23,10.45,37.31
1.86,0.45,11.27,37.28
4.0,-0.4,8.12,37.32
5.66,-1.02,6.53,37.3
-2.06,-0.48,8.57,37.34
-0.69,1.74,9.09,37.34
2.88,-0.52,11.11,37.3
4.69,-1.16,8.16,37.29
3.39,-0.42,7.14,37.32
-2.03,-0.19,7.66,37.32
0.11,0.49,10.64,37.31
2.91,0.41,10.08,37.32
2.46,-0.35,7.7,37.29
1.61,-0.46,6.86,37.33
-2.07,0.1,8.37,37.29
0.94,1.08,11.04,37.33
4.53,-0.01,8.3,37.27
3.11,-1.08,7.81,37.29
1.07,-1.1,7.54,37.26
-0.08,0.97,8.76,37.26
0.37,1.55,10.18,37.27
5.02,-0.4,10.07,37.27
3.79,-2.65,7.22,37.29
0.48,-0.83,7.32,37.25
-0.09,0.81,9.77,37.31
2.35,1.58,11.21,37.28
6.74,-0.32,9.37,37.27
4.63,-3.56,7.02,37.3
1.91,-0.83,7.93,37.29
2.72,0.39,10.25,37.3
2.36,0.91,10.05,37.26
5.92,-0.55,8.87,37.29
4.31,-2.48,7.96,37.31
0.27,-1.14,10.02,37.29
1.09,-0.08,9.35,37.29
2.77,0.46,10.46,37.31
4.8,-1.59,8.77,37.27
0.56,-2.43,8.06,37.34
-3.54,-0.61,9.85,37.28
-0.12,0.52,10.54,37.32
2.42,0.53,9.88,37.3
3.13,-0.51,8.16,37.31
-0.22,-1.58,7.61,37.3
-4.59,-0.77,10.81,37.29
1.18,0.62,10.91,37.29
1.38,1.15,11.38,37.32
4.67,-2.15,8.43,37.25
-1.69,-2.48,9.37,37.29
-4.43,-0.2,9.95,37.31
0.2,0.84,11.17,37.28
1.26,0.35,10.38,37.31
5.03,-0.42,7.86,37.33
-1.7,-1.51,7.96,37.32
-4.13,-0.01,10.03,37.3
0.96,0.2,12.11,37.28
3.75,0.98,9.2,37.36
5.86,-1.68,7.74,37.31
-0.76,-1.64,8.4,37.29
-2.52,0.08,10.12,37.32
1.6,-1.14,12.26,37.29
2.71,1.31,9.01,37.27
4.78,-1.01,7.63,37.3
-0.23,-2.35,8.62,37.29
-2.8,0.19,9.54,37.29
0.51,0.8,11.09,37.26
2.77,1.36,8.52,37.31
4.09,-0.44,5.98,37.32
-3.31,-1.01,7.72,37.3
-2.45,1.03,9.45,37.3
-0.4,0.69,10.72,37.28
1.75,0.69,8.8,37.36
4.03,-1.79,7.62,37.27
-1.49,-1.0,7.82,37.29
-1.7,0.23,10.48,37.27
1.0,0.1,11.62,37.31
3.2,0.45,8.21,37.3
4.14,-1.35,6.37,37.29
-1.95,0.01,7.44,37.26
-3.45,0.27,10.43,37.28
1.4,0.48,10.38,37.32
5.03,1.14,7.34,37.27
4.8,-1.49,6.46,37.29
-2.11,0.07,7.83,37.31
-1.74,-0.19,9.79,37.29
0.73,-0.07,10.73,37.29
2.4,0.08,7.96,37.25
4.15,-0.95,7.1,37.28
1.19,-2.0,7.83,37.32
-3.85,0.96,9.05,37.28
-0.35,0.52,11.27,37.27
1.63,0.59,10.84,37.26
3.97,-1.24,8.05,37.32
1.48,-2.16,6.39,37.27
-4.71,0.11,9.04,37.24
0.01,-2.87,10.35,37.29
0.07,0.08,9.39,37.26
2.34,-0.43,10.82,37.33
1.73,0.81,10.73,37.25
6.08,-1.75,8.12,37.29
1.49,-2.0,9.16,37.3
-2.58,-0.28,9.73,37.28
1.15,0.7,10.18,37.29
2.75,0.28,11.06,37.27
5.35,-1.53,7.63,37.25
1.41,-1.95,9.27,37.3
-0.06,-0.54,9.9,37.29
0.91,0.72,11.73,37.28
3.67,-0.14,10.93,37.28
6.69,-2.18,8.45,37.29
1.12,-1.99,8.7,37.29
-0.17,0.05,9.71,37.27
0.87,1.7,10.18,37.32
4.67,0.14,10.44,37.32
6.53,-1.2,8.05,37.29
0.61,-1.85,9.16,37.29
0.75,-0.55,10.46,37.27
1.23,1.54,11.22,37.27
4.15,0.42,10.23,37.28
5.53,-1.7,8.25,37.28
0.31,-2.42,9.07,37.29
0.7,-0.01,10.11,37.31
1.65,1.04,10.53,37.32
5.46,0.13,9.67,37.27
5.55,-1.57,7.22,37.32
1.39,-1.51,8.51,37.27
0.75,-1.23,11.24,37.32
1.55,1.99,8.82,37.29
5.87,-0.47,9.46,37.29
4.2,-1.56,8.11,37.28
-1.46,-0.73,9.14,37.31
-1.59,0.88,9.91,37.31
0.52,1.19,11.05,37.27
3.77,-0.19,10.04,37.27
3.15,-2.08,7.75,37.27
-2.2,-0.06,9.21,37.29
-2.94,0.04,11.03,37.28
-0.88,2.99,10.09,37.27
3.21,-0.2,8.94,37.3
3.46,-2.04,7.62,37.27
-3.25,0.75,8.59,37.29
-2.28,1.17,9.88,37.29
0.03,1.49,10.71,37.31
3.7,-1.79,9.6,37.25
3.11,-1.86,7.7,37.32
-2.52,-0.61,8.68,37.32
-1.61,0.12,10.97,37.25
1.33,1.12,10.16,37.31
5.34,-0.37,7.96,37.32
3.54,-2.49,7.85,37.28
-2.51,0.32,7.84,37.27
-1.82,-0.02,11.17,37.27
1.43,0.99,9.6,37.32
3.84,0.24,7.46,37.27
1.84,-1.53,6.79,37.28
-4.19,1.08,8.06,37.26
-3.29,0.14,11.53,37.31
1.47,0.77,9.38,37.31
3.33,-0.67,8.05,37.31
1.67,-1.23,7.8,37.29
-5.26,0.54,8.17,37.23
-3.27,-0.49,11.83,37.26
-0.43,-0.19,9.85,37.27
4.32,0.91,7.03,37.29
3.62,-1.89,7.24,37.31
-4.75,1.15,7.71,37.28
-2.84,0.54,11.02,37.24
2.25,0.16,10.11,37.27
4.39,-0.96,7.21,37.3
1.53,-0.94,6.52,37.29
-3.54,1.67,9.03,37.32
-1.35,-0.88,11.59,37.29
1.45,0.19,9.48,37.3
3.94,-2.45,7.95,37.3
3.62,-1.49,7.36,37.26
-1.67,-1.17,9.35,37.27
-0.51,0.72,10.43,37.26
2.32,0.07,9.49,37.28
4.34,-0.92,7.52,37.27
5.92,-1.08,7.35,37.31
0.7,-1.79,8.72,37.27
-1.5,1.13,9.96,37.28
1.99,0.76,10.34,37.32
4.24,0.11,8.22,37.3
6.79,-1.19,6.97,37.29
1.19,-1.21,8.49,37.33
-1.02,1.61,9.25,37.29
2.65,-0.12,10.57,37.29
4.55,-0.19,8.6,37.32
5.77,-1.0,6.5,37.31
-0.41,-0.17,8.31,37.28
-1.73,1.58,10.12,37.26
1.58,-0.88,11.03,37.27
5.42,1.25,6.78,37.33
4.86,-1.86,7.44,37.26
-1.53,0.87,8.0,37.32
-3.08,1.33,10.22,37.31
0.69,-0.5,11.0,37.31
3.88,-0.26,7.47,37.31
5.2,-1.14,6.11,37.27
0.08,-0.28,8.0,37.3
-1.89,1.87,9.03,37.3
1.87,-1.25,10.57,37.28
5.79,-1.36,8.42,37.29
5.28,-0.93,6.42,37.27
-0.49,0.32,8.1,37.27
-2.07,1.25,9.58,37.29
1.33,-0.5,10.03,37.29
5.3,-0.76,7.79,37.27
4.15,-1.95,6.55,37.24
-0.47,0.79,7.29,37.29
-1.23,-0.3,11.18,37.28
2.0,-0.46,10.44,37.28
4.56,-1.07,8.26,37.31
3.24,-2.34,8.21,37.29
-0.52,0.88,8.11,37.28
-1.05,1.14,9.93,37.29
1.76,0.45,9.06,37.29
3.65,-1.47,8.24,37.27
1.56,-0.11,6.87,37.26
-0.52,0.32,7.65,37.27
-1.24,1.01,10.32,37.26
3.24,-0.88,10.79,37.27
4.25,-2.06,8.71,37.27
2.65,-0.98,7.15,37.32
-0.96,-0.07,8.93,37.27
-1.35,0.71,11.03,37.28
3.29,-1.18,10.07,37.3
4.55,-1.79,7.43,37.29
2.72,0.24,6.27,37.3
-0.63,0.01,9.43,37.29
0.3,0.35,10.27,37.3
4.56,0.05,9.52,37.27
5.14,-2.49,7.84,37.32
3.09,-0.52,7.0,37.26
-1.17,0.71,9.04,37.29
0.49,0.16,11.75,37.31
4.95,-1.5,10.2,37.29
5.09,-2.14,7.53,37.32
4.1,-0.48,7.49,37.32
0.23,0.97,9.03,37.29
1.54,0.68,11.04,37.25
5.5,-2.12,9.85,37.34
6.22,-1.84,8.03,37.3
5.16,-1.04,8.18,37.27
0.22,1.31,9.12,37.3
2.33,1.26,10.09,37.28
5.58,-0.38,10.11,37.28
6.61,-1.69,8.14,37.3
3.05,-1.08,7.71,37.26
0.12,1.06,8.82,37.27
2.75,1.2,9.64,37.3
4.14,-0.8,11.15,37.32
5.35,-2.28,7.83,37.27
2.11,-1.53,8.76,37.27
-1.11,0.11,10.41,37.25
2.55,0.3,10.29,37.23
3.13,-0.85,10.18,37.27
5.9,-1.64,7.11,37.25
1.74,-1.91,9.35,37.26
0.4,0.06,9.46,37.29
2.29,1.77,10.01,37.3
4.3,-1.73,10.89,37.28
4.83,-1.53,7.17,37.27
1.67,-0.88,8.53,37.29
0.87,0.25,8.48,37.28
0.07,1.44,9.85,37.29
2.73,-0.11,10.66,37.3
7.3,-1.85,8.08,37.29
3.28,-1.06,7.63,37.28
-0.98,-0.28,10.52,37.25
1.39,0.33,10.93,37.28
3.02,0.33,9.85,37.26
5.92,-2.02,8.26,37.28
3.33,-1.5,8.41,37.32
1.24,-0.57,9.48,37.34
1.73,1.13,9.22,37.29
3.95,0.71,9.9,37.27
6.85,-1.68,8.54,37.29
3.32,-1.48,8.36,37.27
0.52,-0.1,9.05,37.33
1.64,0.67,10.18,37.31
3.74,0.37,9.93,37.31
6.96,-1.0,8.3,37.31
4.09,-1.95,8.59,37.28
0.11,-0.2,9.55,37.28
1.8,0.98,10.1,37.29
3.65,-0.13,10.0,37.28
6.6,-1.41,8.87,37.3
3.44,-2.02,8.26,37.27
-0.8,0.5,9.48,37.28
0.17,1.32,10.29,37.28
4.09,-0.43,11.4,37.29
6.3,-2.53,9.18,37.31
1.92,-1.49,7.75,37.29
-0.9,0.19,10.84,37.31
0.08,1.36,10.49,37.29
4.0,-0.12,10.77,37.3
5.24,-3.02,9.15,37.24
0.74,0.46,7.26,37.29
-1.77,-0.21,11.28,37.29
0.37,0.75,10.5,37.29
3.47,-0.55,9.83,37.29
4.49,-1.9,8.85,37.34
0.42,-0.52,7.92,37.32
-2.08,0.05,10.95,37.27
0.94,0.24,10.83,37.29
3.54,-0.03,9.81,37.29
4.36,-2.31,8.99,37.27
-0.15,-0.84,8.25,37.28
-3.67,0.04,11.32,37.29
3.63,-1.32,7.18,37.27
0.25,1.07,7.61,37.27
-1.76,0.52,10.71,37.23
1.91,-0.23,10.4,37.25
5.68,-1.58,8.49,37.29
3.77,-1.47,7.21,37.27
0.22,0.75,8.63,37.32
-0.82,0.28,10.56,37.26
2.76,-0.74,9.82,37.29
5.05,-1.88,8.0,37.24
4.0,-1.51,7.55,37.24
-0.74,1.47,8.44,37.29
0.13,1.07,10.07,37.26
2.39,-0.6,10.23,37.28
4.28,-1.57,8.07,37.3
4.46,-1.51,8.33,37.25
0.98,0.2,9.13,37.26
0.33,1.31,9.11,37.3
3.72,-0.21,10.46,37.27
5.44,-1.78,8.48,37.26
0.9,0.37,10.57,37.24
4.5,0.14,10.17,37.26
5.19,-2.18,8.76,37.26
0.37,-0.17,8.13,37.28
-0.43,-0.25,10.26,37.26
0.5,1.24,10.35,37.31
3.35,-0.15,9.9,37.26
6.12,-2.01,8.14,37.28
-0.64,-0.43,8.18,37.23
-2.3,0.42,10.58,37.33
-0.84,0.5,11.26,37.29
2.96,-0.66,10.11,37.31
4.44,-2.72,8.71,37.27
-0.8,-0.45,8.53,37.25
-2.02,-0.35,11.21,37.24
-0.61,0.42,11.18,37.27
2.72,-0.08,9.44,37.28
3.91,-2.51,9.04,37.29
-0.89,-0.7,8.58,37.23
-2.58,-0.22,11.15,37.29
1.07,0.35,10.42,37.27
2.01,0.12,9.27,37.22
3.83,-1.54,8.32,37.28
3.24,-1.82,8.29,37.27
-2.59,-0.06,9.58,37.31
-0.62,0.58,10.31,37.29
3.19,-0.4,9.69,37.29
4.06,-1.63,9.12,37.29
2.09,-1.77,7.81,37.27
-3.28,-0.18,9.89,37.29
-0.87,1.05,11.06,37.27
1.68,0.42,10.65,37.27
3.79,-1.89,8.36,37.27
0.97,-1.24,6.97,37.28
-2.49,0.27,9.93,37.27
-0.9,0.58,11.19,37.25
1.35,-0.2,9.75,37.27
3.66,-1.75,8.39,37.27
0.29,-0.72,7.58,37.25
3.12,-0.52,9.99,37.31
4.49,-1.77,7.87,37.28
3.8,0.22,6.24,37.3
0.46,0.25,8.55,37.27
-0.91,0.5,10.15,37.24
3.12,-0.43,10.05,37.25
5.15,-2.6,9.07,37.3
3.94,-0.76,7.24,37.23
-0.51,0.14,8.59,37.28
-0.18,1.34,10.23,37.23
4.02,-0.51,10.87,37.3
4.64,-2.59,9.03,37.22
3.37,-0.48,7.15,37.33
-1.18,0.29,9.54,37.28
1.15,1.34,10.08,37.29
3.03,-0.4,10.35,37.26
5.22,-1.52,7.26,37.25
2.77,-1.74,8.8,37.28
-0.51,0.29,9.42,37.29
0.92,1.18,10.69,37.29
3.72,-1.05,11.16,37.22
6.01,-1.39,7.33,37.25
3.15,-1.92,8.45,37.27
0.09,0.21,9.96,37.27
1.07,1.58,10.06,37.32
4.86,-0.48,10.57,37.29
5.54,-2.8,8.61,37.27
1.3,-0.34,7.81,37.31
0.19,0.2,9.5,37.27
0.48,1.28,10.65,37.26
3.43,-0.41,9.95,37.26
5.61,-2.51,8.55,37.29
0.45,-0.51,7.45,37.31
-1.48,0.3,10.18,37.29
-0.09,0.49,11.05,37.27
2.89,0.0,9.88,37.29
5.1,-2.44,8.4,37.32
-0.1,-1.47,8.78,37.32
-2.61,1.0,9.9,37.26
-0.85,0.32,11.65,37.26
1.49,-0.15,9.85,37.23
4.28,-1.89,8.02,37.29
-1.09,-1.11,8.33,37.29
-3.03,0.66,10.12,37.26
0.04,0.53,10.82,37.26
0.97,-0.28,9.37,37.27
3.95,-1.71,7.74,37.28
-0.83,-0.95,8.48,37.29
-3.27,0.35,10.96,37.29
0.12,0.88,10.57,37.34
3.02,-0.79,9.57,37.26
3.71,-1.58,7.79,37.26
-1.51,-0.44,8.17,37.28
-2.8,0.95,10.39,37.31
0.34,0.22,10.39,37.26
1.93,-0.52,8.87,37.29
3.58,-1.32,7.33,37.29
-0.49,-1.07,8.28,37.24
-2.74,0.94,10.57,37.24
-0.56,-0.6,10.97,37.28
3.86,0.28,8.34,37.37
4.55,-1.9,7.8,37.31
-1.44,0.16,7.8,37.27
-1.92,1.25,10.14,37.3
1.43,-0.68,11.26,37.27
3.14,-0.17,8.27,37.26
3.95,-1.24,7.36,37.28
-0.72,-0.09,8.36,37.29
-3.66,0.44,9.05,37.29
-1.27,0.39,11.15,37.27
1.45,-0.7,9.89,37.2
2.64,-1.26,6.99,37.25
2.57,-1.82,7.79,37.29
-3.17,1.08,8.88,37.22
-1.59,1.16,10.93,37.3
1.88,-0.54,10.2,37.29
3.96,-1.22,7.46,37.27
2.26,-1.12,7.67,37.25
-2.01,1.45,8.75,37.27
-0.87,0.98,10.68,37.28
2.34,-0.79,9.42,37.26
4.12,-1.43,7.21,37.28
1.18,-1.43,8.02,37.26
-1.37,1.26,9.01,37.3
-0.84,0.43,11.14,37.27
3.72,-0.92,9.41,37.29
4.43,-1.58,7.86,37.29
1.82,-0.54,7.86,37.28
-0.74,1.08,9.15,37.25
1.0,0.18,10.75,37.27
5.33,-0.63,9.59,37.26
5.32,-2.2,8.08,37.28
2.86,-0.25,7.69,37.25
0.1,1.02,9.68,37.3
2.32,0.95,10.26,37.27
4.5,-1.24,10.2,37.25
4.66,-2.0,7.92,37.27
1.93,-0.7,8.28,37.23
-0.39,0.31,10.37,37.3
1.29,1.23,10.46,37.28
4.69,-1.53,9.8,37.26
5.2,-1.68,7.77,37.27
0.73,-0.61,8.8,37.25
-0.74,1.22,9.95,37.28
1.66,0.87,10.61,37.28
4.64,-1.62,10.16,37.26
5.21,-1.81,7.84,37.27
0.1,-0.17,9.0,37.24
-0.53,-0.15,10.66,37.28
2.04,1.14,9.85,37.28
5.23,-1.3,10.18,37.25
4.47,-2.08,8.03,37.26
-0.43,0.06,8.55,37.28
-0.94,-0.17,11.16,37.27
1.06,0.69,10.37,37.29
3.97,-0.74,9.7,37.26
3.34,-2.4,8.15,37.23
-1.26,0.92,8.64,37.27
-1.73,-0.28,11.39,37.26
0.2,1.06,10.49,37.27
3.76,-0.61,9.34,37.23
3.46,-2.2,8.6,37.28
-2.2,0.4,8.95,37.28
-2.56,0.1,11.72,37.26
1.21,-0.24,10.8,37.24
3.73,-0.39,8.36,37.24
3.91,-1.67,7.82,37.28
-2.02,0.2,8.71,37.22
-1.32,0.79,10.65,37.28
1.19,0.01,10.7,37.26
3.62,-0.67,7.73,37.27
3.16,-2.07,7.52,37.25
-2.65,0.36,7.79,37.31
-3.26,1.07,10.49,37.23
1.16,-0.69,10.78,37.21
4.19,-1.15,7.28,37.29
3.16,-1.03,7.03,37.26
-1.48,1.07,8.33,37.26
-1.82,0.98,11.03,37.23
2.93,-0.96,10.84,37.23
5.3,-1.3,7.54,37.27
4.33,-1.55,7.66,37.27
-0.68,0.35,8.67,37.29
-0.6,1.71,10.02,37.3
3.32,-0.87,11.21,37.24
4.44,-1.2,7.69,37.22
3.67,-0.43,6.81,37.26
-0.1,0.34,8.73,37.24
-0.15,1.49,9.63,37.23
4.25,-1.19,10.76,37.27
5.13,-2.22,8.25,37.27
3.23,-0.93,7.57,37.21
0.05,0.21,9.3,37.29
0.73,1.23,9.64,37.25
3.5,-0.41,10.32,37.23
4.78,-2.21,8.15,37.27
4.29,-1.15,7.4,37.29
0.57,0.79,10.96,37.24
3.75,0.05,9.62,37.28
4.8,-2.43,10.27,37.24
4.04,-0.68,7.83,37.28
-1.65,0.0,10.21,37.25
-0.64,0.89,10.2,37.29
1.66,0.71,10.72,37.25
4.73,-2.53,8.75,37.24
3.02,-1.91,7.67,37.29
-1.02,-0.21,9.55,37.24
-0.25,0.36,11.01,37.24
1.64,0.53,10.42,37.25
4.73,-1.59,8.64,37.23
3.35,-2.37,7.98,37.26
-3.42,0.71,9.34,37.25
-1.71,1.08,11.0,37.25
0.94,0.29,10.77,37.25
4.33,-1.48,8.83,37.28
2.76,-1.6,7.42,37.24
-3.14,0.95,9.45,37.27
-1.21,-0.19,11.57,37.26
1.2,0.34,9.92,37.27
3.92,-1.22,8.28,37.24
2.41,-1.54,7.12,37.19
-3.58,1.39,8.66,37.27
-1.58,0.36,11.03,37.21
1.95,0.03,9.88,37.23
3.66,-1.47,7.84,37.24
2.53,-1.11,6.96,37.28
-3.41,0.7,9.09,37.24
-1.36,1.4,9.95,37.25
2.25,-0.48,9.42,37.22
3.56,-1.5,7.64,37.26
2.58,-0.85,6.56,37.23
-2.61,1.3,8.65,37.29
0.23,0.98,10.8,37.27
2.71,-1.54,10.34,37.26
5.06,-1.26,7.52,37.24
2.91,-1.13,7.18,37.25
-3.31,0.99,8.89,37.25
-2.02,0.33,11.63,37.26
1.66,-0.17,10.54,37.32
3.45,-1.07,8.93,37.29
2.94,-1.58,7.8,37.25
-3.33,0.56,9.22,37.29
-2.35,0.44,11.17,37.25
0.86,-0.48,10.9,37.31
3.36,-0.79,8.27,37.24
1.86,-1.32,7.19,37.26
-3.34,0.88,8.81,37.24
-2.75,0.4,11.03,37.24
1.33,-0.02,10.23,37.24
3.61,-1.24,8.22,37.27
2.21,-1.56,7.37,37.25
-2.52,0.66,8.59,37.27
-1.71,0.46,11.52,37.25
1.59,-0.43,10.32,37.28
5.39,-0.65,6.84,37.24
3.32,-1.09,7.3,37.27
-1.82,1.18,8.15,37.24
-0.83,1.13,10.9,37.27
3.28,-1.4,10.51,37.22
4.55,-1.44,7.7,37.26
2.44,-0.73,7.05,37.26
-0.91,0.99,9.18,37.27
-0.12,1.05,10.82,37.26
4.27,-0.74,10.29,37.24
4.52,-2.16,8.09,37.27
3.52,-0.38,6.97,37.27
-1.41,0.98,9.08,37.23
1.01,0.9,10.73,37.27
3.85,-1.4,10.71,37.28
5.05,-1.67,7.54,37.25
2.55,-1.41,7.65,37.25
-0.57,0.54,10.01,37.24
1.52,1.47,10.12,37.26
3.79,-0.9,11.34,37.22
6.23,-2.02,7.97,37.27
-1.44,0.75,11.02,37.26
1.04,-0.63,11.25,37.25
4.79,-1.34,7.85,37.23
1.31,-1.7,8.21,37.27
-3.45,0.65,9.69,37.25
-1.02,0.64,11.21,37.26
2.67,-0.07,9.84,37.3
3.83,-2.0,7.88,37.25
0.69,-0.84,7.45,37.23
-3.26,0.55,10.03,37.23
-2.21,0.87,10.85,37.25
0.81,-0.26,10.81,37.25
2.91,-0.57,8.47,37.26
4.04,-1.91,7.42,37.24
-3.05,0.21,8.28,37.29
-3.03,1.06,10.48,37.27
0.83,0.01,10.14,37.27
2.58,-0.94,8.32,37.25
3.17,-1.59,7.05,37.24
-2.58,0.29,8.48,37.25
-3.16,1.04,10.86,37.28
0.72,-0.52,10.73,37.25
4.71,-1.0,7.43,37.22
3.68,-1.18,6.64,37.26
-1.53,0.7,8.35,37.29
-2.58,1.3,10.07,37.29
0.78,-0.56,10.67,37.29
4.4,-1.41,8.36,37.3
3.77,-1.46,7.42,37.26
-0.4,0.21,8.53,37.26
-1.3,0.93,10.62,37.25
2.57,-0.87,10.84,37.27
5.87,-2.1,7.84,37.28
3.1,-1.38,7.21,37.3
-0.33,0.65,8.54,37.26
0.11,1.14,10.49,37.25
2.79,-0.17,10.63,37.28
4.17,-1.59,7.6,37.25
3.55,-1.08,7.6,37.26
0.82,0.46,10.78,37.25
4.71,-1.29,9.11,37.28
3.33,-2.05,8.34,37.25
-2.37,0.16,9.05,37.32
-1.07,0.88,10.57,37.23
0.08,0.61,10.32,37.27
4.71,-0.6,8.58,37.25
2.55,-2.32,8.71,37.28
-2.36,1.72,8.28,37.26
-1.41,0.25,10.96,37.23
1.45,0.95,9.74,37.27
3.69,-1.02,8.04,37.26
3.71,-1.61,7.48,37.29
-2.2,0.73,8.95,37.28
-1.84,0.26,11.47,37.31
2.29,-0.14,10.15,37.28
4.53,-1.92,8.62,37.27
2.71,-0.94,6.81,37.25
-2.76,0.47,9.47,37.25
-1.17,0.52,10.75,37.23
1.88,0.08,9.62,37.27
4.08,-1.96,8.78,37.27
2.63,-0.7,6.78,37.25
-2.29,1.09,8.71,37.26
-0.19,0.68,10.92,37.23
2.43,-1.2,10.07,37.29
4.98,-1.52,7.87,37.28
3.53,-0.99,6.62,37.23
-0.54,0.37,8.83,37.25
-0.13,1.3,10.52,37.24
3.62,-1.47,10.16,37.24
4.43,-1.59,7.45,37.28
3.26,-1.38,7.26,37.27
-0.08,0.38,8.88,37.24
0.46,0.94,10.06,37.22
4.22,-1.44,9.84,37.22
4.61,-1.86,8.19,37.27
3.08,-1.11,7.67,37.25
0.28,0.83,9.54,37.27
1.47,1.19,10.1,37.23
3.71,-1.86,7.98,37.24
1.0,0.02,7.03,37.25
-2.77,1.17,9.78,37.22
-0.6,0.0,11.04,37.25
2.65,-0.43,8.3,37.26
3.73,-1.58,7.23,37.29
0.66,-0.41,7.22,37.22
-3.49,1.13,9.27,37.27
0.19,0.82,10.17,37.2
2.37,-1.1,8.9,37.26
4.39,-0.78,6.7,37.26
1.65,-1.13,7.75,37.24
-1.58,1.71,8.43,37.23
0.7,-0.1,11.01,37.24
3.69,-2.13,9.59,37.26
4.38,-1.41,7.64,37.27
3.51,-2.11,7.31,37.27
-0.47,1.88,8.86,37.27
-2.05,0.79,10.89,37.26
4.79,-0.95,6.89,37.27
3.53,-1.23,7.25,37.23
-0.28,0.7,7.56,37.25
-2.07,1.12,10.45,37.23
1.88,-0.52,10.55,37.25
4.17,-1.1,8.44,37.24
3.32,-1.45,7.26,37.23
-0.82,0.53,8.3,37.25
-1.36,0.45,10.83,37.27
2.63,-0.18,9.83,37.21
4.4,-1.45,8.13,37.28
4.39,-0.95,6.86,37.26
-0.03,0.27,8.89,37.23
1.35,1.14,10.01,37.23
2.55,-0.12,10.88,37.21
5.81,-1.98,7.8,37.26
4.7,-1.21,7.58,37.2
0.21,-0.32,9.51,37.26
0.56,1.26,9.8,37.27
3.31,-0.42,10.79,37.25
-2.63,0.06,10.63,37.26
-0.8,0.72,10.65,37.25
2.19,-0.85,9.94,37.27
4.81,-1.7,8.13,37.25
-0.47,-0.23,7.6,37.25
-3.17,1.22,10.3,37.27
0.02,-0.14,11.29,37.24
3.38,0.11,7.9,37.27
4.19,-1.78,7.75,37.23
0.54,-0.27,7.6,37.29
-2.94,1.89,9.71,37.24
0.35,-0.43,11.47,37.26
3.11,-0.83,8.53,37.23
3.91,-1.17,6.63,37.25
0.43,-0.16,7.63,37.24
-3.0,1.38,9.56,37.25
1.14,0.73,10.21,37.26
3.91,-2.06,9.16,37.22
4.06,-0.74,6.44,37.28
0.64,-0.47,8.26,37.2
-1.04,1.2,9.3,37.28
1.63,0.35,10.62,37.22
4.11,-1.58,8.97,37.27
3.76,-0.85,7.02,37.23
0.6,-0.2,8.09,37.21
0.43,1.28,9.26,37.25
2.11,0.5,10.27,37.23
5.9,-2.01,9.32,37.23
4.39,-1.22,7.38,37.27
0.94,-0.51,8.47,37.22
0.92,0.76,10.15,37.21
3.49,0.53,9.91,37.25
6.14,-2.4,9.02,37.23
4.13,-1.83,7.95,37.24
0.48,-0.57,9.35,37.2
0.59,1.14,10.39,37.22
2.49,-0.26,10.84,37.26
5.73,-1.58,8.52,37.24
3.36,-1.26,7.66,37.22
-0.98,-0.25,10.29,37.24
-0.67,0.9,10.2,37.26
1.9,-0.08,10.41,37.25
5.28,-2.26,9.04,37.28
2.88,-1.99,8.25,37.26
-1.6,1.0,8.97,37.27
-0.22,-0.48,11.41,37.22
0.4,0.69,10.24,37.25
4.71,-1.74,9.35,37.22
1.95,-1.94,8.24,37.24
-3.11,1.22,8.89,37.24
-0.82,0.11,11.2,37.24
1.42,0.15,10.08,37.23
4.89,-1.84,8.43,37.2
2.33,-2.02,7.86,37.22
-2.24,1.53,9.13,37.24
-0.7,0.28,11.08,37.26
1.83,-0.41,9.63,37.22
3.99,-1.49,8.17,37.24
2.7,-0.76,7.31,37.22
-3.39,1.18,9.06,37.26
-1.91,0.89,10.91,37.21
-0.23,0.07,10.75,37.24
2.33,-0.86,8.79,37.2
1.73,-1.36,8.0,37.29
-1.0,0.91,6.99,37.24
-2.38,0.34,10.54,37.22
-0.1,-0.33,10.46,37.22
3.26,-0.68,7.95,37.24
4.57,-1.82,7.39,37.27
-0.45,0.76,7.5,37.27
-2.88,1.42,9.54,37.25
1.53,-0.78,11.25,37.23
3.21,-1.47,8.68,37.18
4.29,-0.89,6.2,37.27
0.83,-0.23,8.08,37.28
-1.49,1.03,9.76,37.24
1.54,-0.02,10.52,37.23
4.45,-1.73,8.2,37.21
0.34,-0.25,8.6,37.25
0.19,1.42,9.44,37.21
1.82,-0.21,11.62,37.24
4.17,-2.56,8.67,37.23
4.23,-0.66,7.15,37.19
0.72,-0.69,9.02,37.23
0.51,1.33,9.23,37.26
2.65,-0.37,10.86,37.23
6.95,-2.32,9.03,37.23
3.33,-1.24,7.49,37.25
-0.09,-0.33,8.89,37.21
0.93,1.23,9.9,37.19
2.52,-0.08,10.97,37.23
5.5,-1.36,8.35,37.25
3.68,-1.64,8.04,37.26
-1.37,0.36,9.27,37.2
-0.55,0.86,10.2,37.24
1.3,-0.42,10.63,37.23
4.92,-1.39,8.77,37.24
3.48,-1.59,7.73,37.26
-2.5,0.52,9.79,37.28
-0.0,0.51,11.12,37.2
1.64,0.2,10.62,37.25
4.77,-1.47,8.74,37.22
2.0,-1.43,7.92,37.25
-2.4,0.73,10.05,37.18
-0.63,0.41,11.29,37.28
2.32,0.73,9.49,37.24
5.3,-1.73,8.27,37.2
1.03,-1.05,7.36,37.21
-2.48,1.45,8.85,37.22
-1.4,0.25,11.6,37.25
2.96,-0.05,9.4,37.27
5.18,-1.13,7.53,37.21
2.0,-0.97,7.24,37.26
-2.36,1.11,9.49,37.26
0.19,0.06,11.11,37.25
1.72,-0.44,9.13,37.21
3.57,-1.26,7.78,37.21
2.32,-1.09,7.22,37.26
-1.63,1.06,10.02,37.27
2.79,-0.49,10.6,37.22
4.87,-1.35,8.03,37.25
4.07,-1.61,7.13,37.23
0.39,0.22,8.51,37.22
-0.45,1.56,9.33,37.23
3.2,-0.18,10.92,37.2
4.88,-2.44,8.11,37.26
3.65,-0.95,6.44,37.22
0.63,-0.08,8.77,37.21
1.06,0.98,9.63,37.23
2.86,-0.05,10.51,37.25
6.44,-2.35,8.19,37.25
2.51,-1.31,7.59,37.24
0.11,0.83,8.45,37.27
0.56,0.65,10.23,37.21
3.14,-0.21,10.74,37.22
5.58,-1.85,8.03,37.21
1.61,-1.17,7.52,37.21
4.57,-1.68,7.53,37.24
-0.65,-1.11,8.42,37.24
-3.06,1.94,9.34,37.17
0.22,-0.14,10.37,37.19
2.23,-0.72,8.76,37.26
4.7,-1.84,7.19,37.21
-0.34,-0.28,7.6,37.22
-2.43,1.4,9.42,37.22
0.59,-0.78,11.74,37.22
3.47,-0.39,7.76,37.21
4.29,-1.47,7.66,37.23
1.33,-0.74,8.04,37.23
-1.94,0.74,9.22,37.21
-0.49,0.63,11.04,37.22
2.61,-0.75,10.56,37.22
5.34,-1.18,7.74,37.2
3.6,-1.21,6.91,37.19
-1.28,1.46,8.09,37.24
-0.16,1.52,10.58,37.17
3.53,-1.22,11.33,37.25
1.45,0.05,8.11,37.23
-0.39,-0.07,9.4,37.26
-0.4,1.29,9.35,37.2
5.33,-1.5,10.3,37.19
5.29,-1.52,7.45,37.2
2.99,-0.43,7.38,37.21
-0.61,0.86,8.9,37.22
1.39,1.36,10.4,37.24
4.25,-1.01,10.46,37.19
3.79,-1.31,7.33,37.21
2.16,-0.15,7.39,37.22
-1.32,-0.46,10.28,37.25
0.34,1.61,9.48,37.23
3.86,-0.87,10.41,37.25
5.99,-1.87,8.41,37.29
1.75,-1.07,8.86,37.21
-0.45,0.37,9.7,37.25
1.41,0.75,10.01,37.22
3.97,-0.83,10.36,37.22
6.17,-1.45,7.14,37.22
1.06,-0.98,8.26,37.22
-0.14,-0.25,10.48,37.24
1.23,1.29,9.96,37.22
4.53,-0.97,10.23,37.22
5.63,-1.62,7.78,37.23
-0.19,-0.42,8.25,37.24
-1.22,0.59,9.92,37.22
1.29,0.21,11.19,37.23
3.22,-0.67,10.35,37.23
5.33,-2.5,8.49,37.25
-0.03,-1.0,8.37,37.24
-3.17,0.7,10.68,37.24
0.55,0.15,11.09,37.28
2.52,-0.91,10.36,37.22
4.22,-1.62,7.55,37.24
-1.22,-0.26,8.41,37.21
-4.41,0.62,11.04,37.21
-0.22,1.24,10.14,37.21
1.47,-0.47,9.38,37.24
-4.35,0.21,9.76,37.24
-2.55,0.78,10.68,37.22
1.13,-0.65,10.36,37.24
2.13,-1.02,7.69,37.18
0.89,-0.42,7.38,37.19
-3.03,0.26,9.62,37.26
-1.57,0.47,11.01,37.21
1.55,-0.68,9.55,37.19
4.14,-2.02,9.04,37.22
2.11,-1.35,6.85,37.19
-2.85,0.65,8.81,37.24
-1.05,1.19,10.56,37.23
1.71,-0.36,10.18,37.2
4.44,-1.57,7.98,37.21
2.88,-1.23,7.49,37.19
-2.91,0.73,8.95,37.19
-0.4,1.68,10.47,37.25
2.45,-1.28,10.01,37.21
4.53,-1.58,7.56,37.22
2.23,-0.78,6.96,37.21
-1.48,1.1,8.53,37.2
0.35,1.07,11.12,37.17
3.63,-1.13,9.16,37.21
6.02,-1.05,7.59,37.21
3.3,-1.29,7.79,37.2
-0.13,1.31,8.67,37.2
0.78,1.03,10.36,37.16
4.46,-1.2,9.72,37.24
5.55,-1.47,7.27,37.19
3.29,-0.49,7.35,37.21
-0.38,0.14,9.31,37.21
2.24,1.09,10.04,37.19
4.52,-2.04,10.59,37.21
4.38,-1.86,7.52,37.2
2.25,-0.18,7.8,37.24
-0.25,0.21,10.22,37.21
1.13,1.27,9.82,37.24
2.88,0.04,11.26,37.19
5.63,-2.54,9.3,37.22
3.43,-0.44,6.58,37.21
2.52,-1.75,7.75,37.2
-2.27,0.47,8.62,37.22
-1.57,0.34,11.44,37.17
1.76,-0.35,10.11,37.2
4.4,-0.74,7.92,37.21
2.68,-2.26,8.22,37.25
-2.64,0.29,8.67,37.22
-1.23,0.47,11.24,37.2
0.77,-0.03,10.41,37.24
4.11,-0.43,7.61,37.18
4.6,-1.51,7.01,37.25
-0.85,0.83,8.12,37.22
-1.43,1.52,9.97,37.2
3.83,-0.98,10.32,37.2
4.56,-1.64,8.19,37.21
2.82,-0.94,6.92,37.2
-0.68,0.62,8.36,37.2
-0.88,0.51,10.81,37.19
3.6,-0.26,9.36,37.22
5.77,-2.09,7.99,37.18
2.5,-0.85,6.87,37.22
-0.2,0.68,8.58,37.21
1.2,0.7,10.6,37.26
3.63,-0.86,10.5,37.23
5.36,-1.75,7.96,37.22
2.63,-1.71,8.01,37.22
-0.7,0.73,9.36,37.23
0.72,1.53,10.3,37.21
4.34,-0.74,10.88,37.2
6.24,-1.2,7.39,37.27
1.98,-1.54,8.51,37.22
-0.08,0.83,9.61,37.18
0.9,0.91,11.2,37.26
3.44,-0.83,10.88,37.2
6.41,-2.07,8.09,37.22
1.04,-1.04,8.64,37.21
-1.11,0.98,10.04,37.21
0.95,1.02,11.21,37.22
-1.55,0.56,8.5,37.18
-3.44,0.78,9.35,37.24
-0.79,1.0,11.07,37.22
2.07,-1.33,10.18,37.15
3.82,-1.25,7.55,37.25
1.47,-1.03,7.76,37.19
-3.01,0.82,9.81,37.17
0.12,0.36,10.93,37.21
2.81,-0.21,8.71,37.22
3.06,-1.04,7.32,37.2
1.88,-0.89,7.26,37.21
-2.49,0.47,9.37,37.21
0.14,1.04,10.18,37.21
3.7,-1.18,9.4,37.22
4.62,-2.07,8.27,37.19
1.59,-0.2,6.86,37.19
-0.79,1.13,9.47,37.2
0.57,0.84,10.29,37.18
3.73,-0.85,8.9,37.22
4.58,-1.91,7.92,37.24
1.09,-0.35,7.26,37.19
-0.43,0.97,9.11,37.19
1.62,0.58,10.83,37.17
4.84,-1.94,9.49,37.24
4.77,-1.59,7.25,37.18
1.85,-0.62,8.36,37.2
0.78,0.58,9.95,37.22
1.93,0.22,10.6,37.17
5.47,-1.72,9.76,37.24
4.3,-1.38,7.97,37.18
1.22,-0.7,8.55,37.21
-0.02,0.77,9.57,37.23
1.84,1.27,9.71,37.19
5.26,-1.27,9.8,37.18
5.32,-2.22,8.2,37.18
1.14,0.06,8.56,37.23
-0.45,0.06,9.77,37.2
0.55,1.05,10.2,37.23
4.85,-1.65,9.97,37.21
4.71,-2.26,8.63,37.16
-0.48,0.1,8.92,37.21
-0.07,0.33,10.24,37.2
0.98,1.13,10.47,37.2
5.13,-1.47,9.73,37.23
4.43,-2.32,8.53,37.22
-1.45,0.36,8.45,37.19
-1.46,-0.03,11.14,37.22
0.57,0.86,11.27,37.21
3.57,-1.8,9.36,37.19
5.06,-1.92,8.77,37.21
1.61,-0.45,7.68,37.22
-2.51,0.79,9.96,37.19
-0.49,0.07,11.27,37.2
1.62,-0.16,10.37,37.19
4.67,-1.21,7.61,37.19
0.41,-1.21,8.12,37.22
-2.63,-0.01,10.47,37.22
-0.57,0.4,11.26,37.17
2.1,-0.12,9.8,37.24
3.02,-0.94,8.98,37.23
2.87,-0.76,7.59,37.19
2.56,-1.3,7.05,37.22
-2.58,0.06,8.93,37.19
-1.81,1.06,10.46,37.22
1.83,-0.8,10.23,37.16
4.02,-1.36,7.91,37.22
2.57,-0.97,6.81,37.21
-1.89,1.21,8.4,37.21
-1.79,1.0,10.91,37.19
2.19,-1.09,10.0,37.24
3.64,-1.48,7.87,37.22
2.08,-1.15,6.75,37.2
-1.42,0.88,8.8,37.19
-0.59,0.5,11.04,37.18
2.9,-0.82,10.35,37.2
5.53,-1.75,7.91,37.19
2.36,-1.59,8.07,37.18
-0.99,0.54,8.75,37.21
1.23,0.89,10.16,37.18
2.99,-1.04,10.69,37.16
4.86,-1.45,7.55,37.18
2.76,-1.48,8.31,37.21
-0.17,1.0,8.47,37.18
0.84,1.23,10.1,37.22
3.29,-0.62,10.09,37.18
5.59,-1.85,7.47,37.2
2.31,-1.58,8.04,37.17
-0.97,0.68,9.1,37.18
2.04,1.07,10.77,37.21
3.55,-0.9,10.65,37.17
5.91,-1.19,7.97,37.18
2.66,-1.58,8.48,37.2
0.1,0.66,9.44,37.19
1.32,1.26,9.78,37.19
4.21,-0.28,10.56,37.19
6.67,-2.57,7.96,37.2
-0.17,-0.05,8.0,37.21
-0.57,0.7,10.29,37.18
0.31,0.61,11.02,37.19
3.39,-0.68,9.92,37.2
5.16,-1.82,8.34,37.18
0.67,0.09,8.43,37.2
-1.57,0.55,10.45,37.21
0.58,0.62,10.57,37.18
2.3,-0.41,9.73,37.21
4.74,-1.29,7.71,37.2
-0.72,0.37,7.96,37.23
-2.99,0.31,11.1,37.21
0.99,0.04,11.44,37.21
2.79,-0.7,9.02,37.17
4.97,-1.87,7.78,37.16
-1.32,-0.05,7.94,37.18
-3.55,1.36,10.14,37.18
-0.44,-0.02,11.23,37.2
2.0,-0.42,8.51,37.19
4.12,-1.06,7.06,37.21
-0.6,-0.28,7.43,37.22
-3.2,2.17,9.37,37.23
0.37,-0.6,11.53,37.22
3.55,-1.63,8.75,37.16
4.6,-1.81,7.32,37.21
-0.45,-0.41,7.69,37.21
-3.7,1.54,10.41,37.22
0.97,-0.87,11.63,37.21
3.63,-1.12,8.36,37.22
4.09,-1.34,6.99,37.19
0.31,-0.19,8.15,37.15
-1.58,1.14,9.64,37.22
1.77,-0.37,10.75,37.2
2.22,-0.31,9.01,37.18
5.01,-1.07,7.29,37.19
2.47,-0.93,7.16,37.19
0.76,1.94,8.73,37.21
-1.13,0.59,11.41,37.18
2.21,-1.07,9.89,37.22
4.87,-1.06,7.29,37.18
2.44,-1.86,8.45,37.19
-1.08,0.51,9.09,37.21
-0.38,0.99,11.0,37.17
3.86,-0.8,9.9,37.19
4.23,-1.59,7.7,37.21
2.46,-0.45,7.33,37.21
-0.28,0.55,9.42,37.2
0.83,0.98,10.41,37.17
3.71,-0.85,9.28,37.18
4.97,-2.42,8.51,37.2
2.95,-0.97,8.18,37.24
-0.59,0.41,9.86,37.19
0.98,0.45,11.12,37.21
4.12,-1.27,10.0,37.18
5.02,-1.5,8.06,37.22
1.74,-0.18,7.84,37.23
-0.8,0.74,9.49,37.19
1.61,0.85,10.39,37.22
4.17,-1.09,10.21,37.2
6.44,-1.73,7.32,37.19
0.06,-0.63,9.0,37.22
-0.35,-0.25,10.54,37.2
1.14,1.48,9.96,37.2
3.98,-0.96,10.31,37.16
5.19,-1.51,7.45,37.18
0.02,-0.85,8.6,37.19
-2.6,-0.15,10.51,37.21
-0.1,1.09,9.98,37.24
2.79,-1.15,9.79,37.19
3.18,-1.77,7.51,37.17
-0.79,0.03,8.33,37.22
-1.91,0.03,11.06,37.19
0.79,0.72,10.29,37.17
3.17,-0.92,8.95,37.22
4.75,-1.39,7.19,37.15
-1.9,-0.76,9.11,37.22
-2.91,0.91,10.72,37.19
1.36,-0.54,11.21,37.22
2.88,-1.15,9.23,37.14
4.1,-1.47,7.1,37.19
-1.97,0.05,8.72,37.2
-1.75,1.08,9.95,37.17
0.36,0.37,10.39,37.19
2.91,-1.04,8.54,37.19
4.23,-1.2,7.56,37.22
-1.74,-0.39,7.8,37.22
-2.93,0.93,10.67,37.15
0.52,-0.41,11.06,37.19
2.97,-0.86,8.42,37.2
3.47,-1.19,6.96,37.17
-1.41,0.5,7.67,37.18
-3.38,1.06,10.5,37.18
0.37,-0.18,11.06,37.12
4.21,-1.64,8.66,37.17
2.91,-1.85,7.47,37.18
-1.04,1.18,7.06,37.16
-2.21,0.85,11.04,37.21
1.77,0.25,10.97,37.2
6.13,-1.9,8.14,37.14
3.13,-1.53,7.28,37.14
-0.45,1.58,7.05,37.19
-3.63,2.0,10.33,37.19
-1.43,0.48,11.14,37.18
1.91,-0.8,10.09,37.19
3.78,-1.24,7.35,37.19
2.33,-1.07,7.48,37.19
-3.54,0.48,9.84,37.18
0.16,0.67,10.76,37.17
3.01,-2.14,10.47,37.17
4.44,-1.11,7.15,37.16
2.06,-0.26,6.39,37.19
-1.83,1.06,9.07,37.18
-0.45,0.39,10.87,37.17
3.39,-1.43,9.99,37.19
5.53,-1.93,7.63,37.17
1.47,-1.05,7.64,37.18
-1.32,1.25,9.05,37.14
0.34,0.48,11.23,37.18
3.35,-1.82,9.57,37.21
4.51,-1.21,7.2,37.19
1.84,-1.62,9.03,37.18
1.05,-0.45,9.15,37.18
0.69,1.19,10.22,37.15
1.47,-0.52,11.33,37.21
3.49,-1.54,8.64,37.16
4.07,-1.19,7.68,37.17
-0.8,1.3,9.06,37.11
-0.51,1.24,9.82,37.18
1.36,0.06,10.79,37.19
4.77,-1.97,8.59,37.19
3.35,-1.34,7.44,37.14
-0.83,0.23,9.33,37.18
-0.24,1.01,10.39,37.15
1.9,-0.13,10.48,37.18
5.16,-1.23,8.21,37.13
3.73,-1.16,7.81,37.2
-0.26,-0.06,9.52,37.17
0.3,1.3,10.13,37.16
3.27,-0.22,10.71,37.18
5.75,-1.69,8.31,37.19
2.77,-1.07,8.03,37.2
-0.35,-0.44,10.53,37.16
-0.28,1.05,10.13,37.15
2.44,-0.19,10.56,37.18
4.49,-2.19,9.12,37.17
2.6,-0.62,7.2,37.15
-2.4,0.14,9.94,37.21
-1.25,1.03,10.44,37.21
1.76,-0.7,11.09,37.17
5.33,-1.81,8.36,37.17
2.26,-1.73,7.77,37.2
-3.72,0.97,10.13,37.22
-0.29,0.47,10.57,37.16
1.66,0.04,9.96,37.19
4.57,-1.77,7.55,37.15
1.02,-0.92,7.91,37.12
-2.78,0.97,9.42,37.18
-1.07,0.4,11.47,37.2
0.96,-0.62,10.16,37.19
-2.21,0.05,8.44,37.15
-3.27,0.24,11.04,37.15
0.42,0.11,10.88,37.19
2.58,-0.66,8.68,37.19
4.36,-2.09,7.82,37.17
-2.02,0.02,8.43,37.19
-3.73,0.3,10.49,37.18
-0.49,-0.1,11.2,37.17
2.42,-1.22,8.54,37.16
3.06,-1.27,7.65,37.14
-2.66,-0.01,8.9,37.18
-2.95,1.16,10.71,37.2
0.06,-0.64,10.81,37.16
3.09,-0.39,7.58,37.15
3.77,-1.55,7.71,37.16
-1.52,0.58,8.38,37.19
-3.0,0.88,10.72,37.18
0.59,-0.56,11.33,37.2
4.72,-1.22,8.08,37.19
3.89,-1.79,8.15,37.2
-0.35,0.62,7.84,37.18
-1.1,1.59,9.72,37.15
1.57,-0.53,10.53,37.19
4.65,-0.75,7.68,37.15
4.49,-1.66,7.46,37.17
-0.06,0.17,8.35,37.16
-0.64,1.07,10.03,37.22
2.92,-0.93,11.43,37.15
5.23,-1.72,7.72,37.15
3.75,-0.85,7.09,37.12
-0.37,0.35,8.48,37.14
0.26,1.34,9.45,37.16
2.81,-0.16,10.02,37.15
5.23,-1.87,7.84,37.18
3.22,-0.51,7.31,37.14
0.51,-0.13,9.06,37.2
0.99,1.14,9.94,37.19
2.56,-0.86,10.54,37.17
5.74,-2.4,8.74,37.16
0.77,0.91,10.77,37.17
5.1,-1.41,9.0,37.17
4.22,-2.22,8.36,37.17
-1.73,0.62,9.07,37.19
-1.25,0.81,10.99,37.16
0.72,0.82,10.36,37.14
3.34,-1.7,9.04,37.18
2.75,-1.24,7.63,37.19
-1.66,1.03,9.1,37.18
-1.98,0.21,10.61,37.18
0.02,0.72,10.39,37.14
1.99,-0.94,10.56,37.11
5.3,-1.47,7.81,37.15
0.17,-0.83,7.94,37.18
-3.79,0.37,10.53,37.16
-0.6,0.75,11.23,37.15
2.03,-1.08,9.91,37.16
4.41,-1.56,7.57,37.14
-0.74,-1.12,8.04,37.18
-3.06,1.47,9.8,37.17
-1.34,0.21,11.28,37.18
0.98,-0.86,9.47,37.14
4.18,-0.95,7.16,37.13
0.91,-1.46,8.18,37.15
-3.26,2.27,9.24,37.16
-1.3,-0.07,10.88,37.16
3.27,-0.98,9.1,37.17
4.15,-1.0,7.48,37.13
0.3,-0.75,8.07,37.13
-3.04,1.07,9.62,37.16
-0.4,-0.39,10.87,37.14
2.67,-0.96,8.8,37.17
3.77,-1.15,7.41,37.15
0.7,-0.85,7.89,37.17
-1.87,1.87,8.77,37.18
-0.08,-0.28,11.53,37.13
2.59,-1.21,8.98,37.11
4.52,-1.5,7.72,37.18
0.82,-0.48,8.11,37.17
-0.96,1.45,9.1,37.18
0.86,0.51,10.98,37.16
4.62,-1.98,8.6,37.16
4.57,-1.46,7.62,37.17
0.57,-0.17,7.81,37.17
-0.71,1.04,9.7,37.19
2.24,-0.11,11.29,37.14
5.68,-1.38,8.78,37.17
4.55,-1.74,7.99,37.12
0.77,-0.34,8.87,37.11
-0.28,1.19,10.03,37.16
2.76,-0.03,10.77,37.18
5.68,-1.42,8.96,37.15
4.21,-1.35,7.83,37.14
0.68,0.06,8.89,37.16
-0.03,0.57,10.57,37.14
2.37,0.13,10.86,37.18
5.25,-1.75,9.65,37.17
5.28,-1.41,7.51,37.15
-1.12,0.35,9.32,37.17
4.34,-1.28,8.37,37.17
2.81,-1.21,7.47,37.16
-2.88,0.58,9.66,37.2
-0.82,0.45,10.87,37.16
2.08,-0.52,10.06,37.11
3.46,-1.48,8.03,37.12
2.15,-1.08,7.24,37.15
-2.92,0.52,9.53,37.21
-0.36,0.77,10.74,37.11
1.55,-0.28,9.86,37.1
4.02,-1.33,8.28,37.16
2.81,-0.78,7.27,37.15
-1.19,0.91,8.64,37.15
-0.02,0.74,10.46,37.14
2.73,-1.16,10.11,37.18
5.02,-1.59,8.46,37.16
2.99,-0.82,7.23,37.18
-0.93,0.74,8.62,37.11
-0.33,1.36,10.37,37.11
3.88,-0.88,10.08,37.15
5.15,-1.72,7.86,37.17
2.16,-0.75,7.33,37.17
-0.24,1.22,8.86,37.19
0.94,0.99,10.3,37.17
4.04,-1.11,9.89,37.14
5.42,-1.64,7.63,37.16
2.28,-1.29,8.26,37.1
-0.23,0.44,9.67,37.13
0.65,1.08,10.55,37.17
3.77,-1.17,10.72,37.16
6.36,-2.31,8.19,37.15
1.03,-0.4,7.97,37.16
-0.97,0.75,9.72,37.14
0.86,0.63,10.72,37.14
3.64,-1.1,10.04,37.16
5.6,-1.89,7.57,37.15
3.52,-1.12,7.73,37.11
-0.57,-0.0,10.94,37.12
0.58,1.17,10.65,37.19
3.15,-0.58,10.61,37.15
5.97,-1.89,8.88,37.13
4.24,-1.92,8.06,37.19
-0.37,-0.09,8.69,37.17
-0.71,1.17,9.61,37.15
1.66,0.17,11.04,37.14
5.24,-1.59,8.89,37.14
5.11,-1.13,7.64,37.14
-0.67,-0.29,9.15,37.1
-0.26,1.41,10.1,37.14
1.86,-0.82,11.46,37.13
4.99,-1.51,8.82,37.14
4.98,-1.38,7.37,37.15
-1.45,0.09,9.57,37.18
-0.41,0.57,10.02,37.17
1.58,-0.06,9.98,37.14
4.03,-0.97,8.55,37.14
3.63,-1.67,7.92,37.12
-1.94,0.12,9.62,37.1
-0.87,0.69,10.44,37.13
0.63,-0.07,10.96,37.14
4.28,-1.9,9.05,37.11
3.22,-1.52,7.55,37.12
-2.04,0.77,8.83,37.16
-1.92,0.34,11.15,37.15
1.13,0.32,9.83,37.14
3.3,-1.14,8.2,37.14
2.79,-1.35,7.32,37.15
-3.64,0.85,8.78,37.15
-2.12,0.81,10.75,37.17
1.29,-0.21,10.64,37.07
3.17,-1.61,8.1,37.11
2.72,-1.29,7.36,37.21
-2.83,0.21,9.05,37.14
-1.85,1.62,10.07,37.16
1.64,-0.98,10.79,37.15
3.83,-1.89,8.05,37.14
2.84,-0.95,6.76,37.14
-2.1,0.53,8.84,37.16
-1.2,1.49,10.39,37.18
2.56,-1.1,10.42,37.15
5.14,-1.41,7.88,37.16
2.97,-1.0,6.84,37.14
-0.92,0.57,9.1,37.16
-0.27,1.3,9.95,37.15
3.48,-1.19,10.56,37.16
4.33,-1.16,7.69,37.12
3.2,-1.09,7.65,37.15
-1.3,0.24,9.64,37.12
0.95,1.72,8.96,37.17
3.94,-1.8,10.94,37.16
4.64,-2.09,7.69,37.17
2.55,-0.63,7.45,37.16
-0.21,0.29,9.74,37.17
0.32,0.5,10.45,37.15
3.58,-0.88,9.98,37.13
6.63,-2.73,7.97,37.12
0.4,-0.57,7.92,37.13
-0.7,0.3,9.41,37.12
0.56,0.82,10.13,37.15
3.35,-0.45,9.87,37.17
5.97,-2.28,8.04,37.12
0.66,-0.82,8.04,37.13
-1.27,0.65,9.89,37.16
1.09,0.17,11.36,37.18
3.24,-1.09,9.82,37.16
4.96,-2.43,8.16,37.17
0.62,-0.72,8.18,37.13
-2.29,1.13,10.7,37.12
1.25,-0.11,11.02,37.15
2.42,-0.62,9.19,37.13
5.26,-1.58,7.54,37.12
-0.04,-1.0,8.41,37.12
-2.6,1.64,9.94,37.11
0.43,0.03,11.11,37.12
1.87,-0.6,9.36,37.12
4.4,-1.54,7.52,37.15
-0.74,-0.79,8.64,37.13
-2.71,0.52,10.83,37.14
0.31,0.48,10.77,37.14
2.89,-1.23,9.26,37.13
4.29,-1.47,7.46,37.14
0.93,-0.24,7.84,37.13
-2.53,1.99,10.2,37.17
1.14,-0.82,11.67,37.13
3.63,-0.66,8.4,37.13
4.5,-1.35,7.27,37.09
2.94,-0.63,7.35,37.12
-1.86,0.7,8.66,37.11
-1.2,1.25,10.54,37.13
1.79,-1.25,9.99,37.13
4.37,-1.26,7.44,37.16
3.37,-1.39,7.18,37.13
-1.11,1.17,8.26,37.14
-0.39,0.6,10.81,37.12
2.75,-1.56,9.47,37.12
4.76,-1.38,7.69,37.14
2.45,-1.8,7.36,37.11
0.69,-0.28,7.68,37.12
-1.71,0.41,8.07,37.14
-2.57,0.8,10.79,37.13
0.03,0.25,10.59,37.15
3.15,-1.49,8.65,37.14
3.17,-1.53,7.35,37.12
-1.81,0.32,8.37,37.14
-2.53,0.77,10.96,37.12
0.72,0.1,10.56,37.11
3.73,-0.91,8.18,37.15
3.41,-1.8,7.22,37.16
-1.6,1.44,7.85,37.13
-2.21,1.21,10.15,37.09
1.99,-0.67,10.76,37.12
4.63,-1.28,7.73,37.16
4.17,-1.54,7.24,37.12
0.2,0.22,8.54,37.09
-0.98,1.11,9.32,37.09
2.88,-0.76,11.01,37.14
4.3,-2.26,8.26,37.1
3.6,-1.04,7.43,37.14
0.07,0.0,9.22,37.13
0.38,1.61,9.12,37.14
2.77,-0.63,10.98,37.08
5.25,-2.3,7.77,37.15
3.5,-0.35,7.63,37.13
-0.44,-0.34,9.56,37.17
1.14,1.23,10.36,37.13
3.07,-0.72,10.96,37.08
6.82,-1.86,7.92,37.13
2.48,-1.23,8.32,37.14
-0.68,0.34,9.24,37.14
0.74,1.03,10.61,37.12
3.39,-0.48,10.18,37.1
6.13,-1.67,7.97,37.11
0.87,-0.91,7.93,37.13
-0.82,0.32,10.14,37.14
0.7,0.09,11.29,37.13
2.91,0.35,9.73,37.18
5.58,-2.85,9.56,37.17
-1.87,1.32,10.1,37.09
1.38,-0.31,10.96,37.14
3.83,-0.79,8.34,37.13
4.3,-1.81,7.52,37.1
-2.41,0.71,8.56,37.06
-2.66,0.64,11.57,37.12
0.95,-0.6,11.1,37.14
4.02,-2.06,8.63,37.13
2.77,-2.13,7.0,37.08
-3.87,0.55,8.84,37.13
-2.16,1.59,10.73,37.09
0.95,-1.05,10.76,37.12
3.16,-1.14,7.58,37.13
3.2,-0.76,6.22,37.08
-2.93,0.54,8.89,37.1
-1.95,1.48,10.29,37.09
1.67,-0.97,10.4,37.12
3.84,-1.56,7.65,37.11
2.71,-0.99,6.91,37.12
-2.59,0.76,8.09,37.11
-1.41,1.5,10.34,37.13
0.86,-1.04,11.57,37.11
4.19,-0.4,7.68,37.14
4.13,-0.83,7.18,37.07
-1.16,0.0,8.09,37.16
-1.86,1.51,10.56,37.13
1.43,-1.33,10.99,37.12
3.79,-0.94,7.77,37.15
2.74,-1.89,7.39,37.15
-0.37,0.91,8.58,37.12
-0.98,0.85,10.56,37.12
2.53,-0.51,10.32,37.18
4.13,-2.15,8.72,37.15
3.86,-0.02,6.68,37.08
0.09,-0.21,9.28,37.15
0.24,1.34,9.22,37.11
3.08,-0.08,10.41,37.1
4.04,-1.86,9.78,37.08
2.71,-1.72,7.59,37.1
-2.59,0.22,9.88,37.14
-3.22,1.49,10.0,37.13
1.08,-0.11,11.3,37.15
2.18,-0.95,9.67,37.17
4.44,-1.75,7.59,37.09
-1.16,-1.16,8.87,37.1
-2.71,1.35,9.96,37.08
-0.67,-0.48,11.54,37.1
2.55,-0.58,8.92,37.09
4.36,-1.52,7.74,37.13
-0.94,0.56,7.69,37.12
-2.24,1.73,9.42,37.12
-0.08,-0.44,11.76,37.11
3.68,-1.2,9.04,37.1
4.86,-1.3,6.99,37.08
0.16,-0.51,8.5,37.08
-2.76,1.07,10.0,37.11
1.8,-0.45,11.51,37.09
3.63,-2.38,9.39,37.12
-0.03,1.21,10.11,37.07
1.38,1.01,10.26,37.11
4.14,-1.33,9.85,37.11
5.19,-1.55,7.71,37.09
2.36,-1.28,7.79,37.13
-0.16,0.92,9.61,37.1
1.45,0.92,10.68,37.08
4.74,-1.13,10.69,37.08
5.52,-1.69,6.98,37.09
1.53,-0.13,8.09,37.09
-0.92,0.07,10.17,37.09
0.86,1.72,9.54,37.1
4.02,-1.75,10.28,37.1
4.84,-1.71,7.01,37.1
0.08,-0.67,8.48,37.11
-0.82,0.03,10.4,37.1
0.18,0.92,10.45,37.1
3.06,-1.13,9.82,37.12
4.18,-1.93,8.12,37.1
-0.9,-0.36,8.68,37.06
-2.22,0.64,10.59,37.12
-0.06,0.7,10.66,37.09
2.75,-1.24,9.93,37.09
4.48,-2.63,8.7,37.11
-0.11,-0.02,7.92,37.11
-2.57,0.47,10.84,37.14
-0.34,0.37,10.94,37.14
4.19,-1.11,9.14,37.08
4.74,-2.19,7.87,37.14
-2.16,0.38,7.71,37.1
-3.63,0.51,11.52,37.11
-0.11,-0.53,10.83,37.11
2.22,-0.18,8.62,37.07
4.08,-1.81,7.67,37.14
-1.87,-0.48,8.45,37.09
-3.2,1.02,10.41,37.07
1.11,-0.33,11.57,37.13
3.39,-1.21,8.75,37.09
4.41,-1.27,6.96,37.12
0.57,-0.26,7.68,37.1
-2.42,1.69,9.66,37.09
1.01,-0.89,11.39,37.06
4.04,-1.61,8.48,37.12
3.69,-1.76,6.7,37.12
-0.35,-0.1,8.04,37.09
-2.72,0.92,11.47,37.1
2.47,-0.26,10.72,37.06
3.69,-1.88,8.8,37.12
2.71,-0.09,6.45,37.12
0.37,-0.36,8.92,37.1
-2.49,1.39,9.61,37.11
2.26,-0.58,10.92,37.05
5.0,-2.72,9.48,37.09
4.32,-0.64,7.62,37.09
1.71,-0.34,8.61,37.09
0.76,2.01,9.27,37.17
2.18,-0.17,11.39,37.07
6.65,-1.57,8.36,37.08
4.12,-1.5,7.12,37.1
3.0,-1.52,7.57,37.11
0.55,-1.15,8.07,37.06
-3.66,0.32,10.35,37.13
-0.77,-0.23,12.27,37.13
0.79,-0.33,9.81,37.11
5.11,-2.13,8.49,37.09
0.4,-1.62,8.31,37.12
-3.51,1.37,9.46,37.06
-0.59,0.33,11.35,37.09
1.76,-0.18,9.58,37.11
4.68,-1.61,7.91,37.1
0.59,-1.04,8.16,37.11
-3.06,1.29,9.76,37.11
-0.86,-0.22,11.73,37.09
2.22,-1.52,9.79,37.12
4.74,-2.1,7.87,37.16
1.45,-0.55,6.89,37.13
-3.25,0.95,9.9,37.04
-1.38,0.35,11.06,37.14
2.89,-0.96,9.39,37.07
3.72,-2.35,8.21,37.07
0.67,-0.23,6.57,37.1
-3.47,1.42,9.57,37.09
0.24,0.73,10.72,37.09
3.77,-2.54,10.61,37.1
5.09,-1.71,7.35,37.06
0.98,-0.46,7.16,37.07
-1.25,1.73,9.11,37.08
0.58,0.99,11.07,37.08
3.76,-1.87,9.64,37.07
4.9,-0.55,6.78,37.06
1.73,-0.73,8.25,37.1
-0.52,0.99,9.92,37.09
0.87,0.07,11.59,37.08
5.13,-2.32,10.01,37.1
4.13,-1.43,7.78,37.08
0.61,0.04,7.64,37.08
0.34,0.79,10.16,37.07
2.09,0.69,10.43,37.11
3.97,-1.86,7.47,37.12
-0.91,0.24,8.99,37.12
-0.16,0.09,11.17,37.12
0.63,0.34,10.19,37.09
5.05,-1.23,9.0,37.13
4.68,-2.8,8.32,37.13
-1.88,1.28,9.21,37.1
0.53,-0.76,11.41,37.11
2.51,0.07,11.11,37.12
3.96,-1.11,8.86,37.09
4.1,-1.95,8.47,37.1
-2.93,0.71,9.28,37.1
-1.64,0.83,10.41,37.11
0.86,0.44,10.17,37.13
3.3,-0.14,7.97,37.12
2.8,-1.8,7.92,37.08
-3.07,-0.01,9.6,37.09
-2.54,0.54,11.28,37.08
2.35,-0.12,10.43,37.06
3.33,-1.74,8.85,37.06
2.76,-0.79,11.18,37.1
5.53,-1.05,7.28,37.07
3.05,-1.12,8.19,37.08
-0.31,0.1,9.35,37.14
-0.58,1.32,9.5,37.08
2.83,0.22,10.37,37.08
6.22,-2.67,9.46,37.06
2.34,-0.55,7.75,37.11
0.13,-0.51,10.13,37.11
-0.2,0.83,10.68,37.11
3.06,-0.31,10.48,37.13
6.15,-2.44,9.42,37.11
6.36,-1.72,7.41,37.07
1.98,-0.94,8.27,37.09
-0.4,0.68,10.78,37.06
2.13,0.84,10.99,37.11
5.38,-1.59,9.95,37.12
5.95,-1.95,7.33,37.07
0.79,-0.85,8.53,37.08
-0.36,-0.02,10.46,37.07
4.8,-1.13,10.2,37.05
6.23,-2.52,8.83,37.13
4.53,-1.48,7.74,37.1
0.18,0.25,8.37,37.14
-0.92,1.49,10.01,37.11
1.84,0.13,10.77,37.1
6.13,-2.29,8.85,37.11
3.4,-1.51,7.93,37.07
-0.2,-0.79,9.55,37.09
-0.48,1.54,10.42,37.08
2.8,-0.37,11.01,37.09
5.11,-2.1,9.46,37.1
3.64,-1.19,7.88,37.1
-0.81,0.14,9.49,37.06
-0.7,1.17,10.55,37.11
1.77,-0.11,10.49,37.09
5.81,-1.88,8.85,37.08
2.96,-1.67,7.82,37.05
-1.59,0.6,9.31,37.09
3.3,-1.53,7.58,37.09
1.36,-0.43,7.19,37.12
-3.21,1.37,9.41,37.08
-0.67,0.0,10.99,37.07
2.39,-0.75,9.28,37.11
3.6,-1.64,7.54,37.09
1.09,-0.15,7.23,37.07
-2.62,1.13,9.33,37.09
-0.28,0.77,10.95,37.07
2.54,-1.48,9.52,37.09
4.37,-1.56,7.44,37.08
1.54,-0.76,7.16,37.04
-1.26,1.56,8.83,37.09
-0.11,0.42,11.1,37.1
3.81,-1.74,9.52,37.06
4.69,-1.32,7.38,37.09
2.34,-0.97,7.68,37.04
-0.26,1.0,9.29,37.09
1.37,0.85,10.12,37.09
5.46,-2.1,9.95,37.09
4.64,-1.97,7.99,37.03
1.95,0.18,7.73,37.04
-0.18,1.06,9.83,37.08
1.57,0.68,10.4,37.06
4.67,-1.43,9.67,37.07
5.48,-1.69,7.82,37.07
1.48,-0.25,8.42,37.08
-0.53,0.67,9.87,37.07
1.6,0.44,10.66,37.09
4.22,-1.81,10.11,37.08
5.57,-1.51,7.61,37.09
-0.28,-0.44,8.97,37.06
-0.39,0.49,10.75,37.09
1.34,0.44,10.88,37.11
4.08,-1.06,9.59,37.08
4.75,-1.73,7.74,37.05
-1.89,0.05,8.78,37.07
-1.26,0.16,11.16,37.1
0.46,0.19,10.55,37.09
4.82,-2.32,9.1,37.11
2.43,-0.62,7.25,37.02
-2.32,0.28,10.03,37.11
-0.11,0.58,10.73,37.07
2.01,-0.41,9.92,37.09
4.76,-2.2,8.79,37.1
1.22,-1.03,8.07,37.04
-2.95,0.78,9.82,37.09
-1.11,0.04,11.08,37.12
1.1,-0.2,9.74,37.08
4.45,-1.07,7.89,37.08
1.26,-1.78,8.09,37.08
-3.7,1.02,9.69,37.08
-0.98,0.43,11.12,37.11
1.64,-1.34,10.25,37.07
3.83,-1.28,7.48,37.08
1.21,-0.53,7.74,37.09
-1.64,-0.08,8.38,37.07
-2.58,1.08,10.31,37.07
-0.04,0.0,10.53,37.05
2.96,-0.42,8.03,37.07
4.02,-1.65,7.6,37.06
-0.98,0.79,7.33,37.06
-2.85,1.41,10.41,37.09
0.89,-0.89,11.38,37.09
3.6,-1.05,8.39,37.05
4.09,-2.32,7.7,37.09
-0.34,0.08,7.8,37.07
-2.41,1.54,9.66,37.08
1.16,0.03,10.85,37.05
4.34,-1.77,8.37,37.05
4.25,-1.19,6.65,37.07
0.71,-0.0,8.02,37.09
-0.15,0.86,9.85,37.09
2.27,-0.17,10.53,37.06
4.83,-2.05,8.17,37.02
4.14,-1.65,7.97,37.07
0.3,-0.35,8.88,37.06
1.18,1.22,9.87,37.04
2.19,-0.01,10.81,37.07
-1.93,1.28,8.14,37.04
-1.04,1.31,10.32,37.04
3.33,-1.5,10.82,37.04
4.17,-1.62,7.4,37.08
3.47,-0.85,6.86,37.05
-0.51,0.32,9.2,37.09
0.77,1.26,9.36,37.07
3.73,-1.37,10.26,37.07
5.36,-1.84,7.45,37.04
2.83,-0.64,7.3,37.08
-0.56,0.41,9.43,37.08
0.88,0.64,10.58,37.05
3.41,-0.38,10.64,37.09
6.27,-1.81,7.5,37.07
1.58,-0.64,8.36,37.1
-0.12,0.16,9.54,37.04
1.03,0.8,10.75,37.06
4.32,-0.55,9.73,37.08
6.34,-1.76,7.57,37.07
0.82,-0.44,8.41,37.0
-0.4,0.33,10.12,37.07
0.31,0.58,10.86,37.08
2.87,-0.65,9.71,37.07
4.74,-2.47,8.9,37.06
0.38,-0.0,7.64,37.1
-1.88,0.42,10.29,37.07
0.5,0.45,10.79,37.04
2.88,0.01,9.06,37.08
5.09,-2.27,8.35,37.07
-0.25,-0.39,7.75,37.1
-2.55,1.06,10.06,37.06
-0.24,-0.11,11.51,37.08
1.49,-0.54,8.99,37.07
4.48,-1.85,7.81,37.08
-1.1,-0.91,7.93,37.1
-3.22,2.34,9.39,37.04
-0.44,-0.87,11.93,37.04
2.48,-0.64,8.61,37.03
4.3,-1.66,7.16,37.0
0.17,-0.13,7.75,37.03
-3.39,1.79,9.79,37.08
0.36,-0.12,11.22,37.06
3.57,-1.48,9.39,37.07
4.33,-1.54,6.75,37.05
0.48,0.2,7.52,37.06
-1.26,1.44,9.48,37.08
0.69,0.16,11.43,37.07
4.71,-2.4,9.11,37.02
4.97,-1.86,6.85,37.03
0.34,-0.18,8.2,37.03
-1.27,1.23,9.22,37.07
0.78,0.43,11.52,37.07
5.11,-1.84,8.63,37.08
4.27,-1.18,7.13,37.05
0.56,-0.56,8.42,37.07
-0.51,1.42,9.29,37.06
1.86,0.74,10.7,37.06
5.69,-1.64,9.16,37.02
1.17,-0.6,8.81,37.06
0.07,-0.48,8.73,37.06
-0.13,1.02,9.85,37.08
2.08,0.45,11.0,37.04
5.09,-1.62,9.53,37.06
6.71,-2.42,7.9,37.02
1.74,-0.57,7.43,37.07
-0.39,0.01,9.9,37.07
1.03,0.74,10.78,37.03
3.92,-0.02,9.74,37.04
6.91,-2.01,8.18,37.04
1.0,-0.77,8.17,37.03
-1.14,0.17,10.01,37.04
0.29,0.12,10.79,37.04
2.67,-0.22,10.12,37.05
4.81,-2.08,8.6,37.07
1.21,-0.45,7.67,37.07
-2.43,0.61,10.58,37.0
-0.1,-0.36,11.34,37.05
1.81,-0.0,9.8,37.02
4.83,-2.13,8.3,37.07
-0.13,-0.64,8.03,37.05
-3.79,1.36,9.91,37.06
-0.44,0.46,11.54,37.04
1.4,-1.03,9.51,37.04
3.51,-1.0,7.4,37.07
0.3,-1.2,8.09,37.05
-4.08,1.18,9.59,37.04
-1.39,0.24,11.19,37.06
2.15,-1.51,9.86,37.08
3.14,-1.82,7.63,37.02
0.64,-0.46,7.24,37.07
-3.38,0.83,9.83,37.05
-0.59,0.65,11.14,37.04
2.76,-1.63,8.99,37.01
3.69,-1.14,6.85,37.02
0.74,0.12,7.18,37.03
-1.44,1.47,9.56,37.05
0.85,0.22,11.44,37.04
3.85,-1.47,8.99,36.99
4.92,-1.36,6.96,37.04
1.23,-0.98,8.21,37.05
0.05,1.12,9.56,37.04
2.2,0.45,11.16,37.04
4.81,-2.34,10.11,37.01
5.45,-1.06,7.24,37.06
2.56,-1.08,8.4,37.01
-0.16,1.28,9.71,37.04
2.73,0.66,9.91,37.06
5.53,-1.78,10.21,37.03
5.5,-1.53,7.03,37.04
0.37,-0.62,8.69,37.04
-0.79,0.57,9.54,37.07
2.11,0.47,11.07,37.05
4.49,-1.99,10.38,37.04
5.77,-1.71,7.4,37.03
0.47,-0.48,9.17,37.05
-0.76,0.8,10.04,37.08
0.56,0.81,10.75,37.05
-0.26,0.34,10.68,37.03
4.8,-1.24,9.97,37.03
5.75,-1.95,8.0,37.01
3.12,-0.57,6.94,37.05
-1.21,1.02,9.32,37.06
1.09,0.99,9.9,37.05
4.37,-1.41,10.01,37.06
4.92,-1.81,7.55,37.07
2.5,-0.35,7.48,37.02
-0.21,0.03,10.03,37.05
1.71,0.82,9.73,37.08
3.94,-0.54,10.36,37.05
6.23,-1.98,7.54,37.06
0.19,-0.48,8.69,37.03
-0.72,0.93,9.84,37.04
0.84,0.92,11.03,37.02
4.05,-1.04,10.33,37.01
5.65,-1.83,7.37,37.03
-0.29,-0.4,8.94,37.05
-0.86,0.49,10.52,37.02
1.09,0.47,11.1,37.05
4.35,-1.91,10.49,37.0
4.33,-1.77,7.85,37.04
0.32,-0.06,8.14,37.05
-1.81,-0.08,11.31,37.0
1.57,0.54,11.0,37.05
3.71,-1.45,9.81,37.04
4.49,-1.48,7.4,37.08
-1.22,-0.25,7.87,37.04
-2.41,0.4,10.78,37.04
0.26,0.15,10.7,37.07
1.87,-0.62,8.99,37.08
3.94,-1.37,7.2,37.06
1.53,-1.91,8.17,37.04
-2.25,0.78,9.17,37.07
-1.78,-0.01,11.15,37.02
0.99,-0.53,9.96,37.06
4.52,-0.96,8.29,37.09
3.84,-2.33,7.73,37.08
-3.43,1.17,8.84,37.04
-1.24,0.58,10.99,37.07
1.78,-0.26,10.03,37.02
3.53,-0.95,7.65,37.0
2.93,-0.93,7.02,37.07
-3.49,0.44,9.03,37.04
-1.18,1.19,9.75,37.05
2.67,-0.57,10.18,37.02
3.56,-1.62,7.96,37.02
2.68,-0.18,6.51,37.06
-0.5,0.45,8.77,37.1
-0.49,1.19,10.09,37.04
3.02,-0.01,9.96,37.04
5.45,-1.21,8.22,37.04
3.04,-1.64,7.67,37.03
-0.96,0.42,8.22,37.04
0.29,1.18,9.6,37.07
3.65,-1.45,10.19,37.03
4.91,-1.02,7.71,37.08
2.6,-1.48,7.59,37.05
-0.6,0.7,8.82,37.02
0.48,1.17,9.75,37.02
4.17,-1.64,10.92,37.06
4.5,-1.69,7.75,37.08
1.67,-1.29,8.31,37.05
-0.15,0.42,9.57,37.06
0.64,0.77,10.65,37.04
3.67,-1.04,10.42,37.0
5.88,-1.57,7.86,37.03
1.97,-1.15,8.69,36.99
-0.87,0.18,10.03,37.02
0.22,0.86,10.13,37.02
3.71,-0.59,10.27,37.04
5.17,-2.13,8.29,37.04
-0.36,-0.62,9.05,37.05
-0.64,0.64,10.34,37.06
0.1,0.42,10.34,37.04
2.11,0.0,9.73,37.05
4.39,-2.18,8.35,37.01
0.63,-0.44,7.81,37.02
-1.36,0.14,10.34,37.02
0.13,0.58,9.99,37.01
2.46,-0.96,9.92,37.03
5.65,-1.27,7.43,37.01
0.01,-0.07,7.86,37.03
-2.93,-0.39,11.05,37.05
1.02,0.07,10.94,37.08
3.12,-0.24,9.34,37.07
5.2,-1.81,7.89,36.98
-0.13,-0.33,7.54,37.02
-2.86,0.75,10.38,37.02
0.67,0.19,10.69,36.98
2.49,-0.15,8.53,37.02
4.87,-1.67,6.91,37.07
0.36,-0.27,7.27,37.08
-2.41,1.63,9.14,37.02
0.54,-0.08,11.27,37.04
3.73,-0.66,8.93,37.04
4.95,-2.06,7.26,37.0
-1.1,0.28,7.76,37.02
0.53,0.19,9.09,37.06
-0.61,0.44,10.45,36.99
2.96,0.46,10.18,37.02
5.94,-2.91,9.65,37.0
1.8,-0.95,6.62,37.03
-1.26,-0.34,10.43,37.02
-0.5,1.3,10.12,37.02
1.21,0.24,10.8,37.01
4.05,-1.73,8.66,36.99
2.62,-1.57,8.32,37.01
-2.16,1.0,9.37,37.0
0.56,0.58,9.99,37.04
2.79,-0.71,10.99,37.05
5.5,-1.18,8.38,37.04
2.95,-0.41,7.62,37.07
-2.35,0.47,10.13,36.99
-0.71,0.14,11.49,37.02
0.81,0.89,10.96,37.03
5.54,-2.16,7.78,37.01
0.63,-0.79,6.86,37.07
-2.37,0.74,7.95,37.04
-2.83,0.23,10.68,37.02
-0.95,-0.16,11.69,37.04
2.23,-0.52,9.3,37.03
5.22,-2.56,8.14,37.0
-2.04,-0.53,9.44,37.03
-3.27,0.9,10.89,37.0
0.88,-0.55,11.88,37.04
2.38,-1.09,9.53,36.99
4.71,-2.02,7.56,37.03
-1.25,-0.06,8.48,37.06
-1.93,0.8,10.57,36.99
1.02,-0.37,11.17,36.99
2.75,-1.47,8.99,36.97
4.57,-1.12,7.03,37.03
-1.21,0.0,8.15,36.99
-1.8,1.08,10.95,37.01
1.68,-0.57,10.99,37.01
-1.38,-0.81,8.75,36.97
-3.06,1.15,9.28,37.0
-1.27,0.07,11.61,37.02
1.01,-0.05,11.09,37.03
3.59,-2.08,8.95,37.01
1.22,-1.21,7.07,37.0
-3.32,0.76,8.99,37.04
-2.13,0.2,11.55,37.01
1.74,0.22,10.48,37.01
5.1,-1.86,8.27,37.02
2.66,-0.68,6.62,37.02
-2.75,0.58,9.37,36.99
-1.64,0.76,11.09,37.02
2.49,0.4,9.37,37.05
4.39,-2.23,8.38,37.02
1.58,-0.34,6.42,36.99
-3.63,0.63,9.17,37.02
-1.72,0.92,11.78,37.04
3.27,-0.94,9.66,36.99
4.59,-1.16,8.18,37.03
-0.55,0.44,8.25,36.97
-1.85,0.96,9.03,37.03
-1.29,-0.37,11.93,36.99
1.2,0.73,9.62,37.01
5.0,-1.83,8.06,37.01
2.72,-1.63,7.75,37.02
-1.44,2.45,7.61,36.97
0.05,0.85,11.43,37.03
2.77,-0.87,10.47,36.99
4.99,-0.72,6.66,37.01
2.4,-0.91,6.6,37.02
-0.55,1.2,8.85,36.96
-0.34,0.78,10.56,37.0
4.35,-1.28,10.04,37.01
6.26,-1.35,7.62,36.98
2.1,-0.89,7.42,37.0
-1.1,0.95,9.85,37.0
1.96,0.21,10.96,36.99
4.01,-1.3,9.29,36.99
4.39,-0.95,7.19,37.0
3.25,-1.24,8.29,37.0
0.2,0.84,9.45,36.99
2.07,0.62,9.57,36.98
5.29,-0.92,10.35,36.99
4.87,-2.01,8.11,36.98
2.64,-0.67,7.86,36.97
-0.2,-0.37,10.17,36.99
1.86,0.79,9.92,37.0
3.99,-1.16,10.27,36.99
4.66,-1.57,7.84,36.99
1.64,-0.14,8.12,36.99
-0.34,-0.39,10.68,37.01
0.85,0.96,10.05,37.03
4.29,-1.06,10.52,36.99
5.94,-3.06,8.52,37.02
0.3,-0.06,7.87,37.04
0.16,0.32,9.78,36.97
0.48,1.6,10.36,37.01
3.79,-0.62,9.28,36.99
5.26,-2.82,8.2,36.97
-0.75,-0.29,8.04,36.99
-1.35,0.71,10.17,36.98
0.08,0.28,11.36,37.02
3.99,-1.53,10.02,37.0
5.58,-2.08,7.38,37.02
4.3,-0.67,6.82,37.01
-1.59,0.21,11.66,36.99
1.06,0.63,10.99,36.97
2.17,-0.4,10.81,37.0
5.15,-1.53,8.17,37.0
2.5,-0.94,7.24,36.96
-3.28,0.39,9.98,36.97
0.42,-0.05,9.93,36.98
0.42,1.24,9.61,37.02
4.46,-1.18,8.54,37.02
2.58,-1.81,8.16,37.03
-3.28,0.38,9.25,36.96
-0.85,0.21,11.1,37.0
0.77,0.11,10.94,36.99
3.52,-1.41,6.75,36.96
1.88,-0.66,7.99,36.99
-0.21,0.23,9.85,36.98
0.61,1.07,10.13,37.02
3.73,-0.97,10.64,37.0
5.53,-2.27,8.89,37.01
1.3,-0.49,7.91,37.01
-1.14,0.28,10.25,37.0
0.82,0.0,10.61,37.01
3.53,-0.27,10.32,37.03
4.5,-1.36,7.4,36.98
1.4,0.88,7.68,37.01
-2.21,0.11,11.08,36.99
0.11,1.16,9.83,36.94
3.4,-0.48,8.96,37.01
5.45,-1.54,7.75,36.96
0.29,0.29,7.38,37.02
-3.56,0.13,11.41,36.99
1.25,-0.03,10.91,37.0
3.62,-0.62,9.31,36.96
4.38,-2.27,7.38,36.98
-0.75,0.13,7.56,37.0
-2.11,0.11,10.56,37.03
0.12,1.06,10.02,37.02
3.16,-1.02,9.02,36.99
4.17,-1.14,7.65,36.99
-0.22,-0.51,8.03,36.96
-2.38,0.14,10.75,37.0
0.26,0.38,10.28,36.98
4.32,-0.37,8.26,36.97
4.07,-0.71,6.9,37.0
-0.45,-0.93,8.03,36.96
-2.2,0.42,9.58,36.99
0.04,0.14,10.3,36.96
3.11,0.03,8.9,36.96
3.51,-1.95,7.78,36.97
0.88,-0.68,7.59,37.02
-1.3,0.64,9.42,37.01
1.03,0.03,11.15,37.02
2.68,0.3,10.13,36.96
3.78,-0.88,10.08,36.96
4.92,-0.94,7.07,36.98
0.38,-0.38,8.12,36.97
-1.22,0.54,9.53,37.0
1.47,0.91,10.64,36.99
5.15,-0.57,10.12,36.96
5.63,-2.51,7.94,36.99
-0.28,-0.06,8.01,36.96
-1.15,0.7,10.55,36.95
0.23,0.32,11.94,36.98
3.59,-1.21,9.82,37.01
5.9,-3.82,8.24,37.01
0.06,0.11,7.52,36.97
-2.82,0.58,10.75,36.97
0.36,0.51,11.44,36.93
4.55,-1.72,9.76,36.97
4.21,-2.02,7.67,36.97
-0.42,-0.02,8.14,36.97
-0.59,0.45,10.03,36.94
0.68,0.92,10.29,36.95
4.95,-1.27,9.52,36.97
5.1,-2.0,8.05,36.98
-1.62,-0.1,7.29,36.99
-1.87,0.79,10.72,36.96
1.16,-0.36,10.16,37.01
2.08,0.11,8.44,37.0
2.94,-1.3,7.14,36.97
-1.11,0.0,8.53,36.97
-2.5,-0.04,10.13,36.97
-0.59,-0.25,10.68,37.0
1.41,0.7,9.92,36.98
3.96,-1.24,8.52,36.97
2.2,-1.13,7.38,36.97
-4.07,0.04,9.49,36.95
-2.66,-0.07,11.62,37.02
1.55,-1.14,11.03,36.96
4.05,-2.26,8.02,36.96
1.32,-0.78,7.5,36.96
-3.85,0.56,10.46,37.02
-2.53,0.1,11.69,36.95
1.96,-0.92,9.84,37.0
3.58,-2.22,8.46,37.01
1.64,-0.88,7.02,36.97
-2.8,0.81,9.27,36.95
0.24,-0.01,11.4,36.96
2.8,-0.2,9.59,37.0
3.79,-1.94,8.1,37.01
2.21,-0.88,7.12,36.98
-1.86,1.02,8.25,37.0
-0.13,0.7,10.42,36.93
3.42,-0.72,10.29,36.97
5.62,-1.81,7.6,36.98
2.17,-1.84,7.05,37.01
-1.68,1.18,8.23,36.99
0.34,1.12,10.56,36.95
3.22,-1.29,9.7,36.94
4.86,-1.45,7.13,36.98
2.87,-0.91,7.7,36.97
-0.68,1.26,8.69,37.01
0.72,0.93,11.27,36.94
4.93,-2.5,10.35,36.93
5.3,-1.4,6.86,36.98
2.94,-1.8,8.55,36.94
-0.38,1.7,8.53,36.96
1.15,0.7,10.28,36.97
4.8,-1.83,10.29,36.98
5.65,-1.53,7.06,36.95
3.06,-0.77,7.65,36.98
-0.5,1.14,8.84,36.97
2.47,1.37,9.39,36.94
4.83,-1.93,9.22,36.97
4.65,-1.54,7.35,36.98
2.05,-0.88,8.51,36.97
-0.37,0.52,9.31,36.95
1.24,1.13,9.85,36.96
3.99,-0.72,9.45,36.98
4.66,-1.76,8.29,36.99
0.28,-0.53,7.98,36.97
-2.32,1.55,7.78,36.94
-0.63,0.58,11.13,36.94
2.82,-0.39,9.75,36.94
5.36,-1.43,7.49,36.94
2.67,-1.04,7.35,36.98
-0.48,1.21,7.74,36.95
-0.16,0.91,10.77,36.97
4.24,-0.58,9.05,36.99
6.55,-1.7,8.03,36.98
2.02,-0.62,7.0,36.97
-0.32,1.51,8.12,36.98
-0.04,1.04,10.84,36.99
4.19,-1.13,10.07,36.96
5.38,-1.9,7.88,37.02
2.16,-0.74,7.64,36.94
0.36,0.89,9.49,36.94
0.07,0.53,10.85,36.94
3.46,-0.59,9.19,36.96
4.15,-1.28,8.24,36.94
2.36,-1.27,7.92,36.94
-0.85,0.6,9.47,36.93
1.73,1.64,9.94,36.98
4.06,-0.37,10.13,36.96
4.59,-1.46,7.67,36.97
2.49,-0.82,7.31,36.97
-0.97,0.94,9.74,36.94
1.47,1.53,10.08,36.97
4.41,-0.82,10.19,36.94
6.21,-1.54,7.59,37.0
2.06,-0.4,8.15,36.92
-1.14,0.63,9.45,36.96
1.75,0.74,10.74,36.94
3.51,-0.03,9.74,36.94
5.52,-1.42,7.4,36.96
0.03,-0.12,8.02,36.96
-1.7,0.2,9.78,36.97
0.23,0.92,10.54,36.95
2.53,0.16,10.94,36.98
4.62,-2.33,8.53,36.96
-0.87,-0.54,8.95,36.98
-0.06,-0.74,10.08,36.96
0.44,0.02,11.06,36.94
2.81,-0.2,10.58,36.96
6.39,-1.99,9.64,36.98
3.58,-1.62,7.78,36.95
-1.08,-0.23,10.09,36.96
0.03,0.41,11.11,36.95
3.63,1.11,10.35,36.94
5.57,-1.94,9.21,36.96
3.59,-1.26,7.37,36.98
0.72,-0.54,9.93,36.96
1.65,0.19,10.39,36.98
1.54,1.91,9.36,36.97
6.85,-2.75,10.4,36.93
5.51,-2.35,8.46,36.96
-0.15,-0.31,9.08,36.97
0.71,1.27,10.35,36.95
2.47,0.64,10.16,37.0
3.7,-1.79,7.75,36.95
0.58,0.27,7.47,36.96
0.12,-0.18,10.87,36.99
1.79,0.34,10.33,36.97
7.19,-2.16,8.94,36.92
5.37,-2.11,7.45,36.94
0.08,0.09,7.72,36.97
0.79,0.47,9.98,36.98
3.65,-0.08,11.07,36.97
6.81,-1.18,8.69,36.96
4.58,-2.26,8.15,36.95
0.89,-0.09,8.5,36.94
0.25,1.02,10.76,36.96
3.22,-0.22,11.62,36.96
5.16,-1.38,9.12,36.98
3.65,-1.55,7.24,36.97
0.86,-0.01,9.45,36.97
-0.3,0.84,9.94,36.94
2.08,1.19,10.68,36.93
5.02,-2.34,9.49,36.95
4.51,-1.08,6.47,36.98
-0.46,-0.84,9.68,36.92
-0.44,1.01,9.96,36.94
3.16,0.94,10.05,36.94
5.62,-2.03,9.08,36.96
4.14,-0.3,6.37,36.97
-1.85,0.19,9.13,36.94
-0.03,0.61,11.45,37.0
1.69,-0.36,10.04,36.97
4.58,-0.74,8.75,36.94
3.76,-1.99,7.13,36.92
-3.25,1.88,8.69,36.96
-0.03,0.69,11.39,36.92
1.83,0.4,10.53,36.99
5.14,-0.86,8.52,36.93
1.9,-1.36,7.0,36.96
-3.5,1.34,8.79,36.93
-1.67,-0.35,11.45,36.91
0.49,1.43,9.16,36.97
4.38,-1.98,9.0,36.94
-1.62,0.64,10.4,36.93
1.84,0.06,10.15,36.97
5.56,-1.81,8.85,36.96
4.37,-1.31,6.73,36.96
-0.35,0.51,6.82,36.94
-1.08,1.05,9.75,36.94
3.33,-0.04,10.82,36.94
4.88,-2.23,8.67,36.93
4.79,-1.41,6.99,36.94
0.42,0.57,7.0,36.99
-1.93,1.13,10.2,36.97
2.89,-0.14,10.96,36.96
5.86,-2.34,8.53,36.98
5.82,-0.74,6.39,36.94
1.16,0.62,8.07,36.93
-0.78,0.47,10.73,36.95
3.4,-0.15,10.17,36.96
5.32,-2.39,8.27,36.93
4.49,-0.03,6.63,36.94
5.24,0.46,7.18,36.99
3.11,-0.94,7.18,36.94
1.1,-0.02,7.17,36.97
-2.21,1.06,8.46,36.94
3.24,-0.48,10.89,36.95
2.25,-1.14,9.76,36.96
5.72,-0.73,6.64,36.95
2.89,-1.38,7.63,36.92
-2.5,1.1,9.08,36.97
-1.15,1.31,10.56,36.91
1.84,-1.69,9.79,36.94
3.72,-0.7,7.14,36.92
1.85,-1.31,7.64,36.94
-1.8,1.7,7.9,36.94
-1.36,0.7,10.58,36.88
1.65,-1.38,9.69,36.91
3.96,-0.83,7.57,36.95
0.79,-1.33,7.71,36.93
-2.21,0.71,9.7,36.95
-0.44,0.69,10.67,36.96
3.39,-2.97,10.53,36.94
4.7,-0.86,7.77,36.95
1.89,-1.5,8.46,36.92
-1.53,1.11,9.56,36.91
0.87,0.94,10.24,36.92
5.69,-1.98,10.1,36.96
5.52,-1.71,8.03,36.97
3.06,-0.34,7.03,36.91
1.9,0.89,9.77,36.93
2.53,0.57,10.59,36.97
6.11,-2.3,10.2,36.94
6.62,-2.05,7.61,36.95
2.61,-0.58,7.81,36.93
0.08,0.87,9.72,36.93
2.1,1.02,10.08,36.92
5.49,-0.91,9.8,36.91
4.62,-1.68,7.89,36.92
0.87,-0.47,9.01,36.9
0.13,0.72,9.72,36.94
0.84,1.0,10.48,36.9
2.65,-1.19,9.18,36.93
4.04,-1.09,7.77,36.92
0.34,-1.06,9.38,36.96
-1.79,1.13,9.06,36.91
0.8,1.67,9.87,36.92
3.81,-2.31,10.7,36.93
3.66,-1.38,7.85,36.93
1.44,-1.39,9.06,36.93
-0.42,0.38,9.63,36.95
0.92,0.83,10.15,36.95
3.56,-0.94,10.45,36.94
4.92,-1.71,7.96,36.92
-0.88,-1.19,9.17,36.92
-0.62,0.9,9.83,36.95
1.29,0.95,10.82,36.93
4.62,-1.52,10.38,36.91
4.58,-1.55,7.16,36.93
0.02,0.06,8.09,36.95
-0.29,0.95,10.96,36.93
1.0,0.77,10.76,36.94
4.72,-1.39,9.65,36.91
4.64,-1.94,7.64,36.91
-1.3,0.82,8.35,36.92
-1.21,-0.03,11.23,36.91
-0.22,0.49,11.09,36.92
2.96,-0.67,9.08,36.92
3.14,-2.48,8.8,36.94
-2.27,0.6,9.56,36.92
-1.41,0.16,11.15,36.93
1.03,-0.48,11.47,36.97
2.59,-1.37,8.83,36.89
3.39,-0.72,6.97,36.95
-2.56,-0.2,9.38,36.95
-3.71,0.72,10.86,36.93
0.82,-0.19,10.45,36.92
3.57,-1.09,8.74,36.88
3.94,-1.32,6.52,36.93
-2.54,-0.17,8.86,36.91
-3.0,0.7,10.97,36.94
1.23,-0.15,6.88,36.9
-0.44,1.4,9.88,36.95
1.42,-0.33,10.67,36.94
5.0,-2.21,8.56,36.94
5.61,-1.58,6.57,36.92
1.32,-0.61,7.86,36.94
-0.13,1.26,8.98,36.93
2.81,-0.21,11.01,36.9
2.77,-1.06,10.04,36.91
4.92,-1.24,8.44,36.89
4.49,-1.25,7.74,36.94
0.48,1.2,9.49,36.91
-0.63,0.9,10.23,36.92
3.95,-0.72,9.93,36.93
6.06,-1.7,8.26,36.9
3.74,-0.85,7.16,36.9
0.48,0.69,8.99,36.92
0.67,1.23,10.07,36.92
0.05,0.23,10.76,36.66
0.0,0.56,7.15,36.67
-2.71,0.89,9.63,36.69
-0.04,-0.43,10.72,36.69
4.45,-1.14,8.81,36.65
4.56,-1.86,6.65,36.67
-0.22,0.61,7.53,36.66
-2.68,0.2,10.45,36.68
1.47,-0.93,11.94,36.69
3.89,-1.69,9.0,36.66
4.12,-1.57,7.26,36.64
-0.66,0.55,7.47,36.66
-2.34,0.5,10.27,36.67
1.31,-0.26,11.43,36.69
4.01,-0.99,8.26,36.7
3.97,-0.94,6.96,36.65
-0.89,-0.13,8.2,36.63
-2.11,0.92,9.67,36.65
1.95,-0.36,11.35,36.68
4.74,-2.88,9.24,36.62
3.61,-0.96,6.56,36.69
-1.27,0.16,8.15,36.66
-0.09,1.21,10.35,36.66
0.12,1.06,10.59,36.69
4.5,-2.14,8.56,36.7
4.52,-1.52,8.08,36.67
2.78,-0.46,7.14,36.66
-0.02,0.97,9.13,36.65
0.12,-0.04,11.03,36.66
3.31,-0.69,9.37,36.66
5.82,-2.23,8.71,36.67
2.13,-1.02,7.56,36.61
-0.66,1.76,8.46,36.67
1.68,0.89,11.17,36.69
3.84,-1.84,10.12,36.66
4.98,-1.98,7.94,36.63
2.89,-0.6,7.76,36.65
-0.37,1.27,8.94,36.64
-0.42,1.25,10.38,36.65
5.09,-1.43,9.38,36.64
5.53,-2.02,7.69,36.71
-2.17,1.44,8.17,36.68
-3.72,1.52,10.22,36.67
0.78,-1.05,12.24,36.67
3.3,-0.3,8.66,36.67
4.44,-1.36,6.81,36.67
-1.92,0.57,7.09,36.63
-4.7,0.81,9.9,36.67
0.77,-1.27,11.55,36.65
4.54,-0.94,7.94,36.64
4.05,-1.23,6.29,36.66
-0.36,0.75,7.98,36.61
-3.29,0.69,10.29,36.64
2.19,-0.29,10.95,36.64
3.82,-1.53,8.38,36.63
2.9,-0.05,6.32,36.63
0.14,0.02,8.41,36.63
-2.04,1.03,9.07,36.62
1.3,-0.27,10.9,36.67
4.75,-1.32,8.97,36.6
0.13,0.41,10.43,36.64
0.66,-0.9,11.41,36.63
4.24,-0.68,8.29,36.6
5.36,-1.97,7.74,36.63
1.91,0.06,7.18,36.67
-1.4,0.3,10.23,36.62
2.74,0.58,10.9,36.64
5.83,-1.91,8.4,36.64
4.29,-1.59,7.25,36.67
1.14,0.33,7.19,36.63
-1.03,0.83,9.97,36.57
1.82,0.28,10.74,36.62
4.6,-2.0,8.92,36.69
5.63,-0.55,6.9,36.64
0.26,0.02,7.6,36.63
-1.23,1.57,9.73,36.65
2.4,-0.72,11.6,36.67
4.66,-1.83,8.6,36.68
5.29,-0.28,6.29,36.67
0.99,-0.43,8.74,36.64
4.08,-1.76,9.6,36.65
5.33,-1.65,7.03,36.58
0.06,0.39,6.85,36.61
-1.76,1.45,9.89,36.64
1.07,-0.5,12.39,36.65
4.92,-2.26,8.92,36.63
4.66,-0.39,6.02,36.59
0.3,-0.18,8.12,36.63
-2.43,1.33,10.03,36.66
1.11,0.16,10.14,36.6
3.89,-1.57,8.62,36.62
3.55,-0.69,6.37,36.62
0.98,-0.45,8.02,36.6
-1.78,1.4,9.09,36.62
1.07,-0.07,10.63,36.63
4.15,-1.95,8.59,36.62
4.04,-1.16,7.19,36.61
-0.65,-0.32,8.45,36.62
-0.37,1.11,9.27,36.62
1.75,0.54,10.82,36.62
4.26,-2.18,9.31,36.65
5.87,-1.27,8.1,36.62
0.37,-0.51,8.5,36.6
-0.23,1.07,8.64,36.64
0.69,0.48,10.53,36.64
4.64,-0.84,10.04,36.65
5.23,-1.39,7.63,36.66
5.02,-0.58,6.3,36.59
0.28,0.71,8.76,36.64
-0.58,1.7,9.8,36.64
4.11,-0.61,10.3,36.59
5.91,-1.58,7.83,36.63
3.8,-0.72,6.22,36.65
-1.02,1.43,8.74,36.65
0.25,0.87,10.51,36.6
4.57,-0.84,10.11,36.62
5.7,-2.21,8.19,36.63
4.06,-0.34,6.99,36.58
-0.34,0.94,9.53,36.63
4.35,-0.58,10.19,36.61
5.63,-2.18,8.5,36.62
3.24,-0.04,6.55,36.61
0.4,-0.76,8.43,36.62
0.36,1.6,9.39,36.58
2.26,0.79,10.7,36.65
5.88,-1.78,8.78,36.6
5.81,-1.86,7.63,36.62
1.16,-0.2,8.3,36.64
1.02,1.4,9.8,36.6
2.17,-0.09,11.35,36.59
5.54,-1.7,8.47,36.64
4.52,-1.37,8.01,36.61
1.02,-0.47,8.26,36.62
-0.34,1.99,9.32,36.65
2.07,-0.51,10.87,36.61
4.67,-2.17,8.92,36.62
3.0,-1.36,7.75,36.62
0.49,-0.64,9.75,36.59
-0.62,0.66,10.49,36.61
3.95,-1.15,7.36,36.59
0.76,-1.55,8.05,36.64
-3.9,0.86,9.38,36.62
-1.24,0.51,11.48,36.6
1.37,-0.34,10.71,36.63
4.26,-1.0,8.58,36.65
1.1,-1.92,8.12,36.59
-3.03,0.66,9.91,36.62
-0.44,0.52,11.56,36.59
2.05,-0.25,10.58,36.59
4.44,-0.85,8.37,36.64
2.08,-2.19,8.54,36.61
-2.44,1.11,9.8,36.63
-0.9,0.31,11.17,36.61
1.6,-0.13,10.51,36.63
5.3,-1.79,8.14,36.6
1.24,-0.84,7.56,36.6
-2.71,1.58,8.32,36.6
-1.02,0.45,11.37,36.63
3.22,-1.27,10.69,36.58
5.66,-1.71,7.29,36.57
2.54,-0.54,6.78,36.63
-2.39,0.88,9.68,36.58
0.05,0.13,11.74,36.58
2.7,-1.25,9.73,36.64
4.56,-1.57,7.46,36.62
1.99,-0.47,6.42,36.55
-3.57,1.05,9.06,36.6
-0.21,0.22,11.47,36.62
2.82,-0.96,9.82,36.62
3.46,-0.99,7.02,36.67
1.4,-0.21,6.92,36.59
-3.22,1.27,9.11,36.6
-0.62,0.91,10.51,36.57
2.64,-1.75,9.83,36.58
4.57,-0.84,6.85,36.61
1.63,-1.09,8.04,36.59
-1.85,1.44,8.78,36.65
-0.21,0.42,10.87,36.62
1.58,-0.39,7.68,36.64
0.3,0.61,8.32,36.59
0.36,0.78,9.38,36.59
3.43,0.2,10.48,36.57
5.85,-2.57,8.77,36.59
3.66,-0.48,7.23,36.56
0.2,-0.16,8.67,36.59
0.27,1.31,9.97,36.57
-0.11,0.77,10.73,36.59
5.76,-2.92,8.96,36.59
4.98,-1.37,7.44,36.61
2.19,-0.64,7.52,36.61
0.02,0.25,11.1,36.57
2.1,0.11,9.89,36.63
5.08,-1.75,10.47,36.54
4.18,-1.42,7.81,36.62
1.78,-0.71,7.91,36.57
-0.03,0.47,10.01,36.64
1.18,0.62,10.21,36.61
4.99,-1.39,10.78,36.56
4.32,-1.22,7.9,36.61
4.52,-2.31,7.95,36.62
0.7,-0.25,7.08,36.57
-2.94,0.47,9.97,36.59
0.68,0.28,11.43,36.59
3.78,-2.57,9.21,36.61
3.69,-1.2,7.3,36.58
1.6,0.16,7.24,36.58
-2.37,1.33,10.06,36.59
0.25,0.55,10.66,36.6
3.56,-2.32,9.66,36.6
4.68,-1.08,7.09,36.6
1.25,0.04,7.52,36.57
-1.09,0.91,9.65,36.62
0.92,0.63,10.95,36.59
4.45,-2.35,9.92,36.57
3.7,-0.46,7.0,36.58
1.31,-0.41,8.07,36.62
-0.34,0.79,10.02,36.61
1.32,0.86,10.41,36.63
4.75,-2.58,10.3,36.58
3.84,-1.05,7.47,36.58
1.16,-0.27,7.84,36.62
-0.85,0.81,9.89,36.61
1.28,0.67,10.51,36.59
5.56,-2.27,9.67,36.59
3.36,-1.62,7.46,36.54
0.39,-0.07,7.94,36.58
-0.61,1.03,10.22,36.54
1.78,0.16,10.52,36.54
4.82,-1.71,9.33,36.56
4.47,-2.44,8.14,36.58
0.23,-0.62,8.51,36.6
-0.6,0.94,9.87,36.59
1.53,0.11,10.87,36.59
4.57,-1.46,9.96,36.63
5.83,-2.33,7.95,36.58
-1.17,0.15,8.48,36.63
-0.02,0.28,10.63,36.56
3.86,-0.99,6.72,36.59
-0.23,-0.17,8.06,36.57
-0.55,1.85,9.52,36.59
1.87,-0.53,11.94,36.57
4.96,-2.05,8.53,36.54
4.29,-1.22,7.29,36.58
1.02,0.02,11.69,36.62
4.64,-2.54,9.55,36.59
4.96,-1.01,7.19,36.55
0.42,-0.42,8.34,36.58
-0.44,1.35,9.49,36.58
-0.71,1.27,9.94,36.55
2.98,-0.55,10.26,36.57
4.7,-2.04,8.25,36.53
3.11,-0.74,7.64,36.56
0.06,0.96,8.97,36.57
0.45,1.04,9.95,36.58
3.57,-0.38,9.98,36.57
5.56,-1.88,8.21,36.6
3.38,-1.0,7.65,36.59
-0.94,0.34,8.61,36.56
0.09,1.13,9.88,36.54
3.6,-1.28,11.17,36.56
6.17,-2.24,8.26,36.54
2.48,-1.07,7.6,36.56
-0.71,0.63,9.57,36.57
2.41,-2.11,7.58,36.55
1.3,-0.28,7.46,36.53
-2.62,0.33,10.31,36.55
-0.14,0.61,10.68,36.57
2.65,-1.01,9.56,36.51
4.2,-1.5,7.76,36.57
0.61,-1.03,8.11,36.58
-2.92,1.15,9.82,36.54
0.29,0.61,10.52,36.55
2.18,-0.47,9.85,36.52
3.71,-2.26,8.03,36.58
0.08,-0.1,7.63,36.54
-2.37,0.75,10.25,36.55
-1.11,-0.5,11.29,36.56
2.38,-0.26,8.9,36.56
4.59,-2.54,8.64,36.56
0.71,0.1,6.89,36.56
-3.2,1.24,10.0,36.58
-0.53,-0.63,11.74,36.57
2.71,-0.54,8.71,36.57
5.03,-1.39,7.48,36.59
1.37,-0.28,7.46,36.52
-3.08,1.55,9.31,36.54
1.09,0.8,11.36,36.56
3.85,-1.59,9.03,36.54
4.88,-0.98,7.0,36.54
1.42,-0.15,7.61,36.53
-1.31,1.11,8.99,36.54
0.31,0.61,10.74,36.57
3.94,-1.88,9.2,36.59
5.88,-1.53,7.73,36.53
1.64,-0.53,7.98,36.57
-0.45,1.1,8.63,36.51
1.16,0.82,10.66,36.55
5.07,-2.07,9.49,36.55
5.43,-0.6,6.94,36.52
0.76,-0.49,7.82,36.53
0.07,1.39,9.78,36.56
0.93,0.34,11.18,36.55
5.3,-1.82,9.18,36.5
4.79,-1.81,7.82,36.56
0.48,-0.48,8.28,36.57
-0.58,1.45,9.8,36.53
2.04,0.25,10.64,36.52
5.11,-2.03,9.63,36.57
4.69,-1.62,7.75,36.54
1.04,-0.27,8.68,36.58
-0.83,0.16,9.98,36.49
1.99,0.45,10.47,36.51
4.49,-1.7,9.97,36.54
4.89,-1.42,7.75,36.55
5.37,-1.09,10.64,36.48
6.01,-2.13,9.63,36.51
4.58,-1.26,7.24,36.53
0.9,-0.08,8.91,36.45
-0.06,0.6,10.16,36.49
2.0,0.52,10.41,36.48
5.65,-2.21,9.0,36.42
3.28,-1.1,7.75,36.47
-1.9,0.68,8.79,36.51
-0.44,0.94,10.11,36.5
1.19,0.11,10.96,36.45
5.07,-1.64,8.94,36.48
4.07,-1.6,7.67,36.47
-1.22,-0.15,9.21,36.47
-1.8,0.8,10.74,36.47
1.59,-0.19,9.91,36.49
4.19,-1.38,9.04,36.52
2.56,-2.44,8.03,36.44
-3.1,1.53,8.39,36.48
-1.47,-0.28,11.32,36.48
-0.47,0.81,10.17,36.51
3.2,-1.42,8.33,36.49
2.56,-1.25,7.13,36.46
-4.09,0.99,7.87,36.44
-3.66,0.2,11.37,36.44
1.14,-0.45,10.57,36.5
3.54,-1.77,8.42,36.46
3.11,-1.14,6.56,36.45
-2.34,0.06,8.93,36.42
-0.68,0.34,10.93,36.46
1.94,-0.74,10.53,36.51
4.29,-1.21,7.45,36.47
4.18,-0.85,6.82,36.44
-2.1,0.59,8.32,36.46
-1.34,1.42,10.2,36.52
1.66,-1.81,10.98,36.5
4.03,-0.49,7.64,36.5
4.04,-1.73,7.27,36.49
-0.7,1.1,8.3,36.47
-0.6,1.41,10.21,36.46
-2.38,0.02,9.71,36.49
-0.6,0.62,11.84,36.48
1.95,-0.46,10.47,36.49
5.09,-2.63,8.62,36.43
1.04,-2.32,7.91,36.42
-2.83,2.06,8.43,36.5
-0.7,0.02,11.17,36.48
0.52,-0.14,9.82,36.43
4.29,-0.93,7.82,36.48
0.82,-1.34,8.18,36.49
-4.08,1.52,9.58,36.47
-1.14,0.3,11.28,36.47
2.23,-1.01,10.72,36.45
3.76,-1.41,7.15,36.42
1.49,-0.89,7.02,36.42
-3.99,1.02,9.08,36.49
-2.26,1.04,11.2,36.47
2.07,-0.99,11.09,36.47
3.56,-2.7,8.36,36.44
5.23,-0.98,9.31,36.48
4.52,-1.64,6.99,36.44
0.79,-0.45,8.39,36.5
-1.28,0.91,9.86,36.47
2.26,0.5,10.38,36.49
4.79,-1.88,10.13,36.45
4.75,-1.46,7.73,36.43
1.14,-0.17,8.24,36.51
-0.27,0.12,10.33,36.45
1.64,1.14,9.62,36.47
5.34,-2.29,10.34,36.46
4.65,-2.09,8.12,36.44
-0.6,-0.24,8.48,36.46
-0.44,-0.85,11.8,36.47
0.81,1.06,10.75,36.44
5.65,-1.56,9.59,36.49
5.98,-2.34,8.57,36.43
-1.08,-0.1,8.5,36.45
0.27,0.77,9.67,36.51
0.67,0.69,10.41,36.51
3.64,-0.6,8.76,36.44
5.46,-1.79,7.82,36.48
1.96,-1.58,7.83,36.44
-3.39,1.12,9.19,36.47
-0.47,0.21,10.75,36.4
1.19,0.37,9.82,36.48
5.11,-2.05,8.69,36.45
2.27,-1.52,8.12,36.47
-2.24,0.68,8.86,36.47
-0.89,0.27,11.01,36.49
1.47,0.03,9.48,36.45
4.95,-1.74,8.8,36.47
1.34,-1.07,6.9,36.45
-3.58,1.06,8.9,36.46
-1.46,0.36,11.16,36.43
3.03,-0.35,9.57,36.42
4.52,-1.84,8.32,36.45
1.82,-0.68,7.27,36.46
-2.32,0.87,10.26,36.46
-0.59,-0.24,11.46,36.46
2.27,0.06,8.81,36.49
3.8,-1.63,7.99,36.44
0.78,-0.21,6.88,36.43
-2.34,1.5,8.3,36.44
-0.99,-0.14,11.2,36.44
2.42,-0.31,8.98,36.44
5.43,-1.69,7.7,36.48
1.51,-0.91,7.33,36.45
-1.22,1.99,7.93,36.46
-0.37,-0.16,11.77,36.42
2.89,-1.8,10.01,36.51
5.35,-1.61,7.85,36.42
1.49,-1.11,7.66,36.44
-0.89,1.77,8.58,36.49
0.23,0.52,11.4,36.46
3.68,-1.95,10.09,36.47
4.83,-1.86,7.71,36.46
1.66,-0.43,7.44,36.45
-1.46,1.05,9.05,36.46
0.71,0.75,10.76,36.48
4.35,-1.82,10.03,36.46
4.69,-1.73,7.25,36.44
1.29,-0.65,8.13,36.41
-0.34,1.05,9.47,36.45
0.81,0.61,10.66,36.44
1.33,-0.23,10.8,36.44
1.82,-1.59,10.76,36.43
3.9,-1.21,7.37,36.46
2.92,-1.72,7.85,36.46
-1.09,1.26,8.36,36.41
-1.7,1.24,10.83,36.44
2.3,-1.11,10.38,36.39
4.87,-1.19,7.59,36.46
2.82,-0.93,7.28,36.43
-1.11,0.94,8.38,36.45
-0.47,0.49,10.13,36.43
3.39,-1.11,10.29,36.46
5.0,-1.66,7.64,36.42
3.51,-0.47,7.21,36.44
0.26,-0.03,8.95,36.45
0.91,1.57,9.56,36.45
4.28,-1.0,10.27,36.42
5.48,-2.24,7.61,36.41
2.46,-0.67,7.53,36.41
0.87,-0.64,10.56,36.44
4.57,-1.18,8.24,36.45
3.77,-1.85,7.55,36.42
-0.46,1.1,7.31,36.44
-1.37,0.51,10.65,36.41
2.29,-0.82,10.99,36.43
5.5,-1.26,8.14,36.44
4.54,-1.66,7.6,36.38
2.58,-0.26,6.42,36.38
-0.42,1.04,9.01,36.41
0.43,0.71,10.83,36.43
4.13,-1.48,9.73,36.42
5.66,-1.74,7.41,36.44
2.09,-0.44,6.98,36.44
-0.71,0.29,9.73,36.43
-0.22,0.91,10.79,36.41
4.08,-1.87,9.71,36.41
4.13,-1.8,7.65,36.44
1.23,-0.02,7.41,36.4
-0.27,1.02,9.59,36.41
1.07,1.01,10.16,36.47
4.09,-1.3,9.56,36.42
5.79,-1.79,7.5,36.41
2.44,-0.66,7.9,36.42
-0.35,1.29,8.22,36.39
1.16,0.38,11.0,36.4
4.71,-0.87,9.58,36.41
5.48,-1.56,7.13,36.41
1.62,-0.96,8.43,36.41
-1.27,0.56,10.26,36.41
1.19,0.34,11.02,36.42
4.3,-1.41,10.7,36.44
6.81,-2.01,7.86,36.39
1.2,-0.66,8.4,36.43
-0.36,0.49,10.34,36.45
1.18,0.8,10.88,36.43
3.87,-0.41,9.65,36.38
5.19,-2.11,7.49,36.44
-1.14,0.24,8.19,36.44
-2.17,0.87,10.47,36.39
-0.26,0.41,10.86,36.42
3.2,-0.86,9.83,36.44
3.78,-2.12,7.62,36.44
-0.79,0.3,8.42,36.47
-1.95,-0.06,10.78,36.42
-0.3,0.21,10.17,36.43
3.38,-0.69,9.24,36.4
4.17,-2.64,7.88,36.41
-1.2,0.22,8.1,36.42
-1.75,-0.05,10.5,36.41
-0.18,-0.24,11.18,36.41
2.24,-0.87,9.55,36.41
4.94,-2.26,7.57,36.4
-0.44,-0.69,8.49,36.44
-2.23,1.51,9.5,36.42
1.39,-0.22,11.28,36.41
3.29,-0.62,8.47,36.39
4.68,-1.79,7.51,36.41
-2.74,0.29,7.93,36.42
1.47,-0.57,12.0,36.4
3.54,-0.61,7.99,36.41
1.84,-2.13,7.99,36.41
-2.74,0.55,9.3,36.42
-2.6,0.99,11.06,36.45
1.81,-0.38,10.06,36.42
3.05,-1.16,8.55,36.43
2.71,-1.66,7.37,36.44
-2.19,-0.31,9.26,36.4
-2.05,0.21,11.1,36.39
1.59,-0.06,9.86,36.38
3.5,-1.84,9.26,36.38
2.56,-0.79,6.77,36.39
-3.16,0.44,8.71,36.39
-1.91,0.05,11.42,36.41
1.78,-0.41,9.78,36.43
3.36,-1.04,7.75,36.4
3.39,-1.38,7.19,36.38
-2.01,0.08,9.11,36.4
-0.11,0.67,10.77,36.4
3.19,-0.57,10.08,36.44
3.65,-0.93,8.2,36.4
4.04,-1.12,6.93,36.42
-0.28,1.44,8.25,36.39
-0.17,0.57,10.62,36.39
2.23,-0.88,10.02,36.41
5.3,-1.33,8.08,36.42
3.7,-1.39,7.86,36.42
-1.16,1.18,8.46,36.36
0.23,0.72,10.4,36.39
2.78,-1.01,11.48,36.41
5.5,-1.16,7.51,36.41
4.68,-1.76,7.82,36.39
-0.59,0.57,8.7,36.4
-1.07,1.68,8.69,36.39
1.75,-0.1,11.69,36.39
3.45,-1.29,8.64,36.43
5.27,-1.19,7.26,36.37
2.09,-0.73,8.03,36.42
4.51,-2.2,9.54,36.37
4.38,-1.33,7.71,36.39
3.65,-0.93,6.83,36.44
-2.51,0.23,9.44,36.44
-0.95,1.42,10.07,36.4
3.12,-1.41,9.93,36.41
5.67,-1.14,6.75,36.4
2.6,-1.21,6.52,36.4
-1.54,1.45,8.76,36.43
0.51,1.37,10.23,36.4
3.02,-1.35,9.77,36.43
5.1,-1.64,6.92,36.38
1.9,-0.62,6.8,36.41
-1.08,1.19,8.68,36.4
-0.61,0.49,10.83,36.42
2.34,-0.43,9.18,36.4
3.82,-0.8,7.44,36.38
1.12,-1.49,7.88,36.41
-0.92,1.7,8.6,36.42
-0.41,0.22,11.01,36.38
4.77,-1.55,10.56,36.42
4.99,-1.82,8.13,36.39
1.69,-0.78,7.58,36.41
-0.64,0.54,10.09,36.37
1.65,1.09,10.64,36.34
6.01,-0.67,9.69,36.39
5.43,-2.64,8.57,36.39
1.62,-0.0,7.15,36.37
-1.66,0.71,10.01,36.39
1.35,0.06,11.16,36.33
4.38,-1.19,11.04,36.35
6.41,-2.22,7.11,36.4
0.35,-0.27,9.64,36.33
-1.09,-0.12,10.41,36.38
1.07,0.93,10.83,36.36
3.72,-1.33,10.49,36.37
6.04,-1.45,7.65,36.42
0.07,-0.47,9.52,36.38
-1.77,0.63,10.11,36.37
1.23,1.34,11.34,36.37
4.69,-0.36,6.51,36.31
-0.1,-0.46,8.51,36.32
1.83,1.19,11.05,36.38
2.45,-0.04,10.71,36.37
5.49,-1.66,8.41,36.37
4.93,-1.26,8.35,36.35
0.53,-0.67,8.32,36.36
0.31,0.53,9.98,36.39
2.9,-0.06,10.88,36.35
5.51,-0.64,8.54,36.37
4.6,-1.98,8.76,36.37
0.15,-0.32,8.28,36.35
-0.52,1.2,9.52,36.35
2.6,0.51,11.15,36.39
6.14,-1.43,8.77,36.37
4.6,-2.31,7.84,36.37
0.22,0.05,9.2,36.35
0.05,0.2,10.43,36.41
1.59,0.64,11.37,36.41
-0.06,0.43,11.02,36.39
2.79,0.16,8.84,36.4
4.9,-1.01,7.13,36.36
-0.92,0.16,7.97,36.38
-3.2,0.2,11.45,36.36
1.57,0.95,10.03,36.41
3.99,-0.29,9.28,36.34
3.53,-1.08,6.89,36.35
-1.98,0.71,6.8,36.38
-3.47,-0.2,11.09,36.39
-0.94,0.51,10.59,36.36
-0.11,0.28,10.05,36.37
3.82,-2.83,8.63,36.37
0.92,-2.08,8.2,36.36
-2.71,-0.44,10.32,36.38
-2.22,-0.2,11.6,36.35
0.48,0.24,10.76,36.4
3.37,-2.42,9.39,36.38
0.34,-1.58,7.59,36.42
-0.73,0.55,8.69,36.34
0.77,-0.06,9.36,36.37
1.76,0.32,11.21,36.37
3.63,-0.64,9.9,36.36
7.12,-1.65,8.26,36.35
2.6,-0.73,7.46,36.39
-2.15,0.36,10.03,36.34
0.51,0.03,11.26,36.36
3.15,0.05,10.08,36.38
5.39,-1.94,7.97,36.37
0.26,-0.17,8.26,36.36
-2.52,0.19,10.9,36.33
0.18,-0.22,11.52,36.35
1.66,-0.2,9.5,36.36
4.05,-1.57,8.76,36.38
0.1,-1.33,8.1,36.34
-3.97,1.07,9.17,36.36
-0.27,0.52,11.2,36.37
2.99,0.26,10.04,36.37
4.07,-1.65,7.68,36.37
1.19,-0.94,11.91,36.37
3.66,-1.67,10.37,36.36
6.53,-1.85,8.26,36.37
2.34,-1.65,7.81,36.35
-1.19,0.35,8.7,36.35
2.0,0.47,10.97,36.37
4.89,-1.75,10.62,36.29
4.1,-1.29,7.34,36.34
2.06,-1.94,9.13,36.34
-0.51,-0.33,10.29,36.36
1.71,0.78,9.99,36.36
6.49,-1.25,10.52,36.34
6.45,-2.37,8.56,36.33
0.67,-0.9,8.37,36.38
-0.11,-0.31,10.67,36.4
1.96,0.5,11.12,36.35
4.02,-0.68,9.87,36.33
6.43,-2.97,9.29,36.33
3.58,-1.4,8.57,36.35
-0.85,0.43,9.69,36.39
1.48,1.24,10.4,36.33
5.1,-1.27,11.11,36.41
7.1,-2.51,8.85,36.33
1.19,0.39,7.09,36.33
0.59,0.02,10.22,36.39
1.79,1.32,11.12,36.35
4.47,-0.05,9.42,36.35
7.27,-2.66,7.37,36.38
0.49,-0.37,7.79,36.34
-0.31,0.6,9.5,36.34
2.54,0.68,11.12,36.32
4.89,-1.29,9.76,36.32
4.82,-1.04,6.68,36.38
-1.0,-0.52,8.59,36.37
-1.65,0.69,9.91,36.35
-0.31,1.02,10.13,36.32
2.46,-0.22,8.81,36.34
3.98,-1.87,8.32,36.32
-1.6,-1.05,8.64,36.4
-2.89,0.22,10.0,36.39
0.35,0.09,10.95,36.3
3.31,-0.22,10.32,36.32
3.91,-2.13,8.36,36.33
-0.75,-0.68,8.55,36.37
-1.2,-0.32,11.35,36.35
-0.75,0.29,11.15,36.32
0.25,1.23,11.22,36.33
6.24,-0.17,10.87,36.32
8.85,-3.35,7.97,36.34
2.01,-0.16,7.09,36.34
0.21,0.19,9.58,36.37
0.84,1.48,10.39,36.32
4.92,0.72,9.48,36.28
6.06,-2.44,7.35,36.32
-0.75,-0.03,7.43,36.34
0.68,-0.34,10.71,36.35
0.04,1.26,10.46,36.32
3.53,-0.91,9.85,36.36
4.82,-1.61,7.82,36.34
-3.02,-0.21,8.28,36.32
-3.07,0.17,11.06,36.35
-1.07,-0.17,11.02,36.36
1.15,0.62,9.21,36.37
3.05,-2.39,9.15,36.35
-2.09,-0.69,8.98,36.34
-4.16,0.06,10.98,36.36
-1.02,0.01,11.72,36.33
0.35,-0.34,9.24,36.35
1.78,-1.17,8.46,36.37
-2.88,-1.69,9.24,36.32
-4.86,-0.29,11.76,36.37
-0.17,-0.8,11.45,36.34
2.38,-0.36,9.55,36.32
3.93,-2.03,7.7,36.36
-0.14,-1.69,9.21,36.31
-2.75,-0.12,11.56,36.34
0.65,-0.04,10.88,36.35
1.82,-0.45,9.56,36.34
3.4,-1.21,7.52,36.35
-1.97,-0.72,8.52,36.3
-5.0,0.81,10.13,36.35
0.76,0.7,10.69,36.33
2.38,-1.72,10.13,36.29
5.32,-1.8,6.85,36.36
-1.53,-1.43,8.48,36.29
-4.17,0.53,10.65,36.32
0.75,-0.51,11.14,36.3
2.82,-1.13,9.82,36.3
5.86,-1.38,6.21,36.34
-0.9,-1.22,8.97,36.31
3.41,-2.16,10.41,36.28
3.92,-3.12,8.43,36.3
-2.65,-1.51,10.02,36.27
-1.9,1.0,11.42,36.3
0.53,-0.28,12.64,36.29
4.6,-0.61,8.63,36.3
3.11,-2.46,8.4,36.28
-3.3,-0.36,10.01,36.29
-1.81,0.86,11.3,36.29
-0.58,-0.07,10.01,36.3
3.38,-0.31,8.74,36.3
1.6,-2.66,9.8,36.34
-2.29,-0.0,8.53,36.33
-3.01,0.1,10.92,36.33
-1.65,0.24,11.17,36.35
2.97,0.47,8.39,36.27
3.36,-1.41,7.92,36.3
-3.0,-0.7,8.51,36.31
-2.75,0.71,10.62,36.29
1.01,1.19,9.18,36.36
3.15,-0.83,8.99,36.32
2.09,-0.55,6.95,36.33
-1.83,-0.94,8.88,36.32
-2.67,-0.01,10.87,36.27
1.89,0.91,10.09,36.33
4.35,-0.61,8.2,36.26
2.55,-0.95,6.16,36.31
-3.89,-0.35,9.16,36.28
-3.75,0.43,10.7,36.3
1.48,0.68,9.36,36.33
3.39,-0.72,8.28,36.34
2.45,-1.38,7.11,36.29
-2.98,0.92,8.09,36.28
-1.48,0.17,11.09,36.3
1.73,0.13,10.08,36.3
3.38,-0.52,7.97,36.29
3.91,-1.3,6.93,36.3
-2.73,0.73,7.89,36.3
-2.18,0.88,10.5,36.32
-1.67,0.07,11.07,36.3
1.08,0.55,10.17,36.3
5.79,-1.5,8.03,36.34
0.9,-1.4,7.64,36.3
-3.72,0.75,9.45,36.34
-0.39,0.69,10.61,36.31
1.45,0.48,10.29,36.27
4.59,-0.76,7.64,36.32
1.17,-1.72,7.71,36.25
-3.55,0.91,8.91,36.27
-1.39,0.98,10.58,36.28
0.7,0.1,9.62,36.29
3.58,-0.94,7.01,36.3
-1.04,-0.79,7.82,36.3
-4.12,0.7,9.82,36.27
-3.11,0.13,11.37,36.27
-0.17,0.38,10.66,36.29
3.99,-0.92,7.99,36.3
1.69,-1.27,8.28,36.31
5.66,-0.59,6.31,36.33
4.18,-1.05,6.31,36.3
0.15,1.09,8.41,36.28
0.96,0.25,10.07,36.29
4.28,0.62,8.69,36.27
7.02,-1.47,6.51,36.27
2.82,-1.25,7.02,36.24
-0.96,1.75,7.91,36.25
0.85,0.49,10.26,36.3
4.31,-1.39,9.57,36.29
5.75,-1.87,7.46,36.29
3.87,-1.34,7.99,36.21
0.16,0.16,8.94,36.3
0.24,0.32,10.53,36.32
3.81,-1.18,10.18,36.27
5.51,-2.37,8.6,36.29
3.4,-1.13,7.45,36.26
-0.37,0.42,8.83,36.29
0.17,0.16,10.81,36.28
4.3,-0.93,10.73,36.29
6.5,-2.86,8.49,36.26
2.68,-0.97,7.99,36.27
-0.86,0.45,10.54,36.29
1.34,0.42,10.75,36.28
4.84,-1.6,10.56,36.24
5.78,-2.6,7.74,36.3
1.96,-0.13,7.57,36.25
0.43,0.03,9.87,36.3
2.44,0.92,10.18,36.26
3.92,-0.84,10.81,36.3
8.23,-2.79,8.24,36.29
3.22,-1.31,8.36,36.32
-0.64,0.18,10.29,36.26
2.44,1.33,10.18,36.27
3.91,0.17,9.5,36.28
5.32,-2.3,7.95,36.27
-0.01,0.3,8.09,36.32
-0.28,-0.51,9.72,36.28
1.65,1.65,10.01,36.33
3.83,-0.07,9.46,36.24
2.07,-1.37,8.09,36.29
0.79,-1.25,7.94,36.29
-2.79,0.3,9.86,36.24
-1.38,-0.25,10.69,36.27
3.22,-0.75,9.83,36.27
4.05,-1.52,8.15,36.27
1.66,-0.54,7.02,36.25
-3.3,0.73,9.61,36.24
-1.65,0.71,10.58,36.27
2.45,-1.12,9.06,36.26
4.16,-2.23,8.03,36.24
0.4,-0.22,7.37,36.25
-4.14,1.11,9.45,36.31
-0.59,-0.03,11.17,36.28
1.97,-1.36,9.32,36.25
4.54,-2.0,8.11,36.23
2.17,0.06,7.01,36.26
-2.24,1.52,8.65,36.27
-0.27,-0.42,11.01,36.26
4.89,-2.31,9.86,36.25
6.24,-0.87,6.85,36.26
2.06,-0.31,6.87,36.29
-1.44,1.73,9.15,36.24
0.92,-0.05,11.4,36.26
4.65,-1.77,9.68,36.24
4.96,-1.13,6.53,36.23
1.9,-0.17,6.87,36.23
-1.39,1.47,9.65,36.27
1.16,0.98,10.35,36.25
4.26,-2.17,9.89,36.28
4.46,-1.36,7.57,36.27
1.01,0.12,7.92,36.22
-0.57,0.14,8.43,36.24
0.69,1.23,9.99,36.27
3.23,-1.44,10.95,36.24
4.1,-0.91,7.93,36.27
3.34,-0.67,7.38,36.24
1.36,-0.28,8.96,36.26
-0.88,1.4,9.42,36.28
2.5,0.01,9.93,36.26
5.27,-1.86,8.89,36.27
3.52,-1.06,6.87,36.28
-0.68,0.31,8.63,36.26
-0.48,1.01,10.47,36.22
2.62,0.11,11.51,36.25
4.14,-1.47,8.18,36.3
3.84,0.19,7.91,36.26
5.34,-2.71,9.01,36.24
1.97,-0.4,7.26,36.26
-3.1,1.07,9.01,36.24
-2.64,-0.16,11.96,36.23
1.48,-0.33,9.43,36.23
3.39,-1.68,8.41,36.25
1.65,-0.74,6.74,36.27
-3.53,1.05,8.7,36.21
-1.87,-0.08,11.21,36.25
2.82,-0.64,9.75,36.27
3.68,-1.69,8.31,36.21
2.61,-0.84,6.21,36.22
-2.04,0.17,9.76,36.26
-0.49,-0.36,11.27,36.27
3.04,0.29,9.33,36.27
4.58,-2.46,8.26,36.25
2.48,0.02,6.85,36.21
-2.95,0.55,8.87,36.24
0.41,0.52,10.65,36.27
-0.67,0.25,10.37,36.24
-1.1,0.12,10.01,36.27
2.24,0.71,10.51,36.24
6.05,-2.45,10.35,36.23
5.14,-1.72,7.01,36.31
0.62,-0.71,8.41,36.24
-0.77,0.72,10.68,36.22
2.16,-0.2,10.69,36.24
4.38,-2.33,9.75,36.25
4.72,-1.13,7.51,36.26
0.05,-0.82,9.4,36.26
-0.85,0.27,10.23,36.31
2.09,1.32,10.12,36.25
4.56,-1.45,9.74,36.24
4.23,-1.69,7.68,36.25
-0.46,-0.44,9.19,36.29
-0.23,-0.23,10.63,36.25
1.87,0.76,10.1,36.22
3.96,-1.64,9.77,36.23
4.99,-2.43,7.54,36.24
4.32,-0.91,6.69,36.27
0.83,0.16,8.21,36.26
-1.53,2.2,9.09,36.26
0.02,-0.18,10.98,36.24
4.19,-1.52,8.6,36.23
4.69,-2.13,7.53,36.25
-1.52,0.97,7.47,36.29
-0.88,1.23,8.96,36.22
1.62,0.11,10.89,36.22
3.36,-2.07,8.98,36.25
4.81,-0.49,7.21,36.22
-0.73,-0.36,9.07,36.23
-1.54,1.56,10.01,36.24
1.43,-0.31,11.49,36.22
6.04,-2.74,9.52,36.22
2.96,-1.31,7.36,36.24
0.25,0.63,8.86,36.26
0.47,0.5,10.64,36.25
2.18,0.5,11.1,36.27
6.7,-2.29,8.87,36.23
4.8,-2.03,7.87,36.2
0.35,-0.43,9.19,36.23
0.29,0.93,9.56,36.21
4.55,0.23,10.58,36.21
6.83,-2.19,8.49,36.22
2.86,-0.31,6.97,36.25
1.23,-0.67,9.72,36.24
0.4,0.65,10.3,36.22
2.9,-0.11,10.53,36.21
6.81,-2.26,9.48,36.27
3.17,-1.6,7.88,36.2
-1.44,-0.18,9.64,36.2
-0.05,0.42,9.72,36.24
1.06,0.73,10.66,36.24
5.25,-1.6,8.88,36.22
3.34,-2.27,8.23,36.23
1.54,-0.53,7.64,36.23
0.2,0.91,9.55,36.2
0.82,0.24,10.92,36.22
3.01,-0.53,10.59,36.26
5.88,-1.65,8.0,36.24
3.51,-0.32,6.3,36.21
-0.14,1.08,8.4,36.24
-0.17,1.14,9.83,36.21
4.91,-0.68,10.23,36.21
5.88,-2.3,8.28,36.21
3.01,0.26,6.54,36.19
0.42,1.0,8.37,36.22
-0.02,-0.14,10.84,36.24
3.46,-0.55,10.28,36.19
6.64,-2.18,8.56,36.21
3.79,-1.53,7.52,36.23
-1.05,1.62,7.66,36.16
1.08,0.27,10.19,36.17
2.93,0.03,10.47,36.26
5.8,-2.15,8.36,36.21
3.8,-0.56,6.84,36.22
-1.52,0.96,8.77,36.24
3.86,-0.33,10.63,36.24
4.35,-1.42,9.08,36.22
3.59,-0.8,7.06,36.25
1.26,-0.25,8.09,36.17
-1.74,1.22,9.72,36.19
0.1,0.96,10.13,36.28
5.2,-2.6,10.2,36.19
2.76,-1.25,7.51,36.2
-0.7,0.41,7.99,36.22
-0.88,-0.23,10.29,36.23
0.89,0.46,10.94,36.2
3.22,-1.29,9.49,36.21
3.87,-0.58,7.82,36.19
-0.67,-0.84,8.92,36.19
-1.02,0.76,9.87,36.15
1.91,0.16,10.99,36.16
5.6,-1.3,9.79,36.24
2.84,-1.75,8.19,36.2
-0.21,0.3,8.03,36.2
0.04,0.53,10.23,36.21
-2.39,0.23,8.68,36.22
-1.54,0.37,9.44,36.22
-1.02,0.62,11.32,36.16
3.57,0.5,8.76,36.2
6.87,-3.02,8.91,36.16
-0.09,-0.18,7.02,36.22
-0.03,-0.32,9.97,36.22
1.76,0.37,11.11,36.23
3.24,0.45,8.66,36.2
5.13,-1.72,8.75,36.18
1.22,-1.53,8.61,36.22
-3.47,1.38,9.54,36.18
-0.5,0.58,10.7,36.22
2.49,0.4,9.28,36.19
5.01,-1.54,8.19,36.17
-0.29,-1.14,8.38,36.19
-4.22,0.72,10.27,36.24
-0.84,1.2,11.17,36.23
1.67,-0.85,10.04,36.15
4.07,-1.69,8.38,36.2
0.04,-1.2,8.37,36.17
-3.93,0.72,10.3,36.21
-1.4,0.04,11.57,36.23
2.81,-0.96,9.88,36.19
4.43,-1.29,7.35,36.21
-1.56,-0.85,7.9,36.17
-3.57,1.32,9.39,36.19
-0.34,-0.99,11.43,36.19
3.2,-1.12,8.91,36.21
4.15,-1.13,6.55,36.21
-1.25,-0.89,8.3,36.18
-3.85,0.74,10.49,36.19
-1.16,-0.71,10.99,36.21
2.49,-0.76,9.18,36.23
4.44,-1.08,6.83,36.22
0.21,-0.42,7.41,36.19
-2.93,1.09,9.33,36.19
0.91,-0.52,10.67,36.2
1.92,-0.31,8.58,36.21
-0.76,-0.12,8.38,36.19
-1.9,0.07,10.38,36.19
-0.59,0.75,11.19,36.18
3.47,-0.18,10.3,36.2
6.23,-2.73,8.68,36.2
0.98,-0.74,7.42,36.21
-2.05,0.69,10.3,36.22
0.16,0.35,11.47,36.2
0.98,-0.23,9.61,36.22
5.23,-2.11,9.03,36.2
1.19,-0.81,8.1,36.22
-4.46,0.82,9.22,36.2
-1.93,0.66,11.25,36.21
1.99,-0.49,9.87,36.19
4.79,-0.71,7.8,36.22
0.41,-1.17,7.48,36.2
-2.42,1.05,9.29,36.19
-0.09,-0.02,10.97,36.23
1.94,-0.4,9.63,36.19
0.82,1.21,8.1,36.22
-2.59,0.79,9.11,36.21
-0.58,0.34,10.62,36.19
3.55,-0.56,8.51,36.21
5.15,-1.05,7.04,36.23
0.51,-0.57,7.35,36.17
-1.83,1.87,8.19,36.18
0.41,0.25,11.35,36.19
3.0,-0.5,9.03,36.21
5.13,-1.04,6.19,36.18
0.77,0.07,7.2,36.19
-1.6,1.42,8.83,36.19
1.88,0.22,11.28,36.18
5.11,-2.44,9.33,36.2
4.49,-0.38,6.63,36.19
2.26,-0.72,8.61,36.19
0.5,0.74,9.85,36.18
2.32,0.45,10.61,36.19
5.45,-2.25,9.61,36.16
4.48,-1.15,7.18,36.19
-0.41,-0.06,10.9,36.21
0.4,1.23,10.31,36.17
3.76,-0.79,10.48,36.14
6.07,-2.56,8.08,36.15
0.56,-0.4,7.93,36.17
-0.43,0.32,10.33,36.13
-0.26,0.84,10.51,36.2
3.53,-0.52,10.11,36.14
6.1,-2.86,8.89,36.17
0.67,-0.17,7.82,36.15
-0.58,0.62,9.84,36.22
0.7,-0.18,11.05,36.2
3.53,-0.05,8.51,36.19
5.15,-1.94,8.54,36.2
-0.07,-0.72,8.46,36.18
-3.23,1.05,10.57,36.22
0.82,-0.61,11.46,36.19
2.6,-0.46,9.04,36.18
3.83,-1.36,7.98,36.17
-0.18,-0.67,8.65,36.14
-3.45,0.66,10.35,36.19
0.43,-0.31,11.0,36.23
3.1,-1.0,9.69,36.17
5.0,-1.23,6.92,36.19
-0.65,-0.19,7.68,36.12
-2.85,0.97,10.12,36.15
0.87,-0.96,11.44,36.14
3.03,0.08,7.94,36.13
5.2,-1.28,6.58,36.16
0.25,-0.33,8.0,36.19
-2.42,1.05,9.42,36.15
0.64,-0.4,11.13,36.18
3.57,-0.74,8.75,36.21
4.29,-0.8,6.4,36.22
-0.34,-0.39,7.79,36.14
-3.43,0.36,8.58,36.14
-2.91,0.02,10.89,36.16
2.37,-0.48,10.14,36.17
4.34,-1.54,7.85,36.17
3.85,-1.39,7.13,36.17
-2.2,0.22,8.46,36.18
-1.38,0.88,11.21,36.17
2.1,-1.3,10.33,36.19
3.87,-1.26,7.76,36.19
-0.01,0.73,8.73,36.12
-2.08,0.4,9.24,36.17
0.34,0.25,11.31,36.13
3.14,-1.87,9.85,36.17
5.95,-1.18,7.11,36.17
2.44,-0.84,7.6,36.15
-2.03,0.97,8.62,36.16
0.48,0.78,10.29,36.17
4.49,-1.97,9.75,36.14
5.86,-1.78,7.45,36.16
1.49,0.15,6.68,36.12
-0.23,1.81,8.06,36.1
0.93,0.14,11.33,36.16
4.86,-1.03,9.07,36.16
7.07,-1.25,7.36,36.15
2.58,0.03,7.05,36.16
-0.08,0.98,9.26,36.16
2.67,0.75,11.16,36.13
6.18,-2.21,9.67,36.12
4.19,-1.07,7.36,36.17
0.96,0.31,7.8,36.18
0.26,0.57,9.73,36.14
1.69,0.61,10.35,36.15
5.54,-1.66,9.3,36.16
4.76,-2.43,7.61,36.17
1.01,-0.37,7.86,36.13
-0.1,0.43,9.69,36.14
1.36,0.13,10.47,36.14
5.19,-1.18,8.77,36.17
4.5,-1.92,7.91,36.18
1.41,-1.05,8.2,36.15
-0.31,0.83,9.21,36.19
2.11,0.32,10.7,36.1
4.81,-1.25,9.39,36.17
5.91,-1.42,7.45,36.19
1.15,-1.28,8.62,36.14
-0.05,0.55,9.49,36.16
4.51,-0.01,10.5,36.15
5.46,-1.06,9.51,36.18
6.6,-1.7,7.86,36.14
1.58,-0.29,8.45,36.12
0.35,1.1,9.01,36.13
2.92,-2.13,7.82,36.13
-2.18,0.1,8.7,36.17
-2.02,0.86,10.88,36.11
0.42,1.18,9.77,36.16
4.76,-0.64,7.71,36.17
3.42,-1.98,7.17,36.17
-3.76,0.37,8.63,36.15
-1.88,0.35,11.64,36.14
2.09,-0.63,10.43,36.15
3.66,-0.85,8.33,36.12
3.71,-1.24,6.96,36.14
-0.32,-1.14,7.92,36.15
-1.25,1.05,10.36,36.12
3.22,-0.75,10.71,36.14
2.98,0.0,8.5,36.13
5.26,-1.0,7.69,36.12
0.48,-0.33,7.39,36.15
-2.91,0.91,9.98,36.14
0.71,-0.12,11.42,36.13
4.13,0.18,8.28,36.12
2.76,-0.32,10.02,36.15
4.36,0.31,8.04,36.16
5.06,-1.21,7.41,36.13
-0.84,-0.09,8.08,36.14
-2.87,0.21,10.48,36.12
1.91,0.77,10.66,36.14
4.09,-0.53,8.74,36.17
3.47,-1.45,7.0,36.14
-3.44,1.08,7.47,36.19
-2.56,0.86,10.27,36.1
1.49,-0.23,11.49,36.11
1.3,-1.12,8.72,36.1
3.65,-1.0,7.3,36.14
-2.01,-1.45,9.34,36.07
-3.08,1.12,10.37,36.12
0.95,0.26,10.66,36.12
2.59,-0.8,8.68,36.14
2.68,-0.32,6.6,36.11
-2.3,0.16,8.2,36.17
6.64,-2.58,9.84,36.14
5.74,-1.23,7.96,36.13
5.33,-1.53,7.32,36.11
0.35,0.17,9.0,36.14
2.28,0.52,10.58,36.14
6.5,0.23,9.76,36.11
6.05,-1.19,8.37,36.09
4.32,-1.07,7.52,36.14
2.88,0.44,8.39,36.16
2.29,1.09,9.66,36.16
3.68,1.36,9.2,36.11
6.24,-1.67,7.68,36.17
3.26,-1.05,7.73,36.12
-0.29,0.73,8.33,36.11
0.66,1.08,9.88,36.13
2.53,0.1,10.36,36.13
5.76,-1.6,7.27,36.14
2.18,-0.71,7.8,36.09
-0.93,0.61,8.96,36.12
0.42,0.93,10.47,36.13
2.7,-0.34,7.07,35.88
0.35,-0.23,9.53,35.88
0.54,0.32,10.68,35.86
2.74,0.21,10.67,35.9
7.16,-2.73,8.88,35.9
2.51,-0.68,7.76,35.85
-0.41,0.65,9.11,35.87
0.14,0.64,11.37,35.89
2.7,0.16,10.14,35.88
5.75,-2.13,8.8,35.87
1.74,-0.63,7.37,35.87
-2.11,0.64,9.84,35.9
-0.24,0.09,11.61,35.87
1.24,-0.26,9.94,35.87
4.69,-1.45,7.88,35.9
1.38,-1.26,8.24,35.88
-2.96,0.97,9.47,35.86
0.21,0.33,11.34,35.89
2.01,-0.97,10.3,35.87
4.39,-1.15,8.17,35.87
3.02,-1.13,6.2,35.83
-2.25,1.13,8.09,35.89
-1.7,-0.41,11.12,35.9
2.64,0.07,9.36,35.86
5.63,-1.07,7.71,35.88
3.08,-1.66,7.84,35.87
0.3,0.68,8.47,35.9
1.05,0.08,10.58,35.85
2.52,0.45,9.97,35.82
4.27,-0.74,7.52,35.85
3.96,-1.53,7.97,35.86
0.77,1.05,7.93,35.84
0.52,0.9,9.61,35.87
-0.02,0.34,10.79,35.86
4.97,-0.75,9.96,35.89
5.55,-1.61,7.29,35.84
2.68,-0.2,7.62,35.89
0.25,0.61,9.18,35.89
2.1,0.5,10.37,35.8
6.37,-1.0,9.86,35.85
2.24,-1.34,8.26,35.84
3.17,-0.85,7.18,35.84
-0.93,-0.87,10.28,35.85
0.5,0.96,10.09,35.86
4.66,-0.72,9.74,35.83
4.33,-2.18,8.11,35.81
-0.26,0.35,7.47,35.84
-0.94,0.03,10.01,35.85
0.86,-0.49,11.43,35.88
3.9,-0.41,9.5,35.83
6.61,-2.42,7.8,35.84
0.8,-1.27,8.53,35.88
-0.29,-0.3,10.71,35.86
2.72,0.97,10.58,35.88
5.04,-1.07,9.91,35.84
5.01,-1.53,7.94,35.85
-0.21,-0.15,7.69,35.81
-1.08,-0.61,10.91,35.85
0.22,0.32,10.82,35.89
-2.55,1.06,8.84,35.83
-0.97,0.57,10.92,35.87
3.62,-1.32,10.57,35.87
4.82,-0.5,7.55,35.83
3.82,-0.79,7.1,35.88
-1.21,0.32,8.95,35.82
-0.52,1.59,10.72,35.82
3.91,-1.72,10.96,35.86
4.9,-0.68,7.01,35.9
3.21,-1.47,6.88,35.87
-2.55,0.61,8.98,35.88
-0.59,1.4,10.13,35.84
3.56,-1.18,10.59,35.86
3.58,-1.11,8.02,35.85
2.22,-0.89,7.37,35.83
-0.83,-0.25,9.41,35.84
0.77,0.89,10.39,35.84
4.94,-0.16,10.97,35.88
5.09,-1.32,8.9,35.85
2.55,-2.22,8.69,35.85
0.06,0.47,8.61,35.86
2.19,-1.01,11.51,35.84
3.87,-1.19,8.45,35.87
4.28,-0.62,6.34,35.82
-1.68,-0.86,9.06,35.89
-2.79,0.74,10.3,35.87
0.97,-0.44,10.65,35.86
4.66,-1.37,8.49,35.83
3.25,-1.25,7.73,35.84
-1.33,0.14,8.3,35.88
-1.93,1.28,9.94,35.84
0.08,-0.47,10.86,35.87
2.91,-0.24,8.22,35.85
3.43,-1.65,7.95,35.79
0.26,-0.37,7.62,35.89
-2.92,0.67,9.7,35.85
2.2,-0.34,10.92,35.87
4.02,-1.16,8.91,35.85
4.35,-1.63,6.99,35.82
0.56,0.39,8.31,35.83
0.59,0.71,9.64,35.82
0.7,-0.31,7.2,35.81
-1.12,-0.06,10.15,35.87
-0.67,0.98,11.28,35.83
1.07,0.49,10.04,35.86
5.35,-2.03,9.08,35.81
4.09,-2.22,7.91,35.82
-0.46,0.43,7.72,35.79
-0.62,0.53,10.6,35.9
0.97,0.31,11.27,35.8
4.71,-0.28,9.07,35.79
4.01,-2.19,7.57,35.83
-2.85,0.12,8.26,35.81
-2.27,0.08,11.38,35.84
0.51,-0.69,11.88,35.84
2.23,-0.51,8.89,35.8
3.78,-0.73,7.07,35.83
-1.81,-0.96,9.22,35.82
-3.59,0.72,11.09,35.77
-0.1,0.47,10.74,35.83
2.47,-1.02,8.43,35.84
4.37,-1.68,9.02,35.83
4.41,-0.8,7.59,35.79
-0.9,-0.84,8.39,35.8
-5.44,0.38,10.88,35.82
0.1,0.17,11.37,35.82
3.65,-1.0,10.69,35.78
3.65,-0.68,6.45,35.78
-1.69,-0.07,7.9,35.82
-2.4,0.48,11.3,35.8
0.07,0.0,11.55,35.82
2.57,0.22,8.54,35.8
4.98,-1.6,7.32,35.8
-1.3,-0.62,8.0,35.81
-4.03,1.57,9.13,35.82
-0.9,-0.09,11.66,35.79
3.4,-0.56,8.44,35.84
3.73,-1.53,7.26,35.8
0.15,-0.28,6.93,35.88
-3.8,1.13,9.81,35.82
-1.16,-0.06,10.72,35.87
2.07,-0.4,8.54,35.84
3.62,-2.11,8.05,35.79
-0.17,-0.08,7.49,35.81
-3.01,1.36,9.51,35.85
1.83,-0.47,10.46,35.8
2.99,-1.04,8.22,35.79
3.75,-1.24,6.86,35.85
-0.13,0.55,7.77,35.82
-1.95,0.75,9.32,35.79
0.7,0.29,10.12,35.79
4.2,-1.95,9.26,35.83
3.68,-1.14,7.3,35.8
-0.08,-0.0,8.21,35.79
0.27,-0.06,10.27,35.82
1.53,0.32,11.11,35.81
5.66,-0.71,9.03,35.82
6.19,-1.43,8.22,35.81
1.29,-0.23,7.74,35.85
1.58,1.88,8.55,35.78
5.06,-1.55,7.92,35.79
3.96,0.49,6.02,35.8
-1.84,0.86,8.7,35.82
-0.79,0.45,11.53,35.79
3.93,-0.76,10.01,35.8
5.33,-1.49,7.65,35.82
2.45,-0.68,7.03,35.79
-1.79,0.96,8.59,35.79
-0.62,0.68,11.32,35.79
1.94,-0.64,11.96,35.77
4.73,-0.86,9.09,35.75
1.01,-0.6,7.43,35.8
-0.49,0.02,7.8,35.77
-0.38,0.7,9.9,35.81
1.55,0.45,10.35,35.82
5.88,-1.05,8.93,35.82
4.25,-1.19,7.76,35.82
0.93,-0.94,8.39,35.78
-0.89,0.28,10.2,35.8
3.4,-0.2,11.5,35.74
4.67,-1.34,9.56,35.78
4.76,-0.25,6.43,35.77
0.01,-1.3,9.01,35.82
-1.99,0.9,9.82,35.8
2.44,0.66,10.05,35.8
4.84,-1.3,8.78,35.81
3.54,-1.59,7.69,35.79
0.2,-0.69,8.61,35.77
0.08,0.23,10.42,35.8
2.73,0.01,10.16,35.79
6.18,-1.39,8.9,35.79
4.55,-1.39,7.71,35.82
2.33,-1.2,8.65,35.83
1.38,0.55,9.35,35.8
3.33,0.31,9.66,35.85
6.33,-0.56,8.46,35.78
3.79,-1.47,7.22,35.78
-0.0,-0.47,8.88,35.77
0.05,0.61,9.5,35.75
-4.89,-0.26,9.81,35.76
-3.78,0.68,9.91,35.77
0.0,-1.08,11.81,35.79
2.38,0.55,9.24,35.74
5.03,-1.71,7.72,35.78
-1.12,-1.17,7.87,35.74
-3.29,0.45,9.95,35.75
-2.38,0.76,9.44,35.76
1.64,-0.28,11.0,35.73
2.88,0.12,9.23,35.75
3.31,-0.89,6.65,35.79
1.22,-0.72,8.43,35.8
-1.15,-0.27,9.26,35.8
2.06,0.69,10.3,35.74
5.56,-1.44,9.56,35.78
4.37,-0.82,6.67,35.78
-0.05,-1.23,8.29,35.79
-1.04,1.08,9.28,35.76
2.24,0.93,11.19,35.76
4.94,-1.06,9.85,35.76
5.09,-0.75,6.33,35.79
1.28,0.03,7.39,35.82
0.27,0.28,9.81,35.75
2.6,1.67,10.04,35.74
5.71,-1.44,8.13,35.77
4.72,-0.16,6.44,35.77
0.26,-0.84,8.51,35.79
1.32,-1.65,8.05,35.75
-3.08,-0.52,9.14,35.77
-3.31,-0.28,11.41,35.78
1.96,0.0,10.77,35.76
3.27,-0.83,9.08,35.79
3.15,-0.84,7.73,35.76
-0.8,0.05,8.39,35.74
-0.94,0.43,10.95,35.74
1.24,0.54,9.58,35.79
3.78,-0.7,8.25,35.77
2.71,-2.06,7.22,35.79
-2.72,-0.09,7.95,35.75
-0.89,0.25,10.85,35.79
0.31,0.05,9.68,35.8
2.35,0.11,7.88,35.77
4.52,-0.95,7.06,35.81
-1.44,0.2,7.35,35.79
-2.89,1.01,10.51,35.79
0.74,-1.02,11.2,35.76
4.67,-1.72,8.06,35.6
1.91,-1.14,8.24,35.59
0.49,0.63,8.54,35.63
2.33,1.14,11.09,35.57
6.82,-0.53,10.8,35.61
7.22,-1.02,7.9,35.61
2.12,-1.01,7.41,35.58
-0.2,-0.22,10.34,35.57
1.58,1.13,10.8,35.58
5.49,-0.46,10.22,35.56
4.95,-1.44,8.55,35.59
1.97,-1.43,9.07,35.63
-0.11,-0.43,10.64,35.61
0.97,0.93,9.91,35.61
5.26,-1.63,11.0,35.61
8.65,-1.21,8.56,35.54
5.08,-0.79,6.55,35.53
0.6,-0.55,8.39,35.58
0.92,1.89,9.69,35.62
5.38,-0.9,10.89,35.58
7.0,-2.41,7.77,35.62
4.38,-1.69,7.41,35.65
0.42,-1.0,9.75,35.54
0.74,0.75,10.7,35.56
2.29,-0.27,12.49,35.55
5.65,-1.5,9.19,35.59
3.42,-1.79,7.85,35.57
-0.27,-1.44,9.73,35.58
-0.28,-0.16,11.35,35.56
3.07,0.53,10.9,35.61
4.99,-1.46,9.73,35.57
2.12,-2.66,8.15,35.6
-0.56,-0.69,9.72,35.57
1.04,-0.2,11.73,35.61
1.45,0.91,9.78,35.56
3.34,-1.4,9.29,35.56
3.03,-2.62,7.7,35.59
-2.52,0.0,9.22,35.57
-1.16,0.14,10.87,35.6
2.63,0.96,10.39,35.6
4.53,-1.28,6.86,35.54
-0.07,0.16,7.73,35.59
-1.58,0.49,11.15,35.57
3.75,-0.75,10.63,35.64
6.4,-0.49,8.43,35.57
2.83,-0.98,6.81,35.59
-2.43,1.0,7.75,35.6
-2.21,0.78,9.93,35.56
2.81,-0.78,11.12,35.61
4.12,-1.13,7.94,35.57
4.89,-1.19,6.47,35.57
0.11,-1.21,9.54,35.6
-1.55,0.53,10.59,35.58
3.26,0.62,9.79,35.59
5.1,-1.81,8.15,35.57
2.55,-0.89,6.56,35.57
0.0,-0.54,8.72,35.55
0.74,0.35,10.31,35.59
3.5,1.02,10.64,35.54
4.92,-1.87,8.46,35.57
4.62,-1.34,7.29,35.59
0.1,-0.66,8.56,35.56
1.53,1.08,9.86,35.57
3.9,1.05,10.17,35.59
6.44,-1.14,7.59,35.58
4.09,-1.75,7.24,35.59
0.73,0.74,7.96,35.59
0.72,0.45,10.26,35.58
4.26,0.62,9.68,35.57
7.91,-1.97,7.25,35.54
3.81,-0.81,6.79,35.55
0.89,-0.57,8.94,35.57
0.52,1.1,9.97,35.56
4.66,-0.02,9.9,35.59
6.03,-1.56,7.87,35.58
1.12,-2.02,8.54,35.56
-0.04,-0.61,9.69,35.57
0.95,0.24,10.46,35.52
1.56,0.18,9.46,35.56
-2.98,-0.18,8.5,35.59
-1.25,0.89,10.73,35.56
1.56,-0.1,10.37,35.58
3.69,-1.38,8.01,35.52
2.5,-1.47,6.74,35.55
-3.67,0.07,9.03,35.54
-2.77,0.01,11.55,35.57
0.38,0.04,10.55,35.49
3.14,-1.32,8.11,35.61
3.13,-0.5,6.17,35.55
-3.19,-0.03,8.71,35.59
-2.34,0.49,11.18,35.57
1.75,-0.56,10.78,35.59
4.47,-1.29,8.6,35.59
3.05,-0.73,6.65,35.55
-2.81,-1.05,9.47,35.59
-1.84,0.54,11.49,35.56
2.4,-0.47,10.7,35.59
2.2,-0.26,9.54,35.57
6.0,-1.13,7.11,35.54
-1.57,0.47,8.55,35.59
-1.48,1.28,8.54,35.57
0.13,-0.65,12.08,35.54
2.7,0.13,9.18,35.58
6.3,-0.99,7.25,35.57
0.66,-0.42,7.41,35.56
-4.0,0.86,9.31,35.55
0.71,0.07,11.12,35.55
3.0,0.48,8.38,35.5
3.45,-0.41,7.24,35.52
0.89,-1.04,8.26,35.55
-2.78,-0.1,9.62,35.57
-0.45,0.71,10.94,35.55
2.87,-0.34,9.93,35.54
4.19,-0.79,6.99,35.6
1.36,-0.25,7.12,35.55
-1.92,-0.6,9.91,35.54
-0.12,0.93,11.47,35.55
4.27,-0.61,9.78,35.54
2.78,-1.66,8.83,35.5
4.71,-0.51,7.58,35.56
2.21,-2.65,8.04,35.53
-2.98,0.11,10.02,35.52
-0.25,0.22,10.54,35.54
1.59,-1.22,10.38,35.53
3.39,0.01,7.8,35.54
0.88,-0.95,7.9,35.51
-3.26,-0.67,9.62,35.52
-0.76,-0.14,11.06,35.53
3.49,0.98,9.38,35.59
6.16,-1.2,8.1,35.54
0.92,-1.43,7.02,35.57
-2.99,0.44,8.45,35.53
-1.92,-0.52,11.09,35.53
1.02,0.18,10.14,35.54
4.28,-1.25,7.98,35.55
1.95,-0.75,6.62,35.57
-3.52,0.23,8.37,35.55
-0.56,0.8,11.42,35.52
3.88,-2.34,6.92,35.55
2.01,-1.22,7.59,35.56
-3.86,-1.17,10.49,35.53
-0.08,0.92,11.06,35.56
3.83,-1.24,10.36,35.55
3.24,-0.66,6.97,35.55
1.81,-1.07,7.73,35.52
-2.68,0.1,8.99,35.53
0.33,0.62,11.23,35.5
2.89,-1.13,10.25,35.51
4.48,-0.31,7.59,35.52
3.85,-1.72,6.96,35.51
-1.76,0.64,8.47,35.56
0.4,0.62,10.1,35.53
2.92,-0.26,9.95,35.55
4.87,-1.1,8.14,35.54
1.12,-1.21,7.61,35.54
-2.12,0.67,8.79,35.52
0.65,1.17,11.34,35.54
-1.81,0.05,11.79,35.53
1.42,-0.12,10.75,35.54
2.82,-0.57,7.75,35.54
1.77,-1.07,7.31,35.53
-5.09,-0.11,8.83,35.56
-2.74,0.25,11.71,35.47
1.96,-0.3,9.9,35.56
3.01,-1.7,9.0,35.49
1.91,-0.61,6.5,35.54
-3.59,-0.02,8.92,35.55
-0.69,0.1,10.98,35.52
1.1,-0.45,10.38,35.52
5.09,-0.53,7.81,35.56
4.29,-1.82,8.08,35.53
-1.81,0.62,7.58,35.48
-0.05,0.82,10.26,35.54
2.35,0.25,10.11,35.51
5.01,-0.26,7.86,35.51
2.7,-1.13,7.07,35.51
-1.21,0.29,7.55,35.53
-1.47,0.16,10.83,35.51
0.82,0.24,10.58,35.54
2.99,-0.98,11.35,35.52
4.3,-1.0,8.77,35.51
2.46,-1.92,7.52,35.5
-1.57,-0.33,9.31,35.54
-1.79,0.83,10.69,35.52
2.03,0.51,11.17,35.52
6.65,-0.56,9.04,35.51
1.99,-1.51,8.16,35.49
-0.69,-0.59,9.17,35.53
0.44,-0.32,11.51,35.52
3.0,0.43,9.76,35.52
5.72,-1.35,9.17,35.52
2.65,-1.6,7.7,35.58
-0.72,0.29,8.45,35.53
-0.52,0.29,10.16,35.48
1.81,0.91,10.07,35.52
4.98,-0.69,9.58,35.57
3.24,-2.2,7.82,35.51
-1.54,0.31,9.11,35.53
0.74,0.85,10.1,35.51
4.12,-1.86,10.3,35.49
4.36,-1.35,6.76,35.51
0.97,-0.59,6.65,35.5
1.08,-0.71,10.06,35.49
2.37,0.79,10.07,35.5
2.46,0.22,9.45,35.5
5.11,-1.23,8.37,35.48
2.63,-1.36,7.74,35.52
-0.17,1.15,8.61,35.52
1.89,0.48,10.48,35.51
4.29,0.09,10.7,35.5
5.72,-1.83,7.76,35.45
1.81,-1.43,7.23,35.5
-0.32,-0.47,9.81,35.51
1.96,1.17,10.02,35.51
5.9,-0.05,10.01,35.5
4.89,-1.03,7.12,35.5
1.24,1.04,10.6,35.52
3.23,-0.18,10.52,35.51
3.58,-2.34,8.36,35.49
-0.18,-1.2,8.79,35.47
-1.71,-0.06,10.4,35.49
0.56,1.66,10.48,35.49
3.51,-0.72,10.52,35.46
3.65,-1.73,7.36,35.47
-2.29,-1.8,8.97,35.48
-2.65,-0.15,11.0,35.51
0.24,0.33,10.92,35.47
2.86,-0.43,10.0,35.45
2.77,-2.01,7.36,35.47
-2.24,-0.69,8.9,35.44
-2.24,0.46,11.14,35.47
-0.52,0.49,11.7,35.47
2.86,-0.38,9.23,35.52
1.9,-2.63,8.52,35.47
-3.24,-1.11,9.7,35.52
-0.96,0.29,10.85,35.49
-0.73,0.32,11.16,35.49
5.39,0.01,9.01,35.5
4.5,-2.28,8.48,35.51
-1.64,-0.79,8.55,35.52
-1.62,-0.37,10.52,35.49
0.94,0.32,10.73,35.52
3.36,0.01,7.7,35.51
4.23,-0.62,7.74,35.46
1.88,-1.43,8.23,35.5
-2.4,0.8,10.4,35.51
-1.09,1.16,9.98,35.53
0.66,0.19,11.5,35.51
4.05,-0.96,7.35,35.49
-0.09,-1.32,7.15,35.47
-5.48,-0.24,9.55,35.51
-1.57,-0.07,11.32,35.48
0.7,0.0,11.14,35.51
4.87,-1.02,7.48,35.49
0.06,-1.58,7.06,35.47
-3.33,-0.33,9.8,35.49
0.65,-0.67,11.55,35.48
2.6,-0.16,10.06,35.5
5.54,-0.78,7.97,35.5
2.51,-1.64,7.69,35.51
1.31,-1.13,7.97,35.46
-0.54,-0.86,10.68,35.45
0.66,1.05,9.88,35.5
3.89,-0.15,11.68,35.45
7.31,-1.65,8.83,35.46
2.92,-1.06,8.34,35.45
-0.37,-1.14,10.94,35.44
0.77,1.14,10.97,35.48
2.78,-1.07,11.66,35.44
4.42,-0.38,8.32,35.53
0.46,-1.66,8.06,35.46
-1.67,-0.12,10.26,35.44
0.09,0.74,10.36,35.43
1.58,0.81,9.7,35.45
4.37,-1.5,9.35,35.47
0.89,-2.28,8.11,35.43
-1.17,-1.03,9.98,35.46
1.56,-0.6,11.27,35.46
4.94,-1.55,8.67,35.39
3.74,-1.69,7.42,35.37
1.0,-0.89,9.29,35.4
0.4,1.0,9.57,35.39
2.22,-0.37,11.29,35.37
6.33,-1.15,9.25,35.39
3.88,-2.44,8.05,35.41
-0.28,-0.58,8.97,35.4
-0.4,0.56,11.16,35.42
2.69,-0.24,10.54,35.37
5.34,-1.86,9.65,35.41
3.85,-1.6,7.52,35.39
-0.72,0.52,9.19,35.4
-0.8,0.51,10.9,35.37
3.44,0.93,9.97,35.36
5.72,-1.36,9.58,35.39
2.9,-1.34,7.36,35.36
-0.47,0.12,9.11,35.36
-0.24,0.33,11.32,35.39
2.6,0.99,10.08,35.37
5.67,-1.37,8.73,35.38
3.56,-2.07,7.97,35.41
-2.64,-1.17,9.57,35.38
-0.34,0.91,10.57,35.44
1.3,-0.96,11.54,35.37
3.25,-0.23,8.27,35.41
6.77,-2.73,8.99,35.36
0.82,-1.23,8.24,35.39
-2.12,1.15,10.03,35.37
-0.36,0.47,11.26,35.38
3.55,-0.63,9.83,35.39
4.89,-1.58,8.44,35.39
0.62,-0.61,7.64,35.38
-1.83,-0.18,10.9,35.39
0.22,0.2,10.56,35.39
3.83,-0.3,9.8,35.37
4.85,-2.11,8.54,35.39
-0.86,-0.56,7.68,35.37
-2.91,0.89,9.47,35.4
-0.77,0.67,11.42,35.35
1.15,0.17,11.63,35.37
2.83,-1.42,9.45,35.33
3.84,-1.49,7.24,35.4
-0.5,-0.99,8.19,35.39
-2.64,0.64,10.74,35.37
0.62,0.16,10.41,35.37
3.15,-0.52,8.68,35.38
2.9,-1.14,7.0,35.34
-2.01,-0.53,7.88,35.38
-1.96,0.17,10.14,35.36
-0.63,0.25,11.41,35.36
2.58,-0.26,8.15,35.38
3.47,-1.7,7.19,35.36
-1.24,-0.11,7.3,35.34
-1.85,1.64,9.36,35.35
0.56,-0.03,11.18,35.33
4.06,-1.34,8.53,35.36
4.87,-1.82,7.92,35.34
1.33,-0.44,8.19,35.39
-1.26,0.35,9.96,35.36
1.61,0.46,11.09,35.35
5.17,-1.29,8.36,35.37
4.52,-1.45,7.39,35.35
0.16,-0.28,7.73,35.36
-0.93,1.47,9.28,35.37
1.26,0.25,10.85,35.36
4.2,-1.77,8.91,35.4
4.27,-1.56,7.81,35.32
0.57,0.18,8.59,35.38
0.07,1.05,9.8,35.36
1.98,0.5,10.65,35.35
5.05,-1.45,8.41,35.31
3.6,-1.33,7.69,35.33
-0.49,-0.68,8.95,35.32
-0.47,0.89,9.43,35.39
1.62,0.12,11.64,35.36
4.18,-1.2,8.86,35.36
3.38,-1.11,7.37,35.33
-0.55,-0.89,9.4,35.34
-0.97,1.25,10.09,35.36
1.39,-0.12,11.16,35.35
-0.73,0.81,10.81,35.33
2.11,0.01,10.48,35.35
3.91,-0.97,7.87,35.35
4.6,-1.16,6.82,35.38
-1.3,0.86,7.85,35.36
-2.27,0.81,8.8,35.29
1.11,-0.2,11.23,35.36
3.82,-0.83,7.66,35.37
4.1,-1.61,7.47,35.39
0.01,-0.66,8.1,35.33
-2.92,0.77,8.75,35.37
-0.7,1.28,10.97,35.37
3.26,-1.68,10.4,35.33
4.57,-0.28,7.2,35.31
2.64,-1.27,7.07,35.36
-1.57,1.27,8.79,35.35
-0.24,0.82,11.55,35.33
3.98,-0.95,10.23,35.34
5.53,-1.59,7.32,35.33
2.18,-0.27,10.52,35.31
4.19,-1.26,10.23,35.32
5.9,-2.71,7.87,35.34
0.36,-0.25,7.72,35.36
-1.29,-0.06,10.08,35.3
0.91,1.25,10.52,35.35
4.24,-0.88,10.07,35.3
4.28,-1.72,8.04,35.29
0.32,-0.85,7.78,35.3
-2.42,0.34,10.64,35.35
-0.25,0.47,10.94,35.29
2.69,-0.6,9.12,35.32
4.7,-1.92,8.44,35.35
-0.88,-0.76,7.73,35.3
-2.72,0.54,10.16,35.33
-0.69,0.64,10.94,35.31
2.38,-0.45,9.71,35.29
4.24,-1.0,7.34,35.33
-0.51,-1.02,8.05,35.32
-2.24,1.25,9.86,35.34
0.6,0.53,11.0,35.34
3.12,-1.39,9.6,35.27
4.71,-1.25,6.9,35.31
1.69,-0.1,7.25,35.27
-1.89,0.46,9.84,35.31
1.21,0.42,11.09,35.29
4.26,-1.2,9.15,35.31
4.93,-1.66,7.45,35.3
0.65,-0.21,7.57,35.28
-1.9,0.52,9.88,35.31
1.99,0.44,10.58,35.35
3.79,-0.74,8.56,35.32
4.62,-1.53,7.73,35.32
1.49,-0.28,7.76,35.3
0.73,0.63,9.2,35.31
1.98,0.89,10.45,35.33
3.88,-1.58,8.97,35.31
5.15,-1.53,7.83,35.32
2.44,-1.39,7.93,35.28
0.17,0.72,8.83,35.3
1.68,0.97,10.68,35.29
5.33,-1.62,9.45,35.35
4.89,-1.41,6.56,35.35
-1.68,0.27,8.87,35.33
-1.32,0.35,11.14,35.32
1.37,0.68,10.71,35.31
4.31,-1.52,8.98,35.32
3.1,-2.34,7.8,35.35
-1.62,0.18,9.1,35.32
-1.38,0.51,9.51,35.29
0.85,0.56,10.64,35.33
4.49,-1.32,8.65,35.3
5.71,-2.04,8.04,35.32
1.01,-0.48,7.08,35.3
-2.62,0.12,10.31,35.33
-0.15,0.4,11.4,35.31
1.75,-0.82,9.53,35.3
4.14,-1.69,6.88,35.34
-0.45,-1.56,8.15,35.3
-3.06,1.53,9.28,35.28
-0.66,0.28,11.55,35.27
1.39,-0.85,9.7,35.34
0.9,-0.26,8.3,35.32
-0.52,0.52,9.33,35.36
1.9,0.3,10.74,35.31
4.39,-0.68,11.0,35.31
4.69,-2.21,7.65,35.25
2.71,-0.87,7.64,35.3
-0.91,-0.36,10.41,35.29
0.96,1.12,9.96,35.28
3.51,-1.05,10.85,35.34
5.64,-2.09,7.86,35.29
1.79,-0.74,7.69,35.31
-0.52,-0.14,9.68,35.33
0.65,1.18,9.83,35.32
2.94,-0.87,10.28,35.32
4.6,-2.13,8.41,35.32
0.61,-0.97,7.94,35.31
-1.64,0.05,10.09,35.29
-1.16,1.09,10.69,35.39
2.34,-1.28,10.32,35.29
4.34,-1.75,8.41,35.32
1.19,-1.13,7.71,35.32
-2.26,0.81,10.05,35.28
-0.25,0.27,11.26,35.31
2.49,-0.79,9.82,35.3
4.7,-1.64,7.94,35.31
0.36,-1.17,7.54,35.28
-2.57,0.27,9.89,35.36
-0.9,0.27,11.06,35.31
1.53,-0.3,9.64,35.3
4.9,-1.76,8.0,35.29
-0.48,-1.07,7.47,35.27
-2.7,0.89,9.26,35.28
-0.64,-0.05,11.73,35.26
2.49,-0.47,9.51,35.28
5.37,-1.82,7.36,35.33
1.45,-0.73,7.06,35.31
-2.57,1.39,8.82,35.3
0.01,-0.07,11.43,35.3
2.33,0.05,8.82,35.3
4.46,-1.1,7.26,35.26
4.57,-2.26,8.37,35.32
2.86,-0.49,6.88,35.28
-0.53,-0.5,9.96,35.3
0.79,0.9,10.46,35.33
3.03,-0.05,10.81,35.27
6.02,-2.02,8.25,35.32
2.83,-1.34,7.83,35.3
0.13,0.05,9.45,35.29
0.28,1.28,10.49,35.26
2.9,0.21,10.43,35.28
5.68,-1.87,8.8,35.27
1.88,-1.21,7.93,35.27
-1.35,0.17,9.38,35.24
-0.7,0.51,11.42,35.28
2.38,0.14,10.48,35.24
5.37,-1.8,8.82,35.28
2.25,-1.59,7.53,35.29
-1.64,0.05,9.81,35.25
-0.51,0.33,11.41,35.29
2.07,-1.53,7.82,35.32
1.41,-0.6,7.63,35.24
-1.61,0.57,9.66,35.29
1.14,0.66,10.86,35.28
3.81,-1.3,9.42,35.27
4.67,-1.3,7.15,35.32
0.82,-0.81,8.19,35.28
-0.77,0.88,9.77,35.31
1.47,1.26,10.49,35.27
4.54,-0.25,9.33,35.3
3.88,-1.81,7.79,35.24
1.18,-0.87,8.7,35.31
0.38,0.69,9.17,35.25
2.39,0.0,10.83,35.27
5.36,-0.96,8.77,35.25
4.06,-2.26,7.93,35.25
0.67,-0.35,8.78,35.25
-1.02,0.42,9.73,35.3
0.9,0.33,11.05,35.32
5.15,-0.77,9.68,35.32
5.15,-0.05,8.43,35.16
4.2,-1.01,7.5,35.24
0.06,-0.99,8.7,35.18
-0.56,0.92,9.87,35.2
3.7,-0.28,11.27,35.2
5.53,-0.52,10.08,35.17
4.89,-0.62,6.82,35.19
1.13,-0.55,8.6,35.2
-0.92,0.57,9.97,35.19
2.39,0.84,10.01,35.19
4.99,-0.78,10.15,35.22
4.52,-1.75,8.43,35.23
-0.5,-0.16,8.21,35.23
-0.21,-0.86,10.96,35.21
1.89,0.42,11.41,35.15
5.04,0.45,9.15,35.17
4.24,-1.66,7.79,35.15
-0.92,-1.36,8.73,35.12
-1.66,-0.51,10.51,35.17
1.14,0.44,10.81,35.19
4.98,-2.01,8.68,35.21
0.07,-1.0,7.57,35.17
-1.8,-0.09,10.7,35.22
0.57,0.2,11.55,35.2
4.21,-0.56,10.35,35.14
4.18,-1.78,8.7,35.18
-1.13,-0.47,8.13,35.18
-2.42,0.0,10.72,35.21
0.64,0.51,10.96,35.16
3.94,-1.2,10.73,35.24
3.66,-1.81,8.66,35.22
-1.74,-0.13,8.49,35.2
-2.02,-0.7,11.15,35.19
0.56,1.34,9.68,35.2
1.72,-0.08,10.68,35.18
4.29,-0.7,8.89,35.14
1.3,-1.14,7.4,35.19
-2.63,-1.26,10.17,35.2
-1.78,0.17,10.87,35.17
0.99,0.29,10.87,35.17
4.28,-0.74,9.33,35.22
1.38,-1.84,7.56,35.2
-2.18,-0.43,9.36,35.16
-0.28,0.25,10.51,35.16
1.74,0.39,11.09,35.21
4.85,0.16,7.94,35.17
2.15,-1.25,7.41,35.24
-4.04,-0.54,9.49,35.25
0.21,0.14,10.23,35.16
1.98,0.76,9.53,35.18
4.41,-0.88,8.18,35.15
2.09,-1.14,7.83,35.2
-4.02,-0.79,8.68,35.19
-0.73,-0.09,10.98,35.15
2.41,0.46,10.07,35.22
3.11,-0.23,8.66,35.19
1.68,-0.79,7.24,35.17
-3.02,-0.66,8.61,35.17
-0.74,-0.41,11.35,35.18
4.05,-0.33,8.3,35.19
4.06,-0.62,6.39,35.18
-0.21,-0.87,8.1,35.19
-1.78,-0.08,9.67,35.15
2.26,1.01,10.43,35.14
5.54,-1.1,9.04,35.15
3.69,-1.5,7.29,35.17
-0.4,-0.57,8.03,35.17
0.81,-0.02,9.84,35.17
3.03,0.89,10.73,35.17
4.73,-1.3,9.74,35.17
4.14,-1.23,7.65,35.2
1.64,-0.78,8.2,35.17
-0.38,0.86,9.92,35.12
2.64,0.96,10.7,35.19
5.52,-1.17,10.15,35.14
3.8,-1.46,7.31,35.19
-0.0,-0.0,7.5,35.17
-0.38,0.57,9.54,35.16
3.35,-1.85,8.32,35.12
2.6,-0.99,7.62,35.23
-0.48,-0.68,9.15,35.19
-0.69,0.68,10.85,35.19
2.9,0.44,10.69,35.17
4.31,-1.83,9.35,35.21
0.54,-1.14,7.71,35.17
-0.87,0.13,8.88,35.23
0.55,0.76,11.32,35.18
4.1,-0.13,9.84,35.17
6.54,-1.44,9.29,35.2
1.9,-1.09,7.49,35.19
-1.77,0.27,9.5,35.14
0.46,1.03,11.57,35.15
3.97,0.28,10.18,35.15
4.86,-0.85,8.86,35.19
0.66,-0.31,7.79,35.17
-1.95,-0.26,10.34,35.11
-1.45,1.63,9.78,35.19
1.52,0.93,10.24,35.14
3.52,-1.68,7.06,35.19
0.89,-0.51,8.62,35.19
2.56,1.4,9.73,35.19
5.03,-0.77,10.41,35.15
3.78,0.17,7.78,35.17
1.86,-1.61,6.14,35.16
-0.09,-0.37,9.45,35.13
0.25,0.9,10.45,35.11
4.59,0.01,9.96,35.13
6.15,-1.3,7.84,35.16
2.71,-1.36,7.22,35.14
1.47,0.19,9.49,35.14
3.64,-0.18,11.42,35.14
5.18,0.01,9.18,35.17
5.12,-0.67,6.96,35.15
2.98,-2.04,8.28,35.18
-0.06,-0.48,8.77,35.13
2.36,0.29,9.55,35.15
6.29,-0.44,9.97,35.13
-0.4,1.38,10.97,35.13
2.35,0.76,10.39,35.13
2.32,-1.61,8.36,35.13
-1.4,-1.02,7.26,35.17
-3.27,0.36,10.9,35.12
-0.3,-0.51,11.83,35.13
0.76,0.88,10.37,35.16
3.91,-1.4,5.79,35.18
0.85,-0.62,7.27,35.17
-3.44,-0.5,10.25,35.19
0.15,-0.07,11.02,35.19
1.99,0.93,9.81,35.13
5.01,-0.8,7.53,35.14
1.33,-0.71,7.58,35.11
-3.88,-0.57,9.84,35.18
-1.71,0.49,11.22,35.17
1.39,-0.1,9.23,35.14
3.53,-1.01,7.9,35.15
0.16,-0.34,7.16,35.13
-2.46,-0.19,9.26,35.15
0.26,-0.55,8.57,35.12
-1.74,0.61,9.3,35.13
1.44,0.81,10.47,35.12
4.33,-0.81,10.29,35.1
3.82,0.57,6.92,35.12
1.26,-0.54,6.63,35.17
0.12,0.66,8.75,35.15
1.0,0.79,10.28,35.13
3.39,0.13,10.72,35.11
3.83,-0.71,7.35,35.13
1.05,-1.08,7.14,35.12
-1.77,0.24,9.32,35.15
-0.32,0.12,11.32,35.16
3.87,-0.77,10.41,35.21
4.48,-2.23,8.0,35.12
1.12,0.0,6.97,35.14
-0.77,-0.81,10.33,35.16
1.18,0.26,11.16,35.14
5.32,-0.31,9.39,35.13
5.13,-1.82,8.37,35.14
-3.27,0.27,10.13,35.15
-0.37,0.99,9.79,35.12
2.62,-0.49,10.5,35.12
5.01,-1.46,7.63,35.15
-1.96,-1.3,8.27,35.13
-2.41,0.32,10.45,35.13
0.02,-0.01,11.26,35.1
3.65,-0.63,10.18,35.09
5.12,-1.87,7.93,35.11
-0.86,-1.8,9.06,35.12
-1.13,0.12,10.96,35.12
1.73,-0.76,11.45,35.14
3.52,0.34,9.29,35.1
5.34,-1.18,7.63,35.08
3.41,-0.31,7.68,35.12
-0.29,-1.07,8.0,35.11
-0.81,0.79,10.38,35.14
2.26,0.87,10.25,35.12
4.85,-0.63,9.28,35.15
2.94,-2.19,7.75,35.13
-1.84,-0.67,9.94,35.12
-1.35,-0.47,11.2,35.14
1.98,0.85,10.36,35.14
4.79,-1.13,8.9,35.14
1.91,-1.16,7.4,35.11
-2.16,-1.2,10.25,35.16
-0.8,0.75,11.06,35.11
0.71,0.85,10.02,35.11
4.04,-1.18,9.2,35.07
2.12,-2.46,8.41,35.11
-1.94,-0.51,9.14,35.11
-0.79,0.31,10.6,35.12
0.66,0.11,10.78,35.16
4.93,-0.54,8.68,35.13
3.29,-2.32,7.64,35.11
-3.28,-0.44,8.96,35.09
-0.4,0.04,10.33,35.12
1.92,0.68,10.06,35.09
3.89,-0.42,7.89,35.11
2.97,-1.49,7.39,35.09
-2.0,0.52,8.13,35.09
2.01,-0.77,11.2,35.05
1.46,0.44,9.88,35.06
5.15,-1.3,7.13,35.07
1.97,-0.95,7.59,35.13
-2.76,0.9,8.23,35.06
1.36,0.28,11.39,35.07
2.42,-0.89,10.69,35.07
4.95,-0.41,7.15,35.06
2.24,-1.47,7.57,35.08
-1.32,2.49,7.59,35.07
-0.4,0.49,11.78,35.05
2.37,-0.06,10.01,35.09
4.53,-0.89,7.38,35.05
1.53,-1.5,8.37,35.07
-1.68,0.95,8.72,35.09
0.5,1.36,10.14,35.07
2.21,-1.35,10.33,35.08
3.91,-1.31,7.36,35.02
2.44,-0.35,7.75,35.04
3.31,-0.9,7.99,34.9
3.93,-1.57,7.74,34.86
-2.26,-0.26,9.09,34.9
-3.19,1.21,10.02,34.9
0.74,-1.17,11.16,34.92
4.24,-1.04,8.21,34.86
3.5,-0.86,6.99,34.84
-1.06,0.65,7.92,34.86
-1.75,0.81,10.68,34.87
1.05,-0.6,10.93,34.85
3.71,-1.57,8.33,34.88
2.92,-1.43,7.33,34.88
-0.71,0.11,8.12,34.86
0.03,1.06,9.46,34.89
3.88,-0.49,10.88,34.87
4.67,-2.16,9.31,34.87
4.22,-1.13,6.98,34.84
0.0,0.33,9.14,34.87
1.03,0.53,10.24,34.87
3.1,0.7,10.81,34.85
3.6,-1.06,9.59,34.87
5.35,-1.78,8.46,34.85
0.77,-0.1,8.0,34.85
-1.64,0.09,9.53,34.87
0.79,0.16,11.0,34.82
2.35,-0.9,9.38,34.86
4.43,-1.21,7.97,34.85
0.12,-0.78,7.78,34.85
-2.95,0.65,9.87,34.82
-0.47,-0.07,11.56,34.82
1.91,-0.46,9.5,34.88
5.27,-1.93,7.84,34.86
3.78,-1.63,8.22,34.85
-2.95,0.71,8.49,34.83
-3.07,0.41,11.15,34.88
0.56,-1.04,11.14,34.81
4.24,-1.04,8.25,34.87
4.54,-1.32,7.13,34.86
-2.76,0.19,8.58,34.87
-2.68,1.58,9.85,34.89
1.08,-1.31,10.78,34.8
2.23,-0.92,8.11,34.85
3.3,-1.45,7.48,34.8
-3.68,0.12,8.79,34.86
-2.89,1.98,9.63,34.83
1.56,-2.11,11.95,34.86
3.91,-0.86,7.5,34.85
3.16,-1.01,6.51,34.86
-1.55,1.16,8.37,34.82
-0.51,1.35,10.15,34.82
2.89,-0.24,10.22,34.87
5.18,-0.76,7.8,34.85
3.49,-0.37,6.62,34.79
-0.86,1.25,7.97,34.85
0.87,-0.2,10.08,34.83
3.37,-0.28,9.58,34.85
4.7,-1.29,7.39,34.89
3.98,-1.5,8.22,34.85
-0.32,-0.4,8.62,34.81
-0.06,0.24,9.83,34.87
3.91,-0.27,10.6,34.86
4.69,-2.63,9.3,34.83
3.58,-0.08,6.56,34.89
1.04,-0.97,9.12,34.83
1.06,0.73,10.85,34.86
-2.15,0.66,9.55,34.86
-2.94,0.62,10.31,34.82
0.78,-0.03,10.47,34.84
3.3,-1.26,9.04,34.87
3.57,-0.81,6.66,34.84
-2.49,-0.22,8.49,34.83
-1.99,-0.56,11.45,34.87
1.73,0.67,10.06,34.83
3.62,-1.43,8.88,34.86
3.9,-1.34,7.47,34.84
-2.42,0.79,6.93,34.81
-2.43,0.34,10.83,34.84
1.36,0.19,10.24,34.8
2.45,-0.86,8.22,34.84
1.57,-0.46,7.41,34.84
-2.93,0.75,7.85,34.84
-3.8,0.9,10.34,34.88
0.06,0.29,10.24,34.85
3.73,-1.21,9.17,34.85
-1.07,1.43,8.01,34.84
-1.51,0.19,10.64,34.84
1.91,-0.07,10.42,34.84
4.54,-1.8,8.45,34.83
3.97,-1.6,7.6,34.8
0.07,0.27,8.12,34.83
-0.79,1.24,9.17,34.84
1.87,0.26,10.55,34.84
3.85,-0.98,8.47,34.82
3.15,-1.72,8.0,34.87
0.19,0.3,7.95,34.86
0.62,-0.18,10.21,34.81
2.43,0.68,10.94,34.8
6.15,-2.33,8.97,34.86
3.72,-0.71,7.04,34.86
-0.36,0.06,8.77,34.83
-0.59,0.22,9.85,34.8
2.1,-0.17,10.89,34.85
7.11,-3.36,9.22,34.84
3.17,-0.99,6.58,34.84
5.01,-1.12,7.1,34.82
-1.69,-0.05,8.47,34.82
-4.09,1.11,10.92,34.78
1.29,-1.19,10.69,34.85
0.45,-1.23,11.72,34.86
3.81,-0.7,7.82,34.84
1.84,-1.32,7.63,34.87
-2.88,0.28,10.18,34.82
-2.14,-0.08,10.86,34.86
1.41,0.1,9.87,34.79
4.5,-1.5,7.82,34.85
0.68,-0.75,7.06,34.78
-4.58,0.45,9.75,34.8
-1.88,0.17,11.23,34.81
1.09,-0.06,10.24,34.84
4.02,-1.55,7.81,34.78
1.53,-0.44,6.62,34.84
-3.6,0.57,8.86,34.81
-0.41,0.33,11.14,34.82
2.74,-1.74,10.31,34.79
4.2,-1.31,8.09,34.8
1.58,-0.11,7.46,34.8
-2.74,0.68,8.95,34.82
-0.27,1.08,10.63,34.8
2.7,-0.91,9.41,34.79
5.32,-1.23,7.48,34.84
2.58,-0.97,8.24,34.81
-0.93,0.79,8.28,34.81
1.61,0.74,10.83,34.82
3.75,-1.57,10.31,34.82
4.79,0.34,6.69,34.84
2.2,-1.25,7.77,34.78
-0.8,0.65,9.16,34.8
0.45,0.5,10.19,34.8
4.74,-1.76,10.19,34.83
4.07,-1.59,8.34,34.8
2.74,-1.1,7.83,34.8
0.88,0.4,9.51,34.82
1.36,-0.03,10.33,34.82
1.33,-1.26,8.76,34.77
-1.64,0.38,8.83,34.79
-1.16,-0.03,10.75,34.81
0.76,-0.51,10.49,34.8
4.7,-1.63,9.13,34.8
1.27,-1.98,7.74,34.83
-4.25,0.84,8.8,34.79
-1.51,0.69,10.77,34.79
0.35,-0.77,10.4,34.81
4.21,-0.61,8.36,34.84
2.01,-1.72,7.68,34.79
-3.26,0.89,9.77,34.81
0.4,-0.09,11.22,34.8
2.28,-0.35,9.62,34.8
4.72,-1.71,7.68,34.8
0.66,-0.89,7.6,34.83
-2.45,0.96,9.52,34.8
-0.5,-0.19,11.45,34.85
2.46,-0.71,9.71,34.79
4.6,-1.01,7.58,34.8
3.8,-1.27,7.92,34.81
1.76,-0.92,7.85,34.77
-1.24,-0.69,10.38,34.82
1.35,0.74,10.55,34.79
4.19,-0.99,10.58,34.84
5.59,-1.53,8.58,34.8
0.92,-0.23,7.81,34.8
-0.8,1.1,9.58,34.81
0.43,0.74,10.68,34.8
3.3,-0.48,10.3,34.81
5.46,-1.55,8.41,34.79
2.01,-0.21,7.41,34.79
-0.98,-0.22,10.15,34.79
-0.99,0.69,10.99,34.78
3.9,-0.35,9.48,34.79
5.37,-1.53,8.52,34.84
-0.35,-0.66,8.1,34.81
-3.08,0.39,10.98,34.82
0.49,0.41,11.35,34.79
-1.34,0.15,8.91,34.8
-0.12,0.85,10.45,34.75
4.26,-1.44,10.49,34.78
4.89,-2.32,8.31,34.76
2.69,-0.33,7.59,34.77
0.64,-0.39,9.62,34.74
0.21,1.08,9.52,34.79
3.99,-1.12,10.03,34.82
6.28,-2.24,8.54,34.8
4.3,-1.42,7.93,34.79
0.94,-0.02,9.33,34.82
2.18,-0.02,10.38,34.81
5.05,-0.99,11.09,34.77
6.07,-2.77,8.48,34.77
5.75,-1.2,7.13,34.82
1.88,0.0,7.41,34.79
0.85,-0.29,10.02,34.77
3.02,0.3,10.42,34.8
7.96,-1.99,7.66,34.82
5.74,-1.84,7.96,34.79
1.67,-0.62,7.66,34.8
-0.11,1.43,9.52,34.83
2.19,-0.25,11.44,34.79
5.2,-1.3,9.35,34.79
4.41,-1.63,7.7,34.79
-0.03,-0.55,8.56,34.79
-0.54,1.22,9.63,34.77
2.0,0.27,11.02,34.78
5.36,-1.03,9.9,34.79
4.99,-0.76,7.17,34.82
0.53,-0.33,9.2,34.79
-0.65,-0.06,11.04,34.76
1.27,0.52,9.78,34.83
5.48,-0.94,9.08,34.82
3.51,-1.16,7.67,34.79
-0.71,0.17,8.83,34.81
0.41,0.61,10.69,34.84
4.77,-0.79,8.73,33.82
4.26,-1.34,8.02,33.84
0.32,0.53,7.49,33.84
-1.52,-0.23,10.24,33.78
0.72,-0.23,10.98,33.84
4.13,-0.6,9.47,33.83
5.37,-1.6,8.07,33.8
0.2,-0.63,8.88,33.81
-1.29,0.24,9.65,33.83
1.09,-0.27,11.15,33.81
3.83,-0.66,10.09,33.81
5.48,-1.46,8.28,33.82
-0.06,-0.29,9.1,33.84
-0.62,0.23,10.52,33.79
0.8,-0.66,11.31,33.8
4.04,-0.44,9.02,33.83
5.96,-1.87,8.35,33.83
-0.8,-0.43,8.7,33.81
-2.33,0.52,10.75,33.8
0.3,-0.49,11.14,33.8
2.79,-0.59,8.87,33.77
4.6,-0.86,7.76,33.79
-0.59,-0.5,8.12,33.8
-1.46,0.97,10.08,33.82
1.72,-0.23,10.33,33.86
3.31,-0.8,8.58,33.83
4.8,-1.02,7.76,33.78
0.54,-0.23,7.67,33.83
-0.3,0.99,9.4,33.83
1.78,0.03,10.69,33.85
4.81,-1.06,8.62,33.82
6.22,-0.99,7.16,33.81
0.23,0.09,7.63,33.84
-1.33,1.53,9.22,33.83
2.21,0.2,10.7,33.8
4.35,-1.03,8.11,33.8
4.3,-0.45,7.11,33.79
1.27,-0.49,8.38,33.8
-1.39,1.47,9.01,33.81
2.89,-0.15,10.53,33.84
4.58,-2.26,8.87,33.8
3.84,-0.56,7.63,33.79
4.3,-0.45,9.85,33.83
3.82,-1.6,9.47,33.81
3.3,-0.73,7.52,33.81
0.55,0.22,8.0,33.85
-0.28,0.2,10.57,33.83
1.51,-0.6,10.89,33.79
5.36,-1.68,9.22,33.82
4.41,-1.25,7.65,33.83
0.29,-0.69,9.07,33.84
0.26,0.36,10.33,33.81
2.29,0.1,10.39,33.81
5.56,-1.02,8.97,33.8
2.67,-1.32,8.07,33.81
-0.45,-0.24,8.58,33.77
-1.26,0.26,10.17,33.82
0.09,0.12,10.44,33.82
3.09,-1.6,10.12,33.79
2.35,-2.27,8.63,33.84
-1.42,-0.45,9.02,33.82
-1.87,0.03,10.68,33.81
0.72,-0.23,10.49,33.78
4.36,-1.15,9.02,33.79
3.69,-1.19,7.49,33.78
-1.88,0.92,7.81,33.8
-1.84,0.3,10.29,33.81
0.85,-0.34,10.21,33.77
4.19,-1.16,8.55,33.79
3.16,-1.46,7.84,33.81
-2.22,0.25,8.76,33.77
-2.03,0.4,10.91,33.81
0.96,-0.89,10.58,33.8
3.45,-1.27,8.44,33.78
3.03,-0.4,6.97,33.77
-1.27,0.37,8.36,33.81
-0.93,1.41,10.05,33.79
2.18,-0.68,9.92,33.77
4.24,-1.15,8.37,33.78
3.05,-0.54,7.06,33.8
-1.61,0.57,8.41,33.8
-0.74,0.68,10.63,33.81
1.67,-1.3,11.77,33.79
3.98,-0.75,8.12,33.75
3.42,-0.6,7.41,33.8
-1.09,-0.06,8.89,33.77
-1.96,1.43,10.24,33.85
3.38,-0.24,7.07,33.71
-0.85,-0.71,7.5,33.69
-4.75,0.59,10.33,33.71
-2.17,-0.03,11.6,33.73
1.57,-1.28,9.54,33.71
3.98,-1.98,8.04,33.72
0.8,-0.29,6.91,33.7
-3.08,0.68,10.07,33.71
-0.87,-0.49,11.94,33.74
3.27,-1.13,9.17,33.72
3.38,-1.3,7.8,33.71
-0.62,0.46,6.63,33.69
-1.27,0.34,9.39,33.68
0.15,0.26,11.23,33.66
4.04,-1.07,9.07,33.74
5.52,-0.89,7.2,33.68
0.96,-0.73,7.81,33.71
-1.98,1.88,8.7,33.71
2.3,0.32,10.15,33.67
1.44,-1.27,11.13,33.44
1.92,0.26,9.26,33.46
5.24,-1.67,8.02,33.42
0.13,-0.51,8.26,33.41
-1.99,0.98,9.91,33.42
0.39,-0.27,11.05,33.38
1.56,-0.66,9.12,33.4
4.78,-1.48,8.12,33.41
1.15,-0.87,7.88,33.43
-2.91,1.59,8.87,33.42
-0.79,0.04,11.3,33.43
2.58,-1.46,9.66,33.41
5.12,-0.99,7.45,33.39
-0.05,0.22,7.26,33.43
-3.28,1.56,8.81,33.45
0.36,0.37,11.16,33.41
2.8,-1.38,9.29,33.45
5.93,-1.16,7.26,33.43
1.4,-0.25,7.88,33.4
-0.68,1.39,8.65,33.42
5.42,-2.07,7.73,33.4
-0.89,0.08,8.93,33.45
-0.54,0.22,9.17,33.44
1.16,-0.42,10.77,33.43
3.66,-1.08,9.46,33.41
5.31,-1.44,8.34,33.42
2.27,-0.77,8.12,33.41
-1.19,0.23,9.4,33.4
-1.6,0.15,11.38,33.44
2.37,-0.72,10.06,33.43
6.14,-0.96,9.21,33.44
2.01,-1.04,7.94,33.42
-2.75,0.53,9.96,33.41
-1.37,-0.24,11.54,33.42
1.08,0.58,9.0,33.4
4.53,-1.3,8.81,33.42
0.99,-1.34,8.05,33.42
-2.03,0.43,9.35,33.38
0.12,0.17,10.9,33.37
1.38,-0.48,10.11,33.44
5.08,-1.0,8.44,33.17
4.62,0.35,6.44,33.2
1.59,-0.6,8.83,33.17
0.85,0.47,10.05,33.19
4.29,1.48,10.03,33.22
5.62,-1.38,9.05,33.15
5.09,-1.34,6.78,33.18
0.3,0.26,7.85,33.16
-0.59,0.69,9.82,33.19
2.02,0.77,10.67,33.19
2.88,-0.1,8.42,33.16
1.95,-1.23,6.51,33.18
-2.72,-0.35,8.45,33.18
-1.73,-0.64,11.11,33.18
2.26,0.59,11.43,33.2
4.96,-1.46,9.19,33.21
2.43,-0.33,6.59,33.21
0.09,-0.38,9.11,33.17
0.52,0.77,9.84,33.17
-0.93,1.39,10.47,33.18
1.45,-0.7,10.24,33.15
3.39,-0.46,7.99,33.2
1.46,-0.25,6.72,33.22
-2.38,0.54,8.54,33.21
-0.39,-0.25,10.45,33.19
3.61,0.09,10.01,33.19
4.45,-1.15,7.51,33.22
0.38,-0.57,6.51,33.2
-2.32,0.7,8.01,33.14
-2.73,-0.38,10.51,33.19
1.14,-0.87,12.32,33.18
3.61,-0.57,9.09,33.2
3.62,-1.68,7.61,33.13
0.37,-0.59,8.93,33.22
0.24,0.03,10.24,33.17
3.16,0.95,10.84,33.17
5.99,-2.22,9.76,33.17
4.36,-1.4,7.23,33.23
1.89,-0.64,7.51,33.19
4.9,-1.56,7.69,33.18
2.1,-0.63,7.7,33.18
-1.06,-0.74,10.15,33.17
0.61,0.63,11.09,33.22
3.53,-0.92,10.84,33.16
4.43,-1.78,9.11,33.16
1.6,-1.65,8.33,33.21
-0.12,-0.17,10.46,33.16
2.69,0.52,10.64,33.14
5.51,-0.75,9.81,33.14
8.25,-1.65,8.21,33.18
1.73,-1.03,7.86,33.17
-0.4,0.14,10.31,33.16
1.71,0.71,10.44,33.19
5.58,-0.62,9.42,33.16
5.37,-1.8,8.09,33.17
-0.22,-0.52,7.58,33.17
-2.32,-0.14,10.63,33.2
0.53,0.71,10.42,33.18
3.27,0.57,8.83,33.18
3.8,-1.03,8.1,33.2
0.49,-0.97,9.44,33.19
-1.1,-0.06,10.72,33.15
1.05,-0.26,11.16,33.15
2.55,0.57,9.26,33.17
3.51,-1.28,7.93,33.19
-1.61,-0.51,8.32,33.19
-1.72,-0.23,9.9,33.18
-1.3,0.88,9.9,33.17
3.26,0.61,8.6,33.22
4.81,-1.23,7.55,33.16
-1.87,-0.8,7.64,33.17
-1.59,-0.2,10.75,33.14
1.13,-0.33,11.03,33.19
3.02,0.7,8.37,33.13
3.89,-2.01,7.71,33.17
-2.73,-0.57,8.16,33.18
-5.36,0.38,10.41,33.18
-0.28,0.8,11.01,33.17
3.18,-1.13,6.22,33.14
-3.11,0.28,8.2,33.17
-1.07,1.26,8.3,33.18
1.65,0.75,11.31,33.17
3.33,-0.93,8.52,33.19
4.59,-0.8,7.05,33.17
-1.58,-0.23,8.35,33.18
-2.92,1.74,9.07,33.17
2.88,-0.35,11.73,33.16
4.31,-0.52,8.6,33.16
5.69,-0.2,5.96,33.17
1.12,-0.32,8.43,33.15
-0.1,-0.07,10.83,33.21
1.56,1.25,9.82,33.15
3.66,-0.42,8.79,33.15
2.51,-0.58,7.59,33.16
0.21,-0.64,8.86,33.16
0.75,-0.54,10.81,33.19
2.8,0.46,11.68,33.13
4.3,-0.24,8.93,33.18
5.37,-0.93,6.96,33.17
-0.37,-1.24,7.56,33.14
-1.95,0.49,9.06,33.2
0.82,-0.58,11.38,33.13
2.7,0.64,8.51,33.17
5.52,-2.01,8.41,33.16
-1.55,-0.84,7.01,33.16
-3.21,1.16,8.62,33.14
-0.22,-0.12,11.86,33.2
2.22,-0.74,9.33,33.19
3.73,-1.63,7.25,33.17
0.0,-1.37,8.54,33.17
-1.41,-0.36,10.72,33.18
1.92,-0.29,11.89,33.17
4.21,-1.53,9.44,33.15
4.05,-0.65,7.01,33.17
0.07,-0.86,8.28,33.12
-2.26,-0.6,11.36,33.17
1.88,-0.6,11.35,33.15
-0.67,0.47,10.04,33.18
-0.05,-0.03,11.04,33.19
2.23,1.17,9.02,33.14
4.44,-1.97,9.48,33.18
-2.1,-0.6,9.05,33.16
-2.06,-0.83,11.41,33.16
-0.8,0.4,11.18,33.16
2.86,-0.85,11.58,33.11
5.28,-0.67,8.81,33.18
1.51,-1.66,7.48,33.19
-2.09,-0.71,10.35,33.19
-0.11,-0.64,11.89,33.14
3.55,-0.04,10.23,33.14
5.36,-1.04,7.96,33.13
-2.04,-1.71,9.11,33.17
-4.23,-1.52,11.75,33.11
-0.16,-0.8,11.31,33.12
0.85,0.53,9.06,33.14
4.45,-1.22,8.66,33.14
1.32,-1.75,8.29,33.14
-1.91,-0.68,9.22,33.17
0.04,0.03,11.34,33.15
0.03,1.11,9.69,33.17
5.62,-1.22,8.14,33.12
0.6,-1.3,7.46,33.16
-2.91,0.46,8.28,33.19
1.07,-1.03,11.72,33.19
2.15,-0.57,9.67,33.18
4.81,0.15,6.67,33.16
0.32,-1.4,7.61,33.14
-4.72,0.68,9.43,33.15
0.02,0.35,9.99,33.15
3.74,0.97,9.02,33.17
3.87,-0.44,7.59,33.16
1.02,-0.46,6.44,33.17
-1.85,0.52,8.71,33.17
-0.25,0.8,10.23,33.12
0.78,0.72,10.16,33.18
2.91,-1.24,8.41,33.14
4.44,0.11,10.55,33.18
7.41,-0.71,9.35,33.09
3.96,-1.47,7.59,33.16
2.89,-0.56,7.99,33.16
1.71,-0.37,10.18,33.14
2.56,0.97,10.22,33.2
7.26,-0.75,9.44,33.14
5.05,-2.02,7.48,33.16
-0.2,-0.57,8.56,33.15
-0.32,0.1,10.17,33.15
2.18,1.81,9.28,33.17
4.18,-1.21,9.71,33.14
3.41,-2.2,8.78,33.12
0.22,-0.69,8.72,33.14
0.39,-0.09,9.5,33.15
2.12,0.32,10.6,33.15
3.24,-0.78,9.18,33.18
2.66,-1.56,7.53,33.14
-1.99,-0.36,8.68,33.21
-1.33,-0.8,11.09,33.15
3.61,-2.1,7.57,33.17
-2.49,-0.56,8.86,33.17
0.4,0.87,9.84,33.17
0.76,-0.25,11.4,33.16
3.2,0.04,8.05,33.15
3.47,-1.4,7.22,33.19
-2.67,-0.73,9.65,33.13
-1.32,0.83,10.65,33.14
0.65,-0.34,10.73,33.14
3.42,-0.34,7.89,33.18
1.35,-1.88,8.29,33.16
-3.87,-1.21,9.98,33.15
-1.72,-0.45,10.95,33.16
-0.87,0.35,9.71,33.14
3.3,-0.86,8.64,33.17
1.91,-1.96,8.16,33.18
-2.73,-0.98,8.79,33.14
-3.17,0.06,11.41,33.18
1.87,0.05,10.07,33.16
-0.63,-0.23,11.46,33.14
2.92,0.55,9.7,33.15
3.83,-2.38,8.93,33.14
0.18,-1.18,9.01,33.15
-1.79,-0.62,11.34,33.15
0.17,0.33,10.3,33.17
1.57,0.23,8.51,33.12
2.95,-0.53,7.94,33.17
1.2,-1.1,8.32,33.17
-0.88,-0.98,10.35,33.14
0.57,-0.13,10.75,33.16
3.99,0.01,8.78,33.18
6.56,-1.13,7.4,33.17
4.42,-1.55,7.63,33.2
-0.93,-0.22,9.57,33.18
2.07,0.82,9.66,33.14
2.65,0.16,9.77,33.17
4.97,-0.12,6.87,33.16
1.27,-0.19,7.27,33.19
-3.25,-0.68,8.88,33.16
1.25,-0.98,7.67,33.09
-1.2,0.64,8.95,33.09
-1.95,-0.17,10.31,33.07
1.15,-0.47,10.1,33.12
4.44,-1.7,8.58,33.08
3.01,-0.93,7.58,33.1
0.33,-1.18,9.08,33.09
-0.09,0.17,9.83,33.09
5.6,-0.32,10.26,33.11
6.48,-2.12,9.38,33.14
3.98,-1.13,6.83,33.1
0.61,0.48,8.46,33.11
2.04,0.2,10.16,33.12
2.49,1.24,9.55,33.1
3.17,-0.3,7.64,33.11
2.82,-1.15,7.53,33.12
-1.67,0.15,8.73,33.11
-0.52,2.32,8.78,33.13
2.69,-0.08,11.17,33.11
3.96,-1.72,9.32,33.09
0.12,-0.52,9.06,33.06
-0.68,-0.46,9.05,33.06
-0.19,0.71,10.03,33.04
3.0,-0.11,10.62,32.99
2.87,-1.67,8.7,33.05
3.44,-1.63,8.25,33.03
0.87,-0.93,9.66,33.05
0.12,0.38,10.11,33.07
3.81,0.07,9.99,33.02
5.45,-2.02,7.92,33.04
1.96,-0.66,7.83,33.06
-0.36,0.61,8.06,33.04
0.26,0.23,10.47,33.02
3.86,-0.23,10.65,33.05
5.65,-1.5,8.04,33.04
1.94,-1.03,7.38,33.05
-1.93,-0.01,9.72,33.04
0.61,-0.01,11.48,33.01
3.17,-1.07,11.57,33.06
5.32,-2.01,8.94,33.04
1.12,-1.19,7.78,33.0
-2.64,0.23,9.83,33.03
0.25,1.04,10.32,33.03
4.55,-0.66,10.33,33.0
5.47,-1.51,8.02,33.01
0.88,-1.12,7.82,33.04
-0.2,0.17,9.8,33.01
0.44,0.68,10.3,33.07
3.84,0.04,10.04,32.99
5.84,-2.08,8.65,32.96
-0.73,-1.44,7.82,33.06
-1.77,0.26,10.69,33.02
-0.46,-0.61,11.59,33.03
3.49,0.78,9.05,33.03
5.89,-2.56,8.13,33.05
-0.08,-0.71,8.04,33.03
-1.79,-0.6,10.75,33.02
0.4,0.43,10.36,33.02
3.47,-0.69,9.76,33.03
4.77,-2.23,9.08,33.01
2.04,-0.08,11.27,33.03
3.82,-0.71,8.84,33.02
3.54,-1.01,7.69,33.02
-0.79,0.07,7.61,33.03
-2.0,0.35,9.9,33.05
1.38,0.27,11.22,33.02
5.34,-2.32,10.47,33.08
4.84,-1.63,8.37,32.99
-0.35,-1.35,9.25,33.04
0.74,-0.93,10.73,33.03
2.26,0.31,10.54,33.02
5.01,-0.38,10.19,33.04
5.5,-1.51,8.26,33.03
3.72,-1.54,7.13,33.05
-0.63,1.48,8.21,33.05
1.22,0.17,10.28,33.02
6.16,-0.09,11.12,33.02
5.77,-0.83,7.89,33.07
4.12,-0.96,7.62,33.02
0.6,-0.18,9.22,33.06
0.79,-0.23,10.64,33.01
4.83,0.66,10.83,33.05
6.64,-2.57,9.13,33.02
2.15,-0.94,7.19,32.99
-1.08,0.19,8.73,33.01
0.74,-0.12,10.58,33.0
3.47,-0.83,11.03,33.0
7.01,-2.35,8.77,33.03
2.44,-1.24,7.72,33.01
-1.04,0.13,8.82,32.99
1.36,-0.36,10.5,33.02
3.48,-0.63,11.07,33.0
6.29,-1.49,7.7,33.05
1.22,-1.8,8.58,33.03
-0.54,-0.39,9.86,33.0
2.24,0.54,10.18,33.0
4.92,-0.38,10.3,33.01
7.32,-1.86,7.73,33.02
1.11,-1.43,8.03,33.09
-2.06,0.19,10.65,33.03
-1.47,0.36,10.71,33.0
1.18,0.86,9.22,33.02
3.96,-1.79,10.33,33.03
5.47,-0.38,7.48,33.04
1.47,-1.72,7.38,33.02
-2.43,1.69,8.84,32.99
1.34,0.85,11.08,33.0
4.15,-1.12,10.31,32.99
4.66,-0.89,7.68,33.01
1.83,-1.95,8.08,33.03
-1.99,0.57,9.96,33.02
-1.34,1.01,10.47,32.97
3.88,-0.83,9.81,33.06
4.15,-1.77,8.26,33.01
1.99,-0.82,7.57,32.97
1.22,1.17,9.02,33.02
2.27,-0.15,11.16,33.03
5.23,-0.97,9.32,33.02
4.49,-1.38,6.84,33.02
2.73,-1.07,8.14,33.06
0.58,0.26,10.28,33.01
4.58,-2.01,8.93,33.0
3.45,-0.29,6.79,33.03
-1.13,-0.73,10.01,33.0
1.3,0.17,11.03,33.01
3.98,-0.54,10.42,33.02
5.24,-1.08,7.79,33.01
0.85,-0.89,7.59,33.03
-1.79,0.1,9.82,33.02
-0.47,0.27,10.58,33.0
1.46,0.61,9.67,33.02
4.07,-1.06,8.49,32.98
0.99,-1.77,9.13,33.03
-2.27,-0.67,10.11,33.02
-0.81,0.41,10.03,33.01
0.65,0.84,9.99,33.03
4.2,-0.9,8.45,33.02
2.57,-1.64,8.16,33.01
-2.72,0.45,9.35,33.01
-1.11,0.66,9.98,33.03
2.14,-0.18,10.65,32.99
4.67,-1.35,8.21,33.03
1.53,-1.69,8.06,33.0
-2.6,-0.18,9.19,32.99
-1.79,0.53,11.07,33.04
1.12,-0.11,10.72,33.02
6.09,-1.24,8.2,33.04
1.06,-1.35,7.53,32.95
-2.55,-1.05,9.84,33.09
-0.96,0.28,10.79,32.97
3.24,1.02,8.47,33.03
5.7,-0.85,8.02,32.99
1.03,-1.64,7.96,33.03
-1.71,-0.25,9.96,33.04
0.38,-0.83,11.76,33.01
1.85,-0.04,9.59,33.02
5.18,-1.44,8.3,33.02
1.02,-1.36,7.17,33.03
-3.51,0.5,8.31,32.99
-1.36,0.23,10.99,33.02
2.21,-0.25,10.06,33.02
3.09,-1.05,9.52,33.01
1.98,-1.13,6.49,33.0
-0.62,-1.1,7.55,33.0
-1.64,0.08,10.78,33.0
0.51,-0.42,11.17,33.02
4.36,-0.85,8.43,33.0
4.31,-1.45,6.28,33.01
-2.54,-0.08,7.93,33.03
-1.46,0.83,10.75,33.03
1.22,-0.87,11.31,33.0
4.41,-0.42,7.71,32.99
4.17,-0.71,6.71,33.06
-1.18,0.49,7.15,32.99
-1.83,0.67,9.52,33.04
2.01,0.2,10.42,33.06
4.85,-0.52,8.2,33.04
4.39,-1.22,7.13,33.0
0.61,-0.36,7.59,32.94
-0.66,0.74,9.59,32.97
5.91,-0.47,8.21,32.97
4.75,-1.18,7.45,32.99
-0.4,0.23,8.29,33.0
1.07,0.19,10.5,33.0
2.97,-0.01,10.29,33.05
3.23,-0.48,8.05,32.96
2.2,-1.84,8.09,33.04
-0.96,-0.23,8.72,33.02
-0.47,0.31,10.88,33.02
2.47,0.15,10.67,33.02
5.48,-1.31,8.46,33.02
2.34,-1.84,7.12,33.02
-0.93,0.3,8.84,33.03
1.19,0.19,10.2,33.0
3.9,-1.14,11.02,32.96
5.66,-2.98,9.02,33.03
1.72,-1.67,7.56,33.02
0.86,-0.31,9.45,32.98
0.38,0.39,10.87,33.04
4.46,-0.22,10.01,33.04
0.92,-0.84,10.22,32.96
0.07,0.23,10.41,32.96
3.35,0.67,9.98,32.99
5.88,-1.35,8.83,33.03
1.66,-1.13,8.27,33.03
-1.33,0.2,9.0,33.02
-0.74,0.14,11.15,33.01
2.45,0.73,9.29,33.04
3.7,-0.62,8.02,33.0
-0.84,-1.16,8.07,33.02
-1.87,-0.63,9.4,33.02
0.18,0.17,11.04,33.02
3.74,-0.2,9.98,32.97
4.54,-1.58,8.18,33.03
-0.35,-1.42,7.98,33.02
-3.68,-1.19,10.96,33.01
-1.2,0.46,11.87,33.01
0.79,-0.76,10.26,33.01
4.22,-0.61,7.78,33.02
-2.01,1.02,9.35,33.03
-0.26,-0.06,12.31,33.02
2.94,0.51,9.05,32.99
3.96,-0.98,7.05,33.02
-2.26,-1.02,9.34,32.99
-1.22,0.73,10.43,33.0
2.35,0.36,10.67,33.03
3.76,-0.94,8.18,32.99
1.87,-1.31,8.27,33.06
-3.28,-1.03,9.04,33.02
-2.43,0.02,11.04,32.97
1.53,-0.27,10.55,33.03
4.54,-0.83,8.77,33.01
3.14,-1.05,7.61,32.97
-1.24,-0.52,8.54,33.02
-1.46,-0.42,11.41,33.0
0.32,0.67,10.4,32.99
4.45,-1.08,8.83,32.97
3.0,-1.35,8.15,33.0
-1.87,-1.25,8.82,33.0
4.37,-1.91,10.24,32.98
2.94,-2.08,8.44,32.99
0.44,-0.39,9.58,33.0
-0.73,-0.04,11.11,32.97
2.97,1.0,9.94,32.98
6.31,-1.74,9.41,33.0
3.16,-1.01,7.43,32.98
-0.49,-0.97,9.05,32.98
-0.08,0.7,10.38,33.0
2.59,-0.33,11.07,32.96
5.25,-1.68,9.97,33.0
2.87,-2.04,7.81,33.01
2.81,-0.51,7.93,33.0
-1.14,-0.85,10.91,32.97
1.42,1.14,10.26,32.99
3.73,-0.42,10.09,33.0
5.97,-1.53,8.41,33.02
0.74,-1.25,8.19,32.99
-1.11,0.23,9.74,33.01
0.37,0.51,10.98,33.02
2.01,0.15,10.85,32.96
6.21,-1.05,9.5,32.99
4.64,-1.62,7.67,32.98
1.8,-0.39,8.36,33.0
-0.55,1.72,8.12,32.98
1.68,0.28,10.56,32.99
4.44,-0.15,9.09,33.02
3.31,-1.65,8.43,32.97
-0.05,-1.32,9.01,32.98
-0.53,1.04,9.46,33.0
1.13,-0.1,10.7,33.01
3.75,0.09,9.68,32.98
4.74,-1.43,7.74,32.97
-0.71,-0.33,8.55,33.02
-1.74,-0.07,10.72,32.99
1.63,-0.09,10.88,33.01
4.53,-1.04,10.83,32.97
4.84,-1.93,8.25,33.05
0.13,0.27,8.32,33.0
2.79,-0.01,8.69,33.03
1.46,-1.05,7.87,32.95
-3.2,-0.98,9.57,33.01
-1.77,0.18,11.1,32.96
0.25,-0.15,10.84,32.98
4.07,-0.53,7.9,33.0
2.94,-1.81,8.54,33.0
-3.64,-0.24,9.64,33.08
-0.55,0.19,11.03,33.01
1.73,-0.74,10.96,33.0
3.83,-0.81,8.04,33.02
3.37,-1.19,7.59,33.03
-2.92,-0.7,9.86,33.0
-2.71,0.39,11.17,32.98
1.24,0.54,9.1,32.95
3.78,-1.34,8.89,32.99
2.08,-1.13,7.35,32.99
-2.78,0.42,8.17,33.01
-2.1,-0.19,11.57,32.99
1.4,-0.31,9.37,33.01
3.3,-1.33,8.74,33.02
2.73,-1.58,7.63,32.95
-3.28,0.3,8.43,32.97
-1.77,0.1,11.21,32.97
2.29,-0.5,10.25,32.94
5.31,-1.16,7.96,33.0
4.38,-1.42,7.3,32.96
-1.67,0.13,8.46,33.03
1.91,0.92,10.26,33.0
2.24,-0.66,10.14,32.99
4.22,-0.83,7.82,32.99
3.54,-1.57,7.78,32.99
-1.57,0.87,8.39,32.99
-0.41,1.16,10.97,32.97
2.96,-1.35,10.45,32.97
4.16,-0.9,8.22,33.0
1.96,-0.6,6.71,32.98
-1.64,0.94,7.87,32.97
-1.16,1.47,9.78,33.0
4.04,-1.1,9.02,32.97
3.23,-0.73,6.27,32.94
-3.38,0.28,9.38,32.99
-2.11,0.05,11.24,32.93
2.49,0.0,10.33,33.0
1.58,-1.2,8.47,32.99
1.98,-0.82,7.88,32.96
-2.87,-0.48,9.96,33.0
-0.81,0.82,9.78,33.04
0.9,-0.05,10.29,32.98
2.82,-0.93,8.51,32.96
4.47,-0.64,7.27,32.96
-0.47,-0.15,8.57,32.99
-0.6,0.72,10.29,32.97
2.53,-0.06,11.35,32.97
4.94,-2.14,8.91,32.99
4.35,-0.84,7.06,33.0
-1.08,0.53,8.04,32.99
-0.78,1.24,10.11,33.02
1.65,-0.74,10.31,32.99
0.94,-1.03,9.22,32.96
-0.34,0.68,9.88,32.97
0.45,0.47,10.64,32.97
4.26,-1.8,9.4,32.97
2.61,-1.7,8.4,32.98
2.93,-1.01,7.99,33.02
-1.03,0.56,11.06,33.03
0.05,-0.39,10.62,32.95
3.66,-1.89,10.0,32.98
5.36,-2.17,8.96,32.97
3.19,-0.63,7.87,33.01
-1.55,0.77,8.99,33.01
-0.24,0.31,10.38,32.97
1.88,-0.81,10.46,32.98
4.46,-2.29,7.93,32.98
1.3,-0.42,8.0,32.94
-0.94,0.18,9.19,33.0
0.84,1.06,11.0,32.98
5.5,-1.05,10.0,33.01
4.25,-1.36,7.82,32.95
4.0,-0.62,7.02,32.97
1.13,-0.08,8.11,32.97
-3.42,0.86,9.23,32.96
0.12,0.53,10.64,32.92
3.28,-2.49,10.5,32.96
4.19,-0.79,7.29,33.0
2.28,-1.0,7.87,32.95
-1.57,0.51,9.56,32.94
1.06,0.32,10.6,32.95
3.32,-1.99,9.8,32.97
4.18,-0.6,7.36,32.97
2.47,-0.47,7.63,32.97
-0.99,0.75,9.1,32.96
0.66,0.97,10.46,32.97
5.41,-1.93,10.34,32.97
6.55,-1.67,7.24,32.96
3.01,-0.38,7.58,32.96
0.58,-0.0,10.08,33.01
1.67,-0.11,11.19,32.97
0.13,-0.74,10.61,32.96
-0.62,0.19,10.3,32.97
4.37,-0.09,8.18,32.96
3.91,-1.83,8.1,33.0
-2.77,0.15,8.98,32.96
-1.76,-0.12,10.79,32.99
0.33,-0.51,10.39,32.97
3.16,-0.57,7.68,32.97
3.57,-1.28,7.53,33.0
-2.95,0.04,7.84,32.97
-2.6,0.88,10.2,33.0
1.13,-0.83,10.86,32.94
3.14,-0.76,8.18,32.97
4.08,-0.87,7.1,32.93
-2.23,0.39,8.23,32.99
-1.1,0.59,10.67,32.96
1.75,-1.06,10.59,32.94
4.39,-1.05,8.05,32.96
4.34,-0.77,7.29,32.99
-2.73,1.1,8.97,33.0
0.33,-0.18,11.02,32.94
3.19,-1.19,9.4,32.99
4.31,-0.27,7.19,32.96
2.09,-0.47,7.58,32.98
-2.5,1.06,9.16,32.98
0.62,0.61,9.9,32.98
3.28,-1.87,10.15,33.02
4.58,-1.64,7.87,32.94
3.18,-0.15,7.58,32.97
-0.01,0.42,9.26,32.97
1.17,1.33,9.85,32.95
4.11,-1.97,10.28,33.01
4.74,-1.34,7.96,32.94
3.41,-0.57,8.0,32.98
-0.17,0.28,9.57,32.95
0.42,0.64,10.27,32.99
4.77,-1.55,9.93,32.93
5.46,-1.41,7.88,32.98
2.46,-0.71,7.87,32.98
-0.08,0.28,9.5,32.93
2.15,0.99,10.12,32.9
5.36,-2.47,10.25,32.94
4.11,-1.05,7.24,32.9
1.36,0.12,7.64,32.95
0.52,0.35,8.88,32.91
-0.17,1.28,9.85,32.91
4.13,-0.14,10.27,32.9
5.43,-2.14,8.61,32.95
2.12,-0.79,7.66,32.93
-0.91,0.06,9.39,32.88
-0.02,-0.01,10.92,32.93
1.75,-0.5,10.75,32.96
4.91,-1.78,8.59,32.93
2.8,-0.66,7.44,32.92
-0.77,0.37,9.22,32.91
0.09,0.11,10.66,32.94
2.89,-0.1,10.82,32.92
5.73,-1.81,8.57,32.93
0.57,-0.52,7.96,32.92
3.33,-0.01,10.66,32.94
4.53,-1.25,10.18,32.91
4.75,-0.9,7.83,32.94
3.78,-1.02,7.53,32.94
0.09,0.44,9.29,32.95
1.41,-0.16,10.78,32.92
3.82,-0.76,10.03,32.92
4.81,-1.64,8.11,32.92
2.44,-1.55,8.24,32.9
-0.48,0.49,9.07,32.94
1.29,0.1,10.47,32.92
3.91,-0.89,10.66,32.91
5.49,-1.69,8.09,32.95
3.11,-1.11,7.78,32.85
-1.03,0.43,9.29,32.94
0.66,0.4,10.91,32.93
3.32,-1.42,10.73,32.92
5.0,-1.9,8.18,32.89
1.23,-0.48,8.01,32.91
-1.12,-0.01,10.23,32.95
-0.2,0.55,10.71,32.95
3.34,-1.12,9.95,32.9
5.28,-1.68,8.73,32.91
1.22,-0.44,8.08,32.91
-0.76,0.46,9.44,32.9
-0.79,-0.5,11.38,32.9
2.66,-0.59,9.39,32.94
5.52,-1.78,8.89,32.92
1.36,-0.45,7.8,32.91
-3.18,0.62,10.2,32.94
-1.43,-0.21,11.01,32.93
1.51,-0.6,9.72,32.93
3.53,-1.13,8.14,32.97
-1.49,-0.14,8.61,32.92
-4.39,0.82,10.48,32.92
-1.05,-0.11,11.43,32.97
1.0,-1.2,10.35,32.91
3.11,-0.57,7.5,32.88
1.22,-0.03,7.68,32.92
4.98,-1.05,7.9,32.91
1.01,-0.09,7.66,32.94
-0.0,1.24,8.82,32.92
1.23,-0.05,11.59,32.94
5.14,-1.48,9.35,32.92
5.43,-1.14,7.44,32.92
1.08,-0.52,8.34,32.95
-0.66,0.59,10.23,32.87
2.84,-0.14,10.46,32.96
5.64,-2.28,9.8,32.87
3.79,-1.42,7.64,32.96
1.39,0.46,8.4,32.94
-0.74,0.15,10.98,32.95
1.82,0.27,10.19,32.88
5.61,-1.63,9.83,32.9
4.78,-1.63,7.63,32.88
-0.64,0.5,8.51,32.93
-1.03,-0.51,10.7,32.94
0.73,0.2,10.52,32.88
0.01,1.58,9.92,32.89
2.54,-1.64,10.75,32.91
4.5,-0.75,7.64,32.9
3.59,-0.57,7.34,32.92
-1.22,0.54,8.66,32.94
-0.85,1.47,9.6,32.89
2.87,-1.18,10.23,32.95
5.46,-1.38,8.14,32.89
4.26,-1.11,7.29,32.92
-0.24,0.26,8.95,32.92
0.41,0.72,9.8,32.87
3.4,-0.91,10.43,32.89
4.76,-2.38,8.93,32.92
3.36,-0.62,7.43,32.89
-1.22,0.35,9.1,32.96
-0.68,0.96,9.87,32.94
1.05,-0.14,10.96,32.94
5.31,-2.15,8.71,32.9
1.55,0.31,7.6,32.93
-1.36,-0.18,9.96,32.86
3.53,-0.91,8.45,32.9
4.9,-1.44,8.24,32.92
1.4,-0.45,7.52,32.93
-3.58,1.19,9.71,32.87
-0.42,-0.47,10.92,32.9
1.37,-0.05,9.29,32.94
3.82,-0.74,8.06,32.89
2.95,-0.81,7.73,32.89
-2.4,1.25,8.6,32.93
-0.9,-0.33,11.0,32.9
1.62,-1.06,10.4,32.92
4.41,-0.92,7.67,32.9
2.88,-0.16,7.05,32.89
-2.66,0.69,8.73,32.91
-0.86,0.76,10.54,32.88
1.84,-1.51,10.41,32.93
4.66,-2.12,8.2,32.9
2.23,-0.68,7.15,32.9
-1.24,1.33,8.43,32.88
1.35,-0.09,10.98,32.89
3.0,-1.33,10.15,32.93
5.4,-1.56,7.28,32.92
2.66,-0.94,7.7,32.87
-0.17,0.66,9.1,32.94
1.45,-0.04,10.5,32.9
3.75,-0.62,9.83,32.89
4.92,-1.13,7.84,32.92
1.57,-0.72,8.16,32.91
-0.54,0.15,9.4,32.9
1.46,0.86,10.31,32.91
4.08,-0.98,10.66,32.92
5.2,-2.28,8.83,32.91
1.6,-0.52,8.03,32.93
-0.9,-0.13,10.22,32.92
-0.08,0.2,11.32,32.9
4.09,-1.22,10.03,32.9
5.77,-2.07,8.37,32.89
0.21,-0.29,7.7,32.86
-2.38,0.07,10.41,32.91
-0.87,0.64,10.7,32.91
3.7,-0.94,9.79,32.86
3.69,-1.24,8.49,32.92
4.39,-0.97,7.42,32.91
-1.05,0.19,10.47,32.89
-0.78,-0.32,11.04,32.93
2.73,-0.57,9.43,32.87
3.57,-1.32,9.48,32.87
-0.85,-0.3,8.38,32.9
-3.52,0.62,10.36,32.89
-1.42,0.07,11.07,32.92
-0.04,-0.68,10.26,32.89
2.75,-0.46,8.57,32.91
3.93,-1.19,7.43,32.9
-2.03,0.58,7.91,32.92
-2.82,1.04,9.81,32.9
1.72,-0.43,10.29,32.93
3.27,-1.58,8.98,32.87
4.48,-0.6,6.85,32.94
-1.72,0.38,8.19,32.9
-1.31,0.93,10.03,32.91
2.34,-1.09,11.09,32.97
3.7,-1.57,8.35,32.94
4.72,-0.7,6.67,32.87
-1.23,0.37,8.03,32.89
-1.51,1.87,9.82,32.88
1.86,-1.25,11.04,32.92
4.5,-1.5,8.0,32.88
-0.45,-0.13,8.45,32.85
-0.88,-0.02,9.44,32.85
0.16,0.94,10.22,32.89
3.21,-0.16,10.36,32.86
4.5,-2.11,9.52,32.88
1.21,-0.92,7.65,32.87
-1.2,0.45,9.09,32.88
-1.28,-0.46,12.22,32.89
1.37,0.19,9.56,32.89
5.51,-0.77,8.16,32.87
1.71,-1.53,7.91,32.88
-3.28,1.23,8.88,32.91
-0.27,-0.56,11.89,32.86
1.86,-0.49,10.4,32.88
5.43,-0.95,8.1,32.89
2.16,-1.35,8.16,32.87
-2.8,1.67,8.76,32.87
-1.47,0.05,10.98,32.91
0.74,-0.56,10.39,32.87
3.58,-0.33,7.55,32.87
-4.93,0.3,8.14,32.81
-3.64,0.35,9.59,32.85
-1.79,0.02,11.52,32.87
1.47,0.12,9.98,32.84
4.7,-1.7,8.89,32.83
1.82,-0.89,7.2,32.86
-2.9,0.75,9.26,32.86
-0.57,0.85,10.47,32.86
1.97,-0.3,9.69,32.84
4.39,-0.8,7.58,32.85
1.09,-1.01,7.51,32.85
-3.07,0.13,9.79,32.87
-1.73,0.18,10.62,32.87
1.49,-0.92,10.47,32.82
4.37,-1.3,7.82,32.88
1.5,-0.95,7.4,32.82
-3.36,0.56,9.05,32.87
-1.19,0.83,10.57,32.82
2.39,-1.28,10.12,32.85
3.94,-1.1,8.21,32.87
2.96,-1.21,7.88,32.85
-3.06,0.9,8.69,32.82
0.46,1.44,9.85,32.85
4.12,-1.68,10.36,32.83
3.11,-1.41,7.57,32.86
3.34,0.41,6.05,32.88
-0.45,0.15,9.63,32.85
0.06,0.85,10.3,32.82
4.06,-1.52,9.73,32.86
5.18,-1.96,7.72,32.83
2.87,-0.69,7.56,32.87
0.81,-0.66,10.3,32.84
2.11,0.4,9.67,32.84
4.32,-0.7,10.14,32.85
5.47,-1.41,7.54,32.87
2.83,-0.33,7.45,32.85
-0.85,0.05,9.4,32.83
-0.75,0.52,10.92,32.83
3.85,-1.65,10.28,32.87
2.93,-0.71,9.12,32.84
-0.51,-0.65,7.89,32.84
-2.04,0.48,8.77,32.84
-1.41,0.52,10.16,32.84
0.92,-0.84,10.47,32.83
4.19,-1.13,7.48,32.84
1.41,-0.91,7.14,32.83
-4.6,0.96,8.56,32.78
-2.59,0.44,10.88,32.83
2.2,-1.52,10.81,32.82
3.91,-1.11,7.72,32.86
3.12,-1.21,7.34,32.81
-3.82,0.7,9.34,32.84
-2.24,0.12,11.04,32.8
1.86,-1.41,10.28,32.77
1.98,0.18,7.55,32.84
2.11,-0.59,8.0,32.83
-3.6,0.77,8.85,32.83
-0.44,0.66,10.23,32.83
2.91,-1.58,10.56,32.87
1.66,-0.67,7.5,32.85
-2.33,-0.18,10.05,32.84
0.87,0.76,9.6,32.82
2.49,0.27,9.1,32.84
4.84,-0.46,7.84,32.84
1.59,-0.69,7.24,32.81
-3.79,-0.13,9.39,32.81
-1.42,0.21,11.08,32.82
2.83,-1.58,10.68,32.81
4.57,-1.36,7.81,32.84
5.39,-1.14,7.15,32.86
-0.08,-0.12,9.73,32.85
-0.19,0.54,11.46,32.87
3.8,-1.04,10.32,32.86
4.07,0.51,7.59,32.84
5.68,-0.35,7.03,32.82
-0.54,-1.0,8.22,32.82
-2.15,2.57,8.95,32.83
0.29,-1.32,11.19,32.82
1.92,0.49,7.7,32.82
1.97,0.38,11.02,32.79
1.93,-0.66,10.88,32.79
4.61,-1.34,8.3,32.77
3.6,-2.1,7.3,32.8
-1.93,0.13,8.73,32.76
-1.3,0.09,10.82,32.77
3.06,-0.51,10.81,32.8
5.64,-1.93,8.4,32.81
4.45,-0.58,6.9,32.85
0.01,0.19,8.33,32.88
-0.25,1.45,10.14,32.79
3.88,-0.93,11.28,32.8
5.4,-1.97,8.55,32.86
5.25,-1.6,7.97,32.79
2.11,-0.28,9.32,32.8
2.14,1.09,9.64,32.81
5.56,0.13,10.59,32.82
6.74,-2.57,9.58,32.84
4.24,-0.88,7.41,32.82
1.5,0.39,7.98,32.79
3.85,-2.04,8.29,32.8
-1.76,0.17,7.69,32.8
-1.65,0.48,10.6,32.82
1.76,-1.09,11.48,32.81
3.43,-1.55,8.37,32.84
5.03,-0.84,7.47,32.83
1.24,-0.96,8.0,32.82
-1.36,0.32,9.82,32.8
2.12,-1.12,10.94,32.79
5.56,-1.72,7.85,32.81
5.43,-0.78,6.97,32.8
1.05,-0.69,8.55,32.8
-0.51,0.64,10.18,32.79
3.32,-0.77,10.95,32.77
4.82,-1.61,8.11,32.8
4.17,-0.82,6.82,32.86
0.25,-0.67,8.6,32.82
-0.58,0.52,9.68,32.8
-1.64,0.89,10.76,32.82
-2.2,0.26,10.66,32.8
0.27,-0.62,11.52,32.78
2.95,-1.59,9.51,32.81
1.91,-0.86,7.81,32.79
-2.76,-0.45,9.71,32.78
-2.28,0.04,11.01,32.77
3.0,-0.23,10.24,32.74
4.74,-1.43,9.85,32.82
2.81,-1.39,7.1,32.78
-2.51,0.06,8.97,32.82
-2.37,0.68,11.19,32.85
1.65,0.23,10.72,32.78
4.42,-1.96,9.1,32.78
1.63,-0.72,6.66,32.79
-3.73,0.2,9.64,32.81
-2.07,0.45,11.24,32.83
0.21,-0.63,9.98,32.78
3.2,-0.16,8.26,32.81
1.56,-1.22,8.06,32.74
-3.78,0.18,9.28,32.79
0.1,-0.51,7.6,32.74
-2.63,0.99,9.57,32.82
-0.42,-0.65,11.33,32.79
1.07,-0.23,9.95,32.76
2.78,-0.87,8.37,32.77
2.81,-1.24,7.66,32.79
-2.04,-0.23,8.41,32.78
-0.47,0.89,10.15,32.79
2.36,-0.22,10.17,32.8
2.81,-0.68,8.42,32.76
2.49,-1.03,7.38,32.77
-2.3,-0.35,8.54,32.74
-1.59,1.1,10.43,32.83
0.54,-0.69,10.59,32.74
3.5,-0.72,7.64,32.76
3.01,-1.23,7.08,32.78
-2.86,0.36,8.24,32.8
-0.73,1.39,9.93,32.79
1.77,-1.37,10.87,32.77
3.62,-0.85,8.01,32.82
4.59,-1.59,7.44,32.78
0.41,-0.48,9.43,32.81
-0.68,0.29,10.83,32.77
2.85,-1.06,10.78,32.81
4.44,-1.48,8.7,32.79
5.19,-0.88,7.0,32.74
0.95,-0.14,9.47,32.76
0.48,0.94,9.46,32.83
3.9,-0.65,10.44,32.8
4.74,-1.97,8.29,32.79
4.32,-0.8,7.04,32.79
1.05,0.32,8.6,32.75
-0.32,1.14,9.74,32.79
3.36,-0.12,10.39,32.82
6.7,-2.45,8.44,32.77
3.6,-0.57,7.22,32.83
-0.32,0.27,8.63,32.81
-0.28,-0.23,10.9,32.79
3.01,-1.01,10.57,32.76
-0.7,-0.99,8.57,32.79
-0.99,0.43,8.52,32.79
-1.81,-0.25,10.76,32.83
0.84,0.31,10.21,32.78
3.98,-1.48,9.48,32.76
3.06,-1.92,7.96,32.79
3.13,0.18,6.77,32.81
-0.73,-0.16,9.38,32.76
-0.62,1.21,9.38,32.78
1.95,-0.68,10.98,32.8
4.69,-1.53,9.67,32.77
4.22,-1.39,7.85,32.78
2.43,0.29,8.18,32.79
0.6,0.39,9.81,32.77
1.53,-0.34,10.96,32.78
4.36,-1.67,9.8,32.79
5.08,-1.84,8.2,32.79
-0.22,0.19,8.29,32.76
-1.15,-0.08,10.71,32.78
0.56,0.13,11.3,32.83
4.27,-0.85,9.7,32.78
5.71,-2.08,8.11,32.79
-1.03,0.14,8.19,32.77
-2.15,0.28,10.0,32.77
0.55,-0.29,11.26,32.8
4.54,-1.13,9.49,32.79
4.08,-1.7,8.21,32.77
-0.93,-0.29,8.52,32.82
-1.5,0.41,10.2,32.78
0.37,-0.34,10.83,32.79
3.07,-0.31,8.41,32.79
5.16,-1.27,8.14,32.74
-1.19,-0.56,8.65,32.85
-3.06,1.04,10.5,32.82
-0.41,-0.45,11.21,32.81
2.31,-1.42,9.51,32.78
3.02,-1.11,7.22,32.75
-1.84,-0.47,8.82,32.78
-2.29,0.3,11.53,32.79
-0.14,0.06,10.71,32.79
2.03,-1.52,8.56,32.78
3.53,0.21,6.69,32.77
0.99,-0.36,7.83,32.8
-2.26,1.36,9.69,32.77
1.43,-0.63,10.69,32.8
-0.15,-0.61,11.19,32.76
3.61,-0.95,9.4,32.76
2.87,-1.07,7.41,32.79
-2.13,0.62,8.68,32.75
-0.79,0.23,11.1,32.77
-0.22,0.39,10.23,32.77
0.17,0.5,10.83,32.8
3.88,-2.1,9.02,32.8
3.93,-1.52,8.33,32.8
2.17,-1.11,8.26,32.78
-1.29,0.26,10.56,32.75
-0.58,0.61,10.18,32.75
3.45,-0.85,10.43,32.8
5.2,-2.19,8.58,32.79
3.06,-0.15,6.93,32.78
-0.41,0.18,9.85,32.78
1.27,-0.28,10.89,32.76
4.95,-0.69,10.08,32.78
6.69,-1.85,8.54,32.73
2.04,-0.37,7.76,32.77
0.17,0.1,9.91,32.77
1.43,0.42,10.27,32.79
4.71,-0.47,10.05,32.81
6.39,-2.13,8.56,32.82
0.38,0.27,9.59,32.79
-0.58,0.12,11.01,32.72
1.28,0.64,9.95,32.75
7.4,-2.6,9.27,32.77
2.8,-0.92,8.14,32.73
-1.98,1.49,8.88,32.78
-0.08,-1.11,11.82,32.72
-0.19,0.29,10.33,32.77
3.93,-1.13,8.03,32.77
2.32,-0.7,7.52,32.78
-3.19,1.83,8.35,32.79
-1.6,0.38,11.88,32.73
1.54,-2.22,11.27,32.77
3.67,-0.19,6.75,32.75
1.67,-0.3,7.21,32.75
-4.97,0.19,9.78,32.72
-2.46,0.82,11.52,32.74
3.08,-2.03,10.6,32.75
4.43,-1.24,7.7,32.73
1.94,-0.83,7.58,32.81
5.13,-0.67,9.0,32.72
5.15,-1.06,7.73,32.73
-1.13,-0.24,8.78,32.74
-2.15,0.34,9.71,32.7
1.26,-0.04,10.01,32.73
4.35,-1.08,9.32,32.72
3.82,-1.02,8.03,32.72
-0.8,-0.44,8.89,32.75
-3.22,0.48,10.92,32.75
1.77,-0.22,9.53,32.74
4.88,-0.84,8.69,32.74
4.36,-0.82,6.78,32.71
-1.65,0.21,8.29,32.71
-2.23,0.05,10.39,32.76
2.01,-1.0,10.73,32.74
3.99,-0.6,8.21,32.7
4.51,-0.23,7.43,32.76
-1.74,-0.88,8.82,32.73
-2.55,0.89,10.63,32.7
3.88,-0.7,6.96,32.72
0.93,-0.11,7.11,32.77
-2.38,1.05,8.64,32.71
0.83,0.19,10.6,32.71
4.2,-1.88,9.97,32.76
4.61,-0.67,7.26,32.73
1.58,-1.18,7.41,32.72
-2.23,0.28,9.57,32.73
-0.34,0.73,11.37,32.69
4.77,-1.32,9.43,32.7
5.26,-1.4,7.96,32.69
1.07,-1.24,8.06,32.72
-1.42,0.2,9.84,32.77
1.43,-0.33,10.16,32.73
5.06,-1.25,9.55,32.71
4.78,-1.78,8.67,32.67
2.32,0.0,8.25,32.7
-1.81,0.18,10.04,32.69
-0.11,0.06,10.41,32.74
4.82,-1.02,10.53,32.7
5.67,-1.14,7.81,32.75
3.19,-0.74,8.0,32.71
-1.07,0.19,9.5,32.77
0.99,-0.5,10.61,32.76
4.51,-0.19,9.86,32.72
4.35,-1.62,7.9,32.72
1.38,-0.51,8.35,32.73
-0.46,0.15,8.39,32.74
-0.24,-0.26,10.28,32.75
1.28,-0.29,10.58,32.75
6.13,-2.14,9.56,32.72
4.27,-1.43,7.9,32.71
-0.12,-0.23,8.43,32.72
-0.82,0.25,10.2,32.79
2.22,-0.81,11.19,32.72
7.04,-1.42,8.93,32.71
4.45,-1.41,8.44,32.74
-0.14,-0.17,8.72,32.72
-2.23,0.4,9.95,32.7
0.52,0.31,10.16,32.72
5.15,-1.11,9.75,32.71
3.34,-1.25,8.54,32.72
-0.78,0.02,8.85,32.71
-2.93,-0.24,11.43,32.74
1.09,0.51,9.56,32.7
6.44,-1.64,9.75,32.7
4.1,-1.9,8.39,32.7
-1.71,0.04,9.02,32.72
-1.45,-0.07,11.06,32.73
1.26,-0.57,10.51,32.73
4.22,-0.94,8.69,32.72
4.15,-1.26,8.07,32.7
-1.71,-0.04,9.43,32.73
-2.83,0.28,10.9,32.73
2.54,-0.91,10.77,32.73
4.26,-0.72,8.59,32.74
5.22,-0.62,7.03,32.72
-1.97,-0.9,9.24,32.73
-2.83,1.2,10.57,32.71
2.39,-0.85,10.3,32.77
3.25,-0.39,8.03,32.72
3.92,-0.36,6.96,32.7
-1.67,-0.0,8.27,32.76
-3.98,1.37,9.61,32.78
1.53,-0.69,10.14,32.72
4.41,-2.27,9.2,32.72
3.3,0.74,5.47,32.76
0.28,0.92,7.36,32.71
-2.43,0.61,10.39,32.71
1.35,-0.48,10.08,32.72
6.37,-1.36,8.53,32.76
4.15,-0.72,6.91,32.74
-1.26,0.74,8.2,32.74
-2.49,0.07,10.7,32.74
2.22,-0.94,9.7,32.72
6.42,-1.17,7.34,32.7
4.65,-0.98,7.4,32.7
-0.55,0.19,8.54,32.7
0.72,0.62,9.2,32.72
-1.08,0.18,9.95,32.71
1.51,-0.4,10.69,32.73
4.3,-0.72,9.84,32.7
4.46,-1.5,8.64,32.72
0.65,-0.5,8.86,32.75
-4.11,0.3,10.07,32.7
-0.15,0.69,10.49,32.71
5.82,-0.75,9.34,32.71
3.97,-1.49,8.06,32.72
-1.35,0.65,8.46,32.69
-2.66,-0.01,11.49,32.71
-0.38,-0.17,10.46,32.69
3.98,-0.83,9.14,32.75
4.99,-1.29,8.63,32.7
-0.51,-0.5,8.94,32.73
-2.29,-0.08,10.59,32.7
0.77,-0.57,9.93,32.7
4.59,-0.39,8.97,32.69
6.1,-1.2,7.98,32.74
-0.95,0.12,7.98,32.7
-2.76,0.74,9.94,32.7
0.11,-1.06,11.33,32.71
3.21,0.02,8.52,32.68
5.2,-1.47,8.16,32.72
-1.78,-0.71,8.3,32.73
-3.23,1.09,10.04,32.73
0.32,-1.61,11.69,32.73
3.62,-0.3,8.89,32.74
5.03,-1.33,7.19,32.77
-0.68,0.38,8.29,32.74
-2.9,1.35,10.41,32.73
1.63,-0.76,11.29,32.74
5.07,-1.74,9.01,32.7
5.04,-0.18,7.0,32.72
0.52,0.21,8.21,32.74
-3.0,1.14,9.83,32.72
0.93,-0.33,10.35,32.71
4.19,-1.29,8.71,32.73
3.93,-0.96,7.51,32.73
5.64,-1.47,9.02,32.73
1.77,-0.64,7.73,32.68
0.72,-0.06,8.1,32.69
-1.82,-0.12,10.25,32.69
0.61,0.23,10.06,32.7
5.11,-1.35,9.92,32.72
4.94,-1.7,8.28,32.72
0.82,-0.22,8.66,32.69
-0.68,-0.22,10.5,32.72
1.02,0.59,10.25,32.75
5.48,-0.99,9.51,32.67
5.04,-1.99,8.95,32.75
-0.33,-0.29,8.59,32.68
-1.82,-0.07,10.25,32.67
0.54,-0.62,10.75,32.7
4.03,-0.39,9.04,32.69
5.31,-1.99,8.54,32.69
-1.07,-0.36,8.11,32.69
-3.7,1.33,10.23,32.71
3.81,-0.92,10.63,32.7
5.82,-1.18,9.49,32.71
5.38,-1.23,7.8,32.72
0.41,-0.08,8.68,32.72
-0.36,0.22,10.2,32.67
2.98,-0.92,10.83,32.7
7.25,-0.81,9.29,32.65
5.15,-1.58,8.37,32.67
0.69,-0.11,8.32,32.73
-0.1,0.3,9.96,32.69
1.66,-0.19,9.97,32.68
5.0,-0.67,9.57,32.7
4.68,-1.7,8.92,32.7
-1.31,0.03,9.46,32.74
-2.31,-0.43,10.75,32.69
1.0,0.3,10.48,32.69
4.55,-0.86,9.77,32.78
3.72,-1.35,8.49,32.7
-1.97,0.21,8.94,32.69
-2.23,-0.42,10.55,32.69
5.61,-2.15,9.03,32.68
5.04,-0.64,7.89,32.71
4.76,-0.6,6.53,32.67
-0.95,0.86,8.52,32.7
-1.32,1.24,10.65,32.69
2.77,-0.99,10.62,32.69
5.7,-1.0,8.04,32.71
5.24,-0.2,6.9,32.73
0.46,0.38,8.96,32.71
-2.84,0.8,10.07,32.7
4.68,-0.66,10.41,32.69
6.29,-1.0,7.79,32.69
4.53,-0.05,6.83,32.66
1.64,-0.18,8.95,32.67
0.22,1.19,9.53,32.72
4.73,-0.23,10.26,32.69
6.92,-1.71,8.63,32.72
4.8,-0.94,7.71,32.7
0.23,0.36,9.14,32.75
0.61,-0.45,10.33,32.69
6.24,-0.61,9.16,32.76
4.75,-1.34,8.34,32.72
-0.21,-0.46,8.54,32.67
-1.54,0.58,9.82,32.66
2.0,-0.6,11.29,32.68
6.27,-0.71,9.94,32.74
4.8,-1.7,8.23,32.67
-0.55,0.2,8.93,32.68
-1.87,-0.4,11.03,32.7
1.57,0.5,10.5,32.71
5.48,-0.88,9.21,32.72
4.25,-1.29,8.88,32.69
-1.53,-0.0,9.19,32.71
-1.83,-0.22,10.99,32.68
0.95,0.07,9.63,32.67
5.38,-0.49,8.61,32.71
5.22,-1.62,8.51,32.68
-0.87,0.26,8.57,32.72
-1.98,-0.26,10.95,32.69
0.16,-1.24,9.29,32.7
-1.81,-0.01,10.69,32.7
1.45,-0.28,10.47,32.7
6.32,-1.59,9.21,32.71
4.8,-1.58,8.43,32.69
0.18,-0.51,9.18,32.74
-0.8,-0.05,10.62,32.72
1.74,-0.39,10.75,32.73
5.94,-1.09,9.34,32.71
4.81,-1.38,7.46,32.73
-1.24,0.63,8.68,32.7
-2.27,0.12,10.65,32.71
1.64,-0.43,10.47,32.73
5.16,-1.7,9.33,32.67
3.86,-1.14,7.7,32.72
-1.0,0.25,9.33,32.72
-1.33,-0.43,10.04,32.71
1.42,-0.5,10.39,32.69
3.85,-1.21,10.26,32.69
5.43,-1.56,8.58,32.73
3.3,-0.62,7.81,32.7
-1.86,0.72,8.39,32.67
-0.23,1.8,9.61,32.69
3.95,-2.02,9.92,32.69
5.04,-0.91,7.52,32.67
3.83,-1.52,7.93,32.69
-0.96,0.4,8.89,32.69
-0.58,-0.04,10.39,32.72
5.04,-1.71,10.74,32.67
5.38,-1.17,8.3,32.72
4.1,-0.49,7.29,32.7
-1.67,0.36,9.45,32.68
-0.75,0.09,10.65,32.72
5.6,-0.7,10.18,32.67
5.2,-2.13,8.64,32.73
1.87,-0.52,7.84,32.69
-1.56,-0.27,10.35,32.69
0.6,-0.09,10.82,32.7
4.16,-1.05,10.93,32.68
6.35,-2.17,8.69,32.68
1.74,-0.08,8.33,32.7
-3.12,0.13,10.68,32.7
0.02,-0.05,10.34,32.71
3.3,-0.68,10.29,32.72
5.03,-1.61,8.14,32.69
0.32,-0.45,8.52,32.71
-2.67,-0.07,10.87,32.73
-1.08,-0.11,10.71,32.7
4.13,-0.49,9.5,32.72
4.38,-1.37,8.83,32.7
-0.2,-0.73,8.29,32.7
-2.76,0.65,10.04,32.68
-0.15,-0.3,10.93,32.74
3.82,-0.7,9.23,32.69
5.92,-1.17,7.88,32.71
0.52,-1.14,7.87,32.7
-4.17,0.9,10.28,32.72
0.58,-0.5,10.93,32.73
3.62,-0.63,9.03,32.7
-3.28,0.43,9.33,32.72
-3.88,0.36,10.44,32.69
-0.07,-0.14,10.56,32.72
3.28,-0.61,9.4,32.69
4.9,-0.58,7.35,32.65
1.2,-0.46,7.72,32.71
-2.8,1.02,9.3,32.71
-0.02,0.18,10.51,32.67
4.25,-0.3,9.08,32.66
6.36,-1.39,7.66,32.69
2.61,-0.4,7.62,32.72
-2.9,0.47,9.8,32.71
0.62,0.02,10.9,32.67
4.94,-1.73,9.2,32.7
5.15,-0.47,7.2,32.73
1.56,-0.49,8.0,32.72
-1.4,0.73,9.39,32.68
1.19,0.77,10.02,32.68
4.52,-1.82,9.5,32.67
4.59,-0.55,8.09,32.73
4.43,-1.09,8.01,32.7
-2.03,0.17,8.85,32.76
-1.37,0.65,10.32,32.71
2.34,-1.64,10.86,32.7
3.59,-0.05,7.76,32.72
4.31,-0.85,7.69,32.71
-1.24,0.6,8.62,32.72
-3.71,1.65,8.74,32.67
-0.24,0.42,10.39,32.67
2.07,-0.78,9.05,32.72
4.69,-0.33,7.28,32.67
2.3,-0.17,6.76,32.66
-3.6,1.75,8.01,32.71
0.9,1.12,10.07,32.67
3.89,-2.64,10.93,32.72
4.94,-1.05,7.63,32.69
3.11,-0.73,7.58,32.71
-2.18,0.33,9.24,32.71
-0.28,0.29,10.5,32.71
6.0,-1.24,7.58,32.71
4.12,-0.41,6.84,32.66
-1.39,0.01,8.48,32.67
-3.39,0.17,10.85,32.71
1.67,-0.76,10.5,32.69
4.58,-0.75,8.32,32.69
3.95,-1.1,7.47,32.71
-2.32,-0.5,9.22,32.66
-2.51,1.11,10.08,32.7
1.8,-1.4,10.3,32.69
3.23,-0.57,8.32,32.69
4.69,-0.6,7.53,32.72
-0.66,0.63,7.78,32.71
-2.72,1.91,9.4,32.69
1.27,-0.62,10.51,32.69
5.21,-1.01,8.35,32.65
5.0,-0.56,6.9,32.69
0.52,0.53,7.77,32.67
-2.75,0.23,10.26,32.65
2.51,-0.46,10.15,32.69
0.13,0.76,8.43,32.68
-1.36,-0.03,10.19,32.67
1.3,-0.77,10.97,32.67
5.17,-1.05,9.9,32.7
5.77,-1.86,8.28,32.68
-1.05,0.58,8.76,32.69
-2.81,-0.22,10.77,32.67
0.57,-0.08,10.7,32.68
4.75,-0.99,8.94,32.69
4.64,-0.68,7.25,32.7
-1.26,0.31,8.6,32.66
-2.39,-0.1,10.82,32.69
1.19,-0.1,9.87,32.67
3.92,-1.17,8.77,32.69
4.48,-1.06,7.93,32.66
-1.06,-0.0,8.54,32.67
-3.05,0.17,11.13,32.67
-0.07,-0.92,11.09,32.71
2.95,-0.18,8.7,32.72
0.65,0.04,9.29,32.64
4.12,-0.38,8.27,32.68
3.52,-0.73,7.82,32.66
-1.47,0.8,8.36,32.68
-2.07,-0.11,10.98,32.68
1.1,-0.6,10.38,32.66
3.97,-0.8,8.56,32.7
3.15,-0.78,7.35,32.68
-3.29,0.53,8.73,32.65
-3.2,0.29,11.17,32.67
1.3,-0.73,9.77,32.67
4.63,-0.8,7.86,32.7
2.94,-1.11,7.78,32.7
-2.34,1.0,8.22,32.66
-0.84,0.8,10.66,32.72
2.02,-1.4,10.53,32.68
3.83,-0.6,8.15,32.64
4.46,-0.98,7.68,32.66
-0.63,0.39,8.9,32.66
-1.77,1.01,9.56,32.67
-2.14,0.37,10.91,32.66
1.02,0.27,10.32,32.67
5.94,-1.36,10.09,32.67
6.07,-1.35,7.91,32.66
2.74,-0.48,8.23,32.7
-1.22,-0.33,10.24,32.68
-0.68,0.24,10.45,32.68
4.19,-1.53,10.72,32.67
5.15,-1.35,9.24,32.65
1.15,-0.74,8.17,32.67
-2.07,0.16,9.87,32.64
-1.04,-0.08,10.71,32.66
3.53,-0.06,9.24,32.69
5.78,-1.4,8.33,32.65
1.04,-0.66,7.53,32.69
-3.46,0.05,10.57,32.7
-0.55,-0.31,11.15,32.69
2.97,-0.99,9.55,32.68
5.71,-1.56,8.19,32.69
-1.89,-0.12,9.98,32.7
-2.71,0.26,11.1,32.67
2.64,-0.19,9.56,32.64
6.83,-1.19,8.51,32.69
1.86,-0.5,7.68,32.7
-2.51,0.96,9.65,32.68
0.1,-0.74,11.61,32.69
2.67,-0.77,9.82,32.65
5.61,-0.97,8.28,32.7
1.84,-0.95,8.09,32.69
-3.95,0.72,9.74,32.72
-1.16,-0.29,11.26,32.69
2.43,-1.11,9.63,32.71
5.0,-0.31,7.34,32.66
2.01,-0.71,7.47,32.7
-4.11,1.2,9.85,32.66
-0.86,-0.68,11.3,32.68
3.75,-1.64,9.97,32.69
5.08,-0.88,6.79,32.69
1.59,-0.19,7.49,32.69
-3.49,0.92,9.33,32.66
-0.17,0.02,10.58,32.67
2.65,-1.69,9.47,32.67
4.61,-0.08,7.22,32.65
1.98,-0.7,7.82,32.69
-3.32,1.29,8.42,32.67
0.45,0.68,10.02,32.66
4.29,-1.58,9.93,32.72
5.25,-0.92,7.7,32.69
2.89,-0.91,7.83,32.67
-0.67,0.04,9.51,32.65
0.94,0.03,10.33,32.72
4.62,-1.95,10.05,32.66
5.08,-1.3,7.77,32.62
1.68,-1.11,7.89,32.7
-1.73,0.5,9.66,32.68
1.3,-0.06,10.35,32.72
5.2,-0.89,9.96,32.68
5.55,-1.41,7.97,32.67
1.99,-0.41,8.34,32.65
-2.01,0.72,9.56,32.66
1.18,0.1,10.35,32.69
-2.73,0.47,10.03,32.63
1.49,-0.16,10.6,32.63
4.91,-1.63,8.88,32.65
4.53,-1.06,7.52,32.62
0.24,0.19,8.23,32.63
-1.13,0.68,10.24,32.57
1.62,-0.14,10.79,32.65
4.55,-1.29,9.01,32.61
4.84,-1.98,8.39,32.62
2.83,-0.63,7.46,32.62
-0.82,-0.32,9.33,32.62
2.38,-0.09,10.15,32.62
4.36,-0.47,9.9,32.62
4.1,-1.32,8.21,32.64
3.55,-0.78,8.03,32.66
-1.0,-0.74,9.64,32.66
0.08,0.05,10.76,32.67
4.15,-1.28,10.78,32.64
6.34,-1.91,8.87,32.7
2.3,-0.54,7.7,32.65
-1.7,-0.41,10.65,32.66
-0.51,-0.06,11.13,32.63
3.12,-0.18,10.02,32.64
4.96,-1.65,9.42,32.67
1.53,-0.69,8.44,32.67
-2.34,1.18,9.32,32.67
-1.97,-0.39,10.98,32.67
1.31,-0.18,9.32,32.65
5.82,-1.42,8.51,32.61
1.55,-0.95,8.1,32.68
-3.49,1.01,9.42,32.65
-0.55,-0.81,11.21,32.66
2.16,-1.13,10.31,32.64
5.51,-1.3,8.04,32.61
2.04,-0.58,7.91,32.62
-3.94,1.52,9.23,32.67
-0.73,-0.51,11.26,32.64
3.93,-1.81,9.85,32.67
4.48,-0.66,7.65,32.68
5.04,-1.07,8.05,32.66
0.42,-0.12,9.06,32.64
-1.39,0.58,9.6,32.66
0.65,0.02,10.5,32.6
5.12,-1.78,9.93,32.61
5.04,-1.5,7.35,32.61
1.86,-0.49,8.26,32.67
-2.05,0.13,10.19,32.66
0.36,0.13,10.31,32.65
4.56,-1.16,10.2,32.63
5.71,-1.98,8.25,32.63
1.24,-0.21,8.03,32.65
-2.73,0.39,9.47,32.62
0.48,0.25,10.61,32.64
4.5,-1.14,9.92,32.62
6.46,-1.5,7.84,32.62
0.92,-0.64,8.84,32.62
-2.04,0.19,10.67,32.69
0.37,-0.7,10.85,32.62
4.48,-0.82,9.71,32.67
1.74,-0.82,8.17,32.66
-0.69,-0.14,10.11,32.62
-0.02,-0.19,10.75,32.64
3.32,-0.27,9.58,32.6
5.63,-1.46,8.92,32.63
1.07,-0.85,7.81,32.59
-3.42,0.52,9.79,32.57
-0.82,-0.75,10.97,32.65
2.1,-0.46,9.57,32.61
4.98,-0.79,8.0,32.62
1.07,-1.09,8.08,32.62
-3.83,0.88,9.84,32.62
-0.22,-0.62,10.54,32.61
2.51,-1.01,9.64,32.64
3.36,-0.96,7.78,32.56
1.34,-0.54,8.02,32.62
-2.73,0.96,9.27,32.65
-2.13,-0.09,10.97,32.6
2.48,-1.26,9.96,32.64
4.85,-0.7,7.53,32.65
1.23,-0.02,7.34,32.62
-1.98,-0.05,8.32,32.63
-3.3,0.48,10.95,32.63
1.3,-0.9,10.71,32.63
3.62,-0.93,9.1,32.65
3.96,-0.79,7.51,32.64
-1.04,-0.29,8.66,32.62
-2.66,1.45,10.35,32.65
0.88,-0.99,10.72,32.65
4.33,-1.35,8.76,32.63
4.48,-1.36,7.28,32.62
-0.37,0.62,7.95,32.59
-2.49,1.17,9.89,32.58
2.04,-0.02,10.46,32.63
4.37,-1.85,8.63,32.62
4.74,-0.71,7.42,32.62
0.34,-0.25,8.26,32.63
-1.23,1.24,9.57,32.63
-2.4,0.65,9.48,32.48
-1.64,0.74,9.58,32.41
3.55,-0.49,9.59,32.48
5.47,-1.53,9.23,32.42
3.68,-0.05,7.38,32.5
-1.92,-0.12,9.65,32.47
-0.19,0.43,10.13,32.47
4.81,-1.31,9.78,32.44
6.91,-2.3,8.83,32.45
4.1,-0.79,6.71,32.47
-0.93,1.61,7.62,32.51
-0.74,0.15,10.8,32.46
4.28,-0.1,9.24,32.48
7.59,-1.41,7.01,32.45
4.12,0.23,6.93,32.47
-1.1,2.11,7.24,32.47
1.65,1.49,9.34,32.47
2.86,-1.3,10.3,32.42
5.18,-0.17,7.27,32.45
4.42,-0.41,6.11,32.48
-1.9,0.74,8.8,32.48
0.53,-0.18,8.94,32.49
-4.02,0.83,9.72,32.47
1.93,0.48,10.44,32.41
4.6,-1.18,8.42,32.44
4.52,0.01,6.49,32.49
-0.65,-0.29,8.29,32.42
-2.84,-0.38,10.42,32.44
1.77,0.98,10.42,32.47
5.14,-1.49,8.82,32.44
4.04,-1.05,8.19,32.42
-0.71,0.34,8.4,32.42
-0.04,-0.39,10.1,32.42
3.0,-0.11,11.26,32.47
5.02,-2.6,8.9,32.44
4.02,-0.84,7.82,32.43
-1.4,-0.0,9.14,32.49
-1.17,-0.38,10.94,32.47
0.97,0.06,10.5,32.45
6.62,-2.21,9.07,32.43
6.02,-2.0,8.62,32.47
-1.64,0.24,8.61,32.47
-0.94,0.04,10.8,32.45
2.53,-0.85,10.97,32.45
6.37,-1.66,8.66,32.45
5.9,-1.99,8.92,32.46
-1.64,-0.5,9.84,32.49
-0.62,0.54,10.19,32.49
3.01,0.02,10.73,32.43
5.08,-1.66,8.36,32.45
3.33,-0.66,8.2,32.43
-1.21,-0.68,9.73,32.44
-2.26,0.25,11.28,32.45
3.51,-0.45,11.0,32.49
9.63,-2.13,8.95,32.45
2.88,-0.79,8.25,32.42
-0.92,-0.52,9.75,32.48
0.9,0.6,9.9,32.47
4.5,-1.1,11.17,32.47
5.91,-0.28,7.9,32.45
-2.01,-1.05,10.19,32.43
-2.33,0.89,10.84,32.46
2.08,-1.37,10.09,32.48
5.91,-1.15,8.54,32.45
3.38,-1.27,7.91,32.45
-1.99,-0.29,8.43,32.46
-1.08,-0.27,10.4,32.47
3.16,-1.19,9.57,32.43
6.24,-0.01,7.89,32.43
6.48,-0.68,6.45,32.46
-1.85,0.01,8.93,32.46
-1.23,0.46,9.71,32.45
4.97,-0.17,8.93,32.44
6.12,-0.29,8.11,32.44
4.64,-1.63,7.34,32.49
1.66,-0.44,7.87,32.48
-1.28,-0.7,10.1,32.49
2.98,-1.1,10.59,32.45
4.01,-0.88,9.41,32.47
4.1,-0.71,7.29,32.45
0.76,-0.66,7.41,32.49
-2.89,0.65,10.02,32.47
1.33,-0.3,11.39,32.44
4.63,-0.63,9.08,32.46
5.6,-1.17,7.39,32.43
-1.84,0.36,9.26,32.47
-3.46,1.21,9.5,32.46
0.18,-0.61,11.33,32.45
4.29,-0.09,8.57,32.44
5.97,-1.45,7.39,32.47
0.39,0.34,7.35,32.48
-3.79,1.36,8.88,32.47
1.46,-0.31,11.73,32.46
4.77,-1.46,8.94,32.45
4.15,-0.8,7.76,32.42
-2.0,0.69,7.59,32.45
-4.18,-0.04,10.14,32.44
0.69,-0.67,11.31,32.46
3.59,-1.58,9.61,32.44
5.87,-1.24,8.29,32.44
-1.39,0.27,7.81,32.44
-4.08,-0.07,10.39,32.42
3.09,0.11,10.23,32.43
4.98,-1.31,8.67,32.4
5.46,-0.92,6.84,32.48
0.5,-0.37,8.23,32.42
-1.79,-0.17,9.91,32.43
2.83,-0.24,11.41,32.43
5.08,-2.15,9.08,32.45
5.19,-0.17,6.79,32.45
0.25,-0.65,8.34,32.46
-2.55,0.51,8.85,32.45
2.32,0.34,10.45,32.42
5.74,-2.87,9.97,32.44
4.14,-0.46,7.24,32.44
0.09,-0.83,8.84,32.47
-0.46,-0.35,11.04,32.39
1.76,-0.28,11.21,32.37
5.67,-1.99,10.32,32.45
4.31,-0.96,8.45,32.4
-0.9,0.25,8.44,32.48
-1.51,-0.31,10.81,32.48
0.79,-0.34,11.59,32.44
6.21,-2.6,10.2,32.43
3.38,-1.07,7.68,32.41
-1.09,-0.38,8.82,32.48
-1.52,-0.61,11.56,32.42
1.07,-0.2,11.4,32.41
8.41,-2.61,10.09,32.47
3.87,-1.25,7.83,32.42
-1.05,0.35,9.95,32.46
-0.18,-0.06,10.62,32.43
1.58,-0.48,11.67,32.44
4.3,-0.44,8.83,32.43
3.41,-1.63,8.38,32.46
-2.44,0.03,9.66,32.45
-1.45,0.68,10.98,32.46
4.09,-0.67,10.43,32.45
3.73,-0.24,7.25,32.49
0.61,-0.92,8.35,32.44
-2.77,0.18,9.71,32.44
-0.28,0.19,10.35,32.44
3.35,-0.08,10.37,32.42
3.84,-1.1,8.16,32.47
0.6,-1.44,8.39,32.43
-2.36,-0.71,10.52,32.48
0.22,-0.02,10.43,32.44
3.08,-0.39,10.69,32.47
5.03,-1.55,8.62,32.44
-0.75,-1.34,9.12,32.42
-3.73,0.39,10.25,32.42
-0.85,0.07,11.15,32.44
2.63,-0.42,10.53,32.44
6.35,-1.03,8.07,32.43
-0.2,-1.7,8.2,32.42
-3.47,0.37,10.66,32.44
-1.86,-0.14,9.62,32.15
-3.44,1.37,10.33,32.14
3.74,-0.76,10.59,32.12
4.09,-0.96,8.95,32.15
3.2,-0.46,7.4,32.16
0.73,-0.02,9.17,32.08
-2.08,0.01,10.5,32.16
3.0,0.24,10.0,32.11
5.7,-1.81,8.16,32.12
3.84,-0.05,7.09,32.12
0.32,-0.89,9.45,32.14
-0.75,0.55,10.49,32.16
2.67,-0.09,9.96,32.17
5.87,-1.7,9.27,32.13
4.71,-1.5,8.28,32.16
0.92,-0.25,9.2,32.17
-0.33,0.52,10.07,32.17
2.82,0.02,10.35,32.14
7.01,-1.28,8.32,32.16
4.42,-1.24,8.18,32.13
-0.72,0.46,8.52,32.12
-1.18,0.46,10.07,32.12
3.63,-0.75,10.48,32.17
6.59,-1.72,9.09,32.11
2.94,-1.31,7.19,32.12
0.17,-0.54,10.03,32.15
-2.34,0.16,11.19,32.14
1.78,0.67,9.51,32.12
5.65,-1.79,9.52,32.12
2.85,-1.22,7.78,32.15
-0.52,-0.21,8.95,32.14
-1.27,-0.55,11.64,32.15
1.55,-0.06,10.44,32.12
5.32,-1.06,8.55,32.13
5.07,-0.95,6.23,32.14
-0.79,0.92,9.64,32.12
-0.89,-0.58,11.22,32.09
3.66,0.38,9.15,32.12
8.03,-1.42,8.14,32.12
3.15,-0.65,7.0,32.19
-1.14,-0.11,9.53,32.14
-2.36,0.63,10.41,32.1
-0.07,-0.07,7.84,32.13
-2.15,0.56,9.99,32.15
1.18,-0.47,10.01,32.15
5.7,-0.91,8.6,32.13
5.29,-1.83,7.93,32.16
1.34,0.16,8.29,32.12
-2.94,-0.24,9.89,32.12
1.27,-0.63,11.32,32.11
4.07,-1.52,10.56,32.1
5.22,-1.03,8.33,32.14
0.3,-0.99,9.14,32.14
-3.24,0.83,9.4,32.16
1.12,0.05,10.05,32.13
4.55,-0.69,9.69,32.11
5.38,-0.8,7.93,32.19
2.61,-0.41,9.62,32.12
-0.81,0.17,10.4,32.15
1.81,0.28,9.71,32.09
6.13,-0.41,10.54,32.12
5.41,-1.31,7.97,32.13
0.64,-0.1,8.79,32.1
-0.62,-0.58,9.83,32.14
-2.29,0.6,10.49,32.14
3.35,-0.04,10.35,32.1
6.36,-1.3,8.79,32.14
1.51,-0.6,7.62,32.11
-0.45,-0.37,8.89,32.15
-3.4,0.32,10.1,32.13
1.22,0.5,9.94,32.12
4.91,-2.81,10.36,32.11
0.8,-1.22,7.88,32.14
-1.39,-0.88,10.19,32.15
-2.25,-0.93,11.76,32.11
0.85,0.61,10.51,32.14
4.95,-1.83,10.08,32.16
1.48,-1.94,9.05,32.14
-3.98,0.4,9.63,32.14
-0.11,-0.7,12.71,32.12
2.06,-0.73,10.51,32.12
-3.46,0.15,9.21,32.13
-3.14,-0.24,9.96,32.12
-1.67,-0.6,10.98,32.09
3.1,-0.4,9.38,32.12
4.31,-2.1,8.26,32.1
0.51,-1.3,8.14,32.11
-2.94,0.22,9.22,32.15
0.48,-0.96,11.41,32.12
4.19,-0.52,9.38,32.13
5.91,-1.89,8.09,32.13
2.18,0.94,7.09,32.08
-1.17,0.58,9.25,32.16
0.08,0.85,10.18,32.16
4.44,-0.35,9.32,32.14
4.93,-1.01,6.88,32.14
2.04,-0.19,7.57,32.1
-0.39,0.15,9.07,32.11
-1.26,0.55,10.36,32.12
3.11,-1.09,9.38,32.11
-2.08,0.08,9.7,32.12
-0.04,0.79,9.79,32.16
4.03,-0.65,10.03,32.16
5.26,-1.42,8.7,32.14
0.53,-0.01,7.43,32.12
-2.82,-0.01,10.01,32.18
-2.93,0.73,10.45,32.17
2.37,-0.87,10.35,32.15
5.7,-1.62,9.22,32.17
0.73,-1.09,7.75,32.13
-2.02,0.19,9.69,32.1
-1.31,-0.47,10.41,32.12
2.91,-0.38,10.77,32.12
4.94,-2.2,9.36,32.12
0.23,-1.45,8.83,32.17
-2.44,0.1,10.98,32.15
-2.56,-0.02,11.42,32.12
2.77,0.18,9.81,32.15
5.27,-1.44,9.33,32.15
-0.58,-0.86,8.88,32.09
-1.47,0.4,10.02,32.14
-0.71,-0.1,10.61,32.11
2.03,-0.21,9.54,32.15
6.02,-1.83,9.22,32.16
0.52,-0.8,8.66,32.14
-3.78,-0.3,9.97,32.17
-2.26,0.59,11.64,32.15
2.21,-0.02,10.07,32.12
5.5,-0.41,8.47,32.11
0.47,-0.91,8.15,32.12
-4.33,0.94,10.11,32.1
-0.2,-0.51,10.99,32.14
2.82,0.01,9.42,32.11
4.94,-0.05,7.67,32.21
0.96,-1.48,8.47,32.11
-3.73,0.22,9.84,32.14
0.19,-0.69,11.36,32.16
2.97,-0.91,9.87,32.14
5.69,-0.4,7.44,32.12
1.22,-1.12,7.42,32.13
-3.51,1.36,10.09,32.14
2.55,-0.68,10.66,32.15
4.26,-1.35,8.17,32.11
1.72,-0.17,6.73,32.1
-2.2,1.14,7.72,32.12
-1.66,0.88,9.96,32.06
-0.0,-0.36,10.15,32.17
3.9,0.38,8.04,32.1
4.58,-1.56,7.98,32.13
-3.12,1.27,8.51,32.12
-2.04,0.63,11.35,32.11
3.32,-1.69,11.0,32.14
4.01,-0.3,7.78,32.14
3.17,-0.61,7.61,32.13
-1.11,0.12,10.23,32.17
-0.66,-0.32,10.38,32.11
5.98,-1.41,10.57,32.11
6.47,-1.66,8.51,32.14
3.98,-0.69,7.43,32.14
-3.97,0.88,9.2,32.14
-3.92,-0.03,11.26,32.13
1.28,0.17,10.3,32.14
3.91,-1.66,10.5,32.16
4.61,-1.92,8.85,32.12
0.49,-0.23,8.02,32.12
-3.21,0.44,10.8,32.12
-0.51,-0.14,11.05,32.14
3.73,-1.61,10.06,32.12
5.16,-0.43,6.97,32.12
-0.74,-0.26,7.55,32.14
-5.42,0.09,10.73,32.13
-0.14,0.02,10.7,32.16
4.05,-1.42,9.97,32.13
4.31,-0.7,6.94,32.09
0.11,-0.65,7.9,32.13
-3.78,0.23,11.32,32.17
-1.81,0.48,10.07,32.11
3.76,0.04,8.2,32.13
3.94,-0.87,7.52,32.11
-0.81,-0.06,7.2,32.13
-3.48,-0.71,10.73,32.12
-0.88,-0.14,10.35,32.12
3.67,-0.78,8.9,32.14
4.59,-1.09,7.56,32.13
-0.22,-0.59,6.72,32.08
-3.55,0.21,10.44,32.11
-1.01,-0.32,10.74,32.08
4.68,-0.53,8.82,32.08
5.92,-0.56,7.47,32.1
0.92,0.26,6.5,32.12
-2.91,1.0,9.67,32.11
-0.01,-0.59,10.82,32.14
4.58,-0.25,7.74,32.12
4.97,-0.8,6.98,32.12
0.32,0.8,8.07,32.12
-2.96,0.41,10.15,32.11
1.95,0.13,9.55,32.09
3.25,-0.39,8.03,32.11
1.52,-0.63,8.24,32.15
-1.22,-0.11,8.33,32.13
-1.14,0.52,10.05,32.1
3.4,-1.43,10.77,32.1
5.65,-1.13,8.89,32.09
4.56,-1.32,7.26,32.14
-0.49,0.99,8.46,32.15
-1.23,1.19,9.28,32.13
3.11,-0.71,9.94,32.09
4.08,-0.35,7.59,32.11
3.76,0.15,6.65,32.07
-0.33,0.34,9.0,32.13
-2.66,0.16,9.58,32.12
3.59,0.36,9.05,32.11
5.81,-1.53,8.48,32.08
2.96,-0.48,7.16,32.17
-0.14,-0.28,8.82,32.14
-0.08,0.47,10.33,32.11
3.98,-0.94,10.51,32.19
4.53,-2.43,8.39,32.1
3.05,-0.19,6.53,32.08
-2.61,0.11,8.96,32.14
-0.18,-0.31,10.63,32.14
3.93,-0.54,10.15,32.13
4.35,-1.85,8.24,32.13
3.22,-0.57,7.92,32.1
-0.13,-0.85,8.41,32.15
-0.1,0.68,9.15,32.2
4.37,-0.53,10.83,32.14
7.77,-2.93,9.47,32.12
3.67,-1.67,7.36,32.1
-0.18,0.3,7.95,32.15
0.8,-0.05,10.32,32.09
3.87,-1.03,10.61,32.13
6.35,-2.05,8.21,32.14
3.3,-1.17,8.52,32.14
-1.36,-0.78,9.7,32.14
1.18,0.96,10.07,32.13
6.14,-1.24,10.69,32.1
-0.25,0.07,9.32,32.11
-0.44,0.33,10.64,32.15
1.11,0.38,9.56,32.15
6.3,-0.98,9.82,32.09
5.96,-1.57,8.12,32.1
-2.59,-0.32,9.24,32.17
-1.45,-0.16,10.99,32.12
0.76,-0.45,10.42,32.1
2.54,-0.06,9.46,32.11
3.63,-2.04,8.95,32.08
-3.02,-0.33,9.65,32.11
-1.78,-0.17,10.52,32.1
1.03,-0.29,10.26,32.15
3.58,-0.33,8.83,32.15
2.7,-1.11,8.35,32.14
-3.72,-0.08,8.88,32.06
-2.78,-0.04,10.4,32.15
-0.7,-0.58,10.43,32.1
1.75,-0.29,9.63,32.13
4.94,-0.7,8.52,32.14
-3.21,0.01,8.68,32.11
-2.0,-0.25,9.81,32.13
-2.94,0.02,10.53,32.12
1.41,0.0,9.79,32.12
5.65,-1.55,9.51,32.15
2.03,-1.05,7.08,32.12
-2.61,1.07,8.71,32.11
-0.71,-0.26,10.64,32.11
2.98,-1.12,10.64,32.12
6.35,-1.03,7.99,32.12
0.77,-1.44,7.49,32.06
-2.79,0.61,9.97,32.13
1.16,-0.89,11.42,32.14
3.03,-0.04,9.01,32.15
6.8,-1.56,8.36,32.13
3.09,-1.44,8.85,32.12
-2.88,-0.25,10.87,32.08
-0.2,-0.56,11.48,32.11
1.71,-0.89,10.44,32.15
7.61,-2.89,9.11,32.15
4.14,-1.58,7.69,32.14
-0.35,0.08,9.21,32.09
-1.38,-0.37,10.92,32.11
2.83,0.62,9.26,32.11
8.32,-0.9,8.26,32.14
3.4,-0.93,8.07,32.1
-3.57,0.13,9.59,32.14
-0.35,-0.49,11.01,32.12
1.41,-0.36,9.43,32.1
6.01,-0.89,8.09,32.12
2.82,-1.81,8.58,32.15
-4.35,-0.31,9.55,32.12
-0.77,-0.66,10.79,32.17
2.14,-0.76,10.53,32.1
3.97,-0.72,8.37,32.14
3.0,-1.32,8.81,32.1
-3.19,-0.03,10.01,32.08
-2.45,0.41,10.97,32.11
2.71,-0.52,10.13,32.13
-0.42,-0.57,10.68,32.12
-4.2,-0.06,10.53,32.12
2.68,-0.84,10.87,32.12
5.94,-1.84,8.9,32.1
4.61,-1.0,7.43,32.11
0.7,0.11,8.13,32.15
-0.85,0.94,9.33,32.15
4.05,-0.67,10.94,32.14
6.48,-2.17,9.16,32.13
3.22,-0.71,7.29,32.16
0.01,-0.3,8.85,32.11
-1.22,0.46,9.59,32.12
4.05,1.18,9.44,32.11
7.06,-2.9,9.39,32.11
4.36,-0.56,6.97,32.11
0.64,0.05,8.86,32.1
0.34,0.07,11.21,32.06
1.8,-0.27,10.11,32.14
6.56,-1.42,8.64,32.1
0.85,-0.21,11.12,32.12
4.63,-1.55,8.97,32.08
4.63,-0.44,7.36,32.1
0.79,0.11,7.76,32.09
-4.03,0.73,9.54,32.14
1.11,-0.19,10.64,32.03
5.81,-2.53,8.96,32.1
5.3,-0.6,7.44,32.14
0.45,0.58,7.39,32.12
-2.36,0.95,9.64,32.06
2.88,-0.03,10.76,32.12
4.98,-1.59,8.65,32.1
5.66,-0.48,7.34,32.12
0.61,-0.62,8.5,32.14
-2.17,1.93,8.39,32.15
2.87,-0.07,9.88,32.05
4.39,-2.41,9.78,32.1
4.44,-0.03,7.39,32.11
1.23,-1.57,9.07,32.09
-2.76,0.2,9.64,32.1
-0.67,-0.61,11.14,32.09
1.31,0.48,9.52,32.09
6.07,-0.63,8.21,32.13
1.87,-1.36,7.78,32.14
-4.43,0.42,9.67,32.13
-1.26,-0.7,11.15,32.12
1.43,-0.92,10.46,32.13
4.11,-0.1,7.19,32.14
2.38,-1.44,8.75,32.16
-1.96,-0.61,8.92,32.11
-1.99,0.6,10.38,32.15
1.25,-1.29,11.14,32.12
3.25,0.23,7.99,32.08
5.69,-1.11,7.98,32.07
-0.83,-0.49,8.28,32.15
-2.95,0.86,9.75,32.14
0.47,-0.39,10.82,32.12
2.23,-0.41,9.64,32.09
4.62,-0.54,6.95,32.1
-1.59,-0.73,8.03,32.11
-4.21,1.16,10.38,32.12
0.58,-1.13,11.46,32.08
2.63,-0.61,8.96,32.09
3.7,-0.43,6.84,32.13
-1.34,-0.38,7.89,32.1
-3.34,1.9,10.05,32.08
0.05,-1.84,12.82,32.1
3.94,-1.22,8.51,32.11
5.23,-1.0,6.89,32.1
-1.04,-0.71,7.72,32.12
-3.47,2.36,10.07,32.09
1.01,-1.61,12.57,32.09
1.99,-0.59,9.04,32.1
3.51,-0.95,7.38,32.14
0.27,0.75,7.86,32.13
-3.38,1.54,8.98,32.09
2.16,-0.17,11.25,32.12
4.53,-2.28,9.86,32.1
5.05,-1.42,7.15,32.08
-1.87,0.66,10.58,32.13
-0.76,0.11,10.79,32.08
5.35,-1.41,10.41,32.11
5.45,-1.47,7.96,32.09
3.07,-1.1,7.3,32.15
-1.61,0.95,9.44,32.13
2.01,-0.07,10.09,32.12
5.82,-0.92,10.33,32.14
5.82,-1.88,7.48,32.1
2.79,0.6,7.63,32.1
-0.04,-0.48,10.37,32.14
1.64,-0.06,9.97,32.08
3.02,-0.97,10.6,32.1
4.53,-0.85,8.09,32.1
1.83,-1.02,9.24,32.15
-1.95,-0.38,9.25,32.12
0.51,0.92,9.5,32.07
4.32,-0.87,10.25,32.06
5.49,-1.52,7.54,32.09
2.29,-0.63,7.84,32.17
4.4,-0.58,6.93,32.12
6.04,-1.67,8.02,32.09
-1.34,-0.1,8.2,32.12
-3.46,0.75,10.74,32.14
1.27,-1.36,10.87,32.1
3.1,-0.65,8.84,32.13
4.76,-0.78,7.43,32.12
0.06,-0.37,8.26,32.12
-4.39,0.12,9.91,32.12
-1.24,0.89,9.61,32.12
4.26,-1.47,9.42,32.13
3.74,-0.92,7.64,32.11
-0.62,-0.97,7.72,32.12
-1.63,0.45,10.12,32.1
-0.09,0.33,10.94,32.1
4.69,-2.35,9.64,32.09
4.32,-0.76,7.49,32.12
-0.89,0.18,7.34,32.09
-2.85,1.24,10.23,32.09
0.04,-0.4,10.72,32.07
3.94,-0.91,8.99,32.1
5.08,-1.05,7.11,32.12
-0.67,0.25,7.73,32.1
-3.98,-0.07,10.23,32.12
0.32,-0.32,11.2,32.09
4.24,-1.73,9.32,32.17
4.47,-1.16,6.82,32.08
0.32,0.56,7.54,32.08
-1.31,0.81,8.97,32.12
2.75,-0.23,10.95,32.12
5.64,-1.95,9.13,32.13
4.89,-0.73,7.4,32.09
0.23,-0.01,8.66,32.13
-0.83,-0.2,9.9,32.19
2.7,0.07,10.78,32.13
5.16,-1.67,9.11,32.08
4.53,-0.2,7.49,32.06
-0.85,0.37,7.74,32.14
-2.36,1.58,8.92,32.13
-1.87,-0.39,10.49,32.13
-1.55,0.04,10.45,32.14
2.06,0.55,9.78,32.09
5.22,-2.33,9.49,32.13
1.58,-0.95,7.89,32.12
-2.49,-0.22,10.01,32.1
-2.25,1.31,9.7,32.1
1.55,-0.54,9.91,32.09
4.99,-1.36,8.52,32.1
2.64,-0.6,7.13,32.1
-0.68,-0.16,7.44,32.12
-3.37,0.56,10.07,32.07
-0.26,-0.26,10.54,32.08
3.86,-0.36,8.77,32.09
4.38,-1.36,8.08,32.14
-3.14,-0.65,8.03,32.14
-2.73,0.8,10.45,32.14
0.67,-0.96,11.31,32.1
3.85,-1.01,8.52,32.14
2.64,-0.59,7.51,32.13
0.82,-1.14,9.55,32.12
-2.65,0.26,9.95,32.09
0.28,0.02,10.44,32.14
2.94,-0.24,9.17,32.12
5.42,-1.15,8.87,32.11
0.55,-1.34,8.11,32.06
-2.49,1.04,9.16,32.06
-0.1,0.0,10.84,32.09
4.09,-0.81,8.97,32.14
4.72,-0.39,6.8,32.08
1.87,0.87,6.62,32.14
-4.2,0.92,10.04,32.11
-1.49,0.1,10.85,32.16
4.0,-1.6,9.42,32.14
4.56,-1.27,8.08,32.11
0.88,-0.34,8.08,32.12
-2.66,-0.01,10.16,32.13
0.42,-0.74,11.06,32.09
3.96,-1.35,9.58,32.11
4.9,-0.5,7.79,32.1
1.42,-0.68,8.16,32.14
-2.61,0.54,9.28,32.14
2.02,1.06,9.68,32.14
4.45,-2.0,9.32,32.16
5.05,-0.6,7.33,32.12
2.46,-1.32,7.82,32.11
-1.43,0.82,9.44,32.09
1.88,0.6,10.01,32.11
4.88,-2.18,9.84,32.08
4.34,-0.51,7.17,32.14
1.75,-0.45,7.89,32.13
-1.24,0.34,10.73,32.11
0.99,0.16,10.36,32.12
6.66,-1.54,9.12,32.12
5.14,-1.32,8.21,32.09
0.36,-0.05,8.25,32.14
0.91,0.93,8.44,32.09
2.74,0.05,10.14,32.1
4.93,-0.59,10.02,32.13
0.49,-0.03,10.12,32.11
3.98,-0.86,8.91,32.07
3.96,-0.85,7.45,32.06
-2.01,-0.36,7.42,32.07
-3.44,1.03,10.05,32.08
0.55,-0.54,11.16,32.13
4.24,-0.96,9.19,32.15
6.36,-1.33,6.91,32.12
2.74,-0.25,7.81,32.15
-3.5,0.65,9.68,32.13
1.92,0.34,10.5,32.12
5.71,-1.57,8.77,32.1
4.66,-0.46,6.92,32.09
1.55,0.17,8.19,32.11
-1.36,0.8,9.35,32.07
1.94,0.48,10.12,32.11
5.34,-1.56,8.97,32.08
6.39,-1.79,7.87,32.12
2.3,0.05,8.42,32.07
5.04,-1.17,7.38,32.08
0.28,-0.24,7.53,32.1
-4.71,0.55,9.97,32.09
-1.71,-0.24,11.34,32.14
2.55,-1.02,9.6,32.1
4.43,-0.15,7.19,32.09
2.22,-0.65,8.02,32.09
-3.29,-0.27,9.69,32.13
-1.03,0.57,10.23,32.11
3.33,-0.79,10.24,32.07
3.92,-1.21,9.35,32.13
2.8,0.11,6.66,32.14
-3.08,0.74,8.83,32.07
-0.26,0.75,10.69,32.11
-0.79,-0.35,10.92,32.12
2.97,-0.31,8.33,32.09
4.26,-1.75,8.46,32.09
-0.96,0.15,7.8,32.09
0.62,0.53,9.94,32.12
1.55,-0.33,10.91,32.1
4.34,-0.55,8.48,32.12
6.51,-0.43,7.02,32.06
-0.13,-0.73,8.57,32.08
-3.45,1.62,8.66,32.12
1.59,0.32,10.11,32.1
4.11,-1.67,9.19,32.09
4.49,-1.06,7.39,32.1
1.34,-0.63,8.14,32.11
-2.36,0.85,10.52,32.06
-0.06,0.8,10.85,32.12
5.0,-2.43,9.29,32.13
4.6,-0.38,7.6,32.11
-0.5,0.36,8.14,32.09
-1.58,-0.63,11.05,32.07
1.48,-0.59,10.42,32.1
4.81,-1.49,9.43,32.12
4.1,-0.82,7.46,32.1
0.29,-0.13,8.27,32.09
-1.39,0.58,10.15,32.07
3.09,-0.69,10.79,32.13
6.65,-1.32,8.62,32.1
3.38,-0.54,7.7,32.13
0.34,-0.34,9.07,32.09
-1.47,-0.22,10.42,32.08
2.44,-0.31,10.33,32.08
4.92,-0.88,9.19,32.09
4.11,-0.99,8.44,32.13
-0.55,-0.68,9.32,32.12
4.67,-0.66,9.66,32.12
6.54,-1.34,7.88,32.08
-0.15,-0.74,9.69,32.06
-1.23,-0.1,9.38,32.1
0.84,0.35,10.18,32.09
3.68,-0.16,8.77,32.06
5.23,-0.55,7.09,32.14
0.21,-0.42,8.01,32.09
-2.18,0.65,9.56,32.13
0.09,-0.95,11.02,32.08
3.78,0.64,8.32,32.07
5.24,-1.68,7.93,32.14
-1.61,-1.55,9.48,32.09
-4.39,0.93,10.36,32.11
0.29,-0.11,10.85,32.08
4.45,-0.75,9.22,32.18
5.4,-1.8,8.57,32.13
0.23,0.05,8.62,32.11
-2.93,-0.18,11.36,32.09
-0.2,-0.15,10.15,32.13
3.23,0.47,8.17,32.08
4.36,-1.15,8.04,32.1
-0.22,-0.17,8.3,32.12
-2.03,0.39,10.3,32.05
0.56,-0.3,10.3,32.1
3.74,-0.8,8.55,32.1
5.58,-0.46,6.31,32.06
0.29,0.02,7.13,32.1
-4.6,1.33,9.68,32.06
0.92,-0.77,10.58,32.09
4.73,-2.31,8.82,32.14
5.09,-0.57,6.52,32.09
1.58,-0.09,8.4,32.12
-2.62,0.37,11.06,32.06
0.81,-1.4,11.01,32.11
5.04,-0.93,8.37,32.14
3.72,-1.17,7.97,32.08
-0.36,-0.4,9.07,32.11
-2.52,0.15,9.83,32.1
4.06,-1.31,8.41,32.07
4.29,-1.64,8.4,32.08
4.48,-0.79,6.92,32.15
-0.91,0.13,8.48,32.05
-1.52,0.61,10.84,32.12
2.43,-1.26,10.37,32.11
5.35,-0.98,7.58,32.14
3.35,-0.53,7.45,32.07
-2.24,0.42,9.09,32.06
-1.82,0.76,9.9,32.05
3.09,-0.8,10.37,32.07
5.07,-0.91,8.46,32.08
3.64,-0.77,7.19,32.1
-1.54,-0.12,9.69,32.1
-1.47,0.1,11.15,32.11
3.87,-1.3,10.77,32.12
5.72,-1.54,8.56,32.08
3.91,-0.61,7.21,32.1
-0.37,-0.1,9.6,32.07
0.53,0.01,9.75,32.13
4.82,-0.09,10.31,32.11
6.4,-1.47,7.86,32.1
3.6,-0.44,7.08,32.09
4.87,-1.41,8.2,32.08
0.13,0.17,8.57,32.08
-2.61,0.15,9.7,32.06
1.21,0.38,9.91,32.1
5.97,-1.0,9.62,32.09
4.73,-1.63,7.95,32.09
-0.93,-0.03,8.84,32.12
-2.4,-0.57,10.77,32.11
0.8,0.51,10.63,32.07
4.53,-1.36,9.42,32.13
3.4,-1.66,7.86,32.1
-3.13,0.16,9.14,32.12
-2.39,-0.62,10.94,32.09
0.91,-0.04,10.58,32.09
4.1,-1.73,8.82,32.12
3.53,-1.07,7.89,32.13
-3.02,-0.06,8.65,32.05
-3.01,0.23,10.79,32.1
2.47,-0.59,10.5,32.09
5.24,-0.08,7.84,32.09
-1.75,0.38,9.61,32.09
-1.68,-0.1,10.32,32.09
2.72,-0.49,10.28,32.11
5.37,-1.89,8.46,32.04
3.87,-0.51,6.59,32.08
-0.22,0.18,8.12,32.09
-1.69,0.57,10.02,32.05
2.29,-0.55,10.46,32.09
6.49,-2.12,8.96,32.1
3.68,-0.52,7.95,32.07
0.32,-1.27,9.38,32.09
-0.41,-0.12,10.3,32.11
4.65,-0.85,10.21,32.11
5.67,-1.64,8.46,32.08
3.2,-0.36,7.52,32.09
0.45,-0.07,8.75,32.1
0.31,0.79,10.12,32.09
3.62,-0.01,9.68,32.09
5.05,-1.83,9.04,32.04
0.81,0.41,9.8,32.05
2.7,0.72,8.62,32.09
4.53,-1.65,8.72,32.12
-0.83,-0.62,8.83,32.04
-2.08,0.89,8.97,32.08
-1.98,0.24,10.49,32.1
1.76,-0.21,9.41,32.13
6.11,-2.07,8.77,32.09
-0.68,-1.18,9.1,32.06
-3.13,0.78,10.0,32.08
1.04,-0.35,10.58,32.07
3.87,-1.05,8.45,32.09
6.4,-0.42,6.86,32.08
0.37,-0.09,7.63,32.04
-3.71,0.06,10.42,32.1
0.72,-0.52,11.08,32.1
4.5,-0.28,8.48,32.07
4.91,-1.01,7.16,32.06
-1.0,-0.23,8.13,32.08
-2.52,0.75,10.53,32.13
0.59,-1.23,10.68,32.05
2.84,-0.61,8.45,32.1
5.02,-0.09,6.94,32.1
0.3,-0.14,8.43,32.04
-4.2,0.81,10.15,32.09
0.15,-0.85,11.09,32.09
3.44,-0.74,9.3,32.08
4.59,-0.86,7.89,32.06
0.6,-0.48,7.93,32.07
-2.83,0.96,9.72,32.07
1.47,-0.09,10.77,32.09
4.5,-1.52,8.49,32.09
4.89,-0.56,6.97,32.05
0.52,-0.85,8.15,32.08
-2.47,1.08,9.47,32.09
1.8,-0.48,10.96,32.1
4.69,-1.52,8.49,32.06
5.48,-1.07,7.2,32.04
0.89,0.08,8.28,32.07
-0.35,0.76,9.0,32.04
3.35,-0.12,9.9,32.09
5.04,-1.89,8.72,32.15
5.27,-0.84,7.4,32.08
1.39,-0.47,8.41,32.07
-0.38,-0.09,9.59,32.04
1.58,0.04,10.25,32.13
5.51,-1.19,9.08,32.06
4.08,-1.09,7.83,32.09
-0.6,-0.21,8.37,32.03
-1.22,-0.36,9.96,32.09
0.4,-0.16,11.16,32.09
5.06,-1.96,9.86,32.11
3.2,-1.33,8.4,32.08
-1.24,-0.09,9.76,32.05
-2.23,0.22,11.43,32.06
0.42,-0.19,10.73,32.07
7.6,-0.68,9.1,32.07
5.63,-1.7,8.62,32.09
0.61,-0.62,8.82,32.04
1.68,-1.31,8.32,32.03
-3.14,-0.36,10.21,32.04
-1.93,0.41,10.38,32.08
2.07,0.05,10.02,32.08
3.66,-1.04,8.29,32.09
1.05,-0.72,7.76,32.11
-3.24,-0.75,9.46,32.04
-3.36,0.19,10.85,32.04
-0.24,-0.21,10.4,32.06
3.33,-1.06,8.19,32.08
2.45,-0.66,7.34,32.06
-3.06,-0.26,8.34,32.08
-1.67,0.86,10.73,32.09
3.19,-1.32,10.2,32.09
5.19,-0.88,7.84,32.1
3.11,-0.9,7.24,32.05
-1.9,0.66,8.71,32.03
-0.57,0.29,10.42,32.07
2.62,-1.48,10.28,32.05
4.47,-0.9,8.17,32.09
5.44,-0.74,7.59,32.09
-2.53,0.74,8.31,32.04
-1.6,1.24,9.79,32.08
0.35,-0.42,11.0,32.09
5.1,-1.19,8.5,32.05
5.76,-0.6,7.14,32.07
0.21,0.36,7.57,32.11
-3.4,0.56,9.6,32.04
1.46,0.32,10.67,32.12
5.48,-1.73,8.77,32.04
5.79,-1.04,7.58,32.05
1.79,0.01,7.49,32.03
-1.58,0.66,8.85,32.09
2.03,0.43,10.27,32.11
6.2,-1.18,9.23,32.03
6.07,-1.31,7.37,32.02
1.16,-0.54,8.27,32.11
-1.44,-0.52,10.41,32.05
1.47,-0.09,10.86,32.07
5.47,-1.45,9.12,32.09
5.44,-0.93,7.95,32.03
1.4,-0.32,8.24,32.07
-0.58,0.28,10.24,32.08
2.02,0.59,10.07,32.07
6.3,-0.57,9.03,32.07
4.19,-1.29,8.2,32.1
-0.72,-0.41,8.91,32.12
-2.6,0.02,10.92,32.09
0.49,0.11,10.33,32.08
4.43,-0.79,10.2,32.07
4.41,-1.54,8.52,32.04
-0.12,0.21,8.0,32.09
-2.48,0.33,10.51,32.05
1.13,0.03,10.57,32.04
6.2,-0.4,8.61,32.02
5.34,-1.52,7.73,32.07
-0.25,0.44,8.73,32.09
-0.87,-0.06,10.37,32.09
1.65,0.25,10.11,32.07
-3.17,0.46,9.1,32.11
-1.92,-0.0,11.32,32.1
3.37,-1.06,10.64,32.1
6.5,-0.34,7.44,32.09
4.65,-0.66,7.13,32.06
-1.73,0.23,8.44,32.09
-0.48,1.34,9.83,32.04
3.79,-1.18,10.14,32.09
6.09,-1.29,7.51,32.1
4.64,-0.49,6.93,32.08
-0.91,0.58,9.39,32.08
-0.56,0.14,10.67,32.08
4.87,-1.42,10.69,32.06
5.18,-1.84,8.37,32.09
3.23,-0.51,7.82,32.12
-1.5,-0.11,9.84,32.06
-0.39,0.45,10.63,32.09
4.05,-0.13,9.5,32.1
4.82,-1.5,8.27,32.1
1.85,-0.52,7.97,32.07
-0.59,0.54,9.36,32.06
1.64,-0.22,10.37,32.05
3.47,0.08,9.1,32.06
5.78,-1.3,8.26,32.07
3.75,-0.64,8.54,32.09
-0.79,-0.21,9.36,32.08
0.43,0.3,10.32,32.03
3.93,-0.78,11.04,32.08
4.91,-1.5,8.91,32.12
1.69,-0.9,7.99,32.08
-2.1,-0.11,9.76,32.04
-0.83,0.48,10.82,32.03
4.2,-0.14,9.69,32.08
5.02,-1.65,9.01,32.09
-0.69,-0.58,8.3,32.08
-2.97,-0.06,10.64,32.06
-1.73,0.72,10.88,32.05
2.31,-0.28,9.83,32.06
3.98,-0.84,8.02,32.05
3.58,-0.95,8.74,32.04
5.38,-0.72,7.24,32.06
2.03,-1.32,9.04,32.02
-4.09,-0.01,9.24,32.07
-1.87,0.01,10.82,32.03
1.79,-1.09,10.47,32.02
5.24,-0.37,8.27,32.02
2.32,-1.17,7.79,32.04
-3.91,0.34,9.58,32.07
-1.89,0.27,11.46,32.03
3.81,-1.36,10.05,32.05
5.7,-1.05,8.45,32.1
3.03,-0.71,7.29,32.09
-3.84,0.67,8.73,32.05
-2.21,-0.36,11.57,32.02
2.19,-1.04,10.47,32.05
4.36,-1.31,8.28,32.02
1.58,-1.06,7.76,32.07
-4.9,0.0,9.31,32.09
-0.55,1.66,10.33,32.09
2.4,-0.66,10.41,32.07
3.79,-0.94,8.05,32.06
3.21,-0.27,7.23,32.05
-1.44,0.21,8.9,32.06
-0.59,0.47,10.13,32.12
3.89,-1.23,9.92,32.08
5.85,-0.62,7.47,32.03
4.01,-0.34,7.2,32.05
-0.57,0.33,8.56,32.06
0.19,1.04,9.8,32.08
4.76,-1.51,9.66,32.1
4.86,-0.94,8.15,32.07
2.23,-0.57,7.19,32.08
-1.06,0.6,8.33,32.09
-0.33,-0.11,10.68,32.06
4.5,0.13,9.2,32.04
5.53,-1.99,8.56,32.04
2.18,-0.51,7.78,32.08
-1.12,0.01,9.26,32.09
-3.06,0.51,10.2,32.0
-1.36,-1.04,11.26,32.02
2.47,0.03,9.44,32.07
4.4,-0.52,8.02,32.09
4.88,-1.17,8.96,32.05
3.95,-2.18,8.82,32.02
-3.46,0.5,9.42,32.05
-2.42,0.0,10.97,32.05
1.94,0.09,10.1,32.03
5.05,-1.26,8.73,32.03
5.17,-1.81,6.53,32.03
-1.36,-0.1,8.6,32.04
-3.03,0.59,10.28,32.04
1.14,-0.25,10.01,32.04
3.93,-0.99,8.53,32.05
4.46,-0.62,7.77,31.99
-2.38,0.48,8.48,32.03
-2.02,0.82,10.33,32.03
1.19,-0.38,10.12,32.06
4.06,-0.33,8.41,32.03
4.02,-0.99,6.96,32.04
-2.88,1.02,7.23,32.04
-1.95,0.59,10.57,32.03
-0.62,0.92,9.49,32.04
-1.48,0.72,10.59,32.06
3.04,-0.08,9.38,32.07
6.3,-2.25,7.63,32.03
3.4,-0.2,7.33,32.05
-1.4,0.41,8.94,32.03
1.44,-0.48,10.12,32.06
4.71,-0.59,9.94,32.1
6.09,-0.93,8.21,32.05
3.58,-1.17,8.75,32.03
-1.44,-0.71,9.62,32.06
-0.96,-0.05,10.17,32.07
1.86,-0.65,10.52,32.04
6.04,-1.58,8.54,32.01
3.15,-0.76,7.68,32.04
-1.57,-0.61,9.61,32.06
0.35,1.11,9.66,32.04
3.23,0.04,10.98,32.04
5.48,-1.7,8.48,32.04
2.83,-0.94,7.6,32.07
5.6,-1.19,8.3,32.05
3.9,-0.71,7.24,32.03
-1.07,-0.05,8.62,32.07
-0.25,0.89,9.76,32.02
4.51,-1.1,9.99,32.04
4.62,-0.57,8.42,32.03
3.37,-0.9,7.43,32.07
-0.59,-0.1,8.98,32.03
-1.34,0.36,10.46,32.09
4.3,-0.39,10.29,31.99
6.05,-2.11,8.33,32.07
3.29,-1.3,7.63,32.09
0.02,0.17,8.84,32.04
1.68,0.66,10.7,32.04
5.17,-0.52,9.84,32.03
6.41,-1.47,8.02,32.04
3.53,-1.15,8.05,32.02
-0.06,0.47,9.59,32.06
1.45,0.62,9.69,32.01
5.29,-0.11,9.48,32.06
-1.95,-0.23,11.05,32.02
3.88,-1.18,9.51,32.04
6.5,-1.52,8.09,32.06
2.25,-0.08,7.22,32.03
-2.08,0.85,9.41,32.07
-0.65,-0.35,10.8,32.09
4.35,-0.24,9.1,32.08
5.99,-1.11,7.75,32.06
1.54,0.02,7.47,32.08
-4.06,0.82,9.02,32.06
-1.41,0.46,10.6,32.07
3.52,-0.39,8.88,32.03
5.36,-1.24,6.95,32.06
0.15,0.17,6.59,32.04
-4.31,1.83,8.84,32.03
0.21,0.5,10.77,32.04
2.97,-1.22,9.12,32.06
5.29,-0.26,7.64,32.06
3.58,-0.25,8.11,32.03
-1.96,-0.01,9.23,32.03
0.25,0.8,10.03,32.0
5.09,-1.97,10.12,32.05
5.36,-0.92,7.25,32.05
2.43,-0.89,7.29,32.04
-1.16,0.56,9.86,32.06
-0.15,-0.18,10.67,32.05
5.04,-1.27,9.62,32.0
6.43,-1.54,7.9,32.01
1.57,-0.55,7.9,32.05
-0.26,0.24,9.44,32.03
1.59,-0.87,11.04,32.04
5.44,-0.53,9.72,32.02
6.83,-1.41,6.73,32.03
3.67,0.15,7.75,32.04
-3.0,-0.28,9.93,32.05
1.71,-0.27,10.43,32.02
4.98,-1.01,9.95,32.02
4.86,-0.88,7.73,32.03
1.44,-1.07,9.02,32.02
-2.7,0.65,9.67,32.02
-1.28,0.16,10.04,32.04
2.87,-0.33,11.15,32.04
4.91,-0.93,8.23,32.03
3.99,-0.74,7.57,32.0
-0.37,-0.67,9.44,32.05
-1.04,1.11,9.48,32.01
2.65,-0.99,10.56,32.0
6.05,-1.23,9.01,32.03
3.74,-1.44,8.78,32.01
-0.95,0.04,9.09,32.04
-0.83,-0.69,11.71,32.03
2.91,-0.93,11.02,32.06
5.5,-0.86,9.18,32.02
3.66,-1.07,8.3,32.02
-1.79,-0.24,10.51,32.04
-1.25,-0.73,11.33,32.04
3.96,0.14,9.03,31.99
6.31,-1.07,9.32,32.03
1.09,-1.07,7.99,32.02
-2.47,0.33,9.58,31.99
-1.05,-0.45,10.77,32.04
1.88,0.67,9.49,32.04
5.38,-1.21,7.98,32.01
1.01,-1.95,8.69,32.02
-3.53,-0.45,9.82,32.01
-1.15,-0.64,11.33,32.03
1.21,-0.34,10.09,32.03
6.02,-0.82,7.93,32.02
3.08,-2.18,8.85,32.04
-2.79,1.69,7.56,31.96
-0.12,-0.06,11.4,32.02
2.22,-1.08,10.03,32.02
3.36,0.7,7.24,32.07
3.03,-1.01,7.42,32.02
-3.35,1.21,8.16,32.02
-4.07,-0.44,10.98,32.04
2.74,0.18,10.27,32.03
4.42,-1.09,8.42,32.03
-3.55,1.42,7.79,32.05
1.16,1.19,9.8,32.01
3.03,-1.15,9.82,32.07
3.95,-0.13,6.86,32.01
4.05,-2.02,8.7,32.02
-1.67,0.28,9.73,32.05
1.78,-0.37,10.48,32.04
6.45,-1.45,11.08,32.08
6.45,-1.71,7.56,32.04
4.57,-0.4,7.54,32.05
-0.53,0.18,9.25,31.98
0.8,-0.22,11.05,32.04
5.19,-2.17,10.46,32.0
5.29,-0.77,7.09,31.99
2.36,-1.35,7.89,32.06
-3.1,0.98,10.01,31.99
0.83,-0.57,10.56,32.04
5.24,-0.81,10.02,32.06
4.74,-1.17,7.53,32.01
3.68,-0.3,8.9,32.08
5.46,-1.5,7.82,32.06
0.76,-0.59,7.53,32.0
-2.65,1.28,9.14,32.0
-0.23,-0.42,11.43,32.07
2.39,-0.05,9.09,32.01
4.0,-0.16,7.35,32.02
0.59,-0.64,7.99,32.03
-2.74,1.42,8.7,32.01
0.04,-0.4,10.76,31.99
3.31,-0.38,8.54,32.07
4.95,-0.76,7.53,32.0
0.83,0.6,7.25,32.02
-2.63,0.69,9.31,32.07
2.05,0.14,10.15,32.0
4.75,-1.38,9.43,32.07
6.55,-0.28,7.31,32.03
2.48,-0.39,7.64,32.04
-1.92,0.67,9.08,32.02
1.57,0.22,10.2,32.03
-0.87,0.12,10.02,32.02
-0.45,-0.79,11.62,32.05
3.15,0.6,8.26,32.05
5.81,-1.64,7.9,32.03
-0.53,-1.4,8.08,32.0
-4.01,0.64,9.99,32.04
1.64,0.5,8.98,32.06
5.22,-0.6,8.87,32.05
5.13,-0.71,7.43,32.02
-0.62,-1.02,7.49,32.07
-2.64,0.04,9.82,32.03
0.89,0.23,10.0,32.03
3.3,-0.36,9.54,32.0
4.35,-0.93,7.89,32.06
-0.89,-0.26,7.15,32.01
-2.98,1.37,10.15,32.01
1.46,0.24,10.42,31.99
3.44,0.07,8.03,32.02
4.67,-0.85,7.35,31.99
2.22,-0.71,7.83,32.05
5.89,-1.71,9.14,32.01
4.31,-2.32,8.82,32.03
-1.73,-0.29,8.44,32.01
-2.36,0.13,11.0,32.02
-1.06,0.36,11.12,32.0
3.57,-0.34,9.31,32.03
2.99,-2.61,8.84,32.01
-3.43,0.94,8.56,32.0
-1.78,-0.01,11.35,32.06
-0.08,-0.15,10.77,32.04
3.92,-0.19,7.67,31.99
4.15,-1.78,8.07,32.05
-4.36,0.19,9.0,32.01
-3.12,1.02,10.82,32.04
1.7,-1.14,11.26,32.03
3.55,-0.62,9.19,32.01
4.05,-1.25,8.52,32.0
-1.78,-0.85,9.25,32.05
-3.18,0.11,11.37,32.03
-0.62,0.3,10.19,32.03
2.99,-0.22,8.57,32.01
3.57,-0.93,7.88,32.03
-2.68,-0.51,8.23,32.03
-2.33,1.45,9.92,32.04
0.85,-1.5,10.87,31.98
3.49,-0.72,8.94,32.04
2.35,-0.08,6.58,32.0
-3.18,0.04,8.02,31.97
-3.15,0.85,10.21,32.04
0.24,-0.35,10.17,32.05
5.03,-0.52,8.23,32.05
4.41,-1.75,7.25,32.0
-0.57,-0.01,7.89,32.02
-1.3,0.47,10.24,32.0
2.53,-0.85,10.25,32.0
4.78,-1.2,7.97,32.06
3.63,-1.6,8.13,32.02
-0.62,0.75,8.45,31.99
-2.38,0.39,10.24,32.07
1.76,-0.77,10.76,32.04
4.71,-1.8,8.64,32.04
5.75,-0.22,6.79,32.04
1.05,0.22,8.59,31.98
0.01,-0.13,10.36,32.06
5.15,-0.21,9.61,31.98
6.12,-2.49,8.36,31.97
4.02,-1.22,7.48,32.01
1.72,0.2,9.11,31.99
1.7,-0.53,9.93,31.97
4.87,0.05,9.52,31.99
7.38,-1.51,8.45,32.05
5.57,-0.29,7.42,32.02
0.72,-0.09,8.39,32.02
-0.83,0.25,9.34,32.01
2.99,0.69,9.68,32.01
7.6,-2.29,8.64,32.02
3.15,-0.41,7.53,32.04
-0.24,0.11,8.42,32.03
1.0,0.27,10.24,32.0
3.54,0.43,9.73,32.02
7.23,-1.16,7.83,32.02
2.63,-1.1,7.23,31.99
-1.63,0.72,8.88,32.03
0.93,-0.05,10.64,32.01
3.39,-0.66,10.43,32.07
6.54,-1.12,8.54,32.01
2.55,-1.44,7.86,31.99
-0.72,0.35,8.32,32.0
-0.87,-0.07,11.44,32.01
2.53,-0.11,10.3,31.99
-4.62,0.78,9.68,32.05
1.0,-0.85,11.12,32.04
3.45,-0.44,8.71,32.03
5.35,-0.46,7.36,32.02
2.57,-0.69,8.62,32.02
-2.19,0.86,9.04,32.02
1.49,0.82,9.59,32.0
5.57,-1.74,10.34,32.0
4.74,-1.31,8.14,32.04
2.27,0.69,6.56,32.06
-0.68,-0.25,9.02,32.0
-2.8,1.05,10.56,32.0
3.71,-0.76,8.4,32.03
5.08,-1.0,7.66,32.04
2.97,0.43,5.7,32.02
0.82,0.46,8.29,32.02
-2.25,0.46,9.96,31.99
3.32,-0.39,9.58,32.0
6.32,-1.78,8.81,32.04
3.39,-1.24,7.28,32.02
1.53,-0.35,7.51,31.98
-1.0,1.09,9.1,32.02
0.82,0.67,10.98,32.01
3.68,-1.31,8.99,31.99
6.26,-1.05,7.19,32.01
3.21,-0.74,7.79,32.01
-0.05,0.28,9.21,32.02
3.29,0.13,10.72,31.98
6.32,-1.51,9.43,31.95
6.16,-1.18,7.52,32.0
1.75,-0.24,8.01,31.99
0.02,0.34,9.31,32.03
1.61,0.02,10.69,32.01
5.76,-1.64,9.73,32.0
5.56,-0.98,8.11,32.01
1.99,-1.24,8.72,32.02
0.29,0.35,9.94,32.02
1.78,-0.06,11.07,31.99
6.06,-1.31,10.11,31.99
5.64,-2.03,8.45,31.99
-0.85,-0.55,7.9,32.01
-2.79,1.05,9.47,32.01
1.64,-0.79,11.26,32.02
5.05,-1.03,10.41,32.03
6.48,-1.44,7.83,31.96
0.4,-0.55,8.54,31.97
-2.41,0.49,10.7,32.0
3.74,-0.34,10.72,32.0
6.26,-1.72,10.21,32.01
4.17,-1.2,8.27,31.98
1.36,-0.17,8.35,31.98
-1.23,-0.32,10.61,31.98
0.93,0.44,10.34,32.02
6.5,-0.79,9.6,32.02
5.39,-1.48,8.06,31.99
-2.98,-0.61,9.01,31.99
-2.29,0.03,11.01,31.99
0.21,-1.26,11.13,32.0
3.4,0.13,9.12,31.99
4.16,-2.22,8.42,32.04
6.48,-1.33,8.17,32.01
3.15,-0.81,7.35,31.97
0.64,-0.27,7.81,32.0
-2.78,0.33,10.28,31.97
2.75,-0.3,10.6,31.97
5.37,-1.49,9.06,32.02
6.08,-0.87,6.92,32.02
2.25,-0.83,8.13,32.02
-1.18,1.16,8.99,31.97
2.3,0.75,9.97,31.99
4.73,-1.72,9.31,32.02
5.68,-0.55,7.57,31.99
2.36,-0.44,7.92,32.02
-1.32,-0.15,10.08,32.02
0.24,0.04,10.68,32.0
6.04,-1.46,9.43,32.02
5.5,-1.18,7.63,31.99
0.78,-0.63,8.4,32.03
-0.24,0.31,9.96,32.01
1.89,0.33,10.07,31.98
5.98,-1.17,9.02,31.99
4.93,-1.27,7.7,32.0
0.62,-0.25,8.9,32.01
-0.45,0.16,10.18,32.04
2.47,-0.14,10.44,32.02
5.78,-1.27,9.27,32.01
4.49,-1.52,8.11,31.99
0.83,-0.1,8.39,31.98
-2.99,0.62,9.79,31.99
0.83,0.37,10.54,31.97
4.49,-1.76,10.13,32.02
3.24,-1.44,7.26,31.97
-0.28,-0.07,8.91,31.99
-1.98,-0.48,11.07,32.02
0.79,0.11,9.35,31.98
4.79,-0.95,9.1,32.0
2.34,-1.7,8.54,31.98
-2.87,0.0,9.0,31.99
-1.57,-0.04,10.62,31.98
-0.13,-1.05,10.95,31.97
2.95,-0.45,9.17,31.95
2.6,-2.04,8.72,32.02
-2.61,0.5,8.9,31.99
-2.75,-0.33,10.76,32.0
-0.05,-0.07,10.07,32.0
3.4,0.01,7.76,32.0
4.11,-1.51,7.8,32.0
-2.37,0.49,8.15,31.96
-2.2,0.94,9.97,32.01
1.52,-0.07,10.16,32.0
3.43,-0.76,8.8,32.0
3.53,-0.81,6.67,31.98
-2.17,0.82,7.54,31.97
-3.43,0.06,10.7,32.04
0.4,-0.32,9.96,32.0
3.67,-0.73,8.57,32.02
3.01,-1.09,7.45,31.97
-3.57,0.0,8.69,31.99
-0.21,-0.84,8.94,31.94
-0.39,0.15,8.99,31.98
-0.98,-0.29,10.51,32.01
3.43,-0.38,10.03,32.02
5.86,-1.82,9.53,31.94
3.12,-1.27,8.21,32.03
-1.48,-0.13,9.98,32.02
-1.54,-0.68,10.87,32.02
1.05,-0.23,10.27,32.01
5.04,-1.04,8.79,32.03
2.94,-1.37,8.12,31.97
-3.01,-0.35,9.33,32.02
-2.35,0.35,10.59,32.01
0.81,-0.17,10.59,31.97
3.97,-0.91,8.51,32.0
2.02,-1.05,7.56,32.04
-2.52,0.29,8.85,32.0
-2.06,0.18,10.64,31.98
2.43,-0.67,9.89,32.03
3.73,-1.23,8.62,31.98
2.78,-0.69,7.6,31.99
-3.04,0.11,9.32,31.99
-3.2,-0.09,10.76,31.96
1.64,-0.39,10.22,31.94
3.84,-1.1,9.25,31.97
2.87,-1.16,7.39,32.0
-2.45,0.02,9.11,31.97
-3.07,0.46,11.27,32.02
2.21,-0.27,9.97,31.98
4.54,-1.14,8.15,31.99
2.64,-0.41,6.91,31.99
-2.83,0.34,8.81,31.97
-1.3,1.39,10.06,31.98
3.16,-0.94,10.51,32.04
5.07,-0.61,8.09,31.99
5.68,-0.98,7.37,32.02
0.57,0.0,8.83,31.98
-0.97,0.78,9.98,31.99
4.22,-0.02,9.54,31.97
6.12,-1.22,8.18,31.97
4.46,-0.59,7.15,31.98
2.39,-0.06,7.71,32.0
-2.11,0.93,9.11,31.97
1.3,0.48,10.5,32.02
4.93,-2.25,9.71,31.99
5.14,-0.9,7.15,31.99
1.89,-0.25,7.53,31.99
-0.8,-0.02,9.66,31.96
0.91,0.52,10.39,32.0
6.01,-2.26,9.95,31.96
5.65,-1.81,8.05,31.98
1.74,-0.32,7.49,31.99
-0.9,0.11,9.68,32.02
1.56,0.1,10.1,32.0
6.39,-1.82,9.65,32.03
5.4,-1.38,7.98,31.97
1.59,-1.03,8.45,31.96
-1.53,0.03,10.37,31.96
0.9,-0.28,10.11,31.97
4.17,-0.43,10.19,32.0
4.6,-1.39,8.32,31.98
0.19,-0.44,8.62,32.03
-3.15,0.38,9.89,32.04
1.35,-0.04,9.98,32.02
4.14,-0.81,9.9,32.01
4.75,-1.61,8.03,32.03
-0.12,-0.17,9.33,32.01
-2.17,-0.22,10.54,31.95
1.17,0.37,9.89,31.98
5.28,-0.86,9.26,32.03
4.66,-1.16,8.5,31.95
-0.31,-0.11,8.82,32.01
-1.63,-0.2,10.21,31.99
0.52,-0.02,9.67,32.06
3.96,-0.66,9.14,31.98
4.94,-0.86,7.92,31.97
-0.68,-0.01,8.32,32.06
-3.86,-0.01,10.8,31.97
5.06,-1.61,8.17,31.96
3.98,-0.52,8.03,31.98
-0.28,-0.6,9.62,32.0
0.63,0.3,10.46,32.01
3.8,-0.33,9.82,31.98
6.27,-1.58,8.63,31.99
3.35,-0.49,7.68,31.96
-1.3,-0.03,9.41,32.04
-1.09,0.22,10.78,31.97
3.73,0.0,9.92,31.99
6.13,-1.46,8.37,31.95
1.47,-0.74,7.85,31.96
-1.55,-0.28,10.6,31.96
-0.84,-0.02,11.05,31.97
3.53,-0.91,9.92,31.94
5.17,-1.54,9.31,32.0
2.19,-1.23,8.77,32.0
-1.14,0.42,10.6,32.01
-1.16,-0.58,10.71,31.99
2.87,-0.19,9.21,31.97
-1.51,0.33,10.87,31.97
2.17,-0.62,10.58,31.94
4.69,-1.0,7.95,31.99
4.88,-1.08,7.3,31.95
-2.2,0.17,8.49,31.96
-2.24,0.81,10.56,31.97
1.77,-0.18,10.24,31.98
4.28,-1.25,8.59,31.97
3.13,-0.45,7.49,31.99
-1.38,0.38,7.78,31.97
-0.86,1.0,10.42,32.0
1.09,-0.66,11.09,31.99
5.47,-1.4,8.43,31.99
4.22,-0.84,7.3,32.0
-1.35,-0.12,8.61,31.99
-1.55,0.51,9.88,31.98
4.36,-0.95,10.22,31.99
5.3,-1.57,8.29,31.97
4.84,-1.05,7.11,32.01
0.54,0.01,10.54,31.97
5.49,-1.14,9.69,31.99
4.41,-1.96,8.49,31.99
-1.03,0.11,8.71,31.97
-2.32,-0.34,10.85,31.97
0.5,0.63,9.71,32.01
4.95,-1.43,9.3,31.99
4.06,-0.95,8.19,31.98
-1.06,-0.11,8.53,31.91
-2.53,0.2,10.55,32.03
1.35,-0.23,10.03,31.97
5.97,0.12,8.27,32.01
6.56,-1.7,7.76,31.97
-1.27,-0.28,8.61,31.97
-3.09,0.75,10.85,31.98
1.62,-0.48,10.48,32.0
3.54,-0.69,8.83,32.01
5.44,-1.07,8.09,31.97
-0.75,-0.22,8.75,31.96
-2.15,0.86,10.65,32.0
-0.39,-0.28,11.02,31.96
3.35,-1.01,9.78,32.0
5.36,-1.54,7.63,32.0
1.99,-0.91,7.28,31.99
-2.34,0.94,8.65,31.98
-1.37,-0.5,11.17,31.97
3.54,-0.34,8.98,31.96
6.23,-0.48,7.09,31.98
2.73,-0.37,7.2,31.96
-3.36,0.96,8.46,31.97
-0.13,0.93,9.91,32.03
3.31,-0.96,9.88,31.97
3.91,-1.51,8.24,32.01
2.23,-0.48,7.11,32.04
-2.25,0.28,8.94,31.99
-1.62,0.76,11.16,31.99
2.95,-1.33,9.84,31.95
6.15,-0.6,7.28,31.96
1.38,-0.52,7.4,31.98
-0.36,0.12,8.02,31.97
-3.69,1.4,9.41,32.01
-0.11,-0.59,10.3,32.01
1.47,0.44,8.49,32.03
3.74,-0.57,7.69,32.02
0.58,-0.2,8.57,32.01
-3.2,0.81,9.11,31.99
0.93,-0.75,10.6,31.97
4.71,-1.19,9.68,32.02
5.62,-1.58,7.96,31.99
2.32,-0.55,8.23,32.01
-0.68,-0.0,9.54,31.98
3.35,1.03,10.02,32.0
5.16,-1.4,9.51,31.99
4.96,-0.54,6.88,32.02
1.64,0.05,7.94,32.03
-1.4,-0.13,9.92,31.99
1.42,0.19,10.53,32.04
5.92,-1.96,10.04,32.01
3.75,-0.64,7.07,31.95
2.46,0.13,10.01,31.98
5.66,-1.29,8.45,31.97
3.74,-1.14,7.93,31.98
-1.76,0.64,9.41,31.99
-0.57,0.05,10.62,32.02
2.38,-0.59,10.45,31.94
4.76,-1.36,7.93,31.96
3.8,-0.4,7.13,31.97
-2.15,0.21,9.36,31.98
-0.96,0.41,10.4,32.0
3.16,-0.94,10.09,31.95
5.24,-0.91,7.71,31.99
2.56,-0.14,7.48,31.96
-2.37,0.26,9.06,31.91
-0.58,0.84,10.37,31.94
2.28,-1.33,10.28,31.99
5.34,-0.52,8.11,32.02
4.12,-1.32,7.71,31.98
-1.95,0.62,8.64,31.99
-0.93,0.73,9.62,31.93
3.46,-0.93,10.09,31.96
4.95,-0.86,7.29,31.96
3.25,-1.37,8.07,31.97
-1.19,0.41,8.66,31.93
0.17,0.97,9.36,31.95
4.25,-1.37,10.77,31.97
4.52,-1.78,8.48,31.97
3.16,-0.74,7.69,31.97
-0.49,0.4,9.47,32.0
0.39,-0.87,11.05,31.97
4.32,-0.12,10.49,31.95
6.58,-2.39,9.13,31.99
3.78,-0.23,7.36,31.98
-1.02,-0.29,9.92,31.97
0.17,0.17,10.91,32.0
4.74,-0.03,9.84,31.97
6.78,-1.85,7.87,32.0
1.71,0.42,7.3,31.99
-1.76,-0.26,10.75,31.99
-0.14,0.12,8.96,31.97
0.0,0.52,10.42,31.93
3.04,-0.68,10.59,31.97
5.18,-1.96,8.58,31.99
3.76,-1.2,7.21,31.97
-1.64,-0.17,9.28,31.94
-1.27,0.07,10.57,31.94
3.12,0.32,9.81,31.96
5.36,-2.15,8.55,31.94
2.16,0.05,6.48,32.04
-0.79,0.09,8.6,31.96
-1.04,0.2,10.41,31.99
1.62,-0.58,10.3,31.96
5.69,-1.61,8.42,31.98
4.19,-0.57,7.76,31.94
-1.96,0.51,9.31,31.99
-0.38,0.56,9.53,31.98
0.74,-0.3,10.25,31.99
4.57,-0.24,9.25,31.97
6.1,-1.5,7.91,31.97
-1.91,-0.34,10.56,31.95
-1.7,-0.51,10.75,31.97
3.03,-0.74,10.38,31.97
5.57,-1.59,9.69,31.96
2.73,-1.3,7.67,31.95
-2.45,-0.16,10.12,32.0
-1.3,-0.51,11.04,31.97
2.51,-0.17,10.17,31.96
4.98,-2.21,9.62,31.98
2.06,-0.88,7.87,32.0
-2.14,-0.13,9.65,31.99
-1.8,-0.14,11.31,31.99
0.76,-0.45,10.02,31.96
4.27,-0.17,8.23,31.97
1.53,-1.01,8.3,32.0
-4.73,0.56,9.28,31.99
-1.61,0.05,10.94,31.97
1.82,-1.15,11.07,32.0
3.03,-0.06,7.65,31.98
-2.05,0.62,8.46,31.95
-2.05,0.82,10.18,31.94
0.59,-1.11,10.66,32.02
3.48,-0.62,7.99,32.02
4.38,-0.89,7.47,31.95
-0.15,-0.15,8.53,31.99
-2.36,0.55,9.24,31.97
2.5,0.22,9.97,31.97
5.66,-1.08,8.63,31.97
5.94,-1.18,7.57,31.94
2.07,-0.62,7.75,32.01
0.45,0.84,8.9,31.97
1.97,-0.17,10.62,31.99
5.79,-1.03,9.05,31.93
4.52,-1.15,7.19,31.97
-0.59,-0.47,8.19,31.95
-1.26,-0.22,9.98,31.91
1.02,-0.35,10.94,32.02
5.6,-1.14,9.22,31.98
4.53,-1.78,8.23,31.96
-1.51,-0.44,10.76,31.95
1.89,0.14,9.5,31.99
5.19,-1.55,9.37,31.97
1.67,-1.15,7.94,32.01
-2.51,-0.68,9.96,32.01
-1.82,-0.63,10.73,31.97
0.94,0.04,10.55,31.98
3.78,-1.0,9.05,32.01
2.03,-1.26,7.8,31.97
-2.96,0.63,9.1,31.98
-1.67,0.1,11.08,31.98
1.29,0.24,9.74,31.97
3.7,-0.43,8.04,31.99
3.27,-1.17,7.75,32.01
-3.19,0.82,8.46,31.98
-1.33,0.62,10.0,31.95
1.63,-1.12,10.72,32.01
4.42,-0.29,8.2,31.97
4.13,-0.99,7.2,31.97
5.09,-0.75,10.17,31.92
6.39,-1.24,7.47,31.95
1.75,0.18,7.14,31.99
-1.74,-0.07,9.36,31.98
0.48,0.46,10.17,32.0
5.34,-1.11,9.52,31.98
4.94,-1.03,7.79,31.92
1.85,-0.97,8.14,32.01
-1.03,-0.08,9.79,31.94
1.03,-0.19,10.34,31.94
5.92,-0.83,9.49,31.97
5.53,-0.92,8.55,32.02
0.72,-0.66,8.28,31.92
-1.09,0.54,9.29,31.96
1.21,0.58,10.21,31.97
3.62,-0.64,10.21,32.01
4.93,-1.18,9.29,31.96
0.81,-0.48,7.46,32.0
-3.42,-0.17,10.92,31.96
-0.46,-0.12,10.36,31.96
-3.53,0.02,9.11,32.01
-5.26,0.76,10.17,32.01
0.82,-0.86,10.92,31.97
2.05,-0.54,8.6,31.96
4.02,-0.42,6.95,32.0
-0.51,-0.94,9.03,32.0
-4.75,0.54,10.3,31.95
0.62,-0.76,10.71,31.96
4.65,-1.25,8.87,31.95
4.94,-0.22,6.71,31.96
0.12,0.63,7.66,31.98
-1.23,0.19,10.17,31.99
1.76,-0.3,10.9,31.98
5.71,-0.33,7.57,32.0
5.67,-0.22,6.66,32.01
0.31,1.36,6.85,32.01
-2.5,0.74,9.02,32.02
-1.43,0.61,10.45,31.99
3.12,-0.5,9.74,31.99
4.08,-1.68,7.99,31.97
2.57,-1.23,8.07,31.97
-0.93,-0.59,9.4,31.97
-0.19,-0.24,11.48,31.97
3.32,-0.85,10.53,31.99
5.19,-0.71,7.64,31.97
3.38,-1.48,8.42,31.95
-1.78,0.47,9.22,31.97
0.11,0.3,10.43,31.95
2.99,-0.99,10.36,31.94
4.03,-0.91,7.78,31.97
3.59,-0.84,7.53,31.99
-1.79,0.16,9.28,32.01
1.08,0.25,10.22,31.94
4.71,-0.31,9.55,32.02
5.41,-1.87,8.17,31.94
1.85,-0.38,7.82,31.98
-2.41,-0.16,9.04,31.93
-1.3,-0.17,11.03,31.96
2.43,-1.11,10.73,31.95
4.99,-1.76,7.7,32.01
0.68,-0.55,8.71,31.97
-2.91,-0.55,10.13,31.94
1.36,0.53,10.54,32.0
4.87,-1.46,10.45,31.96
7.31,-1.19,7.34,32.01
2.48,-0.27,7.67,31.99
-1.27,0.48,10.41,31.97
0.71,-0.58,11.16,31.96
3.7,-0.14,8.64,31.96
5.25,-0.93,7.88,31.99
0.33,-0.58,8.62,31.99
-4.08,0.29,10.11,31.98
0.31,0.21,10.22,31.97
2.54,-1.09,9.54,31.97
4.53,-0.38,7.61,31.99
1.68,-1.97,8.74,31.97
-3.32,1.11,9.33,31.97
0.36,-0.05,10.58,31.96
2.71,-1.3,9.78,31.98
4.44,-0.77,7.53,31.97
0.86,-1.15,8.39,31.95
-3.37,0.19,10.69,31.95
-0.93,-0.34,10.56,31.98
4.24,-0.61,8.61,31.96
4.72,-1.08,7.81,31.97
1.79,-0.13,7.41,31.96
-2.25,0.06,9.68,31.97
-0.48,0.24,10.59,31.99
3.3,-1.0,9.13,31.97
4.79,-1.19,7.75,32.0
1.09,-0.53,7.64,31.94
-2.81,0.32,8.97,31.97
0.54,0.68,10.37,31.97
4.95,-1.04,9.12,32.03
6.2,-1.82,8.56,31.96
2.26,0.09,6.99,31.94
-0.64,1.56,8.0,31.99
1.07,0.87,10.58,31.94
-0.72,-0.24,9.32,31.96
-1.5,0.45,10.0,31.98
4.52,-0.04,10.3,31.98
4.47,-2.6,9.72,31.92
3.75,-1.02,7.92,31.98
0.88,-0.21,8.59,31.95
-0.72,0.59,9.86,31.97
2.59,0.0,10.57,31.94
6.57,-1.95,9.44,31.99
4.19,-0.63,7.38,31.97
-1.28,0.11,8.67,31.93
0.75,0.07,10.24,31.95
3.9,-0.38,9.96,31.96
6.08,-0.58,7.6,31.94
3.52,-1.44,8.46,31.99
-2.41,-0.01,9.11,31.97
-0.56,0.08,10.78,31.94
3.48,-0.91,11.12,31.96
6.11,-1.58,9.14,31.97
1.92,-1.32,8.37,31.98
2.69,-0.81,10.38,31.92
3.91,-1.42,8.28,31.93
1.33,-0.42,7.58,31.96
-2.91,0.55,9.54,31.96
-1.13,-0.19,10.39,31.98
2.76,-0.22,9.73,31.94
5.47,-0.91,7.49,31.99
1.16,-0.39,7.69,31.97
-2.52,-0.05,9.5,31.98
-1.43,-0.65,10.86,31.97
3.51,-0.47,9.73,31.98
4.16,-1.4,9.38,31.97
2.82,-0.34,7.17,31.97
-0.39,-0.86,7.78,31.98
-1.73,0.81,10.33,32.01
2.06,-1.03,10.65,31.96
4.73,-0.58,8.1,31.96
4.32,-1.05,7.24,31.95
-1.8,-0.31,8.69,31.97
-2.82,-0.51,10.45,32.02
-1.37,0.47,10.35,31.95
1.81,0.11,10.38,31.96
5.63,-1.26,9.04,31.93
4.42,-1.47,7.55,31.96
-1.11,-0.22,9.1,31.96
-2.28,-0.63,10.85,31.94
2.55,0.52,9.18,31.96
6.04,-1.18,9.15,31.96
2.57,-1.62,8.54,31.96
-3.01,-0.1,9.48,31.96
-2.61,-0.31,10.98,32.01
-0.3,0.29,10.22,31.96
4.34,-0.32,9.08,31.95
3.05,-1.49,8.82,31.97
-1.96,-0.67,9.46,31.99
-1.98,-0.37,11.31,31.98
1.8,-0.28,9.99,31.96
5.37,-0.3,8.49,31.98
3.7,-1.34,8.08,31.93
-4.68,1.62,9.06,31.96
-3.99,0.22,10.64,31.91
-0.19,0.13,10.38,31.93
2.58,-0.25,8.49,31.95
1.56,-0.35,7.61,32.0
-4.48,-0.68,9.91,31.96
-1.66,0.84,10.62,31.96
1.54,-0.95,10.66,31.97
3.66,-1.12,8.34,31.97
2.82,0.0,7.11,31.96
-1.76,-0.06,9.0,31.94
-1.61,0.43,10.45,31.97
1.97,-1.38,10.58,31.99
4.3,-1.06,8.48,31.96
5.14,-1.69,8.17,31.97
0.23,-0.85,8.76,31.98
-0.5,1.15,8.67,31.98
4.61,0.03,9.84,31.96
5.64,-1.11,7.96,31.99
3.62,-0.19,6.76,31.98
-1.22,-0.62,11.11,31.95
1.79,1.31,10.36,31.94
4.88,-2.23,10.4,31.91
5.59,-1.19,7.43,31.97
2.3,-0.54,7.75,31.95
-0.79,-0.13,9.93,31.95
0.6,0.94,10.6,31.93
5.84,-2.15,9.59,31.98
6.08,-0.71,6.89,31.98
1.17,-0.25,7.78,32.0
-0.57,1.12,9.84,31.93
1.58,-0.15,10.65,31.96
4.5,-1.06,9.37,31.94
5.7,-1.04,7.96,31.99
2.31,-1.27,8.27,31.95
-0.75,1.45,8.89,31.96
2.04,-0.03,9.95,31.96
5.88,0.6,8.49,31.95
4.58,-1.3,7.01,31.96
3.21,0.19,9.78,31.96
6.09,-1.11,7.81,31.95
0.5,-0.64,7.41,31.97
-3.45,1.23,9.12,31.99
0.28,-0.27,10.16,31.99
2.33,0.3,8.73,31.96
4.59,-0.66,7.18,31.97
-0.41,-0.33,8.28,31.98
-3.57,0.32,10.1,32.01
0.12,-0.54,10.69,31.97
2.47,-1.09,9.53,31.94
4.7,-0.45,7.03,31.96
2.1,-0.43,6.96,32.01
-4.41,0.54,9.3,31.98
-0.6,-0.1,10.96,31.97
3.85,-0.86,9.68,31.95
3.98,-0.89,7.65,31.94
0.61,-0.41,7.57,31.96
-3.39,0.13,9.44,31.99
0.23,0.23,11.68,31.98
-1.54,0.03,9.1,31.97
-1.4,-0.45,10.64,31.92
-0.28,0.0,10.73,31.94
3.3,-0.04,10.42,31.97
4.78,-1.72,8.56,31.97
-1.63,-0.78,8.64,31.97
-4.56,-0.52,11.68,31.94
-0.99,0.38,11.34,31.95
2.98,-0.9,10.11,31.94
5.01,-1.26,8.1,31.93
-1.92,-1.07,8.91,31.96
-3.96,0.55,10.11,31.94
-0.78,-1.26,12.15,31.97
0.31,-0.19,9.06,31.94
4.13,-0.5,7.22,31.97
-0.49,-1.9,9.24,31.99
-5.67,-0.06,10.47,31.92
0.62,-0.41,10.31,31.98
3.65,-0.59,9.84,31.93
3.27,-1.51,7.78,31.98
-2.13,-0.74,8.66,31.97
-0.59,-0.02,9.73,31.97
-0.15,-0.35,10.95,31.95
2.35,-0.28,7.82,31.96
7.15,-0.98,7.36,31.93
1.43,-0.56,7.42,31.97
-4.19,1.23,9.65,31.98
0.86,-0.62,10.91,31.94
4.02,-0.19,8.26,31.96
4.51,-0.83,7.18,31.97
0.85,0.44,7.09,31.98
-3.53,0.76,9.45,31.98
-0.15,0.32,10.63,31.98
3.91,-0.25,8.07,31.95
3.87,-0.61,7.63,31.97
-0.26,0.96,8.08,31.96
-1.4,-0.38,9.97,31.98
1.34,0.43,11.33,31.95
5.34,-1.28,9.56,32.03
5.83,-1.16,7.64,31.95
8.27,-1.43,7.96,31.93
5.38,-0.15,6.54,31.97
-1.63,0.7,7.06,31.94
-1.67,0.29,9.62,31.94
1.36,0.97,10.11,31.92
6.16,0.24,7.58,31.91
4.75,0.12,6.77,31.92
-2.53,0.63,7.33,31.93
-1.47,2.05,9.97,31.92
1.49,0.71,10.82,31.9
6.15,0.45,7.41,31.93
4.9,-1.2,6.71,31.94
-2.27,0.04,8.34,31.92
-0.48,1.98,8.47,31.96
3.43,-0.12,10.52,31.99
6.99,-0.18,7.9,31.92
4.62,-1.01,6.73,31.92
-2.33,0.64,8.3,31.95
-3.08,0.75,10.82,31.93
2.11,0.13,10.52,31.92
7.36,-0.51,8.26,31.91
4.26,-2.49,8.64,31.96
-3.06,-0.8,9.51,31.94
0.18,-0.58,10.74,31.93
2.61,0.23,10.66,31.89
4.84,0.08,7.75,31.88
3.74,-1.41,7.54,31.94
-0.74,0.52,8.51,31.91
-1.64,0.8,10.98,31.9
3.11,-0.06,9.9,31.93
6.69,-0.82,7.14,31.95
3.57,-1.13,6.97,31.93
-0.55,-0.96,7.98,31.93
0.69,0.29,11.71,31.89
1.4,-0.19,10.72,31.91
3.46,0.17,8.4,31.9
5.73,-0.55,6.59,31.89
-1.27,-0.18,7.03,31.89
0.21,0.8,10.32,31.92
0.61,-0.13,10.74,31.95
4.09,0.44,8.52,31.91
5.7,-1.67,7.53,31.9
0.12,-0.9,7.79,31.94
-1.12,0.79,10.0,31.92
0.4,-0.5,11.08,31.92
3.4,-0.59,8.03,31.93
5.45,-0.28,6.9,31.93
-0.25,-0.37,8.33,31.91
-2.31,1.35,9.26,31.93
1.78,-0.4,11.2,31.89
4.97,-0.94,9.23,31.92
5.88,0.55,6.03,31.9
1.29,-0.57,7.85,31.91
-0.36,0.88,9.45,31.93
3.23,-0.7,11.62,31.91
5.31,-0.19,8.14,31.95
6.23,-1.0,7.13,31.89
0.79,-1.16,9.43,31.95
-2.4,1.99,8.33,31.94
-1.39,-1.05,9.65,31.94
-2.54,-0.87,10.54,31.92
0.04,0.39,10.57,31.91
3.34,-0.81,9.92,31.91
2.39,-1.79,7.83,31.92
-3.14,-0.26,8.5,31.96
-2.86,-0.49,12.09,31.92
0.65,0.09,10.76,31.99
4.72,-1.19,8.38,31.92
3.12,-1.32,7.49,31.92
-2.68,-0.41,9.49,31.97
-3.29,-0.13,10.52,31.93
1.36,-0.09,10.7,31.94
4.34,-1.95,8.92,31.89
3.51,-1.69,6.47,31.91
-2.6,0.01,8.33,31.93
-2.49,1.23,10.16,31.93
2.31,-0.23,9.9,31.91
3.39,-0.8,8.43,31.94
4.14,-1.03,7.21,31.94
-2.12,-0.14,8.49,31.92
-2.87,0.12,11.66,31.87
2.33,-0.84,10.46,31.92
5.36,-0.36,7.91,31.92
4.11,-0.63,7.39,31.96
-3.04,-0.2,8.39,31.9
-1.16,0.84,10.04,31.93
1.59,-0.33,11.16,31.9
4.85,-0.61,8.2,31.87
4.48,-0.01,5.63,31.92
-1.84,1.16,7.55,31.93
-1.18,1.35,10.1,31.93
1.09,-0.45,11.31,31.88
5.14,-0.25,7.56,31.88
4.79,-1.08,7.06,31.92
-2.08,0.3,8.21,31.93
-1.01,1.24,9.97,31.93
2.22,-0.67,11.02,31.93
5.9,-0.52,7.53,31.91
4.41,-1.36,6.81,31.92
-0.72,0.77,8.72,31.89
1.6,0.37,9.33,31.9
4.9,0.4,7.78,31.9
2.71,-1.51,8.81,31.91
-1.05,-1.74,8.77,31.89
-3.3,1.38,10.06,31.9
3.07,-0.97,9.42,31.92
3.31,0.84,7.18,31.91
5.34,-1.64,8.21,31.9
-1.28,0.02,8.07,31.94
-4.63,0.21,10.53,31.92
0.11,-0.8,11.27,31.91
3.55,-0.41,9.0,31.91
5.58,-0.77,7.11,31.91
-0.79,-2.01,8.81,31.9
-4.48,-0.39,10.15,31.95
0.59,-0.1,10.37,31.95
2.62,-0.35,8.89,31.92
2.86,-0.15,6.79,31.92
-0.87,-2.03,8.43,31.92
3.46,-1.35,11.02,31.92
6.23,0.05,7.2,31.9
5.18,-1.64,6.77,31.91
-2.09,1.19,8.82,31.89
0.38,0.56,10.33,31.89
6.55,-0.22,9.64,31.89
6.28,0.49,6.82,31.9
3.75,-0.83,7.39,31.94
-0.05,-0.83,10.32,31.88
-1.09,0.56,9.11,31.94
6.19,-0.19,9.45,31.86
6.16,-1.47,8.48,31.93
2.94,-0.75,6.93,31.89
-0.55,-0.27,9.24,31.9
0.71,0.29,10.4,31.96
4.64,0.36,8.86,31.87
4.94,-0.83,7.85,31.93
2.73,-1.88,8.57,31.93
-1.61,0.55,8.74,31.91
0.68,0.52,9.91,31.92
-2.98,0.66,8.7,31.89
-2.19,1.36,9.21,31.92
3.25,0.82,9.54,31.95
5.28,0.54,8.13,31.9
5.06,-1.04,7.13,31.91
-1.59,0.03,6.96,31.89
-3.09,0.66,9.87,31.89
1.4,0.11,10.53,31.91
4.24,-0.51,9.14,31.84
3.9,-1.51,7.1,31.9
-2.82,-0.0,7.74,31.89
-3.67,0.78,9.55,31.91
0.64,0.29,11.41,31.94
3.71,-0.2,8.96,31.89
4.42,-1.12,7.74,31.9
-1.55,-0.91,8.85,31.92
-2.74,-0.09,10.82,31.92
2.73,0.31,10.0,31.9
4.79,-0.56,8.35,31.95
3.69,-1.44,7.22,31.91
-1.64,0.1,8.7,31.88
-1.87,0.14,8.63,31.93
-1.11,0.94,11.74,31.86
4.37,-0.78,8.91,31.9
5.67,-0.37,6.38,31.9
1.67,-1.86,7.89,31.91
-3.68,0.33,9.79,31.9
2.53,0.72,10.41,31.93
6.32,-1.18,10.48,31.9
7.03,-0.15,7.04,31.9
4.94,-1.61,6.97,31.92
-0.23,0.66,9.05,31.92
2.35,0.61,8.63,31.9
6.28,0.26,8.84,31.94
6.04,-0.24,7.54,31.93
1.3,-0.83,7.35,31.92
-1.81,-0.03,9.67,31.92
0.11,0.35,10.71,31.89
5.42,-0.12,9.36,31.93
3.16,-2.13,7.83,31.92
1.56,-0.28,9.97,31.93
1.32,0.98,9.29,31.87
5.33,-0.72,7.65,31.9
1.29,-1.81,8.77,31.92
-5.22,-0.75,10.69,31.89
-0.96,0.11,11.27,31.91
3.56,0.0,9.44,31.9
3.16,-0.6,7.8,31.93
-0.02,-0.91,8.47,31.91
-3.55,-0.25,11.02,31.9
0.72,-0.26,11.24,31.92
3.98,-0.93,10.11,31.89
6.51,-0.91,7.52,31.89
2.53,-0.91,8.48,31.91
-2.76,-0.02,10.13,31.84
2.39,1.24,9.79,31.88
7.0,-1.38,9.26,31.93
6.22,-1.12,7.48,31.91
2.34,-0.84,7.66,31.96
0.6,0.11,9.11,31.9
2.07,0.72,10.46,31.88
4.21,-0.08,8.42,31.87
5.43,-0.16,7.22,31.88
0.81,-0.23,7.22,31.9
-1.24,0.81,8.63,31.9
3.12,0.38,10.2,31.91
5.81,-1.05,9.02,31.9
5.5,-0.98,6.7,31.87
1.46,-0.81,7.43,31.89
-0.37,-0.03,9.53,31.91
2.0,0.09,10.59,31.89
5.47,-1.62,9.13,31.92
3.62,-1.42,7.81,31.86
-1.42,-0.67,7.4,31.88
-1.78,-0.27,10.11,31.9
0.17,-0.25,11.42,31.89
5.38,-0.54,9.17,31.89
3.35,-1.5,7.93,31.94
-0.72,-0.54,8.74,31.93
-0.51,-0.5,10.26,31.91
2.88,-0.16,11.43,31.88
5.83,0.14,10.13,31.9
5.25,-1.94,7.89,31.89
4.75,-1.52,7.4,31.9
-0.81,-1.21,10.09,31.9
1.98,0.11,9.97,31.89
3.33,-0.39,10.29,31.87
5.67,-0.29,6.97,31.88
4.3,-1.58,6.72,31.9
-2.53,0.47,8.38,31.88
0.02,0.95,10.0,31.88
3.48,-1.64,10.69,31.89
5.13,-0.21,6.19,31.89
4.18,-0.55,6.19,31.9
-4.13,-0.1,9.22,31.89
-0.83,2.24,8.95,31.86
5.91,-3.0,10.56,31.88
3.76,-0.35,7.95,31.87
2.85,-0.51,6.48,31.86
-0.67,0.56,10.03,31.89
0.9,-0.45,11.86,31.86
5.89,-2.17,10.95,31.91
7.79,-1.59,8.03,31.89
3.58,-1.28,7.62,31.87
-0.54,-0.62,9.84,31.89
1.92,0.26,11.07,31.87
1.59,0.24,11.13,31.89
5.48,0.46,8.21,31.9
6.21,0.36,6.38,31.94
-0.04,-0.08,7.22,31.91
-4.33,1.31,8.61,31.9
1.77,0.46,9.88,31.9
5.14,-0.5,8.93,31.89
4.59,-0.97,6.78,31.9
0.53,-1.03,8.02,31.89
-1.23,-0.98,10.91,31.91
0.66,-0.26,10.56,31.85
5.23,-0.21,8.46,31.92
6.52,-1.59,7.4,31.89
1.21,-0.97,7.49,31.97
-0.51,0.4,9.01,31.89
3.34,0.95,10.29,31.9
5.6,-1.35,10.53,31.9
4.55,-0.98,7.34,31.86
2.05,-0.61,7.82,31.85
5.61,-2.1,7.92,31.86
-1.16,0.17,6.92,31.9
-1.07,0.08,9.83,31.89
0.46,0.25,10.88,31.88
4.06,0.33,8.86,31.88
5.41,-2.22,9.04,31.89
-1.76,-1.66,9.45,31.87
-2.67,0.47,9.77,31.95
1.34,0.06,10.17,31.88
4.06,0.2,8.17,31.87
4.56,-1.36,6.95,31.89
-1.16,-0.24,8.03,31.87
-3.7,0.19,10.59,31.9
-1.59,0.49,10.5,31.86
4.18,-0.92,9.04,31.89
4.43,-0.35,8.09,31.89
1.4,-1.88,7.3,31.92
-4.49,-0.36,9.58,31.91
-1.68,0.47,10.74,31.91
1.47,0.8,9.94,31.88
2.75,-0.12,9.99,31.87
6.7,-1.97,8.89,31.85
2.11,-1.68,8.53,31.91
-1.5,0.57,9.43,31.87
-2.59,-0.57,11.62,31.88
0.45,-0.26,9.7,31.82
4.43,-1.12,8.29,31.87
1.22,-1.36,8.87,31.89
-3.94,0.38,10.2,31.86
-1.74,-0.23,10.98,31.88
0.69,-0.2,10.24,31.85
3.26,-0.68,8.78,31.86
2.02,-1.81,8.32,31.87
-4.0,0.62,9.12,31.91
-2.52,-0.87,11.21,31.85
2.02,0.21,9.98,31.89
6.15,-1.35,7.91,31.88
2.68,-1.61,7.75,31.86
-2.79,0.4,10.05,31.87
0.38,0.5,10.68,31.89
2.82,-1.31,9.99,31.84
4.37,-0.24,6.86,31.92
4.35,-0.34,6.79,31.82
-1.56,0.94,8.71,31.89
-1.24,-0.09,10.83,31.9
3.33,-1.06,10.07,31.84
4.94,-0.62,7.79,31.84
1.84,-0.41,7.1,31.83
-3.55,0.23,9.17,31.85
-1.61,-0.18,11.7,31.88
2.23,-0.57,9.49,31.87
4.96,-1.19,7.86,31.88
1.16,-0.02,7.15,31.85
-2.69,0.8,8.56,31.89
-1.24,0.52,10.43,31.87
1.92,-0.91,10.09,31.84
4.98,-1.23,7.82,31.88
1.87,-1.53,7.77,31.87
-2.24,0.24,8.86,31.84
-0.18,0.68,10.05,31.87
-0.37,0.73,8.67,31.88
-1.88,0.83,10.23,31.85
4.1,-0.73,10.53,31.86
7.0,-1.45,8.04,31.85
3.15,-0.87,6.98,31.85
-0.26,0.57,9.11,31.87
1.1,-0.37,10.74,31.84
5.25,-0.65,10.03,31.87
6.71,-1.78,8.19,31.87
3.98,-0.88,7.09,31.88
0.36,0.03,9.0,31.89
0.8,0.63,10.31,31.86
5.15,0.05,9.6,31.82
6.01,-1.87,8.28,31.88
1.93,-0.43,8.29,31.81
-1.12,-0.39,9.46,31.86
0.35,-0.11,10.74,31.83
2.73,-0.43,10.35,31.89
6.95,-1.58,8.46,31.88
3.16,-1.07,7.89,31.9
-2.43,1.0,8.8,31.88
1.54,-0.21,10.49,31.86
5.22,-1.09,10.84,31.92
7.04,-1.3,7.53,31.87
2.77,-1.28,8.11,31.88
-1.01,0.56,9.49,31.88
0.88,0.38,10.39,31.85
4.73,-0.88,10.1,31.87
7.02,-0.89,7.84,31.87
1.63,-0.33,7.38,31.87
-1.13,0.74,9.66,31.88
-0.15,0.06,10.46,31.85
2.2,0.07,9.0,31.89
4.97,-1.47,8.19,31.89
1.85,-1.02,8.05,31.84
-4.6,-0.11,11.37,31.8
-0.62,-0.92,11.51,31.85
3.61,-0.92,9.39,31.86
4.86,-1.54,8.41,31.85
0.49,-1.22,9.21,31.88
-3.37,0.94,10.23,31.86
-0.57,-0.66,11.4,31.91
4.21,-1.14,8.5,31.85
5.24,-0.81,7.86,31.87
-0.38,-1.36,8.85,31.92
-3.83,0.83,10.48,31.89
-0.75,-0.32,10.82,31.84
2.78,-1.79,10.56,31.88
3.57,-0.48,7.76,31.88
0.66,-0.06,7.68,31.83
-4.08,0.12,10.51,31.89
-2.3,0.16,10.81,31.86
4.17,-0.64,9.12,31.88
5.11,-1.76,7.86,31.85
0.69,0.28,7.2,31.91
-2.5,1.5,8.62,31.86
0.74,0.2,10.79,31.9
4.49,-0.77,8.1,31.88
6.66,-0.79,6.99,31.86
2.15,0.41,7.63,31.88
-2.55,1.23,8.29,31.87
3.99,-1.86,8.86,31.84
-0.22,0.29,8.55,31.84
-2.55,0.6,10.92,31.84
3.03,-0.12,9.53,31.86
6.25,-1.13,8.75,31.82
2.56,-1.18,7.66,31.85
-2.03,0.65,9.11,31.87
-1.46,-0.54,11.15,31.88
2.01,0.09,10.21,31.86
6.03,-0.58,8.65,31.87
4.19,-1.56,8.2,31.88
-2.87,0.44,8.98,31.89
-1.72,-0.13,10.83,31.86
1.7,-0.49,10.8,31.89
4.55,-0.8,8.82,31.88
2.19,-1.72,8.12,31.88
-3.43,-0.32,9.38,31.84
-2.12,0.6,11.4,31.87
2.29,-1.38,11.21,31.86
5.19,0.1,7.75,31.89
-0.24,0.26,10.49,31.89
5.06,-2.05,9.62,31.86
5.28,-0.84,7.71,31.91
1.09,-1.01,9.17,31.83
1.17,-0.41,8.76,31.88
-1.26,0.53,9.74,31.87
2.46,0.61,10.01,31.86
6.07,-1.71,8.45,31.87
5.39,-0.99,6.83,31.87
-0.75,0.59,9.22,31.85
0.64,0.62,10.1,31.85
4.58,-0.34,10.66,31.9
6.55,-2.83,9.77,31.82
3.59,-0.86,7.68,31.81
-1.17,0.35,9.24,31.88
-0.59,-0.13,10.88,31.84
3.16,-0.88,10.35,31.84
6.74,-1.45,8.58,31.84
2.65,-0.48,7.7,31.89
-1.15,0.22,9.35,31.9
3.06,-0.34,9.46,31.86
4.49,-0.78,9.9,31.87
4.31,-1.69,8.47,31.85
-1.7,-0.12,9.26,31.85
-3.1,0.23,10.73,31.88
0.12,-0.43,10.55,31.91
3.12,-0.68,9.76,31.85
4.89,-1.6,8.5,31.88
-1.57,-0.35,8.87,31.89
-2.84,0.48,10.17,31.86
1.2,-1.02,11.37,31.87
4.44,-0.71,8.76,31.87
5.92,-1.42,7.81,31.9
-1.08,-0.39,9.03,31.88
-4.27,0.43,10.23,31.87
1.93,-0.14,10.39,31.87
4.69,-1.24,8.62,31.85
4.81,-0.61,6.75,31.82
-0.88,0.04,8.17,31.86
-1.14,-0.28,9.36,31.82
-3.11,-0.1,9.74,31.87
-1.3,0.27,11.37,31.85
3.37,-0.82,10.55,31.89
5.94,-1.42,8.18,31.82
2.63,-0.52,8.06,31.89
-2.31,-0.07,9.86,31.83
-1.17,0.59,9.72,31.87
5.39,-0.74,10.26,31.85
7.17,-2.87,9.23,31.88
1.92,-0.64,7.9,31.87
0.33,-0.24,9.42,31.82
-0.59,0.78,10.81,31.9
3.81,-0.44,10.3,31.87
8.17,-2.34,9.05,31.91
1.22,-0.85,8.23,31.84
-0.91,0.45,9.24,31.9
0.35,0.41,10.89,31.88
4.2,0.21,9.12,31.86
6.54,-1.53,8.62,31.85
-2.26,0.16,8.76,31.86
-3.14,0.14,9.41,31.87
-0.77,0.11,10.04,31.86
2.98,-0.72,9.42,31.87
7.3,-1.51,8.76,31.86
1.94,-1.33,7.98,31.87
-2.26,1.54,9.32,31.86
0.2,-0.49,11.73,31.9
2.93,-0.44,9.31,31.86
5.47,-0.45,7.23,31.86
1.74,-0.23,8.01,31.85
-3.17,0.31,9.63,31.86
-1.5,-0.06,10.99,31.88
2.45,-1.2,9.75,31.85
3.97,-0.87,8.28,31.91
-0.44,-0.31,7.94,31.85
-4.36,0.45,9.79,31.87
-2.01,0.05,11.19,31.84
2.78,-0.91,8.83,31.85
4.43,-1.0,8.14,31.92
5.04,-0.99,7.67,31.88
-1.48,-0.28,8.43,31.84
-4.12,0.39,10.85,31.88
0.38,-0.27,10.69,31.82
2.96,-1.44,9.38,31.83
4.52,-0.49,7.65,31.84
-0.59,-0.48,7.82,31.9
-3.25,0.88,9.82,31.86
1.48,0.09,10.47,31.87
4.57,-0.7,9.06,31.82
4.96,-0.65,8.18,31.83
3.43,-1.52,8.15,31.87
-2.61,0.49,9.09,31.82
-0.71,0.09,11.06,31.88
3.52,-1.11,10.28,31.85
5.53,-1.3,8.49,31.88
2.49,-0.72,7.45,31.86
-2.02,1.24,8.4,31.89
-2.0,0.37,11.07,31.83
-1.81,-0.57,10.64,31.86
0.08,0.02,10.2,31.83
3.62,-0.94,10.42,31.83
6.0,-1.95,9.34,31.89
1.36,-1.13,8.53,31.82
-2.4,-0.39,10.13,31.82
-1.43,-0.01,11.19,31.87
1.55,0.19,10.83,31.87
3.98,-2.15,9.82,31.83
0.41,-0.93,8.22,31.82
-2.85,0.61,10.18,31.82
-0.57,0.4,10.84,31.87
1.81,0.04,9.69,31.82
5.85,-0.58,8.09,31.87
2.43,-0.77,7.92,31.85
-3.19,0.52,9.61,31.87
-0.27,-0.63,11.64,31.81
2.8,-0.61,9.43,31.85
4.6,-0.88,8.26,31.87
-3.56,-0.11,9.03,31.87
-3.93,0.84,9.69,31.89
-1.06,-0.15,11.01,31.84
1.9,-0.83,9.67,31.88
4.17,-0.7,7.55,31.84
1.88,0.01,6.77,31.85
-3.75,1.03,8.99,31.86
-1.49,1.28,9.59,31.82
3.0,-0.21,9.28,31.86
3.76,-0.78,7.57,31.86
0.79,0.41,6.75,31.83
-3.54,0.23,9.61,31.84
-1.08,0.6,10.7,31.85
2.96,-1.86,9.81,31.85
5.67,-1.4,8.58,31.84
1.07,-0.62,7.78,31.87
-2.3,1.24,8.91,31.86
0.3,0.14,10.59,31.83
4.02,-0.33,9.0,31.83
5.0,-0.49,7.7,31.84
2.35,-1.43,8.29,31.83
-2.64,-0.57,9.72,31.84
-0.9,0.72,10.57,31.88
3.73,-0.2,9.49,31.89
5.89,-1.53,9.03,31.83
3.61,-1.85,7.62,31.84
0.0,1.08,7.64,31.85
-1.02,0.33,11.1,31.84
2.79,0.59,9.56,31.84
5.82,-1.31,8.61,31.84
1.99,-0.55,7.22,31.82
-4.07,0.46,8.98,31.86
-0.68,0.8,11.43,31.86
3.03,-0.71,9.61,31.86
4.55,-0.54,7.75,31.83
2.69,-0.49,7.58,31.85
-2.32,1.6,8.14,31.85
0.29,1.12,10.17,31.87
3.5,-1.49,10.06,31.87
4.47,-0.58,7.77,31.9
1.42,-0.52,8.86,31.87
-1.74,0.54,9.17,31.88
2.94,-0.77,11.13,31.84
5.57,-2.08,9.37,31.86
5.36,-0.67,6.76,31.84
1.81,-0.04,7.12,31.85
-1.92,1.62,8.98,31.88
2.99,0.07,10.41,31.86
5.07,-1.98,9.32,31.87
4.94,-0.46,6.38,31.81
0.74,0.04,7.02,31.8
-1.14,1.13,9.78,31.87
2.79,-0.23,9.96,31.85
5.04,-1.22,8.12,31.85
5.45,-0.23,7.06,31.84
-1.21,-0.22,8.25,31.83
-1.13,0.89,9.73,31.87
4.72,-0.55,10.44,31.83
7.51,-1.71,8.79,31.84
-0.18,0.3,10.4,31.82
3.18,-0.9,9.71,31.84
2.85,-1.33,8.77,31.85
3.91,-1.07,8.22,31.84
-2.47,0.07,9.84,31.82
-2.51,-0.38,11.59,31.84
1.52,-0.53,9.89,31.84
6.16,-1.78,10.02,31.85
1.87,-1.56,8.44,31.83
-3.95,0.0,9.24,31.84
-1.58,-0.06,11.54,31.85
0.71,-0.22,10.5,31.86
3.48,-0.53,9.07,31.84
1.79,-1.31,8.09,31.79
-3.56,0.97,9.15,31.88
-1.0,-0.31,10.44,31.81
1.15,-0.24,10.43,31.87
5.16,-0.68,7.73,31.84
3.17,-0.22,7.06,31.85
-3.38,0.07,8.49,31.81
-0.95,-0.2,11.34,31.84
-1.19,-0.8,11.45,31.81
2.78,-0.24,8.96,31.85
4.79,-2.04,8.59,31.82
0.5,-1.07,8.82,31.86
-2.21,-0.2,10.79,31.84
-0.15,-0.45,11.3,31.86
3.23,-0.45,10.12,31.84
5.8,-1.29,8.67,31.84
1.69,-1.08,7.7,31.81
-2.81,0.15,10.1,31.83
-0.04,0.61,10.41,31.82
3.37,-0.16,9.48,31.84
6.8,-1.85,8.4,31.87
0.15,-0.74,7.58,31.85
-1.74,0.46,10.45,31.86
1.63,-0.62,10.87,31.9
2.9,0.27,8.78,31.88
6.13,-0.84,7.03,31.85
0.7,-0.29,8.1,31.84
-4.07,1.52,9.39,31.85
0.24,-0.31,11.47,31.82
3.26,-1.12,8.83,31.89
4.7,0.11,7.39,31.84
1.62,-0.3,8.15,31.85
-3.83,1.36,8.88,31.86
-0.1,0.13,10.69,31.87
4.31,-0.52,8.63,31.85
4.83,-1.27,7.84,31.84
0.25,-0.06,7.88,31.86
-3.43,-0.76,10.18,31.83
0.72,-0.33,10.99,31.81
4.81,-1.83,8.96,31.89
4.55,-1.21,8.12,31.84
0.61,0.4,7.76,31.89
-2.58,1.19,8.93,31.83
0.65,0.23,10.22,31.82
3.73,-1.13,9.14,31.84
4.13,-0.61,7.83,31.85
3.06,-0.47,7.68,31.84
-1.53,-0.54,8.75,31.87
-2.36,0.86,8.83,31.82
0.3,0.85,9.96,31.87
4.2,-1.01,8.24,31.85
3.96,-0.57,7.3,31.83
-1.4,0.04,7.9,31.84
-3.76,0.69,10.54,31.85
-0.04,-0.67,10.13,31.83
5.65,-0.66,8.27,31.84
4.47,-1.41,7.68,31.88
-1.25,0.13,8.48,31.88
-1.64,1.02,9.3,31.87
4.13,-0.24,10.27,31.82
5.77,-1.09,8.06,31.86
4.34,0.03,5.77,31.85
-0.56,1.73,8.22,31.84
-2.06,-0.04,10.3,31.89
3.79,-0.3,9.8,31.86
5.13,-1.48,7.71,31.87
2.12,-0.52,8.96,31.87
-1.85,-0.64,10.48,31.85
0.1,0.58,10.17,31.84
4.66,-1.43,10.33,31.88
5.51,-0.69,7.95,31.86
1.22,-0.26,7.41,31.85
-1.5,0.13,9.67,31.88
1.22,0.36,9.56,31.8
5.41,-0.8,9.43,31.83
5.43,-1.35,7.97,31.82
2.2,-0.65,7.74,31.85
-1.5,0.8,9.39,31.87
0.93,-0.85,11.19,31.85
5.49,-0.46,9.9,31.86
5.41,-1.92,8.22,31.87
0.9,-0.21,7.7,31.81
-1.69,-0.45,9.9,31.88
2.43,-0.65,10.91,31.89
5.54,-0.53,9.98,31.83
5.66,-1.07,7.41,31.81
4.19,-0.57,7.6,31.87
-1.28,-0.29,8.59,31.85
0.42,0.18,10.35,31.84
3.06,-0.35,10.13,31.85
5.38,-1.11,8.53,31.83
3.12,-1.63,8.66,31.88
-1.03,-0.75,9.12,31.82
-0.7,0.01,10.5,31.85
1.29,-0.22,10.84,31.84
6.21,-0.49,8.53,31.84
3.9,-1.37,7.95,31.88
-2.08,0.28,8.99,31.85
-0.18,0.21,10.42,31.85
2.92,-0.6,10.51,31.87
5.35,-1.15,9.63,31.87
4.36,-1.91,7.66,31.87
-1.21,0.12,9.64,31.85
-1.01,-0.05,11.16,31.84
2.18,0.27,9.91,31.84
1.66,-0.22,10.01,31.84
3.12,-1.11,9.88,31.87
4.58,-0.04,6.94,31.82
2.34,-0.73,6.74,31.86
-2.98,0.25,9.56,31.87
-1.04,-0.26,11.21,31.86
3.59,-1.03,9.45,31.85
4.36,-1.12,7.8,31.87
0.96,-0.3,7.65,31.87
-3.22,0.41,9.82,31.86
-0.19,-0.47,10.83,31.86
3.3,-0.58,9.28,31.87
4.91,-0.57,7.86,31.86
2.04,-0.47,7.92,31.79
-3.4,0.21,9.11,31.82
1.15,1.4,10.04,31.84
4.82,-1.75,9.92,31.87
5.26,-0.35,7.48,31.86
1.7,-1.15,9.11,31.86
-2.06,0.57,9.38,31.85
0.17,0.8,9.92,31.85
3.67,-0.88,9.23,31.84
5.4,-0.28,7.71,31.84
1.7,-1.44,7.68,31.83
-1.26,1.12,7.91,31.84
-0.53,0.16,10.7,31.84
4.28,-1.53,10.34,31.84
4.65,-0.95,8.27,31.88
1.43,-1.56,7.93,31.89
-0.59,0.44,9.5,31.84
2.83,-0.38,10.69,31.87
5.66,-1.23,9.87,31.83
4.79,-0.89,6.84,31.84
2.07,-0.72,8.84,31.84
-0.58,0.21,10.42,31.81
2.65,-0.17,9.81,31.87
6.42,-1.9,10.62,31.84
5.69,-1.24,7.56,31.84
2.35,-0.25,9.07,31.85
-2.53,-0.23,10.58,31.83
1.34,0.51,10.27,31.82
3.95,-0.87,9.87,31.82
3.57,-1.01,8.14,31.86
0.32,-0.4,8.71,31.85
-2.43,-0.35,10.58,31.85
1.94,0.77,10.17,31.83
6.22,-0.74,9.71,31.82
6.17,-2.03,7.88,31.84
-0.8,0.16,8.0,31.86
-1.88,0.09,10.6,31.85
0.6,-0.11,10.64,31.83
5.42,-0.85,9.21,31.85
4.81,-2.36,8.37,31.84
-1.47,0.54,8.46,31.83
-3.01,0.53,10.43,31.85
1.1,-0.95,10.85,31.87
3.01,-0.45,8.55,31.82
3.52,-1.37,8.39,31.85
-3.31,-0.41,9.74,31.83
-3.14,0.81,9.82,31.85
1.2,-0.84,10.85,31.87
3.17,0.07,8.45,31.78
5.53,-1.51,7.34,31.87
-2.18,0.51,7.72,31.83
-4.81,0.51,11.27,31.86
1.84,-0.28,10.79,31.86
4.65,-1.26,8.67,31.89
3.07,-0.59,7.43,31.87
-2.17,-0.61,9.23,31.87
-1.87,0.97,10.7,31.83
2.12,-0.74,10.52,31.85
3.39,-0.42,8.66,31.88
3.8,0.07,7.61,31.84
-1.55,0.48,8.07,31.85
-3.75,1.02,10.41,31.85
0.46,0.04,10.1,31.81
4.13,-0.62,8.05,31.84
4.81,-1.0,7.76,31.83
-1.41,0.28,8.0,31.86
-1.5,0.74,10.3,31.86
-0.59,-0.12,10.63,31.85
3.21,-1.16,9.99,31.85
3.93,-1.03,9.26,31.83
1.42,-0.44,7.32,31.86
-2.53,0.31,9.6,31.83
-1.79,0.29,10.54,31.87
4.75,-1.15,9.99,31.84
5.71,-1.42,7.8,31.87
0.75,-0.62,7.46,31.84
-1.19,0.42,10.28,31.84
2.68,0.23,10.2,31.84
4.47,-1.53,9.33,31.83
6.75,-0.63,7.0,31.84
3.97,-1.03,7.52,31.83
0.38,0.62,9.38,31.8
1.83,-0.33,10.24,31.82
6.0,-0.74,9.12,31.86
5.73,-0.54,7.22,31.83
2.08,-0.45,7.68,31.87
-1.05,1.27,8.53,31.82
0.54,0.36,9.65,31.83
5.09,-1.11,9.34,31.83
5.46,-1.15,7.58,31.85
1.17,-0.8,7.85,31.86
-3.64,0.75,9.42,31.86
-0.97,0.16,10.69,31.85
4.97,-0.49,9.59,31.84
3.86,-1.73,8.63,31.81
1.25,0.02,8.13,31.86
-2.24,0.26,9.77,31.86
-1.04,-0.45,11.55,31.83
3.81,-1.87,10.26,31.86
4.93,-1.81,7.58,31.84
0.59,0.16,7.56,31.85
-3.52,0.14,10.91,31.84
0.3,-0.42,11.32,31.85
4.53,-0.68,9.93,31.85
4.52,-2.29,8.26,31.82
1.11,0.01,8.49,31.87
-3.07,-0.55,11.45,31.82
1.15,-0.1,11.24,31.81
5.29,-1.31,10.27,31.82
6.43,-1.69,8.43,31.82
0.04,-0.92,9.34,31.82
-0.59,0.29,10.07,31.8
2.37,-0.0,9.98,31.83
4.73,-1.06,9.31,31.84
7.53,-1.49,8.2,31.81
2.26,-0.19,8.32,31.83
-3.76,0.01,10.41,31.85
1.19,-0.19,10.91,31.83
6.26,-0.61,9.22,31.81
3.72,-1.68,8.19,31.86
-2.45,-0.58,9.31,31.86
-3.39,0.09,10.86,31.84
0.87,-0.51,10.47,31.82
3.54,-0.81,8.58,31.82
4.76,-0.89,8.06,31.86
-2.98,-1.54,9.32,31.83
-3.44,0.85,10.74,31.8
1.35,-1.36,11.19,31.8
2.81,-0.8,9.32,31.86
3.51,-1.61,8.07,31.82
-1.95,-0.18,9.23,31.8
-2.91,-0.28,11.55,31.83
1.87,-0.9,10.73,31.81
4.78,-0.17,8.14,31.81
3.62,-0.25,7.02,31.84
-3.61,-0.13,8.51,31.84
-3.02,0.73,11.11,31.83
1.29,-0.83,10.75,31.84
3.11,-0.28,8.17,31.86
3.53,-1.23,8.15,31.85
-2.66,0.15,9.51,31.84
-2.67,-0.04,10.54,31.85
1.65,-0.91,10.74,31.84
4.33,-0.31,7.93,31.84
5.98,-1.33,7.36,31.85
-0.03,0.43,7.79,31.84
-1.34,0.94,10.3,31.84
3.47,-0.65,10.81,31.86
7.56,-0.86,8.37,31.87
5.85,-1.68,7.59,31.8
-0.07,0.44,7.99,31.81
-1.88,0.78,9.79,31.8
4.92,-0.04,10.32,31.84
5.66,-1.92,8.61,31.82
4.43,-0.48,5.86,31.89
-0.34,0.98,8.55,31.87
-1.7,0.39,10.94,31.84
2.4,-0.53,10.63,31.84
4.3,-1.17,8.46,31.86
4.09,-0.62,7.47,31.81
-0.26,-0.12,9.08,31.83
0.01,0.85,9.06,31.89
4.21,-0.61,10.43,31.81
-2.93,-0.66,10.47,31.82
-2.45,-0.62,10.72,31.84
2.86,-0.36,9.37,31.82
5.04,-1.56,9.94,31.83
2.75,-1.56,8.45,31.81
-4.51,0.44,10.35,31.8
-2.18,-0.69,11.37,31.81
1.33,-0.01,10.31,31.84
5.79,-1.34,8.83,31.81
2.39,-2.3,7.86,31.89
-4.25,-0.29,9.53,31.83
-0.84,0.16,10.87,31.86
1.62,-0.63,10.47,31.83
4.58,-0.98,8.6,31.78
3.98,-2.27,9.32,31.87
-1.91,-0.22,9.17,31.84
-2.07,0.45,10.95,31.81
1.87,-0.74,10.48,31.84
5.43,-0.84,9.3,31.82
-2.54,-0.1,9.08,31.84
-2.29,0.29,9.61,31.83
-0.76,0.06,10.59,31.87
2.93,0.49,9.19,31.8
5.12,-0.71,8.61,31.89
0.87,-1.0,8.36,31.86
-3.85,0.53,9.81,31.84
-1.82,-0.21,11.26,31.85
0.45,0.29,9.88,31.8
5.09,-0.68,8.66,31.86
0.9,-0.96,8.05,31.79
-3.63,1.2,9.3,31.84
-0.7,-0.43,11.89,31.86
2.36,-0.33,9.87,31.83
6.26,-0.1,7.0,31.89
0.23,-1.09,7.86,31.87
-4.01,1.71,9.3,31.87
2.04,-0.12,10.25,31.86
1.85,-0.05,9.63,31.83
4.53,0.32,6.99,31.84
4.08,-1.2,9.6,31.84
1.86,-1.81,8.74,31.86
-0.41,-0.12,9.44,31.82
-3.27,0.09,10.35,31.83
0.96,0.01,10.63,31.84
6.54,-2.33,10.68,31.86
3.08,-2.49,8.85,31.83
-3.02,-0.23,9.31,31.82
-1.2,-0.31,11.67,31.85
1.71,0.32,10.74,31.87
5.8,-0.58,7.3,31.79
4.12,-0.87,8.12,31.83
-3.77,0.03,9.94,31.84
-0.8,0.13,10.5,31.8
2.7,-0.24,9.89,31.82
4.16,0.64,8.33,31.85
2.31,-1.68,9.39,31.82
-3.24,-0.45,9.79,31.83
-1.01,0.07,10.46,31.85
1.47,-0.09,11.34,31.84
4.96,-0.87,8.78,31.86
3.48,-1.55,8.0,31.85
-3.01,0.1,9.29,31.85
-1.34,-0.12,11.37,31.84
3.0,-1.0,9.84,31.84
5.26,0.26,6.71,31.87
2.58,-0.27,7.03,31.81
-3.39,0.41,9.08,31.82
-0.75,-0.26,10.67,31.82
2.28,-0.68,10.19,31.84
3.71,-0.27,7.87,31.82
1.47,-0.61,7.49,31.83
-2.6,-0.19,9.43,31.79
-1.31,-0.62,11.25,31.87
3.16,-0.7,9.31,31.85
6.77,-0.64,7.92,31.82
2.93,-0.74,7.5,31.85
-2.42,-0.29,9.39,31.82
1.32,0.07,10.83,31.82
0.79,-1.11,10.31,31.82
4.21,-0.02,7.63,31.83
3.62,-1.42,8.08,31.84
0.09,0.48,7.72,31.83
-2.1,-0.76,11.29,31.85
-0.08,-0.79,11.39,31.83
3.91,-0.97,9.22,31.85
5.32,-1.02,8.45,31.82
-1.92,0.08,8.07,31.87
-3.92,0.91,10.01,31.78
2.74,-2.52,10.87,31.82
4.83,-0.25,7.84,31.82
4.73,-1.67,7.52,31.82
-1.99,0.62,7.37,31.86
-3.35,1.53,8.9,31.82
2.18,-0.3,10.85,31.83
4.83,-0.92,8.41,31.86
4.57,-0.74,6.98,31.85
-1.0,0.54,8.27,31.82
-3.7,1.03,9.65,31.82
1.62,0.11,10.47,31.85
6.69,0.24,8.66,31.85
5.39,-1.52,8.57,31.84
4.69,0.37,7.44,31.79
2.77,-1.06,8.42,31.83
-0.14,0.15,9.45,31.84
2.89,0.8,9.05,31.86
7.47,-1.14,8.46,31.84
4.62,-0.37,7.1,31.81
0.44,-0.39,9.26,31.82
0.43,0.08,10.02,31.81
2.3,0.42,9.59,31.82
6.73,-0.92,9.03,31.81
3.94,-0.84,7.07,31.82
-1.52,-0.15,8.56,31.84
0.08,0.49,10.11,31.81
2.48,-0.61,11.15,31.82
4.98,-2.0,9.82,31.79
2.45,-1.55,8.2,31.83
-1.22,-0.08,9.81,31.81
-1.62,0.11,11.13,31.84
1.07,0.28,10.62,31.86
5.49,-2.1,9.79,31.8
2.08,-2.09,9.1,31.81
-1.35,-0.01,9.13,31.81
-1.42,-0.79,10.95,31.78
0.76,-0.32,10.64,31.85
4.3,-2.09,10.16,31.81
4.48,-2.58,9.03,31.81
-2.78,0.63,8.87,31.82
-1.5,-0.43,10.88,31.81
2.74,-1.1,10.86,31.84
6.11,-0.84,8.35,31.8
3.35,-1.97,8.2,31.83
-2.74,0.23,9.49,31.82
-0.57,-0.53,11.44,31.82
2.67,0.18,10.49,31.79
6.05,-1.28,8.88,31.82
3.29,-1.85,8.36,31.83
-4.43,0.47,9.83,31.84
-2.13,0.58,11.37,31.81
3.48,-0.51,10.11,31.8
6.09,-0.86,7.63,31.86
2.89,-1.59,7.53,31.8
-1.64,0.29,10.07,31.78
-1.07,-0.03,11.21,31.8
1.32,0.37,9.25,31.82
5.1,-0.27,7.71,31.82
1.74,-0.63,8.37,31.78
-2.55,0.56,9.95,31.84
-1.77,-0.69,11.4,31.82
2.04,0.17,8.86,31.82
5.41,-0.78,8.66,31.82
2.0,-0.79,7.48,31.83
-4.86,1.24,8.77,31.81
-1.46,-0.04,10.99,31.84
1.86,-0.51,10.13,31.82
4.15,-0.88,7.66,31.85
3.06,-1.12,7.06,31.83
-3.84,0.86,8.39,31.82
5.89,-1.47,9.99,31.83
6.45,-1.98,7.54,31.86
1.75,-0.59,6.99,31.79
-1.46,1.38,9.06,31.82
0.28,-0.06,10.75,31.81
4.23,-1.27,9.89,31.84
5.38,-1.51,7.48,31.82
2.07,-0.04,7.01,31.85
-1.86,0.36,9.87,31.81
-0.11,-0.64,11.6,31.84
4.51,-1.53,9.85,31.82
5.64,-0.66,7.16,31.85
0.73,-0.67,8.28,31.82
-1.85,0.73,9.18,31.82
0.26,-0.4,10.76,31.87
1.92,-0.66,11.06,31.84
3.24,-1.36,7.41,31.85
4.41,-1.23,7.88,31.84
-3.43,-0.11,11.22,31.85
-2.9,-0.12,10.23,31.79
-1.39,-0.11,10.58,31.85
0.68,0.38,9.94,31.8
4.33,-1.07,9.45,31.82
1.07,-1.06,8.09,31.84
-4.26,-0.08,10.12,31.81
-2.27,0.57,10.55,31.85
1.03,0.41,9.04,31.82
5.74,-2.25,9.28,31.78
-0.49,-1.65,8.11,31.82
-4.92,0.86,9.38,31.81
-1.3,-1.33,11.82,31.82
2.22,-0.23,9.33,31.86
6.23,-0.95,7.71,31.82
1.04,-1.93,8.62,31.82
-5.94,0.23,10.04,31.81
-0.59,-0.49,11.19,31.79
2.96,0.42,9.95,31.82
6.49,-1.2,8.54,31.79
1.37,-1.89,8.8,31.82
2.54,-0.05,9.95,31.85
3.43,0.37,8.67,31.87
6.38,-0.73,8.14,31.82
1.65,-1.36,7.19,31.82
-3.44,0.57,8.83,31.81
-0.6,0.18,10.28,31.83
1.82,0.36,10.21,31.8
5.45,-1.29,7.9,31.79
1.5,-1.58,7.93,31.83
-3.48,0.17,9.73,31.85
-1.36,-0.03,11.11,31.82
1.47,-0.35,10.67,31.83
4.39,-1.01,8.39,31.81
0.32,-1.22,8.67,31.83
-3.97,0.29,10.62,31.83
-0.83,-0.07,11.25,31.8
3.31,-2.02,10.84,31.82
4.62,-1.15,7.94,31.79
0.91,-1.39,7.93,31.82
-3.0,0.62,10.76,31.79
0.42,-0.52,12.15,31.85
2.37,-0.9,10.05,31.81
5.76,-1.0,8.01,31.85
1.71,-1.01,7.74,31.84
-3.43,0.35,9.9,31.85
1.0,0.08,10.41,31.79
3.07,-0.91,9.56,31.82
4.06,-0.83,8.03,31.81
3.28,-1.07,8.69,31.8
-1.24,-0.19,8.49,31.83
1.55,1.15,9.68,31.76
6.56,-1.86,10.13,31.83
5.7,-0.7,7.46,31.83
1.87,-1.02,7.3,31.79
-0.7,1.17,9.0,31.83
1.28,0.0,9.9,31.81
5.71,-1.3,10.0,31.8
6.33,-1.33,7.29,31.8
0.63,-0.28,7.73,31.8
3.34,-1.0,10.83,31.78
5.78,-1.64,8.77,31.82
4.15,-1.4,8.04,31.77
-0.86,0.08,9.19,31.78
0.7,0.11,10.6,31.82
4.39,0.04,10.64,31.82
5.33,-2.01,8.54,31.84
3.7,-0.95,7.76,31.77
-1.68,0.17,8.0,31.84
-1.48,0.02,10.47,31.8
3.98,-0.29,10.87,31.84
5.35,-2.31,8.57,31.81
2.94,-0.34,7.22,31.79
-1.58,-0.96,10.19,31.8
0.23,-0.76,11.36,31.8
2.6,-1.07,10.36,31.78
6.85,-1.47,7.87,31.82
3.82,-1.11,7.92,31.8
-0.84,-1.09,10.64,31.84
0.68,0.26,9.49,31.84
3.07,1.09,9.19,31.83
6.87,-1.03,8.6,31.8
3.76,-1.58,9.9,31.82
1.62,0.42,7.26,31.84
-1.79,-0.58,10.47,31.81
0.37,-0.38,12.08,31.82
5.44,-0.82,9.61,31.82
6.46,-2.21,8.28,31.79
-0.14,-0.38,8.43,31.82
-2.24,0.13,11.02,31.81
2.45,-0.32,10.61,31.81
5.85,-1.84,10.49,31.85
3.96,-1.48,8.21,31.83
2.14,-0.1,7.42,31.83
-0.63,-0.44,11.05,31.86
1.59,0.31,10.28,31.84
6.73,-0.99,10.04,31.81
5.96,-1.26,8.03,31.82
-0.61,0.02,8.08,31.84
4.5,0.04,10.08,31.8
6.16,-2.02,8.1,31.83
4.25,0.41,6.65,31.84
-1.2,-0.07,8.98,31.82
-1.52,0.94,10.14,31.86
3.59,-0.09,10.23,31.83
4.79,-1.31,8.01,31.82
2.26,0.06,7.38,31.86
-2.46,-0.18,9.55,31.82
-1.82,-0.27,11.34,31.83
1.65,-0.23,10.3,31.8
4.85,-1.48,9.05,31.82
1.5,-0.94,8.03,31.8
-0.08,1.67,7.08,31.83
1.57,-1.41,12.02,31.78
2.56,-0.52,10.63,31.8
6.27,-1.39,7.92,31.83
2.55,-0.41,7.51,31.8
-2.2,-0.44,9.52,31.83
1.44,0.33,10.11,31.81
3.71,-0.78,7.01,31.83
-1.61,1.24,7.56,31.82
-3.81,0.53,10.29,31.83
-0.69,0.52,10.69,31.83
4.01,-0.43,8.18,31.82
5.66,-1.02,6.96,31.78
-1.6,-0.91,7.56,31.83
-3.31,0.54,10.26,31.79
1.37,-1.62,11.02,31.83
2.56,-0.53,8.8,31.79
5.44,-0.41,6.67,31.84
-0.23,-1.22,8.05,31.81
-4.84,0.24,10.29,31.85
0.6,-0.63,11.34,31.86
4.79,-0.56,9.14,31.79
3.86,-0.23,6.66,31.85
-1.21,-0.43,7.93,31.8
-3.94,-0.3,10.84,31.84
-0.17,0.09,10.91,31.77
5.87,-0.11,6.84,31.83
3.15,-1.32,7.57,31.8
-1.38,0.2,8.2,31.85
0.36,0.46,10.33,31.82
1.58,-1.08,10.43,31.82
5.57,-0.3,7.55,31.81
5.12,-1.96,7.72,31.82
-1.33,0.54,8.38,31.84
0.7,0.86,9.7,31.79
5.3,-1.67,11.37,31.84
6.0,-0.25,7.15,31.81
6.41,-0.92,6.41,31.79
0.54,0.87,8.36,31.83
0.34,1.85,8.66,31.82
5.39,0.05,10.35,31.78
5.14,-1.13,7.72,31.85
5.34,-1.01,7.06,31.8
0.48,0.33,8.32,31.79
1.37,0.52,10.06,31.75
4.41,-0.0,9.47,31.81
5.24,-1.01,7.58,31.87
4.53,-0.8,7.88,31.79
-1.8,-0.51,9.94,31.81
1.25,0.66,9.31,31.82
3.96,-1.35,10.77,31.81
4.19,-1.28,8.49,31.81
3.48,-0.74,7.36,31.77
-1.47,-0.26,10.37,31.82
-0.34,-0.33,11.28,31.78
6.17,-0.15,10.08,31.79
7.72,-2.3,8.29,31.83
2.47,-0.56,7.22,31.8
-0.33,-0.56,9.73,31.8
1.2,0.66,10.34,31.82
3.45,-1.11,11.63,31.82
5.44,-1.8,8.03,31.81
1.59,-0.57,8.25,31.82
-1.95,-0.33,10.87,31.79
-0.84,0.04,10.81,31.86
2.64,-0.99,10.34,31.8
5.16,-1.82,8.55,31.8
4.73,-1.75,8.2,31.83
-1.56,0.24,8.84,31.79
-0.29,0.3,9.94,31.83
4.08,-1.52,10.61,31.81
3.67,-0.66,8.24,31.83
6.0,-1.27,7.13,31.83
-1.24,-0.88,8.19,31.8
-2.47,1.08,10.59,31.8
0.38,-1.46,11.74,31.82
4.77,-0.24,8.71,31.79
6.25,-1.7,8.11,31.83
-0.92,0.63,7.3,31.79
-2.55,0.17,10.41,31.76
0.53,-0.46,10.96,31.79
4.97,-0.29,8.45,31.79
5.03,-0.79,7.54,31.81
-0.63,0.73,7.48,31.82
-3.38,0.15,10.11,31.77
0.97,-0.34,10.79,31.77
4.1,-0.74,6.71,31.81
2.3,-0.1,6.04,31.8
-2.37,0.58,8.92,31.78
-3.25,0.84,10.31,31.8
2.76,-0.68,10.79,31.82
5.68,-1.63,8.04,31.82
2.61,-0.28,5.87,31.79
-0.25,0.83,7.87,31.78
-0.57,0.9,9.79,31.82
2.26,-1.31,10.46,31.79
6.74,-0.91,7.64,31.79
3.84,-0.68,7.18,31.79
-0.22,1.23,7.94,31.78
0.12,0.1,9.98,31.83
4.05,-0.56,9.28,31.81
7.37,-1.45,7.45,31.79
3.1,-0.93,7.38,31.77
0.56,0.22,8.59,31.78
0.63,0.16,10.24,31.77
4.13,-0.78,9.35,31.78
6.63,-1.41,8.09,31.79
2.71,-0.84,7.72,31.79
-0.35,0.55,8.39,31.77
0.08,-0.35,10.31,31.8
3.15,-0.09,9.09,31.82
5.67,-1.33,7.83,31.77
2.59,-0.79,7.64,31.78
-1.42,0.28,9.25,31.8
1.62,0.18,9.83,31.83
5.04,-0.76,10.53,31.8
6.83,-2.3,8.67,31.8
3.3,-0.15,7.21,31.79
-1.89,0.53,9.33,31.79
-0.06,-0.69,11.22,31.74
3.95,-0.63,10.43,31.8
6.7,-1.94,8.31,31.77
1.61,-0.07,8.03,31.78
-3.49,0.01,10.15,31.8
0.22,0.59,10.33,31.77
6.57,-1.43,7.28,31.71
3.86,-2.5,9.65,31.72
-2.25,-1.05,8.48,31.72
2.39,0.15,10.04,31.73
5.21,-0.11,9.85,31.72
5.0,0.43,6.33,31.7
2.03,-0.17,7.58,31.71
-1.63,-0.13,10.24,31.72
3.06,-0.38,11.94,31.69
5.33,-1.46,12.33,31.7
4.99,-1.99,7.75,31.72
1.66,-3.06,9.06,31.69
-3.92,-3.43,11.5,31.69
0.1,-1.33,10.17,31.7
4.06,0.88,7.5,31.72
5.16,1.14,5.71,31.71
0.55,1.72,6.69,31.73
-4.45,0.67,9.19,31.73
1.31,-0.62,11.89,31.7
4.97,-1.64,12.03,31.69
2.11,0.11,7.0,31.69
1.21,-1.75,9.25,31.73
0.73,-1.15,12.11,31.75
0.88,0.9,9.65,31.73
5.01,-0.44,8.86,31.66
4.11,-1.41,8.14,31.73
-1.9,-1.55,8.01,31.73
-2.99,-2.1,11.76,31.7
0.4,-0.36,9.83,31.73
4.76,0.84,8.03,31.7
5.87,0.37,7.33,31.71
-0.85,0.65,7.64,31.7
-3.24,-0.99,10.71,31.72
1.72,-1.62,13.09,31.72
4.25,-1.34,10.34,31.71
5.34,-1.38,7.63,31.72
-1.5,-2.78,9.15,31.73
-4.57,-1.58,10.0,31.72
-0.22,-1.04,10.67,31.69
5.27,1.48,6.41,31.69
5.68,-0.51,6.82,31.75
-0.59,-0.28,7.36,31.74
-2.0,1.52,8.85,31.74
0.26,-0.81,12.61,31.71
7.07,-2.58,11.7,31.72
5.63,-1.73,7.68,31.69
1.41,-1.04,7.53,31.69
-2.91,-0.93,10.1,31.73
1.67,-0.13,9.82,31.72
5.0,-1.52,9.12,31.7
4.62,0.01,5.51,31.72
2.13,0.03,7.3,31.73
-2.11,0.79,9.07,31.7
1.74,0.07,11.65,31.74
5.4,-1.47,9.96,31.75
4.05,-0.88,7.37,31.71
0.6,-0.95,8.66,31.73
0.95,-0.24,10.52,31.71
3.25,-0.9,11.03,31.74
6.72,0.1,8.01,31.71
6.26,1.13,6.4,31.72
0.76,0.47,6.54,31.69
-2.32,-1.14,10.18,31.72
1.55,0.4,10.13,31.76
6.85,-0.12,8.56,31.73
3.68,0.77,7.08,31.69
-0.47,-0.86,7.35,31.7
0.31,-0.66,9.85,31.73
1.32,-0.94,11.44,31.76
3.32,-0.26,10.35,31.74
5.42,-0.63,7.85,31.71
2.52,-0.55,8.11,31.72
-1.53,-0.91,9.7,31.72
-1.01,-0.48,10.27,31.68
2.96,0.77,10.21,31.7
4.79,-0.83,9.38,31.71
2.05,-0.91,7.83,31.7
-2.36,-1.47,10.01,31.69
-0.77,-1.54,11.22,31.7
2.11,-1.24,10.52,31.76
4.98,-1.38,9.22,31.72
0.91,-0.45,7.63,31.75
-2.27,-0.34,8.18,31.71
-0.45,-0.12,10.5,31.71
2.47,-0.17,10.45,31.71
6.41,-1.2,8.96,31.71
0.72,-1.51,7.68,31.74
-1.64,-0.14,9.46,31.68
-1.25,-0.66,11.24,31.73
2.63,0.77,10.25,31.68
4.73,-0.69,9.15,31.72
1.64,-1.78,8.2,31.72
-3.56,-0.37,10.0,31.69
-0.31,-1.65,11.09,31.72
3.46,0.58,9.85,31.72
5.55,0.34,7.81,31.72
2.52,-0.82,7.54,31.72
-2.85,-0.48,9.77,31.72
-0.23,-1.61,11.63,31.69
2.53,0.72,9.47,31.69
5.8,-0.55,7.79,31.72
0.97,-0.94,8.17,31.68
-3.99,-0.12,9.79,31.67
-0.72,-0.98,11.51,31.7
3.32,-1.11,10.76,31.7
5.11,-0.39,7.29,31.68
3.53,-0.35,7.06,31.65
-3.4,-1.09,9.86,31.72
-1.3,-0.95,11.17,31.71
4.77,-0.31,9.73,31.69
5.65,-0.05,7.27,31.76
3.07,-0.18,6.36,31.72
-2.68,-0.63,9.17,31.67
-0.76,-0.55,11.01,31.72
5.04,-0.52,9.96,31.69
4.51,-0.28,6.74,31.72
1.89,0.47,7.14,31.72
-0.61,-1.32,10.18,31.71
-0.37,0.48,10.24,31.68
4.81,-0.24,9.54,31.67
5.93,-0.71,8.05,31.7
1.69,-0.37,8.16,31.74
3.42,-0.08,8.69,31.75
3.92,-1.23,8.57,31.72
-3.37,-1.23,9.3,31.72
-2.49,-1.51,11.16,31.71
-0.01,-0.7,11.63,31.71
3.9,1.36,7.85,31.71
3.74,0.89,6.52,31.72
-3.93,0.34,8.35,31.66
-3.17,-0.73,10.79,31.7
2.09,-0.07,10.34,31.71
3.48,0.66,8.95,31.68
2.14,-0.81,8.84,31.69
-2.24,-0.85,9.33,31.71
-1.66,-0.4,10.26,31.71
1.56,0.07,10.19,31.71
3.63,0.72,8.4,31.7
4.82,0.81,6.8,31.71
-1.66,0.01,8.4,31.69
-3.8,0.09,10.39,31.72
3.62,-0.09,10.69,31.74
5.02,-1.0,9.04,31.72
4.03,-0.06,7.17,31.71
-0.35,-0.14,8.07,31.71
-3.08,-0.53,10.98,31.73
2.52,0.32,9.89,31.69
6.39,-1.15,8.2,31.71
3.24,-0.52,7.2,31.69
0.13,-0.59,7.98,31.73
-0.22,-0.58,10.34,31.75
3.39,-0.3,10.57,31.76
6.46,-1.32,8.54,31.7
4.3,-1.71,7.9,31.7
-0.99,-1.51,9.08,31.76
-1.4,-1.28,11.15,31.69
3.65,-0.61,10.75,31.73
6.14,-0.38,8.1,31.73
3.11,0.17,7.03,31.68
0.27,-1.37,9.4,31.72
0.08,-1.47,11.14,31.69
2.3,-0.82,10.93,31.69
5.32,-1.38,9.53,31.71
3.25,0.0,7.0,31.71
-0.86,-1.33,9.46,31.75
-0.46,-0.92,10.81,31.67
2.45,0.65,10.12,31.69
4.54,-0.58,9.16,31.74
0.56,0.33,7.53,31.74
1.59,-1.26,8.71,31.7
-1.41,-0.66,11.26,31.72
2.08,0.22,9.74,31.69
4.66,0.03,10.36,31.72
5.08,-0.53,7.78,31.73
-1.72,1.66,7.34,31.72
-1.95,-0.85,10.11,31.71
0.24,0.03,11.21,31.73
4.09,1.49,8.39,31.69
6.74,0.32,7.15,31.72
-2.66,0.04,8.41,31.69
-3.53,-0.6,9.87,31.68
2.15,-0.02,10.75,31.69
3.9,0.15,8.73,31.69
2.9,-0.49,7.62,31.72
0.48,-0.77,9.39,31.69
-4.83,-0.75,10.31,31.7
-0.78,-1.05,11.44,31.73
5.63,-0.77,9.77,31.72
5.26,-0.04,7.18,31.71
0.36,-0.2,6.91,31.72
-3.79,-1.82,11.12,31.72
0.87,-0.66,10.62,31.72
5.2,-1.1,9.85,31.71
3.29,-0.87,7.24,31.72
-1.87,-1.21,8.07,31.71
-1.64,-1.39,11.1,31.71
-0.06,-0.09,11.29,31.7
2.74,-2.78,9.93,31.69
4.24,3.07,3.7,31.73
1.13,-1.88,7.8,31.72
7.45,-1.89,9.71,31.68
6.57,-1.38,8.91,31.72
5.57,-0.81,7.23,31.71
0.24,-1.25,8.84,31.72
1.71,-0.43,8.94,31.72
3.79,0.57,10.72,31.68
7.98,-2.12,9.54,31.7
4.61,-1.36,7.04,31.71
-0.96,-0.91,8.67,31.74
1.36,-0.2,10.26,31.73
4.82,-0.92,10.75,31.7
5.2,1.72,8.3,31.7
6.14,0.16,8.79,31.68
-2.77,-2.08,9.69,31.68
-3.08,-2.65,10.59,31.72
5.49,0.19,9.96,31.71
8.1,-1.64,9.18,31.69
4.18,-0.72,7.79,31.68
-1.45,-1.26,11.44,31.6
1.22,-0.06,10.63,31.57
5.43,-1.3,9.68,31.62
4.56,-1.41,8.75,31.62
-1.19,-2.02,10.96,31.6
-1.37,-2.23,11.34,31.62
2.09,0.21,10.31,31.57
5.53,-1.14,9.41,31.57
5.08,-0.57,8.0,31.57
-0.09,-0.37,8.49,31.6
-1.5,-0.97,10.43,31.63
2.98,0.72,9.82,31.64
7.02,-1.0,8.83,31.56
3.61,-0.32,7.17,31.62
-1.62,-0.68,9.61,31.56
-1.12,-1.89,11.6,31.61
2.23,-0.71,10.14,31.61
4.49,-0.11,7.75,31.6
4.07,-0.56,7.34,31.64
-2.54,-1.08,9.46,31.61
-1.8,-2.05,12.0,31.58
1.52,-1.29,10.71,31.62
5.74,0.23,7.73,31.62
4.43,-0.42,7.7,31.61
-0.52,-0.49,8.58,31.59
0.09,-0.38,10.6,31.57
2.35,0.23,8.94,31.57
4.52,-0.39,7.89,31.62
4.27,-0.55,7.38,31.6
-0.94,-0.45,8.72,31.6
-0.78,-0.34,10.58,31.61
2.49,-0.07,9.84,31.64
4.38,-0.0,8.14,31.64
4.46,-0.4,7.38,31.58
-0.35,-0.51,8.95,31.61
-0.07,0.07,10.67,31.53
4.06,-0.91,9.9,31.62
4.26,0.19,7.73,31.6
2.5,-0.8,7.48,31.6
-2.1,-0.8,10.07,31.58
-1.31,-0.95,11.19,31.61
4.39,-0.76,10.09,31.56
4.6,0.38,8.45,31.62
1.23,-0.02,7.81,31.65
0.92,-1.64,9.55,31.57
-2.79,-2.12,11.37,31.61
0.05,0.15,10.96,31.63
4.87,0.25,8.22,31.6
4.06,-0.77,9.2,31.6
-0.84,-1.61,9.27,31.58
-1.43,-0.95,10.3,31.61
0.31,-0.29,10.85,31.59
4.0,0.52,8.27,31.61
5.97,-0.61,8.68,31.62
-0.75,-0.55,8.35,31.58
-3.52,-0.8,10.45,31.56
-1.1,0.23,10.69,31.55
4.42,-0.15,9.42,31.59
4.92,-1.2,8.78,31.58
-1.91,-0.61,8.06,31.65
-4.56,-0.39,10.8,31.61
-1.43,0.27,10.66,31.59
3.46,-0.4,9.75,31.56
4.87,0.03,7.46,31.58
-2.08,-0.5,8.46,31.56
-5.08,-1.08,11.47,31.6
0.33,-1.16,10.99,31.62
4.77,-0.85,10.0,31.58
6.09,-0.14,7.28,31.62
0.23,-0.24,7.86,31.6
-2.17,-0.23,10.5,31.57
0.1,-1.2,11.08,31.62
5.43,0.95,7.27,31.62
6.73,-0.22,6.87,31.59
0.82,0.39,7.34,31.6
-1.2,0.36,9.73,31.62
2.9,0.91,9.23,31.59
5.46,0.74,7.1,31.63
4.14,0.96,6.59,31.58
-0.09,0.3,7.04,31.59
-3.59,-0.11,10.18,31.62
2.78,-0.86,11.06,31.59
4.95,-1.05,9.08,31.57
0.54,-0.57,8.03,31.59
-3.17,-1.39,11.13,31.56
-1.77,-0.24,11.38,31.6
2.61,0.58,10.34,31.6
4.38,0.44,7.75,31.57
-0.03,-0.07,7.11,31.6
-3.95,-0.41,10.21,31.6
-0.96,-0.99,11.48,31.62
1.37,-0.01,10.21,31.59
5.19,-0.17,7.87,31.62
0.7,-0.48,8.0,31.57
-3.83,-1.09,10.34,31.53
0.09,-1.34,11.06,31.62
3.52,0.42,8.89,31.57
4.6,0.45,7.3,31.62
2.61,-0.64,7.38,31.61
-2.55,-0.36,9.71,31.58
-0.84,-0.84,10.92,31.63
6.46,-0.27,8.89,31.58
6.59,0.43,7.13,31.59
1.4,0.16,6.82,31.61
-0.98,0.46,9.04,31.56
0.73,-1.72,11.73,31.59
3.53,0.07,9.19,31.6
6.07,-0.94,7.63,31.62
2.52,-0.03,7.24,31.61
-4.64,-0.54,9.6,31.64
0.94,-1.25,11.22,31.55
5.17,-0.05,9.16,31.59
4.03,0.65,6.6,31.63
0.39,0.49,7.68,31.57
-2.28,-0.35,10.02,31.59
1.84,-0.06,10.39,31.57
4.22,-1.45,9.69,31.53
3.33,0.51,6.53,31.59
1.13,-0.47,7.59,31.64
-2.94,-0.87,10.39,31.59
2.32,0.57,6.89,31.56
-2.95,0.59,8.69,31.59
1.33,0.62,9.86,31.6
6.77,0.68,8.53,31.6
6.04,-1.06,8.2,31.58
1.72,-0.1,7.23,31.59
-1.66,-0.01,9.12,31.59
1.17,-0.77,11.26,31.64
4.45,-0.74,9.49,31.59
6.34,0.4,7.18,31.62
1.08,-0.66,7.94,31.61
-1.61,0.35,8.68,31.6
2.38,-0.19,10.06,31.58
3.41,0.04,10.0,31.57
6.06,0.53,7.6,31.65
2.31,-0.93,8.6,31.56
-1.22,-0.82,9.06,31.61
-1.64,-1.2,10.68,31.59
2.32,-0.61,10.7,31.6
5.18,-0.42,8.01,31.62
7.15,-0.64,7.74,31.65
2.75,-0.39,7.62,31.58
-2.09,-1.58,9.83,31.61
-0.96,-1.8,11.51,31.6
1.67,-0.25,10.52,31.6
4.97,-0.16,8.81,31.6
3.98,-1.01,9.16,31.6
-2.83,-2.06,11.11,31.59
-1.81,-1.51,11.1,31.59
3.06,0.18,10.12,31.62
5.54,-1.16,9.23,31.64
2.94,-1.48,9.43,31.57
-0.88,-1.92,10.65,31.61
-1.95,-1.29,11.07,31.62
2.17,0.13,10.44,31.62
7.36,-0.31,8.28,31.6
3.32,-1.05,7.68,31.59
-2.83,-0.54,9.31,31.59
-1.87,-0.27,10.43,31.58
0.87,0.47,9.12,31.6
3.89,1.33,7.09,31.61
1.93,-0.59,7.28,31.59
-4.52,-0.3,9.39,31.59
-2.18,-0.7,10.73,31.59
2.65,0.23,9.56,31.62
5.18,0.65,7.26,31.61
3.25,0.15,6.76,31.59
-4.83,-0.05,9.72,31.59
-4.15,-1.04,11.67,31.57
2.42,-0.89,10.23,31.58
4.87,-0.95,8.22,31.56
0.47,0.57,6.84,31.62
-2.39,-0.59,10.04,31.63
-0.03,-1.39,11.66,31.58
4.0,0.19,8.59,31.55
7.15,0.65,7.13,31.54
2.84,-0.02,7.88,31.61
-3.28,-0.62,8.75,31.57
-1.89,0.09,10.4,31.56
2.82,1.32,8.24,31.64
4.64,0.63,6.62,31.62
0.99,0.22,6.93,31.6
-2.88,0.17,8.36,31.61
4.31,-0.03,7.0,31.59
-0.28,-0.45,8.3,31.62
-1.95,0.14,9.71,31.62
3.87,-0.71,10.31,31.56
5.61,1.17,7.31,31.61
5.07,0.5,5.97,31.56
1.96,-1.16,8.75,31.61
-0.4,-0.23,10.12,31.6
2.22,-0.49,10.36,31.61
4.44,0.58,8.06,31.59
3.89,-0.03,7.83,31.64
-0.67,-0.72,8.41,31.57
-2.09,-0.67,10.39,31.62
2.22,-0.23,10.61,31.57
5.65,0.03,8.54,31.62
4.03,-0.64,7.93,31.55
0.16,-1.92,9.11,31.61
-0.28,-1.64,11.31,31.59
1.94,-1.3,10.85,31.62
1.8,-0.56,8.42,31.54
0.32,-0.96,8.5,31.61
-2.15,-2.04,11.23,31.58
3.48,-2.38,12.84,31.58
6.24,-1.64,10.77,31.6
5.92,-0.74,8.16,31.6
1.49,-1.86,9.15,31.53
-0.69,-0.37,9.9,31.59
4.69,-0.94,11.0,31.56
7.18,-0.87,7.8,31.56
3.38,-2.08,7.8,31.58
-0.83,0.53,7.9,31.6
-1.13,0.76,10.5,31.57
1.98,2.61,8.45,31.57
6.06,-1.52,9.57,31.58
4.53,-3.3,9.17,31.58
-0.52,-1.65,7.4,31.6
-0.17,-0.39,9.44,31.55
1.51,0.34,12.07,31.56
3.42,0.78,11.06,31.6
3.95,-3.63,11.92,31.62
1.26,-3.73,9.1,31.62
0.55,-0.57,9.26,31.58
5.66,3.25,8.31,31.57
8.46,0.22,10.83,31.63
1.39,-0.97,6.14,31.6
-3.91,0.65,6.29,31.56
-0.61,2.75,8.21,31.6
1.13,5.24,6.8,31.61
3.43,0.38,8.57,31.59
2.67,-3.85,8.73,31.57
0.51,-3.06,9.59,31.59
-0.32,0.06,8.65,31.61
3.55,0.62,12.21,31.61
4.02,0.53,10.7,31.52
2.66,-3.43,11.35,31.6
2.24,-3.37,9.46,31.61
1.26,-3.6,13.67,31.59
6.48,1.71,7.81,31.59
4.55,0.29,9.67,31.61
0.15,-2.29,8.81,31.61
-3.56,-1.44,8.72,31.6
1.48,-0.56,8.99,31.58
6.06,-2.6,12.63,31.6
4.19,-3.33,9.73,31.59
3.51,-2.22,9.18,31.6
-1.16,-2.58,11.66,31.57
-1.68,0.01,9.9,31.62
3.72,-0.61,12.7,31.6
4.26,-2.31,11.05,31.54
2.64,-3.91,8.71,31.57
-2.05,-0.29,7.47,31.59
-2.17,-0.12,12.24,31.61
1.55,2.2,9.54,31.57
6.72,0.62,4.95,31.59
1.18,3.05,3.56,31.64
-4.08,0.33,9.09,31.62
0.33,-0.34,9.73,31.57
2.54,-0.35,10.14,31.57
6.37,-2.48,10.1,31.58
2.1,-1.65,8.16,31.58
-2.24,-2.94,11.45,31.62
-0.16,-3.06,8.46,31.61
-4.34,-2.13,9.82,31.62
0.31,-0.03,10.24,31.59
4.28,-1.19,12.15,31.55
3.7,-0.45,7.72,31.64
0.44,0.96,6.12,31.64
-2.69,3.56,6.51,31.61
-1.96,1.81,9.42,31.55
0.88,-1.39,11.8,31.61
4.12,-2.6,8.42,31.62
2.93,-3.79,9.39,31.62
-1.93,0.28,8.47,31.61
-5.65,0.35,9.65,31.54
1.04,-0.97,12.32,31.6
5.74,-1.23,9.5,31.62
5.72,-2.11,6.95,31.61
-0.49,-0.44,7.89,31.63
-1.12,1.11,8.88,31.57
2.05,0.51,10.88,31.6
5.03,-0.19,8.73,31.6
2.26,-1.57,9.09,31.59
1.8,-3.04,10.29,31.61
-0.76,-0.59,9.4,31.6
4.02,0.72,9.97,31.57
3.53,-1.7,10.95,31.63
2.29,-2.75,8.53,31.63
-0.53,-3.9,11.01,31.6
0.87,-0.44,9.98,31.58
5.52,1.67,8.83,31.62
5.31,-1.73,10.94,31.62
4.13,-0.28,6.28,31.59
-1.92,1.29,5.04,31.57
3.27,2.31,8.94,31.61
4.02,2.19,6.93,31.58
4.05,-0.39,7.82,31.59
2.28,-3.39,9.5,31.61
1.56,-3.35,10.18,31.61
0.54,-0.26,9.8,31.58
3.96,2.21,11.05,31.58
4.52,1.48,9.85,31.56
2.05,-2.59,11.96,31.58
0.71,3.66,8.39,31.58
2.58,4.93,7.51,31.58
4.13,-1.87,10.0,31.61
3.8,-3.47,9.33,31.61
1.62,-3.95,9.32,31.58
0.97,2.1,8.78,31.57
1.57,0.4,14.01,31.64
3.77,0.0,9.94,31.58
1.05,-2.91,9.98,31.55
-2.1,-6.91,13.47,31.61
3.3,-0.84,11.44,31.59
4.61,2.43,7.61,31.56
2.76,-0.09,11.0,31.62
0.03,-1.42,7.62,31.61
-4.5,-3.68,11.36,31.57
0.13,2.72,9.71,31.59
-0.59,3.62,6.43,31.57
2.18,1.14,6.78,31.59
-0.2,-2.83,9.66,31.64
-3.59,-3.47,9.06,31.61
1.82,0.21,9.28,31.61
1.39,-3.54,18.81,31.6
2.48,3.51,4.53,31.62
1.29,-4.44,12.07,31.62
-2.14,-4.71,11.75,31.6
-1.47,-2.9,11.97,31.61
5.32,0.08,11.95,31.62
5.82,3.07,3.49,31.59
-2.81,-5.9,13.13,31.61
-5.37,1.14,7.14,31.56
3.48,-1.46,8.97,31.59
6.3,4.08,5.83,31.57
3.3,4.48,1.51,31.59
-3.59,0.04,5.89,31.6
-2.8,0.33,9.56,31.58
-0.66,-4.04,13.03,31.63
5.32,0.13,7.02,31.62
2.11,-3.71,14.44,31.6
0.02,-0.32,4.31,31.59
-4.4,-4.67,12.6,31.57
-0.65,-2.93,13.49,31.6
2.73,-0.03,9.97,31.6
5.42,-1.42,8.24,31.57
3.74,-0.7,3.91,31.57
-0.47,-3.37,10.65,31.61
-1.11,2.89,8.33,31.61
3.87,0.41,6.73,31.62
6.6,2.89,4.78,31.62
3.78,6.95,0.44,31.55
-4.58,4.96,4.22,31.61
-3.95,-1.75,11.7,31.59
0.95,0.59,9.76,31.61
5.9,-3.94,10.99,31.54
2.63,0.19,5.35,31.62
1.21,-1.8,8.92,31.62
-3.14,-2.58,11.88,31.57
0.01,-0.45,12.06,31.6
-2.31,-2.15,12.76,31.58
0.09,1.89,7.26,31.57
8.31,0.28,5.99,31.59
4.34,1.79,4.45,31.6
-0.25,2.91,5.85,31.56
-4.66,2.82,8.54,31.64
-0.33,3.39,8.54,31.6
3.98,-2.69,11.93,31.65
4.71,-2.73,8.02,31.59
3.88,-4.3,11.27,31.57
-1.82,-0.25,6.54,31.64
-1.05,-1.52,14.41,31.54
4.11,-0.57,10.13,31.61
5.74,-4.34,12.22,31.59
3.29,-1.18,5.13,31.56
1.01,-2.78,11.01,31.58
3.7,6.11,3.63,31.61
2.21,-2.85,13.58,31.59
-0.43,-1.94,6.91,31.58
0.8,1.43,6.06,31.58
-3.52,3.39,3.55,31.58
-3.61,-1.29,7.67,31.55
-2.49,-1.84,12.05,31.56
4.23,-3.48,12.84,31.57
3.0,-0.45,7.74,31.58
2.23,-0.34,9.07,31.59
-2.4,-2.94,8.71,31.56
-6.05,-3.91,11.06,31.59
2.28,-2.21,12.63,31.59
6.8,-1.99,9.94,31.6
3.94,-0.93,6.37,31.59
-0.65,1.72,4.03,31.57
-3.39,-3.0,14.56,31.6
0.77,-0.32,8.62,31.52
7.41,-0.13,5.17,31.57
4.77,3.46,2.36,31.6
-1.37,2.72,7.06,31.58
-5.35,-0.31,9.95,31.6
6.34,-3.66,12.09,31.63
6.28,-4.07,8.28,31.54
4.71,0.96,10.66,31.55
7.07,-3.42,9.84,31.62
1.41,-1.45,8.74,31.56
-2.04,-0.18,8.64,31.62
0.38,0.01,11.36,31.61
3.42,-0.85,11.56,31.58
7.31,-0.33,9.61,31.61
3.45,-1.48,7.36,31.55
-0.73,-0.44,9.42,31.59
2.23,-0.51,10.35,31.58
6.01,-0.64,9.42,31.59
4.81,-1.82,8.11,31.57
-1.66,-1.17,9.08,31.55
-2.0,-1.77,10.71,31.57
0.02,-0.21,10.08,31.58
3.77,-0.02,9.22,31.59
5.71,-0.32,8.45,31.6
0.78,-1.61,9.15,31.6
-2.74,-1.79,9.29,31.61
0.43,-1.49,12.27,31.6
3.58,1.09,11.58,31.61
3.61,0.44,9.13,31.56
-0.83,-2.71,8.54,31.57
-4.62,-2.21,10.5,31.6
2.41,-1.38,11.55,31.64
6.06,1.74,8.71,31.54
5.92,3.65,3.84,31.62
-1.61,3.49,4.85,31.59
-6.15,1.03,7.64,31.54
-1.03,-1.07,11.83,31.52
3.26,-2.31,11.89,31.61
4.78,-0.38,9.04,31.59
-0.21,-1.71,8.3,31.57
-1.22,-2.44,10.81,31.64
-2.48,-1.58,11.95,31.58
3.76,-1.24,12.38,31.57
6.27,-0.3,8.11,31.56
3.45,-0.45,7.14,31.55
-3.62,-2.85,11.25,31.58
1.2,1.99,9.82,31.59
2.86,0.85,11.2,31.57
5.2,-0.84,8.6,31.58
-0.56,-2.55,9.7,31.62
-3.91,-1.93,11.06,31.59
0.22,-0.66,10.79,31.58
3.26,0.04,10.01,31.57
2.62,-0.63,8.14,31.59
-3.17,0.79,6.24,31.6
-4.44,-0.03,9.76,31.59
0.3,0.79,10.45,31.55
5.24,-1.47,9.99,31.58
5.43,-0.92,8.23,31.6
1.34,-1.56,8.32,31.58
-3.16,-1.74,11.47,31.59
1.19,-0.95,11.9,31.61
5.69,-0.5,9.4,31.57
6.85,-1.17,7.89,31.61
-0.65,-2.73,9.62,31.58
-3.7,-1.5,11.8,31.58
1.68,-1.77,11.13,31.59
5.05,0.67,7.4,31.55
5.18,1.42,5.64,31.6
-1.61,0.94,7.9,31.58
-5.22,1.93,8.08,31.54
-0.01,-0.95,11.47,31.59
4.81,-0.57,9.34,31.59
4.61,-2.72,9.01,31.59
0.82,-1.34,7.8,31.55
-3.14,-0.15,9.54,31.57
-1.15,-0.08,11.71,31.58
3.83,-1.31,11.35,31.58
4.42,-2.71,8.98,31.6
0.21,-0.12,6.01,31.6
-4.19,-1.9,11.68,31.58
-0.47,0.45,10.31,31.59
4.02,0.83,6.51,31.59
4.19,2.62,5.08,31.55
0.06,1.73,5.3,31.6
-4.27,0.3,9.37,31.61
2.24,-0.87,10.68,31.58
6.02,-2.23,9.85,31.56
5.65,-2.05,8.75,31.59
1.07,-1.06,8.82,31.54
-2.29,-1.28,10.59,31.57
2.06,0.32,9.53,31.57
5.06,0.39,9.93,31.58
4.08,0.18,7.13,31.58
-5.68,-0.19,6.3,31.6
-2.97,-1.48,11.2,31.58
1.87,0.53,8.58,31.61
4.46,3.26,5.66,31.58
1.3,0.12,6.15,31.57
-2.65,-0.3,9.85,31.59
1.02,-2.15,12.79,31.59
1.0,-0.11,9.54,31.61
3.97,0.13,8.99,31.59
2.16,-1.86,11.95,31.62
-1.06,-1.56,8.35,31.56
-2.31,-4.11,13.5,31.58
0.73,1.26,9.09,31.56
5.84,-1.26,10.52,31.56
6.47,0.81,4.62,31.59
-0.75,-3.47,10.36,31.59
0.67,-1.74,12.09,31.57
6.98,1.2,8.72,31.59
6.49,2.82,5.98,31.6
-1.1,-6.16,13.26,31.56
-2.64,-2.22,8.75,31.55
2.16,-2.92,11.67,31.61
3.32,3.57,6.14,31.6
5.45,4.42,3.61,31.61
1.14,1.34,4.39,31.6
-4.47,-1.62,9.19,31.56
0.22,-1.28,10.05,31.58
4.59,-3.29,12.92,31.58
3.62,2.57,6.65,31.58
2.52,-1.18,8.69,31.57
-3.79,-4.33,10.86,31.57
-2.44,-3.05,12.95,31.58
3.93,-0.32,11.79,31.58
6.32,-0.49,11.77,31.57
7.06,0.56,4.76,31.59
-4.09,-1.58,10.93,31.57
-5.92,-1.97,11.38,31.58
4.01,-1.47,9.81,31.6
6.97,1.6,5.82,31.59
1.7,4.66,3.76,31.57
-3.48,2.35,6.42,31.59
-4.57,0.49,10.23,31.61
3.8,-1.75,9.87,31.56
6.33,-2.68,11.29,31.61
3.7,-1.43,7.94,31.58
-2.16,-0.25,7.19,31.54
-2.81,-1.58,11.48,31.6
-0.07,-2.48,13.87,31.59
6.06,-1.12,9.73,31.57
5.78,-2.24,7.62,31.57
-0.65,0.96,5.07,31.55
-3.43,-0.54,13.19,31.6
2.74,-1.32,11.67,31.63
7.71,-4.77,10.35,31.57
2.12,3.09,4.14,31.54
1.0,-1.81,7.41,31.55
0.24,3.93,5.7,31.56
-4.62,1.49,10.04,31.54
5.64,-1.33,10.07,31.6
5.71,-4.7,10.92,31.6
1.8,-1.26,6.82,31.57
1.74,-0.6,9.71,31.57
-0.7,0.78,11.21,31.6
2.26,-1.11,13.46,31.58
5.15,0.68,6.78,31.6
2.09,-6.97,13.8,31.6
1.64,-0.07,8.4,31.55
4.69,4.66,6.09,31.6
4.84,-3.0,15.49,31.58
1.54,1.62,2.36,31.63
-0.18,-3.87,9.72,31.56
-0.02,1.09,9.75,31.57
2.4,5.35,7.82,31.6
-0.13,-0.29,10.73,31.6
4.69,-2.86,8.21,31.59
2.46,-5.06,10.88,31.59
-0.79,-0.48,10.08,31.56
-0.06,2.41,9.12,31.59
3.01,1.92,11.6,31.58
1.12,-2.89,12.54,31.56
-0.3,-2.88,8.46,31.58
-0.32,-3.16,12.94,31.52
2.94,1.35,8.9,31.59
5.49,4.52,6.58,31.59
3.6,-3.41,10.74,31.58
-2.21,-4.24,10.93,31.53
-3.28,0.86,9.26,31.58
1.1,6.61,4.96,31.6
2.56,3.15,7.65,31.57
1.32,-0.96,7.79,31.59
2.66,-4.68,7.7,31.6
-0.08,-2.54,11.9,31.6
1.65,0.66,11.23,31.57
2.04,1.94,11.3,31.54
4.46,-0.62,11.29,31.58
2.46,-3.14,10.03,31.59
-1.75,-5.29,12.96,31.54
1.32,-0.65,11.08,31.58
2.97,-0.73,10.36,31.59
6.34,-3.52,10.41,31.55
6.73,-2.71,8.44,31.59
-0.42,-1.52,9.74,31.58
-3.08,0.29,10.14,31.6
2.63,0.07,12.45,31.62
6.12,-0.72,11.04,31.6
3.36,-3.76,10.15,31.59
-0.7,-1.81,8.42,31.57
-0.67,0.4,10.71,31.59
3.56,-2.75,13.98,31.61
6.43,1.2,6.08,31.58
2.57,0.07,5.96,31.62
-6.36,2.55,6.97,31.63
-1.0,4.81,7.07,31.61
-1.11,1.78,12.1,31.58
5.54,0.51,8.66,31.61
5.2,-5.72,10.43,31.59
0.65,-1.58,6.3,31.59
1.44,-0.11,8.09,31.62
-0.51,-3.49,10.75,31.56
1.97,-5.41,12.97,31.58
4.13,-1.48,12.28,31.58
6.68,4.04,5.26,31.58
2.13,-2.44,12.99,31.6
-1.81,-1.59,7.46,31.57
2.65,-6.58,13.3,31.58
1.84,2.87,8.89,31.59
3.0,5.7,7.71,31.58
-1.33,4.16,6.04,31.59
-0.54,-3.93,12.3,31.56
-0.15,-3.06,10.46,31.6
2.26,1.3,8.97,31.61
8.99,-0.78,15.87,31.57
3.69,1.94,8.17,31.55
-0.4,-4.96,11.75,31.6
0.63,-2.97,10.71,31.59
2.05,-4.26,14.38,31.55
4.79,-1.68,13.31,31.61
6.25,4.56,2.99,31.64
-3.67,-6.74,11.56,31.61
-3.34,-1.47,10.98,31.6
3.61,-2.15,11.14,31.57
4.68,4.61,5.79,31.57
3.05,2.16,4.87,31.56
-3.08,0.14,7.98,31.57
-1.4,-0.05,9.02,31.62
2.17,-2.68,12.63,31.57
4.01,-1.07,11.0,31.54
6.11,-0.86,9.25,31.59
0.41,-3.56,9.39,31.56
-4.68,-3.19,10.7,31.57
0.54,-3.54,13.47,31.56
4.61,-1.23,10.25,31.61
6.15,-0.97,10.11,31.54
4.08,0.73,3.92,31.58
-2.77,-5.57,12.2,31.57
3.9,-1.22,10.74,31.58
3.77,2.92,4.65,31.59
4.8,7.15,1.78,31.58
-2.37,-1.46,10.39,31.59
0.6,-2.1,10.58,31.56
4.82,-0.0,9.17,31.56
5.11,-2.37,11.73,31.56
0.63,-2.49,7.05,31.56
-3.2,-3.6,12.31,31.57
0.68,0.71,10.52,31.55
5.03,-2.42,11.72,31.58
7.95,-2.57,10.18,31.57
2.04,0.81,2.0,31.6
-7.52,-2.47,10.42,31.58
1.93,-1.87,14.33,31.6
7.07,-2.19,7.52,31.62
5.3,1.39,2.49,31.57
0.44,5.15,3.69,31.55
-5.22,4.3,6.54,31.61
-1.78,2.64,9.57,31.57
1.17,-2.69,10.49,31.57
8.84,-3.63,10.18,31.6
3.78,-0.94,13.75,31.59
5.74,4.11,6.09,31.57
0.91,-4.3,12.98,31.6
-1.56,-4.45,13.94,31.56
0.15,-2.34,11.18,31.57
6.12,0.73,11.57,31.51
8.37,1.84,7.97,31.55
-0.6,0.38,5.08,31.56
-7.09,-4.98,12.75,31.56
-2.73,-0.93,8.79,31.57
8.28,1.0,7.62,31.57
6.57,2.13,7.13,31.52
-4.06,5.21,3.3,31.55
-7.37,-1.03,9.61,31.53
-1.24,-1.75,12.84,31.57
5.02,-1.3,10.1,31.61
4.09,-1.51,9.66,31.57
3.78,1.38,3.94,31.57
-2.78,-3.91,12.02,31.57
-3.67,-3.16,14.06,31.59
1.43,-0.4,9.74,31.59
4.79,-1.95,14.07,31.59
6.54,2.28,6.77,31.56
-1.18,-2.65,10.93,31.61
-2.42,-4.57,12.53,31.53
0.87,-3.86,10.59,31.6
5.54,1.58,7.96,31.6
2.9,4.87,7.7,31.62
-0.76,2.69,4.22,31.59
-2.44,-2.58,11.09,31.57
0.9,-4.13,10.56,31.61
5.16,-1.18,10.21,31.6
6.6,-1.79,13.04,31.63
1.59,-0.74,8.08,31.64
-1.78,-5.93,11.98,31.6
-0.19,-1.99,7.92,31.57
3.96,-5.29,16.35,31.6
8.36,0.24,8.65,31.61
6.13,0.79,5.32,31.6
3.27,0.81,9.39,31.55
3.31,0.5,5.43,31.62
4.73,2.67,2.0,31.54
-4.41,4.43,6.56,31.64
-2.89,3.91,7.03,31.57
-0.41,0.99,9.23,31.59
4.83,-4.05,12.15,31.57
4.85,-3.46,5.94,31.58
0.59,-5.26,11.48,31.57
-0.64,4.37,4.58,31.6
0.42,-1.86,14.82,31.55
2.69,-0.95,9.19,31.56
2.84,-7.36,13.69,31.61
0.79,-2.31,7.6,31.55
1.68,0.18,8.71,31.63
6.92,3.04,6.97,31.62
4.3,-1.0,9.4,31.59
-0.62,-0.92,5.6,31.61
6.37,-5.84,12.15,31.62
1.02,3.14,12.94,31.62
0.78,6.61,3.71,31.61
-2.77,0.46,9.15,31.61
-0.92,-0.09,8.35,31.59
3.82,0.79,3.22,31.56
2.2,-4.33,18.25,31.55
-1.24,-0.05,7.87,31.57
4.15,-1.38,11.61,31.58
1.7,-3.22,12.08,31.6
3.63,-3.57,11.34,31.62
2.55,-3.88,11.86,31.57
5.33,0.58,8.28,31.59
9.04,0.77,8.43,31.6
2.88,-2.85,9.38,31.57
-4.71,-3.51,8.84,31.62
3.55,-4.07,12.74,31.6
5.91,2.19,6.01,31.6
5.67,1.8,5.55,31.57
2.18,0.45,7.34,31.57
-4.0,2.38,7.52,31.59
0.31,1.42,9.59,31.58
3.39,-0.11,10.59,31.6
5.88,0.27,5.86,31.59
10.65,-1.13,5.64,31.55
0.13,-6.0,14.77,31.58
1.52,-1.87,9.84,31.59
1.73,-2.29,13.63,31.55
6.06,-0.62,13.78,31.57
4.85,-1.63,9.22,31.56
-0.01,-6.31,11.93,31.62
1.35,0.34,9.61,31.61
4.0,0.76,12.56,31.58
7.72,1.0,7.21,31.59
4.41,-0.23,8.29,31.59
-6.1,3.22,10.4,31.57
-5.89,1.51,9.22,31.57
0.42,0.68,11.95,31.61
4.91,0.06,10.51,31.57
2.25,-1.24,7.1,31.61
-1.53,-3.84,8.09,31.57
2.26,2.4,10.79,31.56
4.57,-0.58,13.94,31.59
2.11,-2.91,10.39,31.59
2.27,-3.88,7.39,31.54
0.67,-4.81,13.03,31.54
3.89,0.07,10.48,31.58
6.71,0.04,9.31,31.57
2.98,-1.61,7.05,31.56
-2.83,-1.43,7.04,31.58
-6.21,-1.14,10.2,31.59
1.49,5.08,7.77,31.58
4.19,5.77,5.73,31.57
1.33,0.83,7.35,31.55
-1.14,-5.22,8.35,31.54
0.22,-3.01,8.14,31.57
3.66,-3.22,13.12,31.59
6.8,2.9,7.11,31.57
4.13,-1.64,9.41,31.55
2.95,0.12,7.53,31.55
-2.59,-8.02,16.34,31.58
4.6,-3.15,11.46,31.6
9.39,2.1,5.09,31.57
5.58,0.72,6.03,31.61
-2.74,-0.86,7.92,31.56
0.16,-0.98,9.77,31.57
3.71,-0.05,9.5,31.6
5.83,8.05,5.92,31.55
-0.72,3.83,6.59,31.53
-6.82,1.97,6.1,31.56
-3.9,-4.36,14.33,31.57
1.92,0.34,9.85,31.6
5.38,-1.04,8.22,31.58
6.44,-5.75,12.5,31.54
-1.34,-0.99,5.35,31.57
-3.35,-2.26,11.48,31.54
3.31,-4.46,14.85,31.58
7.58,-0.59,5.64,31.6
5.83,-1.63,6.41,31.6
-2.78,-2.01,8.95,31.57
-2.58,3.06,9.25,31.58
-4.99,2.95,7.92,31.55
0.55,1.94,10.31,31.57
3.08,-4.76,13.33,31.56
6.84,-3.14,5.94,31.54
2.06,-3.87,9.86,31.55
0.52,-0.1,10.13,31.61
2.77,2.38,10.07,31.55
7.11,-0.81,11.48,31.57
3.79,-5.05,9.04,31.57
1.4,-4.45,11.07,31.59
3.19,-3.45,14.0,31.58
4.63,0.96,8.66,31.54
6.99,1.09,6.93,31.57
0.98,-1.52,7.92,31.63
-1.56,2.21,8.6,31.59
0.41,1.25,8.88,31.59
0.21,4.94,7.28,31.57
2.06,1.29,9.49,31.54
3.22,-4.11,12.09,31.55
7.67,-0.74,9.68,31.54
5.76,-3.56,10.78,31.61
2.57,-0.55,5.4,31.57
-2.66,-1.68,9.38,31.61
1.75,-3.28,15.57,31.58
6.31,-1.01,8.73,31.58
8.59,-1.93,6.68,31.54
1.06,-1.7,7.66,31.54
-2.92,-0.51,8.27,31.57
3.91,-0.12,9.73,31.55
2.51,1.61,7.26,31.55
6.57,1.4,6.1,31.6
-0.77,3.73,6.21,31.58
-7.3,2.68,6.55,31.59
-3.7,0.46,11.27,31.54
1.04,-3.32,14.64,31.58
3.28,-1.48,9.03,31.56
4.12,-4.43,7.49,31.58
2.18,-4.27,10.22,31.57
-3.54,-0.36,8.52,31.57
3.57,-3.19,12.18,31.57
4.86,-0.41,10.78,31.58
5.35,1.52,5.65,31.55
1.87,-1.76,8.76,31.54
-4.26,2.27,8.93,31.56
-3.56,3.9,6.6,31.59
-1.92,4.15,8.89,31.58
-1.41,1.86,9.7,31.57
6.84,-2.39,7.86,31.54
1.96,-5.53,8.6,31.56
0.0,-2.0,10.14,31.6
4.16,0.61,12.42,31.58
4.62,1.24,9.67,31.57
2.62,-3.85,11.13,31.55
-1.07,-5.2,10.41,31.57
0.34,-3.54,12.04,31.56
5.03,-0.86,9.9,31.57
6.62,0.76,7.89,31.54
3.69,-0.68,7.11,31.59
5.04,-1.96,7.98,31.6
1.88,-1.27,6.46,31.55
-0.99,-0.62,8.25,31.59
0.28,-0.63,11.16,31.58
2.7,-0.13,9.69,31.6
4.72,-1.5,8.54,31.55
1.48,-2.46,8.68,31.54
-2.59,-0.23,8.47,31.56
0.24,2.0,8.19,31.56
5.43,1.6,10.6,31.58
3.52,-0.49,8.58,31.58
0.2,-2.41,8.99,31.56
-0.18,-3.51,11.26,31.59
3.16,-1.23,11.67,31.56
3.81,0.32,10.75,31.54
2.75,0.46,8.54,31.56
-0.13,-2.46,9.95,31.55
-1.64,-2.81,10.91,31.55
1.1,-0.37,9.1,31.59
4.46,-0.35,9.84,31.57
5.59,-0.91,8.11,31.57
4.12,0.77,6.52,31.59
3.17,-0.01,5.44,31.57
-2.22,3.2,4.74,31.57
0.79,-0.7,10.55,31.53
-0.03,0.15,10.24,31.54
3.12,-1.69,9.47,31.6
5.8,-3.84,9.57,31.56
0.62,-2.68,9.77,31.54
0.6,-0.52,9.44,31.53
3.79,0.32,11.59,31.55
6.14,-0.65,9.44,31.63
3.39,-3.51,9.9,31.59
-1.41,-3.39,10.91,31.53
2.42,0.9,8.09,31.59
5.01,-0.45,10.72,31.59
5.85,2.21,4.36,31.59
1.07,-3.96,9.04,31.54
-1.73,-2.05,10.58,31.57
3.69,-0.77,6.35,31.54
-1.89,-4.87,11.48,31.53
-2.31,0.01,8.95,31.54
1.55,-0.22,12.46,31.6
3.12,1.41,10.52,31.55
2.53,-2.61,9.29,31.57
-1.19,-3.74,10.25,31.53
-2.72,-3.46,11.21,31.59
1.31,-0.35,10.69,31.54
3.75,0.42,8.03,31.55
0.96,-0.83,9.17,31.55
-6.99,0.37,8.34,31.56
-2.28,-0.92,11.2,31.58
-0.26,2.87,7.68,31.6
2.4,-0.24,8.44,31.6
3.61,-0.11,5.3,31.57
-2.38,-1.56,9.35,31.57
-2.55,-0.41,9.15,31.57
0.91,-0.71,12.04,31.51
3.39,-0.92,10.73,31.57
4.38,-0.66,11.76,31.58
5.08,-1.2,8.25,31.59
6.62,0.03,5.59,31.53
2.63,-1.46,9.65,31.55
1.51,1.94,6.7,31.58
4.85,1.13,7.67,31.57
6.21,1.55,5.78,31.59
2.55,3.06,3.04,31.58
-1.48,-1.43,10.83,31.54
3.06,0.73,8.19,31.57
1.45,-2.02,11.17,31.57
3.8,-0.93,7.79,31.56
2.08,-4.49,13.12,31.59
-0.3,-3.31,9.74,31.57
-1.58,-2.56,11.77,31.59
3.49,0.05,11.61,31.62
6.11,-1.01,12.1,31.54
2.65,-1.31,6.84,31.57
-2.89,-4.21,10.32,31.58
1.22,-0.98,10.96,31.58
-1.47,-1.06,7.7,31.53
2.47,-0.66,10.23,31.56
5.26,-2.99,12.93,31.54
8.65,5.88,0.76,31.57
-0.5,6.68,3.5,31.55
-4.26,5.14,6.11,31.56
-2.56,0.74,9.94,31.58
5.17,-3.37,10.68,31.54
3.73,-4.35,7.47,31.6
2.26,-1.7,6.83,31.61
-1.89,-0.33,10.9,31.58
-3.85,-1.0,12.88,31.54
3.7,-3.06,13.19,31.59
5.41,-2.39,8.35,31.55
2.84,-3.93,8.02,31.56
0.92,-2.21,10.4,31.52
1.41,4.31,4.59,31.6
5.77,-5.79,15.71,31.57
6.46,3.76,2.19,31.57
3.5,5.15,-0.54,31.55
0.11,4.24,4.83,31.59
0.85,6.29,8.3,31.59
1.12,0.52,8.37,31.52
5.46,-4.97,9.11,31.54
2.49,-2.69,9.73,31.55
-0.17,-1.91,10.34,31.56
1.91,1.42,11.56,31.54
2.48,-0.05,11.43,31.57
1.45,-3.2,9.99,31.58
2.15,-4.81,10.64,31.58
2.25,-2.38,10.84,31.58
1.23,2.48,8.21,31.54
7.73,2.72,7.06,31.57
2.79,-4.39,12.15,31.55
-1.61,-5.6,10.0,31.58
1.61,3.84,5.81,31.57
0.66,3.4,10.29,31.59
2.17,0.45,8.51,31.56
5.07,-6.71,12.96,31.6
4.12,3.68,7.82,31.55
4.7,2.38,7.94,31.59
-1.59,2.55,5.14,31.57
-3.01,-3.27,11.83,31.54
0.14,-2.2,11.95,31.57
5.13,-0.78,9.88,31.56
3.91,-1.28,10.16,31.56
-0.28,-1.89,8.07,31.57
-2.81,-1.75,9.67,31.57
0.25,-2.28,12.33,31.58
5.34,0.15,8.12,31.57
6.69,-0.33,7.5,31.56
5.5,0.28,9.43,31.59
3.62,-2.54,12.23,31.56
3.05,-3.36,12.43,31.6
0.07,-0.89,7.54,31.56
0.82,-2.77,13.39,31.57
0.63,-0.51,9.85,31.56
5.93,-3.48,9.56,31.57
7.27,-3.69,9.26,31.54
-1.06,-2.43,8.31,31.55
-1.2,-1.36,11.69,31.51
4.63,1.36,9.86,31.55
6.17,-0.94,7.56,31.57
3.92,-3.01,6.81,31.59
-3.45,-1.88,9.83,31.55
-1.99,-2.1,11.67,31.62
3.43,2.37,7.77,31.59
2.79,1.28,6.13,31.56
3.72,-2.81,9.87,31.57
-2.49,-2.77,10.49,31.57
4.49,0.03,9.48,31.58
0.46,-2.03,9.19,31.54
-4.14,-2.55,11.3,31.54
0.35,-0.84,11.48,31.58
3.73,0.39,9.44,31.54
4.7,-0.19,8.98,31.54
0.3,-1.09,7.83,31.59
-4.39,-1.1,9.44,31.53
0.89,-0.31,9.61,31.57
2.83,2.07,6.37,31.59
3.91,2.36,4.59,31.53
0.16,1.79,6.07,31.55
-2.92,0.32,8.79,31.58
0.3,-1.69,11.51,31.57
3.32,-0.88,9.67,31.55
4.82,-1.01,6.97,31.59
0.73,-0.73,6.59,31.56
-3.98,-0.77,9.95,31.57
-0.86,-1.11,12.28,31.54
4.67,0.13,8.75,31.53
5.06,-1.54,8.17,31.57
-0.59,-1.79,7.52,31.61
-1.55,-0.4,9.42,31.59
1.63,-0.56,10.68,31.58
5.56,0.43,8.35,31.56
6.38,0.35,6.47,31.59
1.22,0.06,7.03,31.56
-2.69,0.19,9.25,31.54
1.19,-1.9,11.33,31.57
4.79,-1.21,9.5,31.58
6.17,-0.93,7.65,31.55
1.17,-1.26,8.78,31.57
-2.38,-0.57,9.5,31.54
1.88,-0.4,11.77,31.58
5.81,-1.22,10.05,31.56
5.79,-1.09,7.89,31.57
-0.09,-1.19,8.88,31.57
-0.83,-0.86,11.0,31.54
2.33,-0.58,10.81,31.58
6.73,-0.85,9.83,31.57
4.22,-0.29,8.19,31.58
0.26,-0.47,7.71,31.55
-0.46,-0.55,10.5,31.59
0.73,-0.98,10.43,31.59
5.12,0.03,8.73,31.62
3.45,0.12,7.28,31.58
-1.2,-0.34,8.44,31.6
-2.88,-0.01,10.25,31.56
1.0,-0.02,11.42,31.62
4.74,-0.37,10.52,31.59
3.98,-0.98,8.83,31.53
-0.28,-2.56,10.7,31.58
-0.95,-1.16,11.33,31.59
2.43,-0.43,10.95,31.54
5.85,-0.02,9.27,31.58
5.01,-0.65,7.81,31.57
-1.97,-1.07,8.57,31.56
-3.77,-1.8,11.21,31.55
0.22,-0.87,10.91,31.59
5.15,0.31,8.45,31.57
3.09,-0.23,7.42,31.56
-2.69,-0.03,8.25,31.58
-0.71,-1.24,10.99,31.59
0.52,-0.74,10.89,31.58
4.19,0.36,7.84,31.61
3.54,-0.66,8.06,31.52
-3.51,-0.9,10.42,31.59
0.88,-0.32,11.16,31.57
4.51,-1.08,9.65,31.55
3.51,-0.28,8.06,31.56
2.83,-1.03,7.11,31.59
-2.63,-0.75,8.43,31.57
-2.61,-0.66,11.03,31.55
2.58,-0.54,9.69,31.56
4.62,-0.36,6.76,31.57
3.36,0.03,6.79,31.55
-1.6,-0.51,8.17,31.59
-3.08,-1.26,11.03,31.54
1.0,-1.43,11.71,31.54
5.67,-0.37,8.55,31.59
5.49,-1.53,7.68,31.54
-2.0,-0.28,8.1,31.55
-3.12,0.04,10.79,31.58
1.8,-0.58,10.68,31.59
3.36,-0.02,7.91,31.58
3.34,0.51,9.41,31.58
3.07,0.56,8.32,31.53
3.99,0.99,6.22,31.55
-0.23,0.12,8.06,31.57
-3.38,-0.61,10.6,31.59
0.48,-0.04,10.47,31.57
4.41,0.96,7.9,31.57
4.41,-0.34,7.87,31.59
-1.0,-1.2,8.81,31.59
-3.3,-0.46,10.41,31.58
0.73,-0.52,10.55,31.58
4.09,0.33,8.3,31.59
4.18,0.57,7.02,31.56
-0.89,0.45,7.36,31.6
-3.09,0.13,9.5,31.57
2.38,0.82,9.86,31.58
4.59,-0.59,8.08,31.57
2.69,0.9,6.22,31.57
-0.66,-1.07,8.35,31.57
-0.98,-1.42,10.87,31.57
-4.14,-0.88,10.55,31.59
-2.86,-1.46,11.38,31.56
3.43,-0.68,10.78,31.57
3.83,-0.01,8.53,31.57
3.7,0.19,6.31,31.57
-1.31,-0.55,8.16,31.56
-4.41,-0.74,11.34,31.55
2.82,0.56,9.27,31.57
5.17,-0.62,8.44,31.56
1.91,-0.34,6.92,31.52
-2.54,-0.59,8.67,31.56
-1.67,-0.96,10.84,31.54
-0.17,-0.93,10.32,31.56
3.92,-0.64,8.74,31.59
2.94,-0.41,7.1,31.55
-3.37,-0.01,8.48,31.59
-2.55,-0.35,10.56,31.55
2.93,-0.16,10.03,31.57
5.21,0.03,7.86,31.56
-2.02,-0.98,9.07,31.59
-5.08,-0.28,9.49,31.55
-0.48,-0.67,10.98,31.56
2.46,-0.77,9.87,31.58
3.68,1.02,6.68,31.54
2.43,-0.59,7.6,31.54
-3.9,-0.22,9.56,31.55
0.21,0.44,10.13,31.57
4.48,0.0,9.21,31.57
2.99,0.77,7.06,31.53
1.6,-0.37,8.3,31.54
-0.51,-0.76,10.15,31.57
-2.72,0.06,10.74,31.58
2.96,0.36,9.0,31.6
4.96,0.11,7.71,31.57
0.62,0.81,7.45,31.58
-0.06,-0.47,9.61,31.55
1.21,-0.43,10.06,31.59
4.66,0.87,8.64,31.59
3.95,-0.32,8.31,31.59
-3.02,-1.36,10.35,31.54
-0.09,-0.38,10.32,31.63
3.82,0.57,9.68,31.55
6.16,-0.96,8.63,31.57
2.13,-1.34,8.83,31.57
-1.61,-2.02,10.56,31.61
-1.42,-1.15,10.86,31.56
3.03,-0.08,9.53,31.6
6.95,-1.23,8.66,31.57
2.24,-1.49,9.14,31.54
-0.69,-1.05,10.03,31.57
-0.23,-0.68,11.12,31.57
3.02,0.62,8.58,31.53
7.55,-0.64,7.8,31.55
2.36,-0.98,7.35,31.6
0.65,-0.15,7.48,31.59
-1.31,-0.59,10.02,31.54
3.25,-0.47,9.88,31.57
4.94,0.81,7.96,31.54
3.62,-0.77,8.87,31.54
5.13,0.02,8.14,31.62
4.11,-1.76,8.5,31.61
-1.68,-1.89,10.0,31.54
-2.38,-1.36,11.0,31.59
4.0,-1.48,10.96,31.57
7.47,-0.39,8.11,31.59
6.6,-0.51,7.34,31.57
0.5,-1.11,9.83,31.59
-1.12,0.08,9.89,31.6
5.33,-0.48,10.15,31.58
6.6,-1.0,8.26,31.56
4.12,0.35,6.85,31.57
0.7,-1.14,9.63,31.56
-1.06,-1.07,10.41,31.57
3.11,0.88,9.43,31.57
6.92,0.4,6.9,31.58
3.59,1.23,6.51,31.58
-0.7,-1.34,9.84,31.55
1.75,-0.28,10.22,31.57
3.65,-2.22,11.47,31.6
5.33,-1.51,9.53,31.58
2.78,-1.06,8.46,31.57
-1.19,-1.58,10.39,31.59
-1.33,-0.27,11.12,31.54
2.89,-0.23,10.35,31.58
4.77,-0.68,8.65,31.6
0.43,-0.55,8.01,31.56
-2.72,-0.53,9.8,31.55
-1.93,-0.49,10.66,31.59
1.58,-0.12,10.2,31.59
3.26,-0.13,8.51,31.56
-0.73,-0.74,8.04,31.58
-3.92,-0.95,10.58,31.58
-0.91,-0.92,11.23,31.57
3.02,0.96,9.49,31.59
5.29,-0.27,8.01,31.59
1.38,-1.41,8.32,31.57
-4.01,-2.47,10.94,31.62
-1.88,0.02,7.74,31.57
-4.44,-0.62,10.27,31.55
-1.93,-0.33,10.55,31.57
2.52,0.02,9.58,31.59
4.15,0.22,6.99,31.55
0.76,0.01,7.56,31.6
-4.95,-0.7,10.37,31.58
-2.55,-1.26,11.74,31.55
3.07,-0.51,9.83,31.57
4.56,0.33,6.99,31.57
2.22,-0.55,7.68,31.54
-2.03,-0.5,9.83,31.56
-1.53,-1.26,11.88,31.59
2.01,-0.43,9.48,31.59
2.93,0.43,6.79,31.56
-0.12,0.01,7.57,31.57
-4.81,-1.05,10.36,31.58
-0.2,-1.31,11.41,31.57
4.69,-0.68,9.15,31.55
3.81,0.75,6.86,31.57
1.31,-0.97,8.38,31.54
-2.24,-1.73,10.83,31.57
-0.8,0.1,9.99,31.56
5.22,-0.29,9.17,31.6
5.17,-0.24,8.24,31.58
1.08,-0.32,7.5,31.57
-1.24,-0.3,9.96,31.56
1.16,-1.18,11.17,31.57
4.4,0.18,8.71,31.64
6.18,1.44,6.4,31.62
1.64,-0.29,7.35,31.54
-2.36,-0.6,10.58,31.59
0.62,-1.08,10.5,31.57
4.52,-0.2,9.17,31.55
3.9,-0.23,7.3,31.55
0.81,-1.41,8.47,31.58
-1.66,-0.61,9.68,31.57
0.82,0.07,9.9,31.57
4.23,-0.61,9.79,31.63
4.42,-2.14,8.95,31.58
1.9,-1.69,9.54,31.59
-1.12,-0.99,9.96,31.59
0.49,-0.81,11.45,31.53
4.33,-1.51,10.7,31.58
5.73,-0.9,8.2,31.55
1.0,-0.31,8.32,31.56
-2.37,-0.55,9.28,31.57
1.12,0.5,9.45,31.59
5.24,-0.25,9.06,31.58
4.82,-0.29,7.81,31.57
0.17,-0.25,8.28,31.58
-2.3,-1.33,10.18,31.59
1.56,0.3,9.89,31.55
4.82,0.12,9.04,31.55
6.73,-0.05,7.65,31.58
3.48,-0.74,8.6,31.6
-1.55,-1.07,8.92,31.56
-1.11,-0.75,10.88,31.58
1.72,-0.26,10.68,31.59
-0.46,-0.4,10.4,31.58
-1.17,-0.68,10.49,31.57
2.91,-0.3,9.27,31.56
4.7,0.17,7.54,31.57
3.76,0.39,6.85,31.57
-1.86,-0.1,9.26,31.57
-1.92,0.06,10.25,31.59
4.23,-0.25,10.3,31.57
5.03,-0.33,8.23,31.61
2.93,-0.56,8.21,31.57
-0.2,-1.59,9.42,31.58
-0.98,-1.02,11.21,31.55
4.42,-0.76,10.36,31.54
8.63,-0.88,8.78,31.58
5.06,-0.82,8.05,31.56
0.97,-0.78,9.36,31.56
1.05,-1.08,11.15,31.55
3.01,-0.42,9.97,31.55
6.07,-0.34,8.11,31.57
3.96,-0.42,7.48,31.53
-1.83,-1.43,10.54,31.57
0.7,-1.03,11.3,31.59
5.03,-0.78,10.13,31.56
5.87,-0.87,8.55,31.56
1.49,-0.94,8.1,31.52
-1.64,-2.47,10.64,31.56
-2.96,-0.54,11.18,31.52
1.59,0.61,10.2,31.58
6.04,-1.32,9.45,31.55
0.27,-1.29,8.91,31.52
-4.09,-1.53,10.16,31.6
-1.23,-0.34,11.75,31.53
2.31,-1.14,11.65,31.59
5.18,-0.66,8.35,31.56
2.06,-1.96,8.79,31.54
-3.24,-1.53,11.01,31.58
-2.15,-1.72,11.8,31.57
3.34,-0.6,9.83,31.57
6.9,0.34,7.95,31.62
3.49,-0.11,9.18,31.54
4.02,-0.42,8.58,31.54
4.55,0.82,6.28,31.59
2.55,0.04,7.65,31.58
-1.79,-1.34,10.57,31.57
0.7,0.17,10.53,31.54
5.79,-0.41,8.34,31.57
4.08,-0.34,7.63,31.55
-0.12,-0.69,8.46,31.56
-0.19,-0.34,9.88,31.58
1.92,0.86,9.54,31.57
4.76,-0.24,8.8,31.57
4.46,0.33,7.03,31.54
-0.4,-0.56,8.61,31.58
-1.96,-1.12,10.34,31.56
2.44,-1.6,11.56,31.55
6.96,-2.62,10.19,31.54
2.75,-0.66,8.09,31.53
-0.88,-2.35,9.75,31.62
-1.15,-1.58,11.58,31.55
-3.11,-1.92,11.65,31.55
-0.29,-0.71,11.1,31.56
5.29,-0.95,9.42,31.59
2.78,-1.89,9.17,31.56
-4.33,-1.92,10.4,31.55
-0.92,-2.05,12.43,31.54
2.08,-1.38,11.24,31.6
4.65,-0.47,7.97,31.61
3.31,-0.05,7.46,31.54
-2.99,-0.8,9.26,31.57
-2.43,-0.78,11.05,31.55
2.87,-1.49,10.49,31.57
5.23,-0.13,8.18,31.55
3.7,-0.46,6.72,31.59
-3.08,-0.39,8.63,31.59
-1.69,-1.2,10.97,31.58
3.58,-0.56,9.91,31.54
6.02,-0.99,8.5,31.57
3.3,-0.1,6.66,31.57
0.12,0.67,5.85,31.48
-4.34,0.72,8.05,31.53
-2.1,-0.08,10.72,31.55
2.68,0.98,8.4,31.54
3.78,0.71,5.93,31.5
-0.04,1.57,6.15,31.59
-3.35,0.8,8.42,31.58
-0.26,0.91,9.17,31.59
2.87,0.65,8.54,31.53
2.85,1.03,5.78,31.54
0.46,0.41,6.46,31.59
-2.43,-0.28,9.91,31.55
0.44,-0.18,10.52,31.5
3.3,0.69,7.86,31.54
2.46,0.05,5.99,31.56
1.07,-0.45,7.55,31.55
-1.26,-0.05,8.89,31.56
2.27,1.14,9.3,31.61
5.16,-0.2,8.3,31.52
4.18,0.33,6.59,31.57
5.05,0.89,7.74,31.54
5.75,-0.55,7.18,31.52
-0.57,-0.31,8.37,31.56
-2.08,-0.54,9.14,31.55
1.46,-0.7,11.61,31.5
4.38,-0.65,9.85,31.55
5.45,-0.04,6.73,31.53
4.37,-0.68,7.35,31.58
-1.54,-0.19,8.68,31.58
2.09,0.0,11.29,31.55
5.7,-1.11,9.98,31.58
5.88,0.59,6.89,31.57
4.01,-0.4,5.91,31.57
-2.09,1.62,6.41,31.54
-0.05,0.32,10.64,31.52
2.45,1.24,8.27,31.56
2.65,1.46,6.15,31.55
0.11,0.03,7.4,31.53
-1.68,-1.0,9.97,31.55
-1.03,-1.08,11.72,31.57
0.55,-1.19,11.3,31.54
3.26,1.25,8.84,31.53
5.91,-0.7,7.26,31.53
3.3,-1.02,7.4,31.53
-2.93,-1.21,9.53,31.56
1.28,-1.5,11.48,31.57
5.75,-0.54,9.49,31.53
3.4,0.58,5.92,31.51
2.86,0.28,6.99,31.49
-1.18,-0.81,8.7,31.48
1.66,0.62,9.63,31.54
2.91,-0.34,10.13,31.55
3.1,0.4,6.03,31.5
0.53,-0.41,7.83,31.51
-0.53,-2.03,10.61,31.53
3.59,0.06,11.08,31.55
5.72,-1.1,9.85,31.49
6.02,-0.11,6.56,31.52
2.55,-0.68,7.08,31.52
4.66,-0.3,8.02,31.53
5.77,-0.56,7.97,31.52
1.5,-2.09,9.34,31.57
1.05,-1.63,10.29,31.55
4.87,-0.89,11.3,31.52
6.64,0.25,9.09,31.52
3.13,-0.45,8.26,31.52
0.74,-1.33,9.19,31.56
-0.54,-1.7,10.45,31.53
1.27,-0.5,10.74,31.5
5.29,-1.64,10.54,31.55
6.16,-2.09,8.86,31.52
2.21,-2.11,9.58,31.57
1.96,-1.81,10.35,31.54
5.84,0.38,10.07,31.54
5.95,0.5,8.44,31.52
3.26,0.51,6.74,31.57
-1.87,-0.43,8.86,31.53
-1.76,-0.16,10.0,31.53
0.43,0.68,10.43,31.57
3.61,0.03,9.14,31.56
4.03,0.04,7.14,31.52
-3.17,-1.3,9.22,31.54
-3.96,-2.42,11.94,31.53
0.94,-0.14,10.95,31.55
4.41,0.02,8.79,31.56
3.31,-1.17,8.55,31.53
-0.39,-1.34,9.15,31.53
1.05,-2.17,10.2,31.57
-0.33,-0.62,10.49,31.56
2.96,0.19,9.96,31.51
5.41,-1.72,8.82,31.55
0.95,-1.21,8.73,31.54
-1.03,-1.4,10.24,31.52
-0.05,-0.44,10.65,31.48
3.06,0.89,8.88,31.53
5.04,0.05,7.76,31.51
0.23,-1.19,7.36,31.56
-3.96,-1.58,10.61,31.53
-0.14,-1.13,10.36,31.49
-0.7,-1.45,11.18,31.54
3.04,-0.01,10.52,31.52
6.52,-1.05,8.98,31.54
3.84,-2.32,9.15,31.55
0.11,-1.76,9.38,31.51
0.55,-0.18,10.08,31.51
2.58,-1.05,11.64,31.49
4.75,-1.87,9.81,31.48
3.07,0.16,6.95,31.49
-0.79,-0.71,8.75,31.51
-0.58,-0.08,10.4,31.52
4.4,0.55,10.35,31.52
8.96,0.08,8.31,31.57
2.91,-0.21,7.35,31.52
-0.9,-0.1,8.23,31.54
1.88,-0.82,10.35,31.49
2.49,-0.34,10.44,31.57
5.1,0.24,9.0,31.55
4.18,0.67,7.06,31.47
-2.09,0.43,8.29,31.54
-2.2,-0.22,10.9,31.5
2.9,1.72,8.57,31.5
6.17,-0.14,8.61,31.5
1.94,0.13,7.47,31.54
-0.93,-0.86,9.49,31.55
-0.66,-0.78,10.82,31.53
1.91,-0.02,10.27,31.54
7.14,0.12,8.14,31.5
4.11,-0.33,6.55,31.51
-3.96,-1.21,9.41,31.54
-1.93,-1.31,11.17,31.54
1.75,0.17,9.94,31.48
3.15,0.51,7.79,31.53
1.15,-0.64,7.7,31.54
-4.36,0.14,9.5,31.54
-1.95,-0.49,10.82,31.51
1.84,-0.59,10.66,31.53
4.96,-0.3,9.15,31.49
0.23,-1.25,8.68,31.55
-2.43,-1.02,10.71,31.55
0.32,-0.39,11.15,31.53
4.65,-0.16,9.34,31.54
4.75,0.09,6.88,31.51
-1.98,-0.68,8.0,31.53
-3.07,-2.15,11.92,31.52
2.08,-1.8,12.13,31.49
2.95,-0.56,10.01,31.55
3.74,0.62,6.72,31.54
-0.71,-1.82,9.0,31.52
-2.09,-1.68,11.31,31.55
2.62,-1.68,11.82,31.51
3.18,0.17,9.17,31.51
4.02,-0.4,7.25,31.46
1.06,-2.37,9.09,31.57
0.32,-1.09,11.28,31.54
2.27,-1.37,11.03,31.52
3.9,0.45,8.75,31.52
5.44,-1.26,8.0,31.53
0.49,-1.39,10.83,31.52
2.45,-1.26,8.33,31.5
0.42,-1.63,9.22,31.52
-3.86,-0.43,9.91,31.48
0.27,0.03,11.49,31.53
5.01,-1.6,10.69,31.54
4.28,-0.92,8.18,31.52
-0.81,-1.8,9.93,31.52
-2.03,-1.24,10.38,31.55
2.29,-0.14,10.4,31.52
5.37,-0.5,9.47,31.57
4.35,-1.44,8.8,31.52
-1.71,-1.15,9.18,31.49
-2.32,-0.74,10.34,31.52
-0.91,0.61,10.77,31.52
3.39,0.48,9.64,31.55
4.43,0.01,7.53,31.57
-2.37,-2.09,10.71,31.54
-3.51,-1.93,11.78,31.53
0.09,0.07,10.96,31.51
3.76,-0.28,8.92,31.52
2.7,-0.68,7.97,31.52
0.04,-1.12,9.34,31.51
-0.34,-0.83,10.9,31.55
0.66,0.15,10.24,31.49
4.66,1.16,7.74,31.47
5.21,-0.37,7.68,31.5
-1.27,-1.16,8.53,31.49
-2.09,-0.33,9.44,31.56
0.76,-0.09,10.06,31.54
3.91,0.97,8.9,31.54
5.94,-0.02,8.2,31.55
4.06,-0.84,7.38,31.54
-2.55,-1.32,10.44,31.55
0.09,-0.54,10.13,31.55
4.02,1.62,9.24,31.51
6.25,0.44,7.16,31.55
-0.89,0.44,6.96,31.53
-5.33,0.09,9.16,31.54
2.23,0.34,6.97,31.54
2.35,0.52,6.38,31.56
-2.66,0.27,7.85,31.53
-3.74,0.26,10.85,31.52
1.55,-0.04,10.08,31.5
2.88,0.15,8.03,31.52
2.53,-0.31,6.67,31.54
-3.82,-1.37,9.67,31.51
-3.37,-1.68,12.2,31.54
3.54,-0.7,10.56,31.52
5.23,0.6,7.31,31.55
4.31,0.68,6.12,31.5
0.07,0.05,7.92,31.5
-0.55,-0.07,10.04,31.58
2.18,-1.35,11.31,31.52
4.3,-1.99,9.29,31.54
4.86,-1.47,7.84,31.52
-0.0,-1.2,9.32,31.57
-0.42,-0.68,10.64,31.57
2.59,-0.21,10.41,31.52
2.99,-0.66,10.37,31.52
0.1,0.09,10.16,31.55
2.66,0.17,9.92,31.56
5.2,-0.21,7.74,31.51
2.08,-0.75,7.02,31.53
0.47,0.51,7.95,31.52
1.83,-0.66,10.44,31.52
3.49,-1.88,10.83,31.56
5.61,-0.76,8.28,31.53
3.2,-0.81,7.37,31.54
-0.45,-0.43,9.73,31.53
0.31,-0.68,10.5,31.55
3.27,0.67,9.47,31.52
5.01,0.0,7.9,31.55
0.93,-0.3,7.91,31.55
0.84,-1.09,10.19,31.54
1.22,-1.08,10.98,31.52
2.67,0.59,10.2,31.55
6.37,-0.25,8.06,31.53
0.45,-1.02,8.61,31.53
1.19,-1.39,9.59,31.52
1.0,-1.36,11.35,31.46
4.73,-1.38,11.29,31.57
9.39,-2.3,9.57,31.52
4.19,-1.5,7.88,31.53
1.11,-0.43,8.54,31.54
3.59,-1.14,10.84,31.53
4.27,-0.34,10.24,31.51
5.4,-0.03,7.84,31.53
2.79,-0.95,7.8,31.52
-2.1,-1.07,9.97,31.51
0.17,-0.25,10.76,31.52
3.93,0.01,9.74,31.53
4.5,0.28,8.03,31.56
-0.03,-0.41,7.94,31.53
-0.17,-0.81,9.79,31.52
0.62,-0.78,10.77,31.49
2.54,0.28,9.4,31.51
3.12,-1.5,9.49,31.51
2.26,0.1,10.27,31.49
4.27,1.24,7.42,31.52
4.05,-0.08,6.35,31.5
-1.56,0.6,6.54,31.47
-3.84,0.96,9.35,31.52
1.82,-1.71,11.94,31.51
3.29,-0.4,9.16,31.51
2.79,-0.56,7.07,31.54
0.51,0.08,7.45,31.52
-0.86,0.49,8.66,31.52
1.16,-0.05,10.35,31.52
4.45,-0.26,8.58,31.53
3.35,-0.05,6.44,31.51
0.68,0.32,7.13,31.49
0.68,-0.71,10.34,31.54
3.14,-0.05,10.55,31.46
5.8,0.22,7.92,31.52
4.84,0.06,6.54,31.53
0.13,-0.36,8.91,31.53
-0.25,-1.62,11.22,31.52
3.82,-0.3,9.67,31.56
5.41,-0.36,7.05,31.53
3.0,-0.92,8.97,31.52
-2.73,-0.92,11.31,31.52
2.23,0.67,10.73,31.52
5.86,0.6,8.03,31.56
4.72,0.09,6.44,31.52
2.57,-0.37,8.08,31.53
0.05,-0.14,9.11,31.55
-3.26,1.0,9.9,31.51
2.1,-1.07,10.35,31.51
3.14,-0.8,8.99,31.57
1.19,-1.32,8.12,31.52
-1.51,-1.24,9.83,31.53
-2.49,-1.85,11.89,31.53
5.39,-1.74,11.18,31.53
9.43,-1.38,8.76,31.51
3.48,-1.04,7.67,31.5
-1.2,-0.64,8.87,31.57
5.09,0.51,9.57,31.53
4.93,1.59,7.1,31.54
3.24,0.63,6.61,31.55
-0.8,0.46,6.94,31.57
-2.96,-0.13,9.78,31.56
0.84,0.43,10.61,31.54
4.62,-0.08,8.8,31.52
4.97,-0.4,7.75,31.52
2.49,-1.44,8.52,31.52
-1.42,-1.21,10.78,31.53
0.87,-0.57,11.5,31.53
4.85,-1.47,10.5,31.51
4.09,-1.35,8.07,31.58
1.46,-1.26,7.97,31.52
-0.09,-1.14,10.78,31.52
2.17,-0.26,10.82,31.52
8.06,-0.78,9.71,31.53
6.22,0.02,6.24,31.5
-0.53,-0.68,8.17,31.53
-2.04,-1.51,10.85,31.52
2.22,0.04,8.96,31.52
2.1,1.24,6.42,31.51
-3.52,0.62,7.25,31.53
-1.65,0.2,9.43,31.54
2.02,-0.11,10.99,31.52
3.09,1.15,7.68,31.52
4.14,0.48,6.59,31.52
-0.09,0.08,7.31,31.53
-1.29,0.86,8.58,31.53
2.54,-0.48,10.79,31.55
2.61,0.64,7.87,31.51
4.59,0.51,6.05,31.5
0.47,0.18,7.06,31.47
-1.8,0.23,9.02,31.48
3.34,-0.02,10.22,31.52
5.23,0.09,8.21,31.52
3.56,-0.78,7.16,31.5
-1.96,-0.18,8.7,31.51
-1.49,-1.18,10.78,31.48
3.27,-0.08,10.24,31.54
1.43,1.54,6.49,31.52
1.05,0.64,6.88,31.54
-4.54,-0.94,9.51,31.52
-5.0,-1.41,11.89,31.56
1.24,0.87,9.52,31.52
2.02,0.37,8.63,31.52
0.68,-0.63,7.95,31.52
-2.64,-1.15,9.11,31.54
-0.51,-2.05,12.31,31.56
1.29,-1.18,11.18,31.53
3.28,0.66,7.13,31.53
3.38,0.57,6.61,31.52
-3.49,-0.46,8.87,31.58
-0.2,-0.65,11.09,31.49
4.24,-0.85,10.97,31.53
5.26,-0.58,8.51,31.55
5.4,-0.32,6.96,31.51
-0.92,0.45,8.09,31.49
-0.56,0.16,10.05,31.56
0.55,-1.17,8.77,31.55
-1.93,-0.89,10.42,31.54
0.99,0.03,10.33,31.52
4.18,-0.97,8.72,31.54
3.78,-1.17,7.88,31.52
0.51,-0.74,8.81,31.58
0.06,-1.37,10.31,31.52
0.39,-1.1,11.08,31.52
4.06,-1.96,9.58,31.51
2.93,-1.49,8.6,31.55
1.21,-1.39,8.79,31.52
0.55,-1.52,10.33,31.51
1.87,-1.18,11.56,31.49
4.24,-0.98,9.32,31.49
2.1,-0.57,7.92,31.48
2.52,-1.36,8.42,31.54
-0.34,-1.61,9.65,31.53
1.2,-1.02,11.33,31.53
5.1,-1.19,10.83,31.54
6.8,-0.4,7.58,31.53
7.2,-0.77,9.3,31.53
4.39,0.06,7.51,31.52
1.02,-0.07,7.47,31.55
0.58,-1.56,10.04,31.57
1.43,-1.81,11.11,31.49
2.25,-0.71,10.74,31.54
3.85,0.34,7.38,31.54
0.78,1.06,6.66,31.56
-2.07,-0.37,8.71,31.48
0.86,-0.28,10.31,31.56
3.13,-1.41,11.28,31.56
4.73,-0.76,8.03,31.5
3.45,-1.11,8.45,31.52
0.27,-1.16,9.3,31.51
0.99,-0.53,10.57,31.57
4.38,-1.22,10.24,31.51
6.92,-0.84,8.8,31.52
2.12,-2.39,9.23,31.52
-0.22,-1.95,10.71,31.54
3.06,-0.51,7.8,31.49
0.97,-2.17,8.32,31.51
-3.34,-1.74,10.36,31.52
0.15,-0.38,9.81,31.54
2.73,0.56,9.56,31.49
3.7,0.04,7.64,31.54
-0.38,0.17,7.48,31.53
-3.38,-1.7,10.38,31.54
-2.44,-0.73,10.59,31.49
1.69,0.36,10.07,31.51
5.18,-1.59,8.71,31.52
-1.0,-2.23,9.14,31.58
-3.34,-1.81,10.74,31.51
-0.74,-0.17,10.7,31.52
1.5,1.44,9.11,31.5
3.98,-0.21,8.03,31.49
-0.5,-0.2,7.6,31.5
-4.8,-0.72,9.99,31.52
-1.24,0.1,10.51,31.5
3.37,0.28,9.48,31.56
6.74,-0.59,7.62,31.52
0.79,-0.84,8.2,31.49
-1.41,-0.99,10.49,31.54
2.54,-1.19,11.81,31.49
4.12,0.14,9.78,31.51
6.04,-0.49,7.44,31.53
1.31,-0.79,8.15,31.53
-2.62,-0.74,10.52,31.53
1.89,-0.36,10.98,31.5
3.91,0.24,8.6,31.54
4.42,0.54,6.63,31.52
1.22,-0.18,7.79,31.49
-1.01,0.26,8.53,31.54
0.5,0.27,10.47,31.52
3.36,0.73,8.57,31.54
3.18,-0.4,7.01,31.54
-0.34,-0.51,7.58,31.51
-2.36,-0.07,9.39,31.56
0.64,-0.29,10.79,31.55
2.19,-0.67,11.18,31.53
4.7,-0.61,10.19,31.52
6.36,0.37,6.7,31.54
3.73,-0.16,6.84,31.56
-2.45,-0.7,8.89,31.56
0.24,-1.01,11.06,31.58
4.61,0.0,9.87,31.57
4.06,-0.71,8.29,31.53
1.88,-1.16,7.89,31.49
-1.59,-1.47,9.85,31.55
-1.2,-1.54,11.48,31.52
3.75,-2.27,11.98,31.5
4.43,-2.8,9.55,31.57
1.89,-1.34,7.47,31.54
0.21,-1.1,9.79,31.57
1.27,-1.33,11.7,31.54
5.64,-0.68,11.1,31.56
8.83,-1.72,8.88,31.51
1.43,-1.84,9.27,31.52
-1.21,-1.58,10.13,31.54
-2.99,-0.17,7.91,31.54
-3.42,-0.72,9.95,31.52
-1.37,-1.31,11.26,31.53
2.1,-0.23,11.02,31.5
5.07,-1.66,9.31,31.52
0.99,-1.8,9.04,31.55
-1.55,-2.26,10.46,31.55
-1.02,-2.23,11.34,31.56
1.8,0.46,10.74,31.53
4.29,-1.01,9.05,31.53
-0.18,-0.9,8.26,31.56
-1.76,-2.12,11.16,31.51
-0.93,-1.49,12.31,31.52
2.2,0.38,10.22,31.51
5.04,-0.06,8.23,31.51
1.3,-2.39,9.33,31.55
-1.75,-2.55,11.2,31.54
-0.29,-1.53,12.39,31.52
1.43,0.09,10.16,31.51
4.18,0.47,7.87,31.52
1.05,-1.78,8.69,31.52
-2.41,-2.5,11.71,31.53
0.28,-1.39,11.43,31.56
0.88,0.72,8.87,31.51
3.14,0.7,7.35,31.5
1.08,-1.73,8.45,31.52
-1.64,-1.24,10.65,31.49
2.31,-1.24,11.36,31.51
4.22,0.3,9.7,31.5
5.85,-0.37,7.6,31.51
2.59,-0.83,8.1,31.57
-0.85,-0.86,9.81,31.52
0.21,-1.3,12.05,31.54
5.8,-0.31,9.32,31.49
6.95,-0.53,7.71,31.52
2.96,0.27,6.8,31.54
-2.3,1.18,7.38,31.54
-0.38,0.06,10.97,31.57
4.87,1.48,8.28,31.51
6.11,0.41,6.25,31.49
3.13,0.51,6.34,31.54
-3.52,-0.2,8.81,31.47
-0.11,0.16,10.66,31.52
4.02,-1.48,10.47,31.53
4.34,-0.09,7.35,31.55
1.85,-0.49,8.31,31.54
-2.55,-1.25,10.33,31.55
-0.51,-1.1,11.75,31.55
2.3,-1.88,10.69,31.53
4.36,-0.19,6.82,31.57
4.31,-0.47,7.26,31.56
-0.32,-1.44,10.28,31.52
2.74,1.27,9.87,31.54
5.94,0.94,7.66,31.51
4.56,0.36,6.66,31.5
2.19,-0.54,7.74,31.49
0.79,0.17,8.35,31.54
-1.06,-0.25,10.79,31.49
2.62,-0.49,9.97,31.52
4.03,-0.55,7.01,31.48
5.88,-1.68,10.51,31.49
5.49,-2.62,9.16,31.53
0.8,-1.31,8.46,31.52
0.9,-0.54,10.08,31.5
3.12,-1.26,12.21,31.54
5.13,-0.81,9.23,31.53
4.43,-0.8,8.36,31.49
-3.16,-2.63,10.96,31.52
-3.6,-1.71,11.79,31.54
1.46,-1.47,11.3,31.55
5.57,-0.53,9.57,31.5
6.5,-0.33,8.25,31.53
3.72,-0.58,7.43,31.49
0.13,-1.09,10.19,31.54
1.16,-0.87,10.3,31.52
4.59,1.17,9.02,31.55
4.92,-0.36,8.39,31.53
-0.14,-0.84,8.03,31.54
-2.19,-1.42,9.96,31.52
-1.06,-0.77,10.81,31.52
1.77,1.16,8.86,31.54
4.95,0.78,7.44,31.53
1.05,-0.09,7.4,31.54
-2.62,-0.89,9.7,31.51
0.4,-0.82,11.19,31.49
3.11,-0.23,9.96,31.53
4.8,0.54,6.97,31.52
2.16,-0.28,7.32,31.49
-2.56,-1.34,10.59,31.53
0.72,-1.26,11.31,31.53
3.72,0.26,9.8,31.54
4.81,0.88,6.5,31.54
0.78,-1.12,8.34,31.53
-2.13,-1.62,10.23,31.55
1.19,-1.15,10.97,31.56
3.24,0.72,9.23,31.55
4.05,0.77,6.51,31.52
2.01,0.61,6.16,31.51
-1.35,-0.3,8.9,31.5
1.21,0.51,9.96,31.53
0.82,0.58,10.08,31.55
5.46,0.67,7.45,31.52
2.75,-0.71,7.8,31.53
-3.97,-0.3,8.84,31.56
-1.47,0.44,10.16,31.51
2.42,0.54,10.53,31.59
3.87,-0.19,7.42,31.52
2.19,0.43,6.55,31.54
-4.59,-0.08,8.73,31.51
-2.64,-0.97,11.65,31.48
2.19,-0.36,9.85,31.54
4.62,0.09,6.85,31.54
1.21,0.75,6.87,31.48
-5.11,0.21,8.06,31.52
-2.17,-0.4,11.08,31.52
2.57,-0.27,9.7,31.5
3.64,0.46,7.11,31.53
3.27,-0.38,6.62,31.52
-2.79,-0.72,9.64,31.53
-1.52,-1.99,10.89,31.54
-1.27,-1.18,10.41,31.52
2.03,0.02,11.15,31.51
5.32,-0.43,9.99,31.5
5.51,-0.2,7.97,31.53
0.46,-0.69,9.03,31.57
-1.67,-1.5,10.46,31.58
1.11,-0.52,11.54,31.55
5.45,-0.66,9.47,31.54
4.88,-1.09,8.12,31.5
-1.23,-1.44,9.55,31.54
-0.55,-1.22,10.3,31.51
2.49,0.03,11.08,31.54
5.24,0.26,8.75,31.5
5.27,0.14,7.25,31.54
-1.11,-0.47,8.23,31.55
-3.31,-0.75,10.85,31.54
1.12,0.45,10.54,31.5
4.8,0.46,8.12,31.51
2.59,-0.16,7.7,31.49
-2.54,-1.75,9.94,31.54
-0.83,-1.35,11.45,31.55
3.15,-0.49,10.77,31.51
4.96,-0.07,8.64,31.5
4.37,-1.11,7.93,31.52
-2.33,-1.93,9.47,31.55
-2.35,-1.57,11.02,31.54
1.56,-0.75,10.54,31.53
3.95,0.28,8.14,31.58
4.43,-0.37,6.62,31.53
-2.22,0.26,7.86,31.52
-1.88,-0.64,11.1,31.54
0.67,-0.59,10.8,31.53
1.15,-0.02,8.92,31.51
2.09,-1.39,7.97,31.52
-3.9,-0.36,8.77,31.5
-1.71,-0.88,11.03,31.53
1.78,-0.6,10.95,31.48
3.58,-0.17,7.96,31.52
2.62,-0.43,6.95,31.56
-3.16,-0.58,8.46,31.52
-1.77,-0.13,10.22,31.52
2.26,-0.55,10.65,31.52
4.21,-0.25,7.47,31.57
3.33,0.08,6.66,31.52
-0.75,-1.36,8.62,31.54
-0.21,-0.75,10.89,31.54
4.1,-1.06,10.78,31.56
5.09,0.93,8.54,31.52
4.25,0.05,7.44,31.51
2.92,-0.47,7.39,31.49
-1.88,-1.18,10.0,31.54
-0.31,-0.2,10.91,31.54
2.43,0.82,8.28,31.53
5.3,0.14,6.9,31.48
3.37,0.12,6.81,31.52
-0.97,0.08,9.04,31.52
1.03,-0.01,11.13,31.52
4.41,0.05,8.52,31.54
-1.04,-0.9,11.19,31.53
1.99,-1.54,10.9,31.46
3.99,0.24,9.8,31.51
4.8,0.16,7.54,31.54
-0.45,0.14,7.82,31.49
-2.39,-1.05,10.01,31.51
-0.13,0.0,10.68,31.54
3.25,0.89,9.32,31.54
5.85,0.02,8.06,31.5
2.37,-0.48,7.98,31.49
-0.5,-0.59,9.91,31.54
-1.02,-0.34,10.74,31.57
1.72,0.33,9.94,31.55
5.51,-1.54,8.94,31.5
0.77,-1.58,8.67,31.52
-3.51,-1.21,10.86,31.52
-0.89,-0.98,11.0,31.52
2.06,1.09,8.39,31.5
5.83,0.26,7.37,31.52
5.3,-0.73,8.13,31.51
5.23,0.04,7.53,31.5
2.56,0.06,7.31,31.58
0.2,0.1,9.42,31.5
1.82,0.06,10.25,31.54
6.79,0.55,9.13,31.51
4.91,-1.06,8.25,31.5
0.48,-1.0,8.72,31.52
-1.32,-0.82,9.54,31.51
1.26,-0.37,10.6,31.53
5.76,-0.59,10.25,31.49
5.54,-0.91,8.44,31.55
0.99,-1.04,8.25,31.48
-1.9,-0.49,10.5,31.51
1.42,-0.2,10.3,31.5
4.5,-0.59,10.2,31.49
4.86,-0.35,7.75,31.54
1.59,-0.27,8.21,31.55
-0.15,-1.18,10.52,31.48
1.07,0.29,10.32,31.52
3.34,-0.14,9.61,31.52
5.58,-0.72,7.98,31.48
-0.1,-1.44,9.46,31.48
-2.95,-1.56,11.19,31.51
0.44,-0.74,11.21,31.51
3.63,-0.5,10.16,31.53
5.15,-1.12,8.67,31.48
1.0,-1.64,9.23,31.49
-0.44,-0.42,10.08,31.49
1.58,-1.39,11.19,31.51
3.41,-0.35,8.88,31.54
4.9,-0.63,8.06,31.53
-0.79,-1.27,8.67,31.49
-2.7,-0.1,10.7,31.5
0.34,-0.29,10.42,31.5
2.31,0.32,8.17,31.52
4.01,0.29,7.16,31.5
-0.02,-0.37,7.09,31.49
-2.52,-0.71,10.25,31.51
-2.67,-0.14,9.49,31.54
1.09,-0.29,10.81,31.51
4.23,-0.07,8.88,31.53
5.9,-0.12,6.87,31.52
1.35,0.12,7.53,31.49
-3.08,0.06,9.47,31.54
0.86,-0.6,10.76,31.5
4.16,-1.08,9.61,31.54
4.47,-1.12,8.0,31.48
1.0,-0.73,8.29,31.56
-2.59,-1.35,10.73,31.47
1.39,-1.1,11.82,31.5
5.9,-0.99,9.19,31.49
4.2,0.06,7.03,31.48
3.48,0.03,6.99,31.47
-0.65,-0.55,9.39,31.54
-0.06,0.03,10.44,31.49
3.67,-1.07,10.88,31.51
4.3,-0.2,7.88,31.51
3.88,-0.24,7.41,31.53
0.65,-0.82,9.27,31.48
0.16,-1.77,11.75,31.47
3.67,-0.26,10.17,31.54
5.55,-0.2,7.89,31.53
4.75,-0.92,7.89,31.49
1.99,-0.46,9.15,31.52
1.48,-0.85,10.78,31.47
3.85,-0.34,10.4,31.52
5.58,-0.93,8.55,31.51
3.12,-0.9,8.0,31.52
-0.74,-1.24,9.23,31.52
-0.35,-1.3,10.98,31.5
3.69,-0.92,10.77,31.53
6.12,-0.99,8.26,31.49
2.42,0.0,7.52,31.49
-0.24,-1.56,9.45,31.5
0.07,-0.97,11.01,31.53
2.24,-1.79,11.39,31.49
5.15,-1.37,8.67,31.57
1.7,-1.01,7.93,31.54
-1.88,-1.85,10.21,31.53
-0.05,-0.8,10.8,31.52
3.8,-0.07,9.86,31.57
5.68,-0.26,8.39,31.51
2.54,0.09,7.83,31.51
-1.6,-1.53,10.31,31.52
0.93,-1.48,11.57,31.48
2.12,-0.44,10.9,31.52
6.16,-0.98,9.0,31.5
3.23,-0.4,7.54,31.49
0.83,-0.78,8.85,31.51
0.33,-0.99,10.19,31.52
3.14,-0.19,10.27,31.53
7.43,-0.62,9.02,31.49
3.1,-1.29,7.8,31.54
-0.05,-1.21,9.27,31.51
-0.48,-1.83,10.85,31.5
2.67,-1.23,11.34,31.49
5.74,-0.6,8.6,31.49
3.14,-0.61,7.69,31.49
-1.78,-1.15,10.23,31.54
-1.06,-1.15,10.96,31.53
1.65,-0.08,10.75,31.5
4.45,0.09,8.32,31.53
3.49,-0.3,7.78,31.5
-2.34,-1.45,9.84,31.51
-0.9,-1.31,11.15,31.49
1.92,-1.07,10.73,31.52
4.28,0.26,7.9,31.52
4.41,-0.24,7.13,31.48
-1.73,-0.73,9.52,31.53
-1.35,-1.22,11.48,31.47
2.71,-0.82,10.96,31.51
3.87,-0.54,8.13,31.53
2.08,0.2,6.73,31.46
-2.7,-0.28,8.39,31.5
-1.78,-0.71,11.13,31.52
1.95,-0.33,10.09,31.52
4.53,-0.28,7.67,31.49
2.65,0.01,7.02,31.49
-2.75,-0.18,8.6,31.49
-0.57,0.21,10.56,31.48
2.88,-0.83,10.14,31.53
5.59,0.35,7.63,31.5
4.14,-0.92,6.97,31.49
-2.41,-1.02,8.67,31.51
-2.74,-0.46,9.81,31.48
-0.18,-0.94,11.0,31.51
3.28,0.4,9.42,31.5
4.1,0.16,7.17,31.5
2.17,0.28,6.62,31.52
-2.67,-0.01,9.27,31.48
-0.26,-0.12,10.99,31.48
4.08,-0.12,9.19,31.52
3.02,-0.72,7.4,31.49
0.17,-0.02,7.35,31.54
-2.52,0.17,8.84,31.49
-0.04,-0.24,10.99,31.55
3.47,-0.33,9.04,31.48
4.81,0.48,7.11,31.55
1.99,-0.44,7.65,31.49
-2.01,-0.58,9.75,31.51
0.63,-1.15,11.54,31.5
4.63,-1.43,10.31,31.52
4.75,-0.39,7.83,31.49
3.07,-1.29,8.38,31.48
-0.54,-0.94,10.06,31.54
1.21,-1.36,11.32,31.55
4.76,-0.87,9.79,31.48
3.63,-0.53,7.68,31.5
1.35,-0.75,8.33,31.5
-1.13,-2.01,10.46,31.47
0.39,-1.14,10.56,31.52
4.91,-0.97,9.82,31.51
5.41,-1.23,8.87,31.51
3.12,-0.86,7.8,31.51
0.74,-2.0,9.57,31.52
-0.49,-1.2,10.46,31.49
3.07,-0.92,10.7,31.54
6.17,-2.09,10.18,31.47
4.05,-1.21,8.11,31.51
0.2,-1.31,9.37,31.5
-1.65,-1.27,10.66,31.52
0.97,-0.19,10.02,31.51
-1.24,-0.06,10.13,31.52
0.94,-0.35,10.76,31.54
3.08,-0.42,9.29,31.53
4.88,-0.18,7.23,31.5
3.01,-0.53,7.0,31.52
-2.41,0.09,8.77,31.5
0.28,-0.73,11.12,31.5
4.43,-1.85,10.38,31.52
4.96,-0.35,7.58,31.5
2.02,-1.18,8.31,31.49
-1.83,-1.37,10.55,31.52
1.4,-0.28,10.88,31.49
6.71,-0.27,9.22,31.54
5.17,0.06,7.1,31.55
1.29,-0.53,7.86,31.52
-1.64,-1.6,10.54,31.51
0.56,-0.74,10.58,31.53
3.8,-0.51,10.07,31.48
4.46,-0.47,8.16,31.53
2.11,-0.15,8.02,31.5
-0.32,-1.42,10.2,31.51
0.74,-1.02,11.19,31.52
4.13,-1.29,10.61,31.51
6.32,-1.21,8.51,31.51
0.49,-1.17,8.88,31.48
-1.03,-1.75,10.79,31.53
1.21,-2.02,11.57,31.52
3.9,-0.32,9.56,31.53
4.03,-0.74,8.19,31.53
-2.2,-1.74,9.19,31.5
-4.29,-1.62,11.12,31.47
-1.19,-0.53,11.33,31.49
2.04,0.21,9.28,31.51
4.78,0.46,7.12,31.5
-0.86,-0.41,7.74,31.53
-3.65,-0.67,10.16,31.51
2.79,0.15,10.14,31.5
3.49,-0.01,8.73,31.48
3.42,0.73,6.53,31.53
0.25,-0.71,7.4,31.48
-3.25,-0.22,10.24,31.5
1.6,-0.27,10.59,31.49
5.46,-1.03,9.64,31.49
4.54,0.54,6.57,31.55
0.48,0.38,7.43,31.52
-2.49,-1.09,11.05,31.46
2.56,-0.16,10.61,31.51
6.03,-0.47,8.99,31.52
4.26,-0.58,6.92,31.49
2.06,0.09,7.66,31.49
0.55,-0.54,9.79,31.52
2.9,0.1,10.81,31.5
5.38,-0.6,9.18,31.49
2.6,-0.48,7.58,31.53
-0.27,-0.68,8.77,31.52
-0.31,-1.81,10.8,31.53
0.85,-1.91,11.86,31.51
4.65,-0.97,9.27,31.56
1.56,-0.49,10.55,31.5
3.98,0.28,8.08,31.5
3.39,-0.78,7.94,31.49
-2.72,-1.95,10.49,31.5
-1.36,-1.57,11.8,31.51
1.77,0.51,10.26,31.53
3.42,-0.2,7.94,31.52
1.86,0.12,6.69,31.5
-4.4,-0.81,8.91,31.52
-4.41,-1.04,12.38,31.51
1.11,-0.67,10.99,31.52
4.62,0.0,7.03,31.5
0.89,0.05,7.41,31.53
-3.28,-0.06,8.43,31.55
-0.88,0.44,10.43,31.52
1.9,0.93,9.14,31.51
3.68,0.37,6.79,31.53
1.77,-0.14,7.3,31.56
-0.44,0.17,8.69,31.54
-0.2,-0.93,11.3,31.55
3.16,-0.33,9.56,31.5
3.12,-0.09,7.54,31.52
1.48,-0.2,7.26,31.5
0.38,-0.26,9.3,31.5
1.71,-0.88,10.97,31.46
6.15,0.49,9.45,31.49
6.41,-0.2,7.73,31.49
5.12,0.1,7.19,31.52
1.19,-0.74,8.65,31.52
-0.08,-0.85,9.99,31.54
5.15,-1.29,10.72,31.51
5.14,-1.07,9.36,31.48
3.34,-0.32,7.48,31.55
-0.85,-1.45,8.63,31.52
-0.57,-0.91,10.49,31.48
2.87,-1.62,11.64,31.51
6.39,-1.36,10.3,31.55
5.39,-2.24,8.42,31.51
-0.3,-2.23,9.68,31.49
-1.05,-2.26,10.74,31.51
4.06,-0.23,9.72,31.51
4.97,-1.79,9.35,31.54
-0.56,-0.49,7.63,31.51
-2.65,-0.55,10.1,31.53
-0.86,-0.29,10.7,31.5
1.37,1.12,8.91,31.5
4.83,-0.04,7.63,31.5
-0.51,-0.13,7.67,31.53
-4.0,-0.46,9.93,31.48
0.05,-0.88,11.14,31.54
2.2,0.13,9.06,31.52
3.94,1.12,6.85,31.5
1.48,0.83,6.86,31.58
-1.81,-0.32,9.3,31.51
-0.32,-0.86,11.37,31.5
3.26,-0.4,9.49,31.5
4.48,0.09,6.97,31.52
0.34,0.51,7.11,31.57
-3.12,0.17,9.29,31.52
-3.18,-1.38,10.33,31.53
-2.17,-1.84,10.77,31.49
1.67,-0.07,10.89,31.49
4.76,0.0,10.62,31.53
5.18,0.27,7.95,31.53
0.69,-0.02,8.16,31.55
-2.56,-1.46,11.12,31.54
-1.13,0.61,10.68,31.48
2.44,0.57,9.18,31.54
4.37,-0.53,8.43,31.54
-0.11,-0.58,7.54,31.54
-2.62,-2.86,12.36,31.53
-0.86,-1.38,11.46,31.54
2.39,0.87,9.0,31.49
3.81,-0.84,7.95,31.5
-1.32,-0.69,7.82,31.49
-1.32,-1.09,11.05,31.51
0.71,-2.16,12.13,31.52
3.0,0.14,9.49,31.55
4.77,-0.29,7.36,31.5
0.66,-0.21,7.48,31.53
-1.7,0.08,9.82,31.54
1.81,-1.32,11.61,31.55
2.7,0.11,8.95,31.51
3.79,0.49,6.34,31.56
-0.01,-0.33,8.25,31.52
-2.77,-0.56,9.82,31.5
3.14,0.19,9.94,31.54
3.53,0.32,8.56,31.57
2.29,0.1,7.0,31.5
1.36,-1.24,8.9,31.53
-0.91,-0.66,9.72,31.52
1.62,0.47,10.82,31.5
5.58,-0.29,9.05,31.5
5.44,-0.97,8.32,31.54
3.46,-1.52,8.62,31.53
0.47,-1.31,10.3,31.48
1.96,-0.75,11.47,31.52
7.52,-1.35,10.1,31.55
4.19,-0.67,7.34,31.5
1.17,-0.14,8.63,31.54
1.66,-0.72,10.66,31.53
5.04,0.45,10.33,31.51
6.66,-0.85,8.62,31.53
3.19,-0.02,6.76,31.53
1.74,-1.09,9.34,31.44
1.17,-2.37,11.99,31.51
3.79,-0.75,10.92,31.52
7.67,-1.03,8.66,31.53
2.15,0.26,7.45,31.51
-0.36,-0.79,9.18,31.56
0.49,-1.29,10.85,31.49
2.55,-0.37,10.53,31.52
5.21,-0.12,8.28,31.48
0.41,-1.98,8.97,31.49
-3.78,-2.41,10.81,31.5
-2.24,-2.26,11.4,31.52
1.14,-0.13,10.54,31.52
4.36,-1.32,8.91,31.51
-2.71,-1.99,10.42,31.47
-0.45,-0.64,10.64,31.52
2.15,0.63,9.67,31.51
5.02,0.77,7.1,31.5
2.97,0.27,6.03,31.48
-0.89,-0.11,7.91,31.51
0.01,-0.34,10.29,31.5
2.92,0.34,8.89,31.52
3.67,0.01,7.35,31.47
1.36,-0.27,7.5,31.53
-0.31,-1.46,8.35,31.56
1.36,-0.89,11.16,31.53
3.96,-0.06,10.27,31.51
2.62,0.04,9.72,31.53
3.24,-0.17,7.22,31.52
-0.56,-0.54,7.36,31.48
-2.76,-1.23,10.94,31.5
0.35,-0.18,9.97,31.51
2.77,-0.3,8.32,31.5
2.45,-0.66,7.63,31.51
-2.96,-0.76,8.54,31.47
-4.64,-1.04,10.66,31.51
-0.34,-0.05,10.88,31.51
3.79,-0.17,8.31,31.54
4.62,0.23,6.59,31.45
-0.79,-0.51,7.57,31.53
-3.15,-0.25,9.9,31.48
1.64,-1.21,12.05,31.48
4.19,-0.4,8.53,31.51
3.41,0.19,6.28,31.49
-0.31,-1.13,8.2,31.53
-1.87,-1.48,11.29,31.54
3.12,-1.29,11.38,31.52
5.22,0.85,7.89,31.51
2.96,0.62,6.12,31.5
-0.15,-0.03,7.79,31.51
-1.2,-0.77,10.07,31.48
1.16,0.34,10.51,31.56
3.16,-0.35,8.99,31.51
2.97,-0.14,7.03,31.53
-1.66,-0.7,8.47,31.55
0.47,-0.72,10.8,31.54
4.86,0.23,10.63,31.52
6.55,0.85,7.59,31.5
4.13,0.78,5.69,31.55
-1.16,0.07,7.98,31.56
-1.22,0.16,10.21,31.47
4.7,1.25,9.84,31.49
5.78,0.18,7.7,31.54
2.51,-0.15,6.83,31.5
-1.41,-0.96,9.21,31.52
0.75,-0.03,10.09,31.48
3.79,-0.47,11.2,31.53
5.94,-1.56,8.94,31.52
4.24,-1.66,8.23,31.48
0.4,-2.9,10.02,31.5
1.55,-1.3,11.13,31.51
6.41,-1.22,11.44,31.49
5.76,-0.11,8.6,31.49
3.67,0.05,6.2,31.51
0.68,-0.79,8.7,31.54
1.33,-1.41,10.57,31.55
3.6,-0.58,10.72,31.51
5.84,-0.04,7.97,31.48
3.68,-0.21,6.95,31.53
0.71,-1.57,9.61,31.5
1.25,-1.8,11.28,31.49
3.83,-0.5,11.01,31.47
4.98,0.14,8.56,31.47
0.04,-0.39,7.76,31.52
-0.52,-2.04,10.53,31.49
-0.62,-1.9,11.38,31.55
2.86,-0.61,10.91,31.48
5.49,-0.25,8.67,31.49
2.09,-1.17,7.9,31.46
-2.67,-0.6,9.5,31.47
-1.52,-0.22,9.12,31.48
0.4,1.83,9.69,31.49
-3.57,-0.86,10.02,31.54
0.08,-1.27,12.08,31.51
4.11,-0.19,9.5,31.52
4.51,-0.06,6.66,31.49
1.81,-0.05,6.43,31.52
-2.25,-1.3,9.01,31.5
1.67,-0.11,10.14,31.47
5.44,0.61,8.6,31.52
5.57,0.54,6.3,31.5
2.81,-1.21,7.32,31.51
-0.51,-1.12,10.35,31.49
2.7,-0.31,11.71,31.51
4.41,-1.19,10.95,31.48
3.85,-0.32,7.47,31.52
1.45,-2.0,8.51,31.54
-0.41,-1.55,10.05,31.51
0.68,0.26,10.47,31.52
6.76,1.26,9.14,31.52
6.05,-0.45,7.79,31.48
0.15,-1.14,8.19,31.47
0.64,-1.06,10.01,31.51
2.97,-2.31,12.31,31.53
4.1,0.3,11.09,31.52
7.29,-0.74,8.43,31.55
4.19,-1.9,8.18,31.52
-1.21,-1.54,8.74,31.47
2.71,-0.75,10.69,31.5
6.72,0.0,9.99,31.48
5.05,-0.3,7.9,31.52
3.34,0.54,5.84,31.52
-1.3,-1.35,9.49,31.48
-0.43,-2.5,12.15,31.52
2.93,-1.31,11.66,31.53
5.71,-0.18,8.37,31.54
2.29,-1.0,7.5,31.5
-0.33,-3.55,11.07,31.53
2.3,-1.82,10.77,31.51
3.97,0.05,10.03,31.5
7.21,0.9,8.16,31.5
2.58,-0.85,7.61,31.5
-1.3,-0.67,9.25,31.5
1.36,-1.67,11.14,31.5
3.55,-0.04,11.59,31.46
6.95,0.36,8.63,31.5
2.56,-1.24,8.26,31.52
-1.67,-2.3,10.01,31.49
0.17,-1.87,12.01,31.48
3.87,0.74,10.11,31.49
5.34,0.37,8.45,31.51
1.64,-0.72,7.6,31.52
-3.62,-1.64,10.07,31.49
-1.28,-1.34,11.26,31.49
1.87,0.55,10.93,31.5
4.75,0.68,7.18,31.52
1.06,-0.35,7.07,31.51
-4.3,-1.19,9.24,31.48
-1.62,-0.75,11.12,31.51
0.82,0.47,9.83,31.52
2.27,-0.48,10.86,31.49
2.87,0.64,9.83,31.46
5.44,0.52,8.55,31.54
5.13,0.25,5.98,31.49
-1.29,1.03,6.64,31.5
-1.78,-0.57,10.39,31.48
-0.0,0.01,10.92,31.52
2.38,0.29,9.22,31.51
4.22,-1.03,7.75,31.45
-1.38,0.3,7.36,31.47
-0.94,-0.23,10.11,31.47
2.82,-1.46,12.36,31.53
5.92,0.3,8.86,31.52
4.5,-0.87,7.22,31.52
-0.84,-0.76,8.34,31.51
-1.99,0.05,10.24,31.49
3.98,-0.26,11.65,31.54
6.28,0.48,8.21,31.48
5.09,0.23,6.19,31.51
0.23,-0.31,8.09,31.49
0.24,-0.41,9.83,31.49
4.77,0.97,10.03,31.51
4.45,1.17,7.49,31.5
4.3,0.9,6.12,31.48
1.75,-1.24,8.97,31.48
-0.19,-1.52,10.86,31.49
4.18,-1.25,11.17,31.52
7.73,-0.33,8.13,31.51
3.15,-0.57,7.2,31.47
-1.29,-1.06,9.09,31.49
1.58,-1.29,10.74,31.54
2.57,-1.41,11.74,31.46
5.37,-1.79,8.95,31.5
2.96,-2.28,8.55,31.47
-2.74,-1.75,9.65,31.52
-1.0,0.05,10.52,31.54
3.33,-0.16,10.82,31.51
5.98,0.53,8.27,31.47
1.72,-1.06,8.32,31.53
5.88,1.14,6.99,31.51
5.18,0.44,6.05,31.49
-1.09,-0.25,8.17,31.48
-1.2,-0.21,10.01,31.53
2.78,0.25,10.05,31.44
4.37,0.36,7.68,31.5
3.58,0.61,5.39,31.51
-0.02,-0.98,9.14,31.54
-0.8,0.02,10.43,31.54
3.73,0.92,9.14,31.5
4.51,-0.69,8.47,31.51
2.91,-2.41,8.33,31.52
0.53,-1.18,9.35,31.53
0.22,-1.1,11.33,31.49
3.68,-0.32,11.3,31.5
6.33,0.47,7.01,31.49
5.24,-1.33,7.99,31.51
0.37,-1.21,9.33,31.49
0.82,0.23,9.97,31.51
5.47,0.45,10.49,31.51
-2.03,-1.33,9.42,31.54
0.14,-1.85,11.39,31.52
2.92,-0.53,11.27,31.5
6.26,-1.72,9.97,31.51
5.91,-1.05,7.22,31.48
-0.63,-0.9,9.34,31.47
1.85,-0.6,9.47,31.5
4.4,-0.09,11.56,31.5
6.85,0.48,8.22,31.49
5.4,0.65,6.27,31.46
1.61,-1.36,8.52,31.51
1.19,-0.42,9.72,31.5
3.01,-1.91,11.57,31.51
4.12,-0.1,8.89,31.52
2.39,-0.48,7.31,31.5
-1.79,-0.89,8.92,31.49
-1.72,-0.61,9.84,31.51
1.04,-0.54,10.58,31.48
2.27,-1.21,10.8,31.49
4.38,-1.44,8.36,31.5
0.47,-2.52,9.54,31.46
-2.04,-2.16,10.55,31.52
2.73,0.15,10.02,31.49
4.52,-0.71,10.8,31.47
2.48,-1.5,8.29,31.45
-1.59,-1.58,8.78,31.47
-1.14,-2.53,11.24,31.5
-0.53,-0.23,10.65,31.47
2.51,0.42,8.93,31.49
5.0,-0.34,7.66,31.47
-1.87,-1.25,8.62,31.46
-2.75,-1.27,10.62,31.52
0.87,0.51,10.17,31.55
3.7,-0.51,10.07,31.48
2.9,-0.67,7.83,31.49
-2.78,-0.86,8.24,31.51
-2.19,-1.41,11.42,31.54
0.23,-0.44,11.5,31.49
4.58,0.32,8.87,31.5
4.59,-0.49,7.74,31.45
-3.11,-1.22,8.41,31.5
-4.11,-1.57,11.93,31.48
0.6,-0.71,12.08,31.48
3.33,1.01,8.15,31.49
4.1,-0.52,6.55,31.48
-4.28,0.23,7.48,31.49
-4.87,-0.24,10.91,31.53
0.75,0.82,9.86,31.47
1.98,1.35,7.12,31.48
2.4,-0.17,6.92,31.49
-3.01,-0.9,7.87,31.54
-2.01,-1.04,10.82,31.49
2.91,0.0,10.16,31.5
3.74,1.19,6.67,31.53
3.45,-0.02,6.42,31.49
-2.34,0.25,7.8,31.49
-3.23,-0.33,9.85,31.44
0.66,0.19,10.53,31.46
-0.17,0.42,10.66,31.47
2.73,0.37,9.92,31.49
3.95,-1.16,8.94,31.49
-0.89,-2.08,9.21,31.5
-2.01,-1.9,10.93,31.49
-0.09,0.32,10.6,31.47
4.62,0.36,9.34,31.5
7.53,0.08,7.64,31.51
0.48,-2.02,7.53,31.47
-4.42,-1.52,11.19,31.46
-0.66,-1.05,11.06,31.48
0.63,0.91,9.61,31.49
2.47,0.14,7.57,31.5
-1.46,-0.78,7.82,31.47
-6.32,-0.51,10.31,31.49
-1.83,1.26,9.52,31.44
0.65,1.02,9.46,31.47
1.75,-0.17,7.23,31.47
0.37,-1.32,7.89,31.49
-1.3,-1.87,11.44,31.52
1.25,-0.44,11.06,31.5
3.8,1.01,7.66,31.47
3.89,-1.04,6.88,31.45
-0.21,-0.13,7.04,31.51
0.28,0.24,8.12,31.51
1.82,-0.36,11.76,31.53
3.27,-0.08,9.43,31.51
4.44,0.21,6.43,31.52
0.2,-1.3,7.72,31.5
-0.82,-1.1,10.15,31.54
3.48,-1.29,11.81,31.49
8.55,1.9,7.87,31.51
6.58,-0.9,6.98,31.53
1.29,-1.64,8.33,31.49
-1.49,-1.22,10.26,31.49
3.62,-0.72,11.38,31.47
4.52,0.11,8.95,31.5
3.79,-0.21,6.65,31.48
-0.49,-0.47,7.87,31.49
1.33,0.17,10.02,31.49
2.37,0.69,8.73,31.53
2.74,0.87,6.62,31.41
-0.7,0.39,6.47,31.49
-4.6,-0.15,9.49,31.49
-0.2,-0.75,11.4,31.41
1.95,0.52,9.08,31.49
2.25,-0.52,7.76,31.51
0.34,-0.18,7.41,31.47
-3.95,-1.03,9.79,31.49
-0.72,-0.19,10.65,31.48
3.3,-0.47,10.44,31.47
4.69,-0.39,6.99,31.49
2.52,-0.69,6.67,31.47
-2.31,-1.67,9.85,31.52
0.14,2.03,10.06,31.42
3.66,-0.69,9.88,31.46
2.05,-0.49,7.22,31.48
-1.03,-0.52,7.32,31.48
-1.67,-1.05,9.79,31.46
2.07,-0.23,11.12,31.47
6.9,-0.84,9.81,31.41
5.61,-0.33,7.71,31.5
1.15,-0.9,7.9,31.51
-1.23,-0.47,10.5,31.51
0.69,-1.31,12.35,31.43
5.82,0.22,8.77,31.47
4.22,-0.36,6.81,31.5
-0.76,-0.79,8.83,31.49
-0.4,-0.39,9.4,31.48
3.32,-0.14,10.75,31.5
4.32,0.58,9.0,31.48
2.61,0.35,7.57,31.45
0.65,-2.08,8.67,31.47
-2.75,-0.93,10.65,31.47
2.58,-0.69,10.42,31.49
5.2,0.07,8.7,31.49
3.21,-0.09,7.31,31.47
-0.46,-1.52,8.95,31.46
-2.52,-0.84,10.41,31.51
0.57,-0.23,10.9,31.48
3.42,0.09,10.16,31.47
2.94,-0.83,9.01,31.49
-0.97,-2.0,9.89,31.45
-0.1,-0.41,10.24,31.48
1.1,1.93,9.57,31.54
3.74,0.54,9.7,31.49
4.03,-1.65,8.83,31.44
-1.2,-1.93,8.96,31.49
-3.11,-0.12,10.18,31.47
0.93,0.62,9.8,31.47
5.92,1.0,9.12,31.52
4.17,0.12,6.66,31.44
-4.36,-0.36,8.32,31.5
-5.26,-0.85,10.97,31.44
-0.45,0.34,10.84,31.48
2.48,1.23,9.0,31.47
3.19,-0.24,7.11,31.48
-4.87,-0.55,8.36,31.5
-4.88,-1.34,11.77,31.47
1.77,-0.23,11.57,31.45
3.18,-0.84,9.44,31.44
2.46,-0.54,7.33,31.49
-3.19,-1.52,8.35,31.47
-5.15,-1.5,11.8,31.47
-0.84,-0.83,11.61,31.46
4.26,-0.26,9.45,31.48
3.07,0.01,6.86,31.5
-2.23,-0.38,7.58,31.49
-3.48,-1.91,11.9,31.45
-0.49,-0.86,11.98,31.46
1.93,0.11,8.31,31.51
2.12,-0.66,7.68,31.46
-3.49,-1.92,8.92,31.48
-3.77,-2.19,11.82,31.52
-0.16,-0.73,11.39,31.52
3.93,0.82,8.93,31.5
5.15,-0.34,7.13,31.52
-2.11,-0.44,7.61,31.49
-3.28,-1.76,11.69,31.46
0.57,-0.74,11.6,31.48
3.15,0.85,8.5,31.49
4.24,0.55,6.37,31.45
-0.71,-0.3,7.79,31.45
-1.07,-1.69,11.62,31.5
2.82,-0.6,11.32,31.47
3.39,1.52,7.9,31.51
3.1,0.04,6.56,31.52
-2.41,0.13,7.31,31.48
-0.56,-1.24,10.97,31.51
2.86,-0.48,10.99,31.5
-2.87,0.52,8.79,31.49
1.24,-0.21,11.58,31.47
2.95,-0.28,10.67,31.49
4.61,0.69,7.58,31.48
4.36,-1.45,6.82,31.52
-1.8,-0.02,7.4,31.46
-2.05,-0.96,10.2,31.47
2.96,-0.46,11.64,31.49
6.3,0.21,7.77,31.49
4.98,-0.55,6.73,31.48
1.89,-0.41,8.0,31.47
-0.13,-0.07,10.44,31.49
5.69,0.42,10.61,31.46
6.73,-0.72,9.05,31.44
3.42,-0.62,6.63,31.46
1.1,-0.32,8.03,31.47
1.31,-1.44,11.79,31.48
2.89,0.64,10.37,31.46
5.97,0.78,7.62,31.52
4.38,-0.8,7.58,31.47
0.17,-1.78,9.29,31.52
0.37,-1.08,10.88,31.5
4.37,-0.12,10.86,31.45
5.09,-1.19,8.96,31.47
1.36,-0.65,7.94,31.5
-1.47,-1.53,9.0,31.49
0.22,-1.17,10.59,31.48
1.9,-0.57,11.2,31.47
6.77,-0.18,8.61,31.5
2.55,0.16,6.96,31.47
-1.89,-1.22,9.31,31.47
-1.05,-1.13,11.54,31.48
1.22,-1.69,12.03,31.46
4.63,-0.56,9.38,31.48
0.66,-0.6,7.54,31.52
-3.22,-0.09,9.38,31.46
1.36,-0.02,9.71,31.48
3.5,0.68,10.29,31.49
4.44,0.45,8.48,31.48
-3.87,-2.26,11.86,31.5
0.24,-0.96,11.25,31.47
2.25,0.51,8.62,31.49
3.2,0.29,6.98,31.48
-0.39,-1.56,9.02,31.5
-2.98,-0.71,11.21,31.49
2.54,2.86,8.1,31.47
3.52,1.32,8.15,31.47
0.54,0.83,6.56,31.49
-3.38,-0.01,7.05,31.45
-1.18,-1.9,11.47,31.52
1.7,-0.48,11.48,31.51
6.11,0.51,7.64,31.45
6.07,-1.41,7.75,31.51
-1.21,-0.36,8.24,31.48
-0.66,-0.14,10.26,31.49
1.77,-0.67,11.33,31.48
2.62,-0.09,8.5,31.49
4.1,-0.55,7.28,31.47
-2.81,-1.13,11.09,31.5
1.75,-1.43,11.74,31.49
5.71,-0.32,9.62,31.48
3.9,0.44,6.73,31.49
3.97,-1.07,7.31,31.48
-0.54,-1.54,9.9,31.5
1.02,-0.03,11.5,31.49
4.98,-0.04,9.7,31.5
6.4,-0.98,7.38,31.51
3.14,-0.34,7.47,31.5
1.31,-1.47,9.87,31.51
3.0,0.07,11.51,31.45
6.4,-0.43,10.35,31.52
6.88,-0.18,7.06,31.52
3.93,-0.72,7.16,31.48
-0.08,0.29,8.54,31.46
2.31,1.33,8.68,31.48
4.16,1.1,7.82,31.5
2.58,1.03,6.08,31.5
0.19,-0.65,7.8,31.53
-1.25,-0.21,9.44,31.48
0.38,-0.69,10.59,31.49
2.2,0.78,8.46,31.48
3.21,1.04,6.56,31.5
0.91,-0.88,8.11,31.48
-0.65,-0.4,9.22,31.5
1.59,-0.8,10.97,31.47
3.5,-0.45,9.35,31.48
1.98,-1.77,8.15,31.48
0.69,-2.35,9.31,31.5
0.56,-2.21,10.2,31.52
3.15,-1.21,11.24,31.48
6.61,0.04,10.15,31.49
4.64,-1.59,8.64,31.52
0.13,-2.08,8.81,31.47
-2.95,-2.71,10.76,31.5
0.02,-0.99,12.21,31.49
3.7,-1.0,10.87,31.48
6.26,-1.55,8.53,31.51
0.61,-2.11,9.55,31.45
0.75,-1.07,8.25,31.49
-2.61,0.48,7.94,31.51
-0.45,-0.21,10.58,31.52
2.47,0.12,10.13,31.48
3.87,-0.17,7.55,31.51
1.66,-1.44,8.0,31.49
-2.01,-0.86,9.33,31.48
0.62,-0.48,10.62,31.48
4.67,-0.49,10.03,31.51
5.09,0.17,6.94,31.46
2.14,-0.51,7.41,31.51
-1.87,-0.55,9.15,31.46
1.7,-0.96,10.92,31.53
4.97,0.78,9.58,31.47
4.19,-0.02,7.52,31.49
1.98,-1.09,7.76,31.52
-0.67,-0.21,8.69,31.49
0.94,-0.57,10.27,31.52
4.56,0.54,9.69,31.43
6.0,-1.55,8.42,31.52
3.08,-0.81,7.25,31.5
-0.3,-1.36,9.74,31.47
1.95,-1.6,11.01,31.48
5.3,-0.21,9.65,31.49
6.48,1.24,6.46,31.45
2.41,0.52,6.45,31.5
-1.91,-0.25,9.08,31.48
0.63,0.45,9.09,31.47
3.34,1.52,8.65,31.49
4.48,-0.07,7.7,31.49
-1.02,-1.37,8.83,31.52
-2.06,-1.87,9.79,31.51
1.32,-0.84,10.7,31.44
4.42,-0.48,9.87,31.5
5.38,0.63,7.85,31.44
-1.69,-1.87,8.24,31.47
-3.56,-1.69,10.63,31.46
0.96,-1.66,11.14,31.49
4.66,-0.29,11.16,31.48
-0.03,1.01,10.28,31.5
5.2,0.71,9.09,31.49
5.89,1.35,6.23,31.48
0.62,-0.41,7.63,31.47
-1.49,-1.36,10.23,31.49
2.14,-0.63,10.93,31.5
5.49,0.53,8.83,31.54
3.77,0.55,6.78,31.49
-0.02,-1.28,7.63,31.49
-1.35,-1.17,9.91,31.49
-0.24,-1.31,11.71,31.46
4.56,0.06,9.06,31.5
4.22,-0.78,7.62,31.47
1.11,-1.28,7.66,31.47
0.79,-1.63,10.1,31.47
3.22,-1.49,11.85,31.49
5.52,0.39,9.17,31.48
3.76,0.06,6.99,31.47
-1.07,0.09,7.81,31.49
-1.99,-0.68,9.8,31.54
-3.83,-1.87,11.42,31.46
2.54,-0.6,10.86,31.49
5.69,-0.55,8.62,31.46
6.37,0.34,6.41,31.5
2.2,-0.96,8.3,31.48
-0.36,-0.95,10.22,31.49
4.0,-0.34,10.69,31.49
6.78,-0.91,8.16,31.49
4.48,-0.73,7.34,31.46
1.69,-1.47,9.05,31.52
2.22,-1.45,11.27,31.5
4.79,-0.35,11.43,31.49
7.17,-0.86,8.89,31.46
5.88,-0.96,8.33,31.49
1.13,-2.07,9.2,31.47
-0.15,-1.39,10.66,31.53
2.89,-0.46,11.17,31.45
4.6,0.77,8.54,31.49
4.02,0.06,6.43,31.51
0.07,-1.44,9.18,31.52
-2.18,-2.13,11.54,31.45
1.49,-0.97,11.63,31.5
5.57,-0.99,9.12,31.5
3.03,-0.83,7.48,31.49
0.46,-2.25,9.37,31.45
1.47,-2.31,11.17,31.48
4.28,-1.51,11.65,31.47
7.42,-0.75,8.79,31.47
4.66,-1.27,8.36,31.46
0.76,-0.9,8.63,31.48
-0.35,-0.64,10.33,31.48
3.99,0.6,9.85,31.53
7.39,0.29,8.18,31.53
2.1,-0.5,7.96,31.49
-1.95,-1.24,9.8,31.47
-1.64,-1.69,11.35,31.49
1.91,0.08,10.32,31.49
5.22,-0.86,9.38,31.48
1.89,-2.51,9.63,31.47
-1.84,-2.66,10.91,31.47
-0.47,-2.0,10.5,31.53
2.68,-0.22,10.65,31.49
4.57,-0.75,11.0,31.47
5.75,-2.06,8.86,31.48
-0.51,-2.0,9.25,31.5
-2.14,-1.95,10.72,31.49
1.37,0.45,10.66,31.49
4.59,0.57,9.5,31.47
5.61,-0.25,7.78,31.46
-0.13,-1.66,9.41,31.47
-0.86,-0.96,9.96,31.5
-0.54,0.58,10.34,31.48
2.51,0.49,8.86,31.48
3.83,0.79,7.48,31.46
-2.19,-1.37,8.58,31.46
-3.38,-1.13,10.63,31.52
0.72,0.27,10.49,31.49
1.99,0.64,9.47,31.46
7.42,-1.03,9.57,31.45
6.58,-0.07,8.29,31.47
5.43,-1.19,8.25,31.48
-0.25,-1.38,8.96,31.5
-0.35,-0.22,10.27,31.54
3.13,-0.66,10.35,31.48
4.32,-0.81,9.15,31.44
2.19,-0.62,7.05,31.47
-0.86,-2.08,10.48,31.52
-0.43,-0.55,10.89,31.51
4.64,-0.11,10.34,31.5
6.64,-0.74,8.59,31.48
-0.45,-1.41,8.34,31.49
-1.63,-2.26,10.42,31.5
-0.69,-1.23,11.28,31.47
2.21,1.3,9.01,31.54
3.66,0.2,8.09,31.52
-1.07,0.09,7.57,31.44
-3.63,-1.5,10.61,31.52
-0.07,-0.75,11.78,31.46
-4.66,-0.72,9.33,31.47
-2.37,-2.33,11.0,31.46
-0.81,-0.52,10.84,31.49
4.1,1.4,8.41,31.49
5.78,-0.79,8.52,31.54
0.39,-1.16,8.48,31.49
-1.06,-2.23,10.7,31.51
2.02,-1.36,11.31,31.49
2.69,1.42,9.22,31.47
5.7,0.86,6.94,31.45
0.97,-0.82,8.16,31.54
-2.34,-1.86,10.56,31.48
2.34,-1.3,11.54,31.52
3.82,0.19,9.99,31.49
3.22,0.77,6.22,31.5
-0.21,-0.22,7.71,31.48
-1.43,-2.05,10.54,31.5
1.41,-0.26,10.38,31.52
3.27,1.35,8.15,31.5
3.93,1.18,6.73,31.53
-1.31,-0.58,7.21,31.46
-2.04,-0.76,9.28,31.52
-0.21,-1.34,11.24,31.49
1.76,1.41,8.98,31.49
3.28,0.84,6.34,31.47
0.13,-1.27,7.31,31.5
-3.85,-1.87,11.15,31.48
-0.24,-2.36,12.24,31.48
2.33,0.66,10.01,31.56
4.04,0.3,6.92,31.5
0.59,-0.22,6.83,31.48
-3.32,-0.12,9.08,31.49
2.41,0.24,10.92,31.49
6.12,1.86,8.61,31.48
4.44,-0.15,6.77,31.46
0.56,-0.09,7.41,31.49
-2.35,-0.22,8.91,31.49
1.26,-0.04,10.87,31.51
4.19,0.06,9.87,31.49
4.67,-1.07,7.07,31.5
-0.6,0.97,6.51,31.48
-2.63,-0.84,10.06,31.5
1.47,0.51,10.47,31.5
5.13,1.42,7.82,31.51
3.17,0.4,7.01,31.52
-0.11,-0.51,7.89,31.47
-0.58,-1.7,10.75,31.46
0.73,-1.57,11.43,31.48
2.87,-1.5,10.42,31.5
2.44,-0.79,8.0,31.46
-0.33,-1.52,8.07,31.49
-0.45,-1.21,10.68,31.49
0.75,-0.69,11.62,31.47
3.88,-0.35,9.54,31.46
3.25,-0.97,7.17,31.47
-1.09,-1.7,8.72,31.51
-0.34,-2.25,11.26,31.49
2.06,-1.89,12.8,31.5
4.64,-0.08,6.23,31.5
2.65,-0.18,6.54,31.47
-2.09,-0.06,8.06,31.44
-3.79,0.16,9.71,31.49
5.37,0.48,8.11,31.53
4.11,-0.09,7.84,31.49
0.57,0.44,6.85,31.47
-1.74,-0.54,8.54,31.48
-0.12,-0.56,10.42,31.47
4.44,-0.29,10.79,31.44
7.06,0.78,7.72,31.46
6.51,-1.06,6.86,31.49
1.52,-1.76,8.71,31.48
0.4,-1.42,11.0,31.47
3.8,-0.61,10.51,31.47
6.82,-0.35,8.36,31.5
5.39,-2.65,8.54,31.46
2.54,-1.46,9.3,31.45
2.25,-0.55,10.3,31.45
4.13,0.6,10.89,31.47
-0.43,-0.84,10.52,31.43
3.63,-1.22,11.13,31.49
5.12,0.39,8.09,31.53
2.19,-0.37,6.96,31.53
-0.96,-0.75,8.91,31.5
-0.02,0.14,9.49,31.41
1.98,0.93,10.16,31.48
3.69,0.07,7.85,31.51
1.11,-1.59,8.22,31.46
-0.44,-2.26,10.66,31.49
1.37,-0.68,11.0,31.5
4.61,-0.14,10.19,31.45
6.92,-0.62,8.95,31.48
1.29,-0.9,8.13,31.49
-0.58,-1.69,9.87,31.51
0.16,-1.08,11.08,31.48
1.93,0.61,9.72,31.48
6.2,0.88,7.53,31.49
2.41,-0.82,8.06,31.51
5.77,0.2,6.8,31.47
3.01,-0.14,7.46,31.49
-2.0,-1.4,9.58,31.48
0.19,-1.96,11.44,31.46
3.28,0.56,10.52,31.47
4.48,1.53,7.26,31.5
1.46,-1.15,8.73,31.47
-4.65,-1.2,8.27,31.46
-0.27,-0.88,10.34,31.47
1.6,0.07,10.61,31.44
2.71,1.72,7.3,31.5
4.03,-0.23,6.61,31.48
-2.74,-0.34,7.58,31.52
-1.72,-0.6,10.5,31.5
4.53,0.52,9.23,31.45
3.66,0.44,7.9,31.49
3.12,-0.3,6.1,31.45
-2.56,-1.4,7.89,31.51
-1.86,-1.46,11.34,31.53
2.84,0.76,9.14,31.46
2.76,0.66,9.97,31.47
1.34,0.34,9.96,31.44
3.38,0.98,7.26,31.5
2.97,-0.58,6.73,31.51
-1.88,-0.83,9.09,31.42
0.27,-1.29,11.29,31.47
3.16,-1.11,11.38,31.45
4.24,-1.18,9.14,31.53
3.73,-1.18,7.64,31.51
-1.38,-1.41,10.05,31.46
0.44,-0.44,11.6,31.49
5.93,-0.77,11.31,31.52
6.45,-0.61,9.1,31.49
4.3,-0.64,6.82,31.47
-0.18,-0.52,9.44,31.52
0.28,-1.32,11.85,31.49
6.08,-0.86,10.99,31.45
7.39,-0.03,7.91,31.5
5.13,-0.33,7.31,31.49
1.82,-0.92,8.55,31.53
1.19,-1.03,11.34,31.48
3.86,0.38,10.01,31.47
5.22,0.69,6.66,31.46
1.81,-0.29,7.34,31.48
-0.77,-1.21,8.98,31.49
2.99,-0.59,10.31,31.48
5.23,0.4,9.69,31.5
4.39,-0.27,8.2,31.52
2.8,-0.2,7.46,31.46
-0.36,-1.12,9.19,31.49
-1.17,-0.72,10.97,31.48
2.49,-1.33,11.27,31.52
5.21,-2.0,9.23,31.5
4.43,-0.19,6.58,31.46
1.1,-0.69,7.4,31.5
-0.14,-1.67,10.27,31.48
2.37,-2.38,12.2,31.49
4.82,-1.75,10.03,31.47
0.88,-1.82,8.87,31.51
7.04,-0.6,6.48,31.47
2.15,0.09,5.76,31.49
-4.2,0.48,7.15,31.53
0.12,-0.27,10.74,31.48
5.43,-0.45,10.16,31.51
4.74,0.87,6.16,31.49
1.65,0.41,5.63,31.45
-2.48,-0.58,9.56,31.49
0.76,-1.36,12.02,31.47
4.4,-0.38,10.02,31.47
4.62,-0.28,7.34,31.5
2.26,-0.55,6.84,31.48
-0.32,-0.05,9.13,31.47
1.84,0.28,10.01,31.43
4.44,1.07,8.48,31.48
4.16,-0.29,7.35,31.48
2.25,-0.34,7.72,31.5
-1.51,-1.09,9.61,31.5
0.0,-0.18,11.11,31.45
4.36,-1.36,10.56,31.5
-0.75,-2.27,10.55,31.5
2.41,-1.3,11.22,31.47
5.62,-0.18,9.98,31.47
5.47,-1.07,8.14,31.51
2.93,-2.14,9.02,31.47
0.99,-3.48,11.47,31.51
3.26,-0.4,10.9,31.5
6.41,-0.27,9.79,31.5
6.6,-1.83,8.27,31.46
1.78,-1.8,9.25,31.48
0.92,-2.22,11.14,31.48
1.44,0.48,10.39,31.51
4.18,0.71,9.49,31.47
4.74,-0.92,7.47,31.52
-1.27,-1.07,7.77,31.45
-3.28,-1.42,11.35,31.48
0.55,-0.02,10.91,31.45
3.22,0.42,9.3,31.51
2.92,-0.02,7.23,31.52
3.2,0.45,7.25,31.45
-0.13,-0.55,8.08,31.51
-2.31,-1.94,10.98,31.48
0.03,-1.6,11.88,31.5
3.17,-0.05,10.47,31.48
4.1,-0.44,7.3,31.47
0.6,-1.35,8.14,31.49
-1.65,-1.41,9.9,31.49
2.34,-0.36,11.38,31.49
6.68,1.87,8.21,31.48
6.56,-0.01,6.53,31.48
1.58,-0.14,6.61,31.48
-1.24,-0.02,8.64,31.48
-1.56,-0.64,11.3,31.44
2.47,1.23,8.59,31.51
3.58,0.76,6.58,31.47
0.52,-0.0,6.29,31.51
-4.06,-0.19,9.13,31.5
0.5,-0.22,11.19,31.51
4.99,1.14,8.1,31.48
0.25,-1.3,9.83,31.48
0.03,-0.92,10.88,31.44
2.2,0.12,9.45,31.46
4.91,1.04,7.36,31.43
3.81,-0.88,7.36,31.46
-1.78,-0.75,8.8,31.48
-0.91,-0.95,11.15,31.48
3.84,-0.61,10.66,31.45
3.47,0.23,7.64,31.44
2.57,-1.44,7.99,31.5
0.18,-1.45,9.29,31.5
-0.1,-1.58,11.05,31.47
4.13,-0.64,10.42,31.45
5.47,-1.15,8.92,31.39
3.41,-1.81,8.85,31.48
1.19,-2.03,9.89,31.47
3.25,-1.11,10.65,31.49
5.31,-0.25,10.69,31.48
6.39,-0.17,8.67,31.45
5.13,-0.54,6.91,31.49
-0.43,-0.33,8.99,31.46
1.08,-0.9,11.07,31.5
3.85,-1.79,11.81,31.48
5.99,-0.37,7.79,31.46
0.38,-0.19,7.07,31.46
-1.56,-0.86,9.48,31.5
1.3,0.42,9.69,31.49
4.08,0.61,9.53,31.49
5.06,0.01,8.19,31.47
1.15,-0.91,7.59,31.46
-0.85,-1.76,10.16,31.52
1.6,-0.99,11.01,31.52
4.55,-1.14,11.26,31.5
7.23,-1.6,10.21,31.48
5.71,-1.4,8.27,31.45
2.07,-1.07,8.24,31.47
-0.06,-1.89,10.24,31.47
1.44,0.22,10.24,31.48
4.02,0.98,9.11,31.51
4.14,-1.4,7.87,31.46
3.84,-0.96,7.31,31.48
-0.85,-0.35,8.94,31.47
0.65,0.65,10.36,31.47
6.52,1.28,8.84,31.46
7.49,1.28,6.5,31.45
4.46,-1.56,7.58,31.48
0.9,-0.72,9.75,31.47
1.12,-1.08,11.2,31.47
3.95,-0.34,9.15,31.52
4.96,0.6,6.92,31.48
2.65,-0.53,7.08,31.52
-0.42,0.35,8.7,31.49
1.48,-0.9,11.45,31.5
4.86,-0.13,9.99,31.5
3.11,0.09,6.48,31.46
1.97,-1.17,8.02,31.46
-2.44,-1.64,10.36,31.48
0.68,-0.52,11.1,31.45
6.11,-1.13,10.95,31.44
-4.06,-1.93,10.9,31.49
-3.68,-1.97,11.19,31.49
0.3,-0.72,10.19,31.46
3.71,0.02,9.38,31.47
3.74,-0.27,7.61,31.46
-0.55,-2.22,9.05,31.5
-1.09,-2.49,11.77,31.49
1.64,-1.13,11.25,31.49
4.44,0.64,8.51,31.49
4.15,-0.9,7.37,31.47
-2.83,-2.75,8.66,31.44
-4.04,-2.26,11.8,31.52
2.36,-1.13,11.16,31.52
4.69,0.69,8.37,31.47
4.19,0.11,6.33,31.46
-3.44,-0.69,8.17,31.47
-3.73,-0.58,10.17,31.46
1.32,0.89,9.8,31.49
3.57,0.59,8.86,31.49
1.67,-2.14,12.8,31.5
5.74,-0.67,10.66,31.46
6.62,-0.45,7.63,31.48
0.49,-1.53,8.71,31.47
-1.19,-1.3,10.15,31.54
1.28,-1.06,11.27,31.47
3.92,-0.05,10.76,31.5
4.78,-0.5,8.05,31.5
1.63,-1.56,8.43,31.47
-1.89,-1.55,9.87,31.44
0.33,-2.72,12.68,31.43
2.89,-1.41,10.74,31.54
6.21,0.05,7.41,31.49
0.92,-0.46,8.0,31.45
-1.89,-1.24,10.32,31.51
0.91,-0.02,10.12,31.49
3.59,1.05,9.48,31.47
2.2,0.15,7.88,31.5
-1.6,-0.51,8.31,31.47
-2.8,-1.76,11.1,31.49
-1.16,-0.76,11.26,31.49
3.01,0.21,10.78,31.49
4.8,-1.13,9.18,31.53
-0.74,-1.59,8.5,31.47
-1.54,-2.2,11.08,31.47
0.54,-1.06,11.07,31.49
2.82,0.4,9.39,31.44
5.0,-0.85,8.59,31.47
1.33,-1.35,8.47,31.47
-0.89,-2.06,10.92,31.46
1.2,-0.11,9.99,31.43
4.13,1.66,8.83,31.5
5.18,0.57,7.26,31.45
0.94,-1.15,8.15,31.49
-1.96,-1.53,10.63,31.47
0.46,-1.28,11.22,31.46
3.29,1.14,8.64,31.45
5.06,-0.04,7.4,31.46
-1.29,-2.12,8.55,31.5
-2.24,-1.86,10.85,31.43
3.47,-0.74,11.36,31.42
3.79,-0.57,9.89,31.48
2.14,-1.11,8.34,31.48
1.14,-1.61,9.29,31.49
-2.14,-1.47,9.62,31.42
-1.44,0.56,9.84,31.52
1.78,-1.31,11.54,31.44
3.25,-0.08,7.21,31.44
0.47,-0.83,7.84,31.49
-1.86,-2.24,10.7,31.48
-0.19,-1.03,10.96,31.49
4.97,0.51,11.14,31.47
6.11,-0.66,9.14,31.48
0.19,-0.19,6.99,31.47
-2.43,-2.17,10.36,31.47
-0.69,-1.03,11.03,31.49
2.86,1.42,9.28,31.47
5.13,-0.64,8.77,31.44
1.18,-0.32,7.12,31.5
-1.16,-2.23,10.59,31.45
-0.41,-1.95,12.16,31.47
3.18,0.62,9.96,31.44
5.49,-0.53,9.01,31.48
0.25,-1.33,8.55,31.52
-1.63,-2.07,11.02,31.44
0.54,-0.63,10.84,31.48
4.06,0.68,9.07,31.48
4.05,1.2,7.18,31.47
0.4,-1.1,7.3,31.47
-3.93,-2.3,10.57,31.46
-0.49,-1.88,11.34,31.45
0.41,0.48,9.78,31.45
3.76,0.72,6.7,31.47
2.19,-0.59,7.26,31.45
-1.49,-1.24,9.96,31.49
1.3,-1.97,11.85,31.46
2.93,-0.29,10.35,31.48
3.8,-0.1,6.88,31.45
0.14,-1.42,7.58,31.49
-2.42,-1.79,9.8,31.47
-1.5,-0.85,10.94,31.45
3.47,1.32,9.01,31.41
4.93,0.64,6.64,31.49
0.69,0.03,6.06,31.48
-4.7,-0.24,9.0,31.5
-1.64,-0.9,11.02,31.43
3.38,0.91,9.99,31.47
4.22,-0.57,7.8,31.43
1.87,-0.68,7.36,31.47
-1.46,-0.79,8.62,31.47
0.39,0.54,9.97,31.46
5.92,1.85,7.57,31.41
4.66,0.22,6.93,31.44
-0.78,0.32,6.29,31.47
-2.74,-0.2,8.53,31.48
-0.46,-1.58,12.08,31.48
3.24,-0.44,9.15,31.47
5.34,0.22,6.4,31.47
0.67,-0.97,7.67,31.45
-3.07,-0.4,9.87,31.46
2.42,-0.57,11.0,31.47
5.95,0.66,8.94,31.43
3.17,0.97,6.45,31.48
3.08,-1.04,8.07,31.48
-0.7,-2.11,10.96,31.44
0.38,-0.04,10.9,31.47
5.72,-0.23,9.63,31.47
3.79,0.37,7.2,31.46
1.83,-0.33,6.89,31.49
1.96,-1.36,9.93,31.47
1.12,-1.0,11.53,31.46
4.89,-0.1,9.4,31.49
6.39,-0.2,7.39,31.45
1.15,-0.7,7.98,31.47
-1.57,-1.73,10.32,31.47
1.61,-2.02,11.83,31.47
5.13,-0.76,9.07,31.46
1.85,1.46,8.29,31.47
4.59,-0.85,7.81,31.5
-1.72,-2.12,8.28,31.49
-3.61,-0.64,10.32,31.49
0.47,-1.29,11.16,31.45
3.11,1.6,7.69,31.47
4.41,-0.4,6.46,31.48
0.06,-1.25,8.2,31.47
-2.2,-1.4,10.84,31.46
-1.04,-2.38,12.29,31.45
2.35,0.76,8.44,31.41
3.43,-0.09,6.17,31.48
-0.7,-0.74,8.05,31.46
-1.71,-0.36,9.26,31.48
1.71,-0.96,11.28,31.48
4.0,1.14,8.24,31.4
4.01,-0.92,7.14,31.47
-0.43,-0.74,8.65,31.45
-3.15,-1.51,10.82,31.47
1.65,-0.86,11.34,31.46
4.69,0.04,8.68,31.44
4.3,-0.06,6.7,31.49
-0.1,-1.04,8.66,31.47
-1.76,-1.27,10.69,31.47
3.19,-0.61,11.44,31.47
6.67,0.19,9.05,31.44
6.64,0.41,6.31,31.49
3.74,-0.31,6.94,31.48
1.35,-0.05,8.71,31.53
-0.52,0.69,9.87,31.46
3.73,0.87,8.82,31.47
2.54,2.39,6.15,31.48
2.89,-0.94,7.37,31.46
-0.15,-0.23,8.28,31.48
-0.02,0.15,9.96,31.5
4.23,-0.82,10.92,31.48
4.42,-0.83,8.57,31.49
3.45,-0.77,7.4,31.44
1.1,-0.67,8.74,31.44
0.52,-0.99,11.37,31.48
3.61,0.54,9.89,31.48
2.15,0.49,9.83,31.48
2.96,1.09,7.21,31.49
-0.73,-0.09,7.07,31.46
-4.84,-0.72,9.72,31.47
-1.24,-1.69,11.85,31.43
3.19,0.65,9.18,31.45
3.54,-0.6,8.48,31.47
2.3,-1.68,8.46,31.46
-0.42,-0.89,9.38,31.51
3.1,-0.77,11.08,31.49
5.41,-0.27,10.27,31.52
5.75,-1.9,8.44,31.51
2.48,-1.44,7.69,31.47
-0.36,-0.98,9.83,31.47
1.18,-0.77,12.41,31.47
3.75,-0.55,9.64,31.49
6.17,-0.5,6.79,31.44
2.66,-0.77,6.96,31.46
0.07,-0.08,9.26,31.48
3.84,0.51,10.84,31.48
6.63,-0.47,9.78,31.51
4.17,0.71,6.36,31.46
2.98,-0.23,6.4,31.46
0.22,-0.79,10.4,31.49
0.17,0.56,10.09,31.49
4.53,1.34,8.49,31.48
1.92,0.41,6.8,31.47
-1.91,-1.12,8.74,31.52
-2.47,-0.21,9.82,31.46
0.95,-1.37,11.69,31.49
2.94,-0.63,9.44,31.46
4.29,-0.5,7.75,31.51
2.34,-1.65,8.73,31.48
-3.05,-0.28,10.25,31.46
2.34,-0.52,10.83,31.43
4.58,0.83,8.75,31.44
1.12,0.68,6.3,31.46
-0.1,-1.18,8.83,31.48
1.56,0.76,10.08,31.42
5.0,0.34,7.85,31.46
5.23,0.68,5.18,31.51
1.26,0.05,7.25,31.47
0.05,-1.23,10.53,31.48
3.87,-0.65,11.26,31.48
6.36,-0.45,8.35,31.46
3.77,-0.74,7.21,31.46
-0.83,-1.84,9.28,31.45
-1.09,-1.56,11.36,31.45
3.41,-0.84,11.23,31.49
7.05,-0.01,7.89,31.48
4.69,-0.0,6.96,31.44
0.6,-0.95,8.3,31.45
0.36,-1.06,11.07,31.45
2.25,-1.33,11.12,31.44
4.11,-0.48,8.83,31.43
1.53,-1.4,7.98,31.51
-1.86,-1.25,9.24,31.49
-0.44,-0.62,10.11,31.49
4.66,0.33,9.92,31.47
6.44,0.83,7.9,31.46
1.09,-1.58,8.25,31.49
-1.51,-1.72,9.85,31.46
0.93,-1.81,11.18,31.47
3.52,-0.09,10.34,31.47
5.29,0.23,8.34,31.44
2.47,-1.21,7.79,31.46
1.46,-0.46,8.84,31.49
0.35,-1.96,11.06,31.49
2.77,0.68,10.31,31.45
4.87,-0.27,8.77,31.45
1.04,-0.94,7.56,31.48
2.11,-1.12,7.71,31.47
0.51,-2.1,10.41,31.47
0.82,0.02,9.96,31.45
3.78,-0.46,9.85,31.49
3.45,-0.88,9.2,31.46
0.41,-2.96,9.7,31.48
-0.83,-1.56,9.85,31.47
0.42,-0.08,10.12,31.46
4.27,-0.1,9.69,31.46
0.82,0.78,10.84,31.47
2.49,-0.68,9.99,31.45
3.35,-0.01,7.53,31.42
1.56,-0.85,7.8,31.42
-3.01,-0.96,10.39,31.46
0.4,0.02,11.38,31.46
6.82,-1.12,9.96,31.42
5.28,-1.75,8.67,31.44
2.83,-0.47,7.67,31.48
0.43,-0.71,10.3,31.47
-0.03,-0.39,11.1,31.47
6.03,0.31,9.02,31.48
6.4,0.61,6.07,31.43
1.12,-0.23,7.43,31.44
1.53,-0.82,10.09,31.44
4.68,0.23,10.58,31.49
4.56,0.84,8.17,31.49
4.99,1.17,5.58,31.45
2.89,-1.53,9.06,31.47
0.25,-2.25,11.15,31.43
3.61,-0.22,11.1,31.43
5.02,0.18,9.05,31.45
2.83,0.48,6.82,31.47
1.97,-1.68,9.11,31.49
2.01,-1.38,10.26,31.46
1.92,0.53,10.5,31.47
5.09,0.91,8.54,31.43
3.24,-0.44,7.58,31.48
-0.49,-0.52,7.5,31.45
-1.79,-0.94,9.85,31.47
0.37,-0.23,11.24,31.47
3.2,-0.58,9.73,31.45
2.98,-0.53,7.69,31.46
-1.78,-1.9,9.62,31.47
-4.58,-1.67,11.11,31.45
0.06,0.08,10.62,31.46
6.51,-1.01,9.64,31.43
3.85,-0.68,7.67,31.45
0.0,-1.67,9.04,31.47
-1.08,-0.55,8.32,31.44
-0.46,-0.25,10.32,31.43
2.6,-1.16,12.17,31.47
5.04,-0.84,9.03,31.44
2.43,-0.51,6.85,31.46
-0.94,-0.52,9.12,31.45
0.83,-1.1,11.01,31.43
5.43,-2.01,11.77,31.42
6.11,-1.38,9.29,31.49
1.62,-1.19,7.95,31.47
-1.29,-2.33,10.36,31.46
0.94,-1.53,10.98,31.43
4.49,-0.43,11.05,31.48
6.74,-0.48,8.72,31.43
2.39,-1.94,8.01,31.5
-1.19,-1.21,8.93,31.45
0.58,-1.38,10.74,31.47
2.87,0.57,9.98,31.45
3.92,0.08,8.21,31.48
1.21,-1.34,8.36,31.46
-0.81,-1.2,9.67,31.48
0.55,-0.6,9.95,31.49
1.55,0.28,11.0,31.47
1.77,-0.52,8.89,31.47
0.44,-0.03,7.35,31.44
-3.63,-2.44,10.45,31.48
-3.73,-0.73,11.69,31.46
2.03,-0.1,11.15,31.44
5.21,-0.92,9.01,31.43
2.31,-2.21,9.34,31.42
-0.46,-3.22,12.11,31.49
2.26,-2.47,12.02,31.45
3.34,-0.11,11.06,31.47
4.43,-0.95,8.83,31.45
1.99,-1.3,8.49,31.45
-1.61,-2.45,10.63,31.44
0.45,-1.86,11.17,31.42
4.31,0.5,9.28,31.46
7.47,0.41,8.21,31.45
3.6,-1.26,8.74,31.4
-1.83,-1.65,10.86,31.5
1.47,-2.21,11.94,31.44
4.53,0.07,10.02,31.5
6.05,-0.25,8.54,31.41
4.89,-0.62,7.35,31.47
-0.55,-0.06,9.07,31.47
-1.08,-0.79,10.3,31.47
4.53,0.29,9.48,31.44
6.04,0.36,6.55,31.43
5.82,0.58,6.04,31.48
-0.32,-0.76,7.89,31.49
-1.2,-1.56,11.48,31.43
4.22,-0.94,11.8,31.41
4.26,0.08,8.61,31.45
2.62,0.81,6.21,31.45
-2.88,-0.69,8.65,31.49
-1.63,-0.58,10.0,31.43
1.67,-0.75,10.87,31.46
3.68,0.87,7.98,31.46
6.75,-0.71,9.97,31.49
4.19,-0.03,7.74,31.43
1.72,-1.45,8.76,31.41
-0.65,-1.12,10.56,31.43
1.8,-0.44,11.2,31.46
4.42,-1.9,11.3,31.47
4.83,-1.04,8.24,31.52
-0.36,-2.26,10.01,31.44
-2.0,-2.7,11.26,31.47
1.96,-0.62,10.86,31.48
5.56,0.12,9.18,31.49
4.07,-0.6,7.77,31.46
-1.05,-0.69,8.61,31.48
-0.4,-1.28,9.94,31.48
0.6,0.85,9.89,31.48
2.12,1.01,9.22,31.45
3.09,-0.97,8.41,31.44
-1.2,-0.94,8.59,31.44
-2.03,-1.09,10.84,31.51
-0.95,0.07,10.9,31.47
4.19,0.72,8.37,31.47
5.01,-0.97,8.06,31.48
-2.24,-2.55,10.34,31.49
-1.67,-1.16,10.46,31.45
2.25,0.8,9.74,31.48
2.04,0.85,7.78,31.46
3.0,1.09,6.3,31.46
-0.06,-0.44,7.42,31.47
-4.68,-1.04,10.86,31.51
1.07,0.23,10.42,31.46
5.65,-0.1,8.66,31.46
3.68,0.44,6.51,31.47
-0.97,-0.7,8.2,31.42
0.22,-1.37,10.94,31.51
3.24,-0.28,10.65,31.46
1.73,0.08,8.32,31.46
1.67,-0.34,7.18,31.48
-3.35,-1.25,8.64,31.44
-1.26,-1.3,10.76,31.43
3.13,-0.1,10.41,31.47
6.1,0.68,8.66,31.45
5.48,-0.07,6.54,31.44
0.41,0.15,6.86,31.45
-1.51,0.25,9.28,31.48
1.64,0.75,9.32,31.46
4.11,0.5,7.37,31.46
2.58,0.01,6.73,31.46
-2.31,0.2,7.47,31.46
-1.58,-0.23,9.65,31.49
2.27,-0.66,10.4,31.45
5.23,0.64,7.65,31.46
3.92,-1.49,7.89,31.51
-0.62,-0.66,8.11,31.47
-0.45,0.21,9.22,31.44
2.48,-0.29,10.55,31.43
4.54,1.19,7.54,31.46
4.18,-0.51,6.94,31.49
-1.0,-0.8,8.37,31.43
-1.06,-0.97,10.81,31.49
4.6,-0.11,10.06,31.48
6.11,0.58,7.54,31.44
5.88,-0.77,7.03,31.43
2.79,-1.11,9.08,31.42
1.35,-1.64,10.87,31.49
3.69,0.61,10.37,31.44
5.34,-0.82,9.14,31.49
2.7,-1.3,7.15,31.49
-0.84,-1.97,9.34,31.44
-0.85,-2.33,11.41,31.45
1.53,-1.22,11.3,31.46
4.48,-0.93,8.17,31.44
1.6,-0.01,6.84,31.46
0.17,-1.3,9.37,31.47
1.79,-0.26,10.44,31.45
5.33,-1.45,11.0,31.46
5.91,-0.84,8.81,31.4
3.56,1.33,6.64,31.45
-0.36,-0.57,9.26,31.44
0.52,1.04,9.18,31.49
3.95,0.29,9.78,31.47
5.04,-0.59,10.19,31.44
3.12,-1.65,9.18,31.41
-1.08,-2.69,9.2,31.46
-4.19,-1.79,10.26,31.5
0.97,-0.55,10.97,31.42
4.56,-0.55,10.51,31.47
3.87,-1.04,7.71,31.48
-1.3,-1.41,8.96,31.46
-2.32,-2.22,11.22,31.43
2.56,0.17,10.22,31.49
0.08,-0.21,7.43,31.47
-2.23,-1.95,10.83,31.45
-0.4,-0.9,11.15,31.47
4.16,0.22,8.88,31.46
4.76,-0.24,7.36,31.45
1.02,-0.05,6.33,31.45
-1.92,-0.03,8.8,31.43
-0.71,-1.04,11.88,31.43
2.23,0.09,10.02,31.45
3.27,1.08,5.82,31.43
0.57,0.34,6.92,31.43
-5.59,-0.99,10.24,31.48
-1.11,-0.89,11.59,31.45
3.37,-1.63,10.2,31.47
0.43,0.42,6.37,31.47
-1.64,0.4,7.11,31.4
-1.43,-0.99,10.65,31.49
1.37,-1.31,11.99,31.45
4.32,0.25,8.61,31.43
-0.81,-1.28,10.62,31.48
2.29,-1.18,10.98,31.42
4.89,-0.39,10.84,31.48
6.75,-0.38,8.11,31.44
1.86,-1.27,8.11,31.49
-2.49,-0.82,9.64,31.46
0.37,-0.11,10.8,31.47
3.39,0.26,10.29,31.44
3.64,-0.6,7.76,31.46
-2.43,-1.54,9.33,31.48
-3.85,-2.29,11.26,31.47
-0.04,-1.21,11.01,31.48
3.85,0.74,9.43,31.46
4.54,0.25,7.43,31.49
-2.0,-0.28,7.52,31.46
-3.22,-0.73,9.91,31.45
1.02,-0.36,10.21,31.44
2.01,0.63,8.89,31.45
3.78,-0.3,8.28,31.47
-0.97,-1.38,8.66,31.48
-2.8,-0.74,9.8,31.42
1.33,-0.7,10.88,31.47
2.66,0.69,8.83,31.45
4.85,0.29,6.29,31.42
-0.97,-0.57,7.98,31.5
-3.24,-2.2,11.85,31.46
2.9,-1.4,11.55,31.44
4.31,0.61,7.93,31.47
4.06,1.2,6.31,31.44
0.01,-0.33,7.32,31.44
-0.85,-0.78,10.25,31.48
0.9,-0.05,10.38,31.45
3.25,1.14,8.38,31.44
4.02,-0.4,7.28,31.47
-0.02,-0.79,7.12,31.48
-0.86,-0.03,9.38,31.44
1.93,-1.26,11.25,31.48
2.28,1.13,7.76,31.42
4.0,-0.39,6.37,31.44
0.72,-1.01,7.76,31.43
-0.95,0.07,9.6,31.46
4.98,-1.42,11.7,31.4
5.34,1.06,8.76,31.44
4.69,-0.96,6.84,31.48
1.62,-0.37,7.69,31.46
-0.96,-1.11,9.95,31.44
2.64,0.03,11.32,31.45
5.96,0.41,9.29,31.43
6.26,0.32,7.36,31.45
3.97,-0.7,8.14,31.45
2.02,-0.96,10.27,31.47
4.3,1.26,9.67,31.43
7.49,1.09,8.34,31.45
4.33,0.99,5.61,31.45
3.38,-0.21,6.48,31.41
3.05,-1.3,10.55,31.42
3.41,1.08,9.86,31.45
6.91,0.73,7.84,31.48
4.41,-0.55,7.09,31.43
-1.92,-1.36,10.43,31.44
2.26,1.16,10.12,31.48
5.04,0.54,8.56,31.47
3.55,0.04,7.44,31.43
0.61,-1.33,8.23,31.46
0.16,-1.81,10.4,31.44
-2.73,-0.91,10.62,31.45
2.85,0.11,10.16,31.46
4.54,0.73,7.99,31.48
-0.73,-0.95,7.89,31.46
-1.34,-1.59,10.86,31.45
1.64,-1.64,12.48,31.45
5.21,-0.71,10.98,31.42
4.32,-0.43,8.46,31.47
3.1,-1.68,7.6,31.45
-0.43,-1.27,9.66,31.47
-0.25,-1.78,11.1,31.46
2.83,-0.05,10.38,31.43
3.96,-0.48,8.62,31.43
2.16,-0.76,7.74,31.47
1.44,-1.23,12.02,31.52
2.29,0.59,9.39,31.45
6.14,0.75,7.97,31.44
4.1,-0.86,7.73,31.44
1.22,-0.56,8.19,31.49
1.96,-1.84,11.24,31.41
1.96,-0.84,11.54,31.45
2.48,0.15,7.76,31.46
3.29,-1.48,8.0,31.45
1.21,-1.64,8.79,31.44
1.52,-0.67,10.6,31.45
5.43,0.02,11.38,31.44
6.18,-0.42,8.97,31.46
4.16,-1.41,7.63,31.46
1.92,-1.6,9.48,31.43
0.59,-1.4,11.11,31.44
3.34,-0.89,10.86,31.42
7.04,-1.25,9.05,31.45
3.36,-0.69,7.61,31.48
2.28,-1.66,9.61,31.44
1.64,-1.19,11.35,31.43
4.24,-0.16,10.4,31.43
6.23,-0.23,8.49,31.45
2.16,-1.04,8.0,31.43
-1.08,-1.13,9.85,31.49
0.47,-1.16,10.8,31.46
4.03,1.11,9.6,31.47
5.58,0.07,8.45,31.44
3.71,-0.06,7.33,31.47
1.37,-0.12,8.18,31.44
0.6,-0.3,9.91,31.46
2.92,1.27,9.26,31.43
4.93,1.19,7.13,31.45
0.96,0.04,6.48,31.44
-4.88,-0.38,9.39,31.46
-0.51,-0.26,9.9,31.46
3.53,-0.34,10.39,31.45
5.52,0.95,7.28,31.44
2.23,-0.5,7.29,31.49
2.16,-0.17,8.5,31.43
3.48,0.2,7.39,31.49
0.17,-0.07,7.64,31.46
-4.9,-1.08,9.72,31.49
-1.75,-0.61,10.89,31.44
3.23,0.78,10.14,31.42
4.53,0.34,7.35,31.44
1.77,0.35,7.0,31.47
-1.79,-1.83,10.34,31.46
-0.6,-1.54,11.8,31.45
4.27,-0.82,10.84,31.44
7.02,-1.11,8.43,31.44
3.58,-0.39,6.57,31.47
0.49,-0.14,7.92,31.44
-1.3,-2.41,12.39,31.49
4.72,1.95,7.86,31.39
6.31,0.4,6.34,31.43
2.34,0.77,5.89,31.46
-1.54,0.22,7.5,31.43
0.31,-0.93,11.53,31.46
1.56,0.48,9.43,31.4
3.32,0.6,6.26,31.47
1.47,0.48,6.59,31.43
-3.32,-0.07,8.27,31.47
-0.01,0.89,10.03,31.45
3.66,1.54,8.11,31.49
2.7,0.32,6.93,31.44
0.23,0.06,6.88,31.43
-1.96,-0.92,9.08,31.39
0.66,-1.32,11.79,31.47
3.51,-0.48,9.58,31.49
4.86,-0.23,7.46,31.45
1.37,-1.71,8.2,31.47
-1.23,-1.14,9.25,31.42
1.69,-0.57,11.64,31.47
5.57,-0.64,9.26,31.48
5.17,1.54,5.48,31.46
2.93,-1.01,7.4,31.43
-0.55,-0.96,9.74,31.45
0.06,-0.17,10.76,31.48
3.93,1.89,8.22,31.43
3.37,-1.37,7.29,31.42
1.97,0.91,5.35,31.44
-2.79,-0.91,8.8,31.45
3.0,-0.1,10.88,31.49
5.71,0.56,8.01,31.46
4.64,1.81,6.01,31.43
3.34,-0.11,7.01,31.48
-2.26,0.15,7.79,31.43
0.11,0.18,9.79,31.44
3.48,-0.05,10.03,31.44
5.47,1.34,7.05,31.45
6.34,-0.3,5.87,31.47
-1.28,0.59,7.62,31.42
-1.91,0.08,10.17,31.47
3.34,0.24,9.29,31.44
3.89,-1.02,8.32,31.48
0.25,-1.47,7.86,31.44
-1.6,-1.84,10.24,31.44
0.47,-1.94,12.54,31.43
3.62,-0.7,9.87,31.46
7.57,-0.2,7.53,31.42
5.23,-0.97,7.46,31.45
1.04,-0.28,8.56,31.38
2.84,-1.95,12.07,31.42
6.47,-1.2,11.22,31.44
4.12,0.41,6.8,31.43
1.72,0.14,6.75,31.44
-0.31,-1.51,10.23,31.46
1.56,-0.84,10.52,31.47
5.83,0.49,10.13,31.44
3.52,-0.33,8.01,31.46
-1.25,-0.11,7.55,31.47
-2.43,-1.73,9.97,31.47
-0.18,-1.25,11.54,31.46
2.82,-0.38,10.9,31.39
4.31,-0.2,7.61,31.42
0.47,-1.47,8.54,31.44
-1.47,-2.14,10.38,31.42
2.88,-0.69,10.92,31.45
6.62,-0.47,10.3,31.45
6.09,-0.22,7.76,31.45
2.29,-0.89,8.44,31.46
-0.52,-1.52,10.0,31.44
2.19,0.44,9.96,31.44
5.79,1.42,8.66,31.44
4.67,0.53,7.85,31.4
-2.08,0.59,7.82,31.42
-2.52,0.39,8.86,31.47
-1.01,-0.57,10.86,31.44
0.8,1.32,9.49,31.42
4.94,0.07,7.59,31.37
-1.28,-1.47,8.86,31.4
-4.38,-2.06,11.54,31.48
0.89,-2.01,12.52,31.43
4.01,0.19,10.07,31.47
4.46,0.56,6.82,31.45
-0.24,-1.2,8.78,31.44
-1.77,-2.2,10.41,31.42
-1.34,-1.75,10.74,31.46
0.64,-0.35,10.84,31.42
4.1,-0.87,10.66,31.43
2.33,-2.02,9.22,31.47
-0.69,-1.52,9.24,31.49
-0.46,-2.39,11.01,31.43
1.53,-1.09,11.35,31.44
5.53,-0.55,10.36,31.45
4.03,-0.5,7.82,31.42
-1.96,-1.32,9.16,31.42
-1.67,-1.37,10.87,31.42
2.1,-0.38,12.24,31.46
4.24,0.38,9.56,31.42
4.07,-0.23,7.62,31.47
-1.14,-1.92,10.06,31.46
-2.37,-2.02,11.39,31.41
1.49,-0.11,10.95,31.46
4.73,0.76,9.59,31.42
2.25,-0.97,8.74,31.4
-2.32,-1.77,9.39,31.42
-0.87,-0.99,10.65,31.43
1.79,-0.43,11.36,31.44
2.57,0.27,8.48,31.45
5.29,-0.4,7.44,31.39
-0.09,-1.61,8.79,31.43
-1.24,-1.75,11.08,31.43
3.43,-0.63,10.75,31.41
4.72,0.76,7.94,31.43
2.64,-0.17,6.91,31.46
-3.19,-0.98,8.28,31.42
-3.13,-1.53,11.23,31.4
0.4,-0.06,11.32,31.44
4.49,0.39,7.95,31.47
2.98,-0.45,6.85,31.42
-4.55,-0.29,8.7,31.47
-1.08,-1.3,11.98,31.43
3.2,-0.32,10.48,31.45
4.09,0.44,7.46,31.44
3.89,0.99,7.15,31.45
0.67,0.1,6.94,31.45
-4.67,-1.21,10.03,31.47
-2.41,-0.85,11.02,31.39
-0.36,-0.2,9.9,31.4
4.17,0.57,10.01,31.41
3.67,-0.76,8.07,31.42
-3.63,-1.93,11.2,31.46
-2.25,-2.58,11.38,31.44
-0.49,-0.66,10.83,31.45
3.11,1.02,9.1,31.45
6.19,-0.59,7.41,31.42
0.87,-1.36,7.11,31.41
-3.2,-0.89,9.68,31.44
1.42,1.29,8.96,31.44
4.84,1.05,8.25,31.49
3.88,1.5,6.15,31.44
-1.29,0.39,6.78,31.47
-3.07,-0.87,10.32,31.39
-0.62,0.96,10.64,31.47
-1.0,-0.7,9.92,31.43
0.6,-0.97,10.0,31.42
5.08,2.03,9.68,31.41
4.29,0.13,8.18,31.47
2.3,-0.21,7.47,31.44
0.44,-1.27,9.54,31.47
1.44,-1.95,11.59,31.43
4.42,-0.62,11.26,31.42
9.17,-0.67,8.75,31.4
5.36,-1.01,7.74,31.42
-1.53,-1.87,10.49,31.42
1.1,-1.56,11.11,31.45
4.37,-1.7,11.71,31.46
4.33,-0.19,8.46,31.46
3.21,0.13,7.35,31.46
-1.43,-1.79,10.54,31.44
-0.91,-1.49,10.97,31.44
4.07,-0.61,10.87,31.43
6.41,-0.69,8.81,31.44
3.68,1.96,7.7,31.42
6.63,0.24,8.62,31.45
0.07,-0.97,8.15,31.42
-3.5,-1.37,9.53,31.44
-0.99,-0.87,10.48,31.46
0.03,0.08,11.17,31.44
3.27,-1.3,8.81,31.46
3.28,-2.63,8.79,31.42
-2.7,-2.17,10.58,31.39
-1.1,-0.94,10.57,31.47
4.09,-0.29,10.49,31.44
5.4,-0.09,6.76,31.43
2.22,-0.46,6.75,31.46
-2.14,-1.47,10.27,31.48
-0.37,-1.19,11.15,31.43
2.77,1.14,9.12,31.43
5.65,0.78,7.32,31.44
-0.86,-0.7,7.67,31.43
-5.44,-1.12,10.23,31.4
1.05,-1.35,11.06,31.45
3.63,0.48,9.41,31.44
5.45,-0.55,8.75,31.41
1.44,-1.17,8.38,31.44
-2.25,-0.74,9.4,31.36
0.04,-1.61,11.83,31.44
2.66,0.54,10.19,31.42
3.96,1.12,6.26,31.44
1.85,-0.06,6.34,31.45
-2.54,-0.53,8.88,31.42
-1.5,-1.17,11.33,31.48
4.4,0.72,9.13,31.41
3.6,0.24,7.43,31.4
-1.17,0.45,6.54,31.43
-2.23,-0.6,8.84,31.45
0.17,-1.7,11.3,31.45
1.52,1.0,9.58,31.44
2.5,0.22,7.05,31.46
0.51,0.1,7.07,31.44
-2.95,-1.64,10.83,31.41
-1.06,-0.65,8.34,31.41
-0.32,-1.18,9.85,31.44
0.57,-1.72,11.52,31.51
3.53,-0.69,10.81,31.44
5.08,-0.15,7.74,31.44
2.69,-1.38,7.95,31.45
-1.6,-1.38,9.71,31.48
2.12,-1.41,10.85,31.47
5.33,-1.0,11.21,31.43
4.86,-1.19,8.74,31.45
2.82,-1.45,8.41,31.46
0.15,-1.25,9.11,31.46
1.95,-1.79,11.15,31.46
3.94,-1.15,10.86,31.47
5.71,-1.03,9.02,31.43
3.46,-0.9,7.53,31.45
-1.39,-1.7,9.67,31.45
-0.16,-1.79,10.93,31.42
3.22,-1.65,11.82,31.43
5.66,-0.26,7.64,31.45
4.98,-0.59,9.73,31.43
4.87,-0.12,8.12,31.49
0.52,-1.25,8.29,31.47
-3.53,-1.84,10.59,31.42
-0.83,-1.46,10.91,31.46
5.51,0.59,8.63,31.44
3.59,-0.69,8.83,31.47
-1.09,-0.81,8.58,31.48
-0.82,-3.0,11.62,31.43
0.52,-1.71,11.75,31.46
3.7,1.64,8.65,31.44
5.21,0.46,8.26,31.43
-1.11,-1.31,8.33,31.4
-3.05,-1.68,11.23,31.42
0.4,-1.58,11.48,31.43
2.66,1.65,10.07,31.43
5.94,0.37,7.71,31.47
1.97,-1.06,7.81,31.46
-2.01,-0.96,10.59,31.43
0.53,0.77,9.67,31.44
2.88,0.4,9.5,31.48
3.81,0.17,7.62,31.4
1.09,-0.55,7.47,31.44
-3.89,-0.85,10.11,31.42
-1.8,-0.98,11.6,31.47
2.17,0.27,9.92,31.46
4.06,0.02,7.3,31.42
-0.82,-0.81,8.18,31.43
-5.56,-1.59,9.94,31.48
-1.17,-1.43,11.64,31.47
3.54,0.04,9.87,31.47
4.2,-0.16,7.21,31.45
0.9,-1.71,7.93,31.45
-1.99,-1.44,10.76,31.42
1.46,-1.41,11.54,31.5
4.93,-0.04,9.62,31.44
5.18,-0.05,6.79,31.47
1.74,-0.72,7.88,31.44
-2.65,-1.6,10.26,31.4
1.67,-0.67,11.31,31.47
6.18,0.13,9.89,31.49
6.34,0.67,5.92,31.42
2.28,0.32,6.29,31.47
-0.86,-0.04,8.97,31.47
2.67,-0.5,11.56,31.44
6.63,0.34,8.63,31.47
4.04,0.55,6.23,31.45
0.81,-0.64,7.4,31.5
-1.26,-0.48,9.68,31.43
2.98,0.97,9.96,31.44
5.63,1.15,8.02,31.42
3.54,0.76,6.22,31.45
0.65,0.1,7.09,31.49
-1.87,-0.77,10.32,31.46
0.26,0.1,10.53,31.42
5.32,-0.06,9.25,31.45
4.54,-1.9,8.16,31.45
1.51,-2.06,9.31,31.47
-0.31,-2.92,11.31,31.45
-1.3,-0.11,7.27,31.46
-3.64,-1.41,9.59,31.41
-1.2,-1.12,11.13,31.48
0.68,2.27,9.39,31.44
2.23,0.77,8.42,31.43
-0.05,-0.8,7.17,31.47
-5.56,-1.41,9.64,31.41
-3.35,-1.29,11.78,31.46
1.98,0.34,10.77,31.49
3.02,-0.36,8.74,31.44
0.9,-1.47,7.79,31.46
-2.19,-0.74,8.17,31.42
-3.28,-1.13,11.25,31.45
1.03,0.08,9.84,31.49
5.55,0.4,8.11,31.44
3.52,-0.44,7.1,31.41
-2.11,-0.24,8.47,31.45
-1.12,-1.41,12.03,31.44
3.19,0.33,9.73,31.45
4.55,0.4,7.96,31.45
3.35,-0.08,7.2,31.47
-1.46,-1.17,8.82,31.45
0.84,-0.99,11.98,31.41
2.18,-1.23,11.96,31.44
3.21,0.84,7.02,31.37
4.1,-0.89,7.39,31.46
0.02,-1.66,9.33,31.47
1.98,0.28,10.97,31.47
5.71,-0.08,9.93,31.42
4.88,1.3,6.68,31.44
3.41,-0.66,5.96,31.43
-0.29,0.53,7.37,31.4
0.07,0.4,9.45,31.43
2.93,0.85,8.96,31.46
3.65,1.01,6.77,31.47
0.98,-0.22,6.76,31.44
-2.32,-1.47,10.07,31.44
-2.2,-1.96,11.62,31.43
3.73,-0.83,10.46,31.45
-1.13,-0.89,7.97,31.45
-0.6,-0.56,10.41,31.45
4.13,0.76,8.58,31.45
4.51,1.01,6.9,31.43
2.41,0.44,6.26,31.41
-0.87,-1.88,9.91,31.43
-2.82,-1.34,10.25,31.43
1.56,-0.89,11.1,31.41
6.34,0.03,10.01,31.46
5.3,0.69,6.21,31.4
2.63,-0.09,7.32,31.4
0.51,-1.08,8.87,31.42
3.89,0.88,9.64,31.45
4.9,0.57,8.9,31.44
2.82,0.44,6.89,31.44
0.28,-0.3,7.01,31.42
-0.87,-0.94,9.18,31.44
0.84,0.18,10.55,31.41
3.01,0.16,9.0,31.45
4.02,0.12,8.56,31.47
5.95,-0.55,7.92,31.47
3.12,-0.14,7.44,31.45
-1.79,-0.81,9.19,31.41
1.63,-0.54,10.83,31.44
5.83,1.53,8.42,31.41
5.27,0.08,6.92,31.47
1.26,0.85,6.11,31.45
-1.86,-0.45,7.98,31.47
-1.92,-0.54,10.93,31.44
2.26,0.3,9.6,31.38
3.63,0.12,7.54,31.44
2.04,-0.35,6.75,31.44
-3.12,-0.66,9.33,31.44
0.85,-0.76,10.42,31.43
2.98,0.27,10.02,31.43
3.35,-0.58,7.8,31.43
1.3,-0.3,7.04,31.47
-1.91,-0.29,9.07,31.42
1.26,-1.57,11.82,31.42
4.36,-1.04,10.39,31.46
5.24,0.68,6.69,31.43
2.67,-0.01,6.65,31.44
-1.07,-1.54,10.61,31.42
3.34,-0.64,11.48,31.46
7.41,-0.78,9.92,31.45
5.7,0.7,7.46,31.49
2.78,-0.75,7.69,31.44
-0.17,0.06,8.96,31.44
0.77,-0.18,10.09,31.44
5.62,0.91,8.83,31.45
5.92,-0.16,7.7,31.48
1.01,-0.3,7.62,31.42
-2.17,-1.46,10.18,31.48
1.72,-1.69,12.22,31.42
5.67,-2.71,12.03,31.44
5.51,-2.03,8.79,31.44
2.1,-2.78,8.87,31.42
-0.68,-0.95,10.03,31.41
2.77,-3.09,12.47,31.39
6.05,-0.61,11.06,31.48
7.4,-0.57,7.43,31.44
4.09,-1.64,8.75,31.43
-0.23,-2.33,9.93,31.47
2.76,0.18,10.51,31.43
5.76,0.46,9.52,31.47
4.61,0.63,7.06,31.47
0.93,-0.67,8.37,31.47
-0.86,-0.63,9.08,31.45
-0.23,-0.9,10.86,31.46
0.4,0.35,9.59,31.44
2.88,-1.27,8.39,31.42
-0.75,-0.74,8.4,31.46
-1.31,-1.9,10.49,31.5
1.07,-1.58,11.96,31.45
4.89,0.6,8.98,31.44
5.39,0.35,7.24,31.44
-1.2,-0.93,9.24,31.42
-1.2,-2.32,11.63,31.49
1.26,-0.72,7.21,31.47
-5.79,-0.49,7.52,31.42
-4.87,-1.66,11.62,31.41
-0.35,-1.34,11.25,31.48
1.5,0.71,8.1,31.38
2.17,-1.06,7.89,31.45
-4.67,-1.13,8.62,31.46
-1.38,-1.26,10.7,31.44
4.11,-0.31,10.15,31.47
5.77,1.24,7.32,31.46
5.47,0.31,5.93,31.43
-1.35,0.59,7.43,31.44
-3.09,-0.09,10.61,31.43
1.72,0.47,10.33,31.41
5.92,1.5,7.05,31.47
5.21,-1.02,6.86,31.39
-0.45,-1.06,8.65,31.41
2.37,-1.13,10.24,31.47
4.52,-0.11,9.88,31.43
4.89,1.1,7.36,31.41
4.96,-0.84,6.88,31.44
5.0,-0.17,5.62,31.42
-1.2,-0.27,8.61,31.43
2.29,-0.64,10.72,31.44
7.5,0.16,7.84,31.44
5.24,1.16,5.55,31.44
4.07,0.13,6.16,31.45
-0.97,0.19,8.29,31.4
1.96,0.42,9.86,31.42
4.42,0.1,8.86,31.45
4.77,0.56,7.13,31.4
1.39,-1.33,8.07,31.44
-2.77,-0.62,9.22,31.44
1.32,-0.67,11.28,31.41
6.22,-0.04,8.85,31.41
5.59,1.13,6.07,31.39
2.5,-1.27,7.17,31.43
-0.49,-0.15,9.25,31.43
2.5,-1.17,10.88,31.41
5.3,-0.13,9.41,31.43
4.3,-0.95,7.75,31.41
0.93,-0.22,7.36,31.42
-0.85,-1.73,10.66,31.44
1.87,-1.39,11.94,31.43
8.89,-1.08,10.33,31.42
8.41,-0.09,7.36,31.45
1.47,-1.17,8.71,31.43
-0.44,-1.31,9.94,31.39
3.01,-0.95,11.28,31.44
5.54,-0.01,9.99,31.48
3.89,-0.1,7.9,31.4
1.3,-0.91,7.76,31.42
-1.05,-1.74,10.16,31.44
1.59,-0.22,10.55,31.43
5.04,-0.22,9.98,31.48
5.31,-0.92,7.68,31.42
0.17,-0.91,8.12,31.45
-1.43,-1.81,10.35,31.4
2.43,0.25,9.49,31.42
6.12,0.22,9.66,31.43
6.06,-0.89,7.7,31.5
0.94,-1.08,7.98,31.45
-0.86,-0.44,9.75,31.46
2.17,1.17,9.7,31.43
4.86,1.08,8.65,31.42
6.17,0.26,7.11,31.46
0.2,-0.61,7.64,31.46
-2.04,-0.28,9.93,31.4
-0.24,0.18,9.99,31.41
3.31,0.96,8.89,31.47
2.02,-0.2,7.35,31.41
-2.44,0.39,7.3,31.42
-2.12,-1.55,11.08,31.43
0.24,-0.83,11.54,31.4
2.32,-0.28,9.61,31.45
3.86,0.3,6.97,31.43
-0.12,-2.04,9.45,31.42
-4.8,-2.2,12.24,31.49
1.12,0.33,9.33,31.46
5.79,0.78,8.5,31.44
3.67,-0.43,7.37,31.45
-1.23,-0.89,8.25,31.44
0.07,-1.33,10.52,31.44
1.82,-0.28,10.35,31.41
4.2,1.32,7.97,31.46
7.88,-0.53,7.16,31.42
0.85,-0.17,7.14,31.44
-0.92,-0.49,10.3,31.44
4.76,-0.54,10.65,31.42
4.88,1.2,7.43,31.47
3.11,0.84,5.45,31.43
-1.46,-0.07,7.14,31.45
-2.27,-1.33,10.57,31.43
1.96,-0.1,10.72,31.39
5.41,-0.15,8.9,31.4
3.71,0.1,6.26,31.42
-1.35,-0.16,7.16,31.44
0.82,-0.7,10.11,31.43
5.28,-0.02,7.67,31.45
2.33,-1.47,8.46,31.45
-3.87,-0.42,8.79,31.43
0.01,-1.24,10.87,31.42
1.74,-1.53,12.19,31.47
3.15,-0.26,8.45,31.45
4.03,-1.4,8.44,31.42
-1.56,-2.91,11.24,31.42
-0.19,-1.8,11.03,31.46
4.22,0.18,10.65,31.47
3.98,2.2,7.6,31.45
1.16,-0.08,7.14,31.43
-4.36,-0.46,8.3,31.42
-4.41,-2.32,11.82,31.46
1.6,0.37,10.26,31.45
4.55,0.95,7.8,31.43
2.27,-0.41,7.29,31.43
-2.77,-0.19,8.18,31.47
-2.03,-0.18,9.84,31.45
3.15,0.16,10.55,31.44
3.74,-0.05,8.34,31.42
2.62,-0.91,6.74,31.43
-3.04,-0.77,7.51,31.42
-3.54,-0.84,10.56,31.47
2.11,-0.87,10.69,31.47
4.85,0.97,7.32,31.44
3.62,0.79,6.91,31.42
-2.0,0.61,7.16,31.42
-5.18,-0.44,8.91,31.47
-0.12,0.05,10.35,31.44
4.03,1.24,8.73,31.47
5.43,0.5,6.24,31.46
1.48,-0.71,6.47,31.44
-3.04,-2.1,10.85,31.43
0.05,-1.62,11.47,31.44
4.12,0.06,8.7,31.44
5.94,-0.9,7.19,31.42
0.96,-0.84,6.93,31.42
-2.16,-0.22,8.9,31.44
0.46,-1.54,8.18,31.4
0.07,-1.94,11.3,31.42
2.09,-0.59,11.07,31.44
5.69,-0.4,9.31,31.43
4.21,-1.46,7.89,31.44
1.34,-1.28,9.43,31.4
0.24,-1.49,10.45,31.43
1.17,-0.47,11.76,31.39
5.28,-1.19,9.84,31.45
4.85,-1.05,7.29,31.41
2.63,-0.88,8.26,31.42
0.42,-0.6,10.08,31.41
2.83,-0.31,10.96,31.42
7.72,0.02,8.55,31.41
2.99,-0.23,7.39,31.44
-0.15,-1.25,8.49,31.44
0.48,-1.03,9.74,31.46
2.73,-0.91,11.62,31.39
5.46,-1.28,9.72,31.47
3.29,-1.65,8.59,31.42
-0.67,-2.01,8.96,31.39
-2.24,-1.55,10.52,31.47
1.64,-0.71,11.03,31.4
4.3,-1.13,9.66,31.48
2.97,-1.86,7.98,31.45
-1.12,-1.74,9.87,31.46
-2.59,-1.06,11.06,31.4
1.36,0.47,9.68,31.44
4.49,-0.11,8.46,31.44
2.84,0.7,6.98,31.43
-1.98,-2.3,10.55,31.42
-1.2,-0.71,10.06,31.43
2.54,-0.23,10.38,31.42
4.9,-0.53,8.73,31.44
4.29,-1.16,7.2,31.44
-2.69,-1.17,9.73,31.43
-3.47,-1.75,11.11,31.43
0.6,0.78,10.32,31.41
4.37,0.62,7.98,31.43
-3.69,0.5,9.81,31.42
2.06,0.06,10.53,31.44
4.84,-1.56,9.37,31.45
4.48,-0.79,7.66,31.44
0.23,-1.1,9.26,31.45
-2.6,-0.79,10.61,31.44
2.28,-1.87,12.25,31.4
4.77,-2.79,9.99,31.4
4.07,-0.98,8.03,31.44
0.98,-1.61,9.52,31.43
0.02,-1.04,10.77,31.49
3.4,0.1,10.47,31.41
4.75,-0.7,8.34,31.44
2.37,-0.59,7.75,31.5
0.78,-0.94,8.38,31.41
0.59,-0.35,10.23,31.41
1.97,-1.34,11.63,31.44
6.18,-1.14,8.88,31.44
3.77,-0.6,6.98,31.44
-0.02,-0.75,9.21,31.44
0.42,0.6,9.86,31.44
4.71,-0.87,10.57,31.47
5.2,-0.86,9.16,31.43
0.96,-1.21,7.85,31.44
0.7,-0.92,9.42,31.44
0.11,-1.49,10.83,31.44
4.48,-0.01,9.82,31.45
9.02,-0.67,9.05,31.45
3.5,-0.13,7.37,31.45
-2.82,-0.45,9.23,31.4
-0.62,-0.14,10.06,31.41
2.46,1.3,9.38,31.39
5.43,-0.02,8.06,31.45
3.24,-1.58,8.86,31.42
-3.95,-2.17,11.66,31.42
-1.85,-2.75,11.54,31.49
2.66,-1.53,11.14,31.42
3.75,-0.86,9.8,31.42
6.55,-2.04,8.86,31.44
-1.05,-2.21,10.45,31.41
-1.59,-0.76,9.62,31.43
1.07,-0.48,10.39,31.44
4.35,-0.2,9.34,31.43
3.92,-1.09,8.66,31.44
-1.1,-1.44,8.57,31.42
-3.28,-0.89,10.6,31.4
0.76,-0.38,10.06,31.41
3.42,1.07,8.9,31.46
5.75,0.07,7.34,31.43
-0.59,-0.45,7.75,31.44
-4.11,-0.64,10.43,31.43
-0.53,-0.91,11.02,31.46
2.98,0.18,10.3,31.43
4.83,-0.85,7.95,31.4
-2.08,1.06,6.64,31.38
-4.4,-0.29,10.6,31.44
0.23,-0.09,11.57,31.42
1.58,0.43,9.97,31.46
3.08,-0.06,7.06,31.39
4.15,0.58,6.85,31.42
2.24,-0.67,7.4,31.45
-3.92,0.05,8.56,31.45
-0.08,-0.63,10.83,31.39
2.26,-0.72,9.74,31.43
3.85,-1.1,7.96,31.45
3.97,-0.36,7.56,31.46
0.17,-0.66,9.16,31.44
0.22,-0.93,12.0,31.47
3.39,-2.08,10.67,31.42
3.96,-1.15,8.29,31.42
2.0,-2.51,9.0,31.41
-1.67,-1.24,10.34,31.44
1.33,-0.99,11.63,31.44
5.32,-2.36,10.66,31.41
4.1,-1.45,8.75,31.42
3.89,-0.9,8.09,31.44
1.44,-0.33,9.68,31.41
1.15,0.55,9.89,31.43
6.6,-0.05,8.88,31.42
5.55,-0.3,7.2,31.44
2.3,-1.06,8.03,31.42
0.17,-0.49,9.44,31.41
1.13,-1.35,11.05,31.42
3.23,-1.46,10.61,31.41
4.38,-1.24,8.34,31.42
1.79,-1.21,8.67,31.42
-1.54,-1.72,10.04,31.41
1.41,-1.38,11.16,31.43
4.51,-0.99,10.32,31.42
4.6,-1.77,8.25,31.43
1.05,-2.16,9.1,31.44
-2.37,-0.6,9.85,31.43
1.03,-0.83,10.66,31.44
3.0,-0.5,9.71,31.45
3.04,-1.0,8.01,31.48
0.12,-1.0,8.24,31.4
-1.81,-2.62,11.65,31.45
-0.51,0.01,10.8,31.43
4.0,-0.68,8.56,31.43
2.11,-0.96,7.8,31.4
-2.68,-0.97,9.98,31.44
-1.9,-1.77,11.8,31.45
-0.52,-0.34,10.43,31.44
2.42,0.48,7.51,31.45
1.3,-0.4,7.59,31.43
-4.1,-1.32,10.92,31.44
-0.89,-1.87,11.26,31.39
2.26,-0.22,10.46,31.41
3.86,0.01,7.37,31.41
3.7,0.87,6.48,31.45
-0.34,0.43,7.48,31.41
-1.54,0.05,10.94,31.44
3.79,0.45,9.17,31.47
4.56,0.01,6.83,31.4
3.14,0.15,6.98,31.42
-1.02,-0.1,8.23,31.44
-0.45,-0.6,11.2,31.43
4.07,-0.08,9.52,31.44
5.24,0.68,6.22,31.41
5.47,-0.31,6.9,31.42
-1.61,-0.66,9.61,31.45
0.19,-1.42,11.97,31.47
3.41,-0.98,10.43,31.44
3.02,-0.18,7.38,31.42
2.42,0.23,7.08,31.41
-1.2,-0.42,8.95,31.42
0.34,1.41,9.59,31.45
-0.45,0.95,9.48,31.44
3.37,1.55,7.21,31.45
2.77,-0.08,6.89,31.38
-1.8,0.62,7.81,31.43
-3.49,-0.45,10.37,31.47
1.37,-0.57,10.84,31.41
5.13,0.11,8.18,31.43
5.13,-0.48,7.16,31.44
1.41,-0.46,8.59,31.46
-0.87,-0.51,10.02,31.46
1.97,-0.56,10.07,31.44
3.53,0.46,7.78,31.45
3.8,-0.46,6.74,31.48
-1.24,0.33,7.17,31.42
-4.63,-0.37,9.79,31.45
-2.85,-1.04,11.47,31.42
1.58,-0.42,9.59,31.41
2.49,0.33,6.35,31.46
-2.54,1.06,7.31,31.42
-3.87,-0.37,10.92,31.42
1.2,-0.58,10.77,31.44
4.04,-0.09,8.27,31.43
3.22,0.02,6.47,31.43
-0.17,0.13,7.86,31.39
-1.64,-0.27,9.84,31.4
2.47,-0.02,10.19,31.41
4.07,0.44,8.01,31.42
3.04,0.19,6.57,31.4
0.14,-0.34,8.34,31.4
-0.96,-0.61,9.83,31.44
2.93,-0.44,10.86,31.45
5.7,-1.19,9.5,31.45
5.3,0.33,7.14,31.42
3.76,-1.18,8.66,31.48
0.71,-0.93,10.74,31.44
2.21,-0.44,10.75,31.46
5.7,-0.3,8.81,31.46
3.58,-1.21,8.5,31.42
1.81,-0.5,8.14,31.46
0.19,-1.06,10.72,31.43
0.68,-1.15,11.24,31.46
3.3,-0.13,8.8,31.42
2.46,-0.56,7.82,31.45
-1.24,-0.61,9.02,31.44
-0.76,-0.22,10.0,31.39
1.14,-1.1,10.95,31.39
4.3,-0.77,9.44,31.42
2.84,-0.75,7.25,31.39
-1.47,-0.93,9.05,31.42
-1.81,-1.73,10.93,31.45
2.43,-1.71,9.81,31.44
0.71,-1.12,7.8,31.43
-2.78,-2.3,10.84,31.4
-1.35,-1.76,11.2,31.47
2.46,0.34,10.68,31.45
5.54,0.23,8.66,31.41
1.68,-0.06,7.92,31.42
-4.33,-1.68,9.91,31.49
-2.12,-0.83,11.22,31.39
2.24,-0.36,10.88,31.48
4.01,0.0,8.49,31.38
2.88,-1.49,8.15,31.43
-2.27,-1.57,9.68,31.43
-1.59,-1.67,11.75,31.42
0.72,0.57,9.32,31.44
3.07,1.35,7.51,31.43
1.79,-0.67,7.88,31.45
-4.57,-0.02,8.32,31.46
-2.44,-0.72,10.69,31.44
0.23,-0.08,10.66,31.46
4.01,0.59,7.32,31.4
3.86,0.31,6.71,31.42
-3.86,-0.06,9.02,31.45
-3.13,-0.6,11.23,31.41
3.45,-1.32,11.06,31.45
3.7,-1.11,9.18,31.44
3.11,0.45,6.69,31.42
-0.63,-0.34,8.5,31.4
-2.94,-1.45,11.41,31.4
3.24,0.05,9.18,31.43
5.44,-0.34,7.58,31.43
1.93,0.21,6.86,31.47
-3.47,-0.87,8.37,31.41
-0.39,-1.18,12.24,31.43
3.83,-1.46,11.05,31.4
3.4,0.57,6.58,31.41
2.08,0.19,6.59,31.45
-2.62,-0.53,8.87,31.43
0.28,-0.71,10.97,31.43
1.5,-1.91,9.43,31.44
1.14,-0.43,10.25,31.44
3.13,0.3,9.79,31.43
5.54,0.25,8.47,31.45
2.35,-0.45,7.31,31.42
-0.88,-0.75,8.85,31.42
-0.38,-1.23,10.52,31.43
1.41,-0.85,11.17,31.45
6.79,-0.6,8.5,31.45
1.88,-1.51,8.2,31.42
-2.12,-1.28,9.0,31.41
-0.13,-1.57,10.35,31.37
0.01,-1.14,10.83,31.42
5.41,-1.52,10.4,31.44
6.02,-1.51,8.82,31.44
1.58,-0.75,7.74,31.42
-1.31,-0.94,9.92,31.44
0.28,-0.99,10.62,31.45
2.72,-0.8,10.33,31.44
5.26,-0.74,7.7,31.44
-0.85,-0.85,8.15,31.46
-2.26,-0.74,9.93,31.4
1.18,-0.42,10.71,31.42
4.81,0.72,9.11,31.42
4.85,-0.69,8.33,31.44
-1.68,-1.55,9.32,31.41
-2.48,-1.58,10.87,31.41
-0.66,-0.82,11.74,31.42
1.54,0.68,9.32,31.43
5.13,-0.2,7.82,31.45
-0.79,-1.25,9.02,31.45
-2.41,-0.21,10.46,31.42
1.21,-0.33,10.1,31.39
2.28,1.42,8.19,31.42
4.11,1.13,6.38,31.45
1.01,0.63,6.85,31.4
-1.51,-0.86,9.95,31.4
3.39,1.06,9.27,31.39
4.05,-0.28,9.36,31.45
-2.14,-0.6,8.46,31.4
-2.45,-0.92,11.08,31.41
0.66,-0.82,11.03,31.4
2.89,1.02,7.83,31.43
5.43,0.08,6.88,31.45
-0.84,-0.66,7.72,31.45
-1.3,0.01,9.77,31.42
3.14,-2.14,12.04,31.46
4.04,0.31,8.34,31.46
5.7,-0.05,6.73,31.43
1.09,0.11,7.34,31.43
-0.77,-0.07,9.23,31.43
3.76,0.54,9.53,31.45
4.8,0.82,7.64,31.42
1.76,-0.23,6.94,31.44
-0.48,-0.3,8.37,31.46
-0.73,-1.12,11.09,31.43
1.98,-1.49,11.64,31.4
4.31,-1.25,9.18,31.43
2.39,-1.16,7.95,31.42
-2.21,-0.11,8.2,31.44
-1.75,-0.38,10.41,31.41
3.85,-0.22,10.88,31.44
7.41,-0.15,8.23,31.41
5.36,0.03,6.79,31.46
1.64,0.19,7.6,31.42
-1.15,-0.2,9.93,31.44
2.26,0.2,10.3,31.42
5.24,0.03,8.53,31.41
2.78,-0.39,7.05,31.4
-1.18,-0.64,8.42,31.41
-1.8,-1.78,11.23,31.39
1.4,-1.45,11.37,31.4
4.44,-1.21,9.27,31.44
4.22,-0.06,7.08,31.43
1.41,-2.05,9.74,31.44
0.34,-1.08,10.03,31.46
3.72,-0.23,10.89,31.42
5.46,-0.43,8.6,31.45
-0.12,-1.3,9.03,31.45
-1.05,-1.24,10.69,31.43
1.11,-1.18,11.69,31.41
4.81,-0.83,8.76,31.39
2.93,0.06,7.52,31.43
-0.14,-0.75,9.2,31.43
-2.59,-1.63,11.02,31.44
1.68,-0.25,10.28,31.42
5.24,0.63,7.6,31.4
0.8,-0.31,7.71,31.4
-3.97,-1.05,10.3,31.47
-0.45,-2.18,11.26,31.41
0.52,-0.88,11.36,31.4
3.41,-0.65,8.73,31.43
4.03,-1.39,8.38,31.48
-1.13,-0.62,9.26,31.43
-1.19,-0.36,9.83,31.38
0.95,0.98,9.42,31.4
3.86,-0.13,8.41,31.45
2.38,-0.82,8.41,31.41
-3.73,-1.19,9.65,31.43
-1.84,-1.39,11.31,31.41
0.41,1.28,9.34,31.39
3.37,-0.08,8.57,31.39
1.53,-0.59,7.97,31.44
-3.22,-1.03,9.38,31.43
-2.06,-1.39,11.72,31.43
0.76,-0.54,10.55,31.4
4.52,-0.57,7.86,31.46
2.54,-0.52,6.86,31.4
0.25,-0.27,7.81,31.41
-0.82,-1.33,11.18,31.44
1.27,0.1,10.2,31.42
1.31,-0.08,9.27,31.4
2.63,0.75,6.83,31.42
-1.5,-0.29,7.56,31.42
-5.07,-0.84,11.44,31.44
1.81,-1.16,10.77,31.41
4.62,0.37,9.09,31.41
5.77,-1.31,7.97,31.42
4.1,0.27,6.89,31.41
-1.09,-0.75,8.9,31.39
-2.39,-1.08,11.29,31.45
1.21,0.34,9.43,31.45
4.24,0.55,6.91,31.41
3.34,-0.17,7.57,31.45
-1.65,-0.12,8.06,31.41
0.64,-0.43,10.65,31.43
3.28,-0.8,10.36,31.37
4.89,-0.37,8.18,31.42
6.02,0.28,6.52,31.4
0.41,1.15,7.22,31.4
-0.34,0.4,10.39,31.39
3.93,-0.2,9.82,31.42
5.18,0.83,6.73,31.42
2.99,0.15,6.15,31.41
-2.58,-0.85,9.86,31.41
0.77,0.36,10.67,31.42
5.73,-0.18,9.73,31.4
4.55,0.79,6.45,31.38
2.32,-0.15,6.62,31.46
-0.22,0.32,8.68,31.43
1.06,-0.74,11.13,31.4
4.52,-0.12,9.98,31.42
5.54,0.09,7.38,31.44
4.31,-0.69,7.43,31.39
1.23,-0.1,8.84,31.46
2.36,-0.19,10.44,31.45
6.21,-0.14,10.24,31.43
7.12,-0.47,7.54,31.42
3.06,0.14,6.91,31.44
0.12,-0.84,9.23,31.42
-0.23,-0.78,10.81,31.41
2.48,0.19,10.16,31.42
6.24,-0.73,7.66,31.42
3.82,0.11,7.41,31.46
1.66,-1.33,9.46,31.41
2.42,0.37,10.06,31.41
2.72,0.03,9.96,31.44
5.14,-1.12,9.46,31.42
5.46,-0.79,7.42,31.42
1.28,-1.39,8.05,31.42
-2.34,-1.4,10.55,31.38
-0.1,-2.07,12.61,31.42
5.04,-1.7,9.96,31.42
3.34,-0.97,7.8,31.42
0.87,-1.41,8.17,31.45
1.15,-1.0,10.17,31.36
2.19,-1.11,11.84,31.46
6.44,-1.05,9.6,31.42
5.04,-0.12,7.44,31.45
1.49,-0.66,8.15,31.45
0.71,-1.42,9.89,31.42
3.63,0.55,9.66,31.43
7.76,1.45,7.65,31.43
3.73,0.71,6.99,31.41
-1.0,0.78,7.17,31.43
-1.79,0.46,8.8,31.39
0.6,0.13,10.26,31.45
3.85,-0.26,8.66,31.42
2.63,0.57,6.84,31.44
-2.68,-0.98,9.07,31.44
-1.99,-0.71,10.72,31.46
3.56,-1.02,11.3,31.4
3.24,-1.69,9.98,31.43
1.94,-2.34,8.82,31.43
-0.03,-2.37,10.56,31.44
-0.91,-1.37,11.11,31.42
3.82,0.08,10.17,31.45
6.34,-0.01,9.39,31.44
4.73,-0.13,7.17,31.38
-3.02,-0.21,8.9,31.42
-3.66,-0.07,9.61,31.43
-0.03,1.11,10.2,31.47
2.03,0.04,9.15,31.43
1.31,-0.88,8.4,31.4
-4.45,-1.22,9.04,31.45
1.37,-0.89,9.06,31.47
1.04,-0.73,9.71,31.42
3.84,-0.14,10.72,31.44
6.85,0.4,7.88,31.47
2.41,0.17,6.87,31.44
-2.53,-0.97,9.52,31.42
-1.76,-0.28,10.17,31.44
2.55,-0.99,11.76,31.46
4.41,-1.55,9.74,31.42
3.0,-1.54,8.86,31.44
1.03,-2.95,10.69,31.42
-1.35,-2.12,11.43,31.4
3.04,-0.39,10.65,31.42
7.03,-1.03,9.75,31.45
4.36,-0.54,8.0,31.48
1.47,-0.64,9.75,31.42
1.55,-1.91,11.8,31.43
3.61,0.45,9.36,31.41
5.34,0.13,8.37,31.42
2.84,-0.88,8.07,31.43
-4.08,-0.79,9.61,31.45
-1.21,-0.9,11.04,31.43
2.33,0.04,11.09,31.44
5.91,0.74,7.79,31.43
4.12,-0.58,7.41,31.47
-4.25,-2.1,10.28,31.43
-1.97,-1.56,11.17,31.42
0.68,0.41,9.64,31.45
2.54,1.17,6.97,31.42
2.09,-0.82,7.96,31.44
-3.32,-1.19,9.43,31.46
-1.71,-0.7,10.51,31.46
1.22,0.85,10.08,31.43
1.65,0.49,7.62,31.44
2.22,0.43,6.62,31.44
-2.46,-0.39,9.48,31.4
-1.59,-0.75,10.7,31.4
2.79,-0.18,9.77,31.45
3.21,-0.56,8.73,31.45
1.11,-0.89,7.27,31.43
-3.28,-0.4,9.47,31.41
-1.95,-0.91,11.39,31.46
1.24,0.64,9.62,31.42
3.22,-0.73,8.43,31.44
1.09,-0.17,7.18,31.42
-4.85,-0.66,9.51,31.42
-1.75,-0.24,11.41,31.39
3.74,-0.35,9.72,31.44
5.34,-0.16,8.35,31.41
4.38,-0.47,7.34,31.44
-0.36,0.54,8.19,31.39
0.8,-0.16,10.73,31.44
6.52,0.37,8.92,31.44
5.87,0.23,7.02,31.44
1.82,0.06,6.62,31.39
-1.96,-0.29,8.1,31.41
0.72,-0.89,11.19,31.47
3.2,0.17,9.01,31.44
6.6,0.57,5.83,31.44
3.58,-1.51,7.12,31.44
-3.71,-0.91,9.61,31.41
-0.56,-0.47,10.9,31.42
4.79,-1.06,9.98,31.42
3.18,-0.31,7.53,31.42
2.65,-0.69,7.68,31.44
1.15,-1.11,9.73,31.46
1.03,-0.74,10.81,31.42
5.99,-0.56,9.91,31.44
5.76,-0.31,7.79,31.42
3.32,-0.13,7.04,31.42
0.4,1.07,6.76,31.46
-4.12,0.06,8.89,31.42
-1.91,-0.99,11.9,31.44
2.81,-0.5,9.02,31.41
4.66,-0.76,7.56,31.42
0.04,-0.7,8.06,31.42
-4.68,-0.64,10.67,31.42
-0.29,-1.35,11.58,31.41
4.4,0.34,8.22,31.4
3.0,-0.03,7.08,31.45
-0.32,-0.47,8.07,31.37
0.77,-0.2,9.28,31.39
3.1,0.55,10.29,31.44
5.78,0.18,8.14,31.43
3.99,0.1,7.04,31.43
-1.52,-0.72,8.12,31.42
-2.22,-0.51,10.3,31.44
2.24,-1.4,12.12,31.46
5.2,-1.03,9.43,31.4
4.13,-0.16,7.31,31.41
1.65,-1.37,8.92,31.45
0.13,-1.86,10.32,31.41
2.42,-1.02,11.69,31.46
6.15,-2.14,10.17,31.46
2.7,-0.73,8.44,31.47
-1.92,-1.61,8.82,31.43
-0.99,-1.45,9.75,31.44
2.22,-0.77,10.5,31.44
5.38,-0.96,9.28,31.42
2.66,-1.63,9.25,31.42
0.04,-1.16,8.91,31.39
0.23,-1.58,10.21,31.44
1.86,-0.77,10.99,31.42
5.53,-0.51,10.96,31.49
6.32,-0.34,8.0,31.42
2.71,-1.52,8.61,31.44
-0.37,-1.84,10.67,31.39
2.11,-1.32,11.09,31.41
5.02,-1.61,11.09,31.39
-2.37,-0.03,10.86,31.41
1.99,-0.22,10.12,31.48
5.13,0.17,8.34,31.39
4.06,0.26,6.58,31.43
-0.52,-0.34,7.85,31.4
-1.39,-1.64,12.17,31.42
1.64,-2.41,11.94,31.41
4.81,0.02,8.39,31.46
5.33,-1.42,7.96,31.39
0.28,-1.36,9.64,31.39
1.58,-0.23,11.04,31.41
3.9,-1.34,11.06,31.43
3.52,1.28,7.41,31.42
5.17,-0.89,6.68,31.39
0.63,-0.82,8.16,31.39
-1.61,0.53,9.45,31.44
2.41,1.01,9.65,31.43
2.94,1.81,6.97,31.4
3.32,0.2,6.11,31.38
-0.05,0.69,8.11,31.42
3.86,-0.9,11.02,31.44
5.0,0.18,9.02,31.44
4.46,-0.71,7.78,31.44
1.98,-1.49,8.14,31.44
0.68,-1.95,10.32,31.42
2.94,-0.96,10.97,31.41
6.26,0.61,8.79,31.44
5.47,-0.77,7.92,31.41
1.41,-1.6,8.92,31.45
-0.72,-1.07,10.04,31.37
2.24,-1.75,11.25,31.43
4.98,-0.01,9.35,31.41
4.49,-1.26,8.22,31.43
0.36,-2.1,9.66,31.37
-3.87,-1.39,10.47,31.42
-0.51,0.51,10.5,31.41
3.13,-1.13,10.15,31.39
1.12,-0.52,7.81,31.39
-0.08,-0.71,7.81,31.46
-1.34,-1.33,10.66,31.45
3.43,-0.65,10.71,31.41
3.49,-0.13,9.46,31.45
2.03,0.88,6.56,31.41
1.21,0.05,7.47,31.41
-2.62,-1.04,9.76,31.43
0.19,-0.83,11.1,31.41
3.57,-1.77,10.88,31.42
1.46,-1.57,8.59,31.43
-0.32,-0.64,8.02,31.44
-1.68,-1.29,10.47,31.41
-0.63,-0.8,11.2,31.43
4.66,-0.85,10.14,31.41
6.23,-1.97,8.4,31.44
0.05,-1.23,8.46,31.37
-0.89,-1.42,10.79,31.39
2.6,-0.66,10.98,31.37
4.35,0.0,9.55,31.42
4.72,-0.56,7.85,31.42
-1.4,-0.19,7.73,31.45
3.56,0.1,7.54,31.41
4.36,-0.29,6.55,31.39
0.12,-1.19,8.89,31.45
1.53,0.66,9.82,31.43
4.25,0.16,8.93,31.42
4.09,0.56,7.24,31.41
3.83,-0.99,7.8,31.44
-1.71,-0.96,9.04,31.4
-2.01,-0.77,10.94,31.43
1.84,-1.31,11.04,31.38
4.36,-0.69,8.11,31.42
4.26,-0.87,6.98,31.44
-2.01,-1.16,9.58,31.39
-2.79,-1.01,11.55,31.42
3.46,-1.43,11.29,31.4
5.48,-1.2,8.45,31.39
2.59,-0.25,7.24,31.39
-1.47,-1.47,10.24,31.42
-1.37,-2.21,12.0,31.41
4.85,-1.31,10.67,31.41
8.51,-0.08,7.37,31.41
3.61,-0.98,7.78,31.42
-0.98,-1.47,9.97,31.44
1.59,-1.76,11.19,31.41
5.37,-0.3,9.76,31.44
5.63,0.33,7.3,31.37
3.43,-0.97,8.09,31.45
-0.3,-1.15,9.53,31.43
-1.35,-1.1,10.28,31.41
1.36,-0.81,11.87,31.4
5.31,-0.86,9.22,31.45
4.48,-1.62,8.42,31.38
1.07,-1.92,9.53,31.41
0.27,-1.45,10.69,31.42
1.93,-0.73,10.95,31.4
4.73,-0.49,9.38,31.38
4.51,-1.09,8.38,31.41
0.85,-1.44,9.23,31.45
-2.37,-0.93,10.23,31.42
1.18,-0.61,12.07,31.43
4.43,-1.38,11.52,31.47
5.83,0.04,7.92,31.41
3.94,-0.78,7.16,31.44
0.54,-1.24,9.35,31.44
-0.27,-0.23,10.52,31.42
3.35,-1.03,10.57,31.41
4.93,-1.43,8.67,31.43
3.11,-1.01,7.88,31.43
0.34,-0.76,9.01,31.41
0.55,-1.37,11.18,31.39
3.39,0.37,9.73,31.4
5.95,-0.49,8.06,31.43
3.81,-0.09,6.77,31.4
-0.63,-0.24,8.87,31.39
0.55,-1.69,11.29,31.45
3.31,-0.37,10.11,31.45
4.61,-0.55,8.71,31.44
3.06,-0.21,7.33,31.41
-1.19,-1.49,9.98,31.39
0.34,-0.16,8.53,31.38
1.04,0.07,10.72,31.46
4.62,-1.02,9.93,31.43
5.52,-0.89,7.92,31.4
2.65,-1.7,8.08,31.4
-1.23,-1.02,9.35,31.4
1.03,-0.64,10.85,31.43
4.42,-0.51,9.51,31.43
4.56,0.92,6.61,31.4
3.75,-0.08,6.55,31.44
-0.48,0.73,8.45,31.39
0.99,-0.79,10.42,31.41
5.7,0.03,9.71,31.4
5.36,-0.77,8.06,31.44
2.66,-2.46,9.19,31.39
1.45,-1.34,9.82,31.39
2.41,-1.13,10.95,31.43
3.69,-0.18,9.78,31.4
4.86,-0.39,7.53,31.42
-0.4,-0.52,11.52,31.41
2.55,0.12,9.15,31.44
4.78,-0.43,7.77,31.37
-1.8,-2.71,9.96,31.39
-2.15,-1.04,10.24,31.41
1.61,-0.9,11.24,31.41
4.09,0.18,9.17,31.44
4.78,-0.64,7.47,31.46
-0.45,-0.73,8.79,31.41
-2.51,-1.43,11.24,31.39
-2.08,0.99,9.42,31.41
2.32,0.34,8.79,31.37
2.13,0.11,7.76,31.36
-1.21,-0.09,7.39,31.41
-2.43,-0.88,10.84,31.37
0.81,0.3,10.09,31.39
3.61,0.27,8.2,31.46
5.46,-0.98,7.0,31.41
-2.4,-0.38,8.23,31.42
-3.47,-0.41,10.72,31.48
-3.66,0.23,7.69,31.45
-5.64,0.55,8.83,31.44
-1.18,-1.17,12.38,31.41
2.46,0.1,9.5,31.44
3.56,-1.01,7.7,31.4
-0.59,-1.23,8.72,31.39
-4.07,-1.58,10.94,31.39
0.94,-1.61,12.22,31.4
4.25,-1.19,10.19,31.42
5.18,0.14,7.3,31.37
3.28,-0.51,8.44,31.46
-2.95,-0.71,9.49,31.47
-0.21,0.12,10.5,31.42
2.67,-0.75,9.65,31.42
1.95,-0.63,8.06,31.43
3.15,-1.89,8.91,31.43
-0.57,-1.21,10.21,31.41
0.81,0.39,10.26,31.39
5.55,-0.16,8.88,31.36
4.64,0.04,6.96,31.4
0.96,-0.02,7.44,31.39
-0.88,-0.93,9.88,31.37
1.0,0.17,10.11,31.4
4.62,0.07,8.84,31.41
3.86,-0.4,7.22,31.44
1.01,-0.73,8.05,31.39
-1.22,-1.13,9.77,31.4
-1.15,-0.8,10.71,31.41
3.07,-1.16,11.31,31.42
2.51,-1.31,8.77,31.38
2.58,-1.09,7.55,31.42
-0.57,-1.24,9.84,31.44
-0.68,-0.43,10.62,31.42
2.27,0.44,10.48,31.39
4.75,-0.46,7.77,31.42
1.16,-0.61,7.82,31.38
-2.25,-0.24,9.14,31.39
0.94,0.05,9.9,31.44
3.12,0.14,10.52,31.44
0.4,-1.03,8.19,31.43
-0.65,-0.42,7.78,31.42
-1.39,-1.31,10.91,31.45
1.09,-0.82,11.6,31.38
5.12,-1.35,9.79,31.41
3.82,-0.77,8.05,31.34
0.92,-1.79,8.82,31.42
-0.45,-1.58,10.66,31.42
3.01,-1.83,11.82,31.39
4.74,-1.4,10.17,31.4
3.3,0.42,6.78,31.41
-0.75,-0.85,9.03,31.4
-2.46,-1.7,10.76,31.4
1.01,-0.34,11.54,31.45
3.22,-1.78,10.62,31.42
2.1,-0.1,7.48,31.42
-1.31,-1.68,9.18,31.47
-2.08,-1.64,11.05,31.39
2.29,-0.33,10.93,31.39
5.97,-1.0,10.23,31.41
4.11,-0.86,7.62,31.36
-2.02,-0.79,8.91,31.42
-1.21,-1.3,10.47,31.47
1.75,-0.07,10.72,31.42
3.3,0.11,8.88,31.44
2.36,-0.03,7.51,31.39
-3.21,-0.25,8.8,31.45
-3.21,-0.85,10.84,31.44
0.9,-1.14,11.47,31.45
6.13,-0.74,9.34,31.4
3.13,-1.98,8.62,31.4
-1.98,-1.43,9.84,31.38
-0.55,-2.44,11.86,31.39
1.04,-0.47,10.38,31.41
5.74,0.28,8.51,31.42
4.8,-0.83,7.88,31.42
-3.54,-0.46,8.88,31.39
-1.81,-1.72,11.48,31.4
3.1,-0.43,10.69,31.4
0.64,1.02,8.03,31.37
4.81,0.3,6.25,31.39
0.01,0.15,8.12,31.43
-6.09,-0.92,10.28,31.42
-0.9,-0.99,11.69,31.38
3.99,-1.02,9.06,31.41
3.34,-0.39,6.74,31.42
0.6,-0.27,7.95,31.4
-1.9,-0.99,10.38,31.43
2.65,-1.16,11.31,31.36
5.88,-0.88,9.76,31.37
5.52,-0.37,7.18,31.42
2.89,-0.52,7.75,31.37
-0.26,-0.85,10.9,31.41
3.09,-0.07,10.47,31.39
5.69,1.19,7.35,31.42
4.03,1.37,5.98,31.41
1.48,-0.44,7.84,31.37
-1.42,-1.47,10.7,31.37
1.94,0.25,9.6,31.42
5.75,-0.07,8.06,31.37
3.15,-0.35,6.97,31.39
0.2,-0.23,7.93,31.4
-1.68,-0.32,10.2,31.41
0.15,-1.14,11.81,31.43
6.51,-1.13,8.71,31.37
5.66,-1.17,8.02,31.41
-0.66,-1.33,8.96,31.42
-0.23,-1.31,10.46,31.4
4.34,-1.73,11.79,31.43
6.66,-1.46,8.92,31.41
2.35,-1.58,8.17,31.44
-0.69,-0.9,9.27,31.39
0.23,-1.11,11.03,31.43
3.35,-1.57,11.57,31.39
7.16,-2.32,9.84,31.44
3.92,-0.73,7.65,31.41
0.03,-1.92,9.45,31.37
0.23,-1.39,10.57,31.37
5.93,0.47,7.01,31.45
4.45,0.92,6.04,31.39
0.28,-0.01,7.74,31.4
-0.55,0.31,9.62,31.4
3.92,-0.44,10.3,31.43
4.61,-0.02,7.81,31.42
2.9,0.69,5.86,31.4
0.11,-0.39,8.43,31.39
0.34,-0.78,10.26,31.42
4.76,0.62,9.53,31.43
5.53,-0.65,8.14,31.4
3.58,0.51,6.56,31.43
-0.79,-1.27,9.36,31.43
0.46,-1.96,11.29,31.37
5.25,-0.55,10.35,31.4
5.11,1.0,7.11,31.4
3.67,-0.24,6.93,31.44
0.55,-0.49,9.53,31.37
3.1,-1.17,10.43,31.41
4.13,-1.02,11.04,31.36
5.39,-0.15,7.63,31.41
1.26,-1.59,8.75,31.37
-3.24,-0.91,10.16,31.39
1.02,-1.92,11.09,31.42
3.68,-1.36,12.01,31.4
5.34,-0.64,8.4,31.41
2.01,-0.53,8.67,31.34
-2.24,-1.75,9.93,31.39
2.21,-0.75,10.6,31.43
5.94,-1.75,11.37,31.37
5.94,-1.41,9.63,31.36
2.1,-2.18,9.18,31.42
-0.38,-1.07,9.78,31.41
-0.32,-1.28,11.18,31.4
3.82,-0.66,10.86,31.36
5.54,-1.87,9.09,31.38
0.88,-2.22,9.28,31.4
-0.7,-1.45,10.57,31.42
1.74,-0.33,11.05,31.41
3.6,0.96,9.47,31.42
5.29,-0.87,8.91,31.37
0.83,-0.88,7.02,31.39
-2.56,-0.52,10.1,31.38
-0.31,0.76,9.82,31.4
4.1,0.87,8.41,31.37
4.97,-0.06,7.14,31.42
-1.05,-1.09,7.5,31.41
-2.43,-2.72,11.34,31.38
-1.54,-0.93,11.14,31.42
1.3,0.18,9.22,31.39
4.23,-0.37,7.84,31.38
-0.44,-0.85,7.87,31.38
-3.15,-0.01,9.14,31.38
-0.53,-0.86,10.95,31.39
3.2,0.78,8.64,31.45
5.6,0.42,7.12,31.36
-0.26,-0.81,7.29,31.41
-6.11,0.2,10.51,31.42
0.16,-1.0,11.37,31.4
2.4,0.47,8.73,31.39
4.53,0.96,6.39,31.4
2.27,-0.35,6.4,31.39
-1.82,-1.72,8.99,31.4
-2.37,-1.15,10.76,31.4
0.65,-0.26,11.31,31.42
5.14,0.56,8.83,31.4
3.33,-1.36,8.4,31.42
-2.55,-1.43,9.16,31.43
-0.69,-1.66,11.37,31.37
2.71,-1.37,11.44,31.43
5.77,-0.79,9.53,31.38
4.16,-1.74,8.9,31.42
-2.23,-1.08,8.9,31.42
-2.17,-1.64,11.9,31.38
0.73,-0.8,11.26,31.4
5.31,-0.2,8.92,31.36
6.2,-0.52,7.2,31.4
-0.6,0.79,7.49,31.38
-2.74,-0.54,10.2,31.4
1.0,0.9,9.69,31.45
1.66,0.25,9.51,31.39
4.26,-0.07,7.63,31.4
3.87,0.77,9.82,31.37
5.19,-1.11,9.17,31.35
3.95,0.81,6.21,31.4
-1.2,-0.84,8.08,31.39
-0.72,-1.63,11.07,31.38
1.94,-1.0,11.43,31.4
4.83,-0.16,8.42,31.4
4.95,1.06,6.8,31.39
0.84,-0.77,9.0,31.39
-1.34,-0.13,9.78,31.39
1.89,-0.16,11.26,31.45
3.77,-0.63,9.0,31.38
1.88,-1.03,8.37,31.44
-1.18,-1.97,9.35,31.44
-2.95,-0.57,11.36,31.4
0.39,-1.05,11.66,31.38
5.36,-0.06,9.28,31.41
2.36,0.0,7.66,31.38
-1.62,-1.39,9.54,31.38
-0.7,-1.3,10.86,31.4
-0.59,-2.19,12.42,31.39
2.05,-1.27,11.13,31.4
4.91,-0.26,7.43,31.41
2.59,-1.94,8.91,31.39
-1.56,-1.35,9.89,31.38
2.54,-0.59,10.05,31.41
5.48,0.2,9.92,31.44
3.82,0.39,7.36,31.37
3.03,-0.33,7.64,31.38
0.44,-1.41,9.29,31.4
1.05,-0.89,10.25,31.38
5.81,0.09,9.96,31.39
7.76,-0.67,7.92,31.41
3.69,-0.64,7.67,31.42
0.34,-1.68,10.3,31.41
1.96,-0.69,10.2,31.41
3.11,-1.39,10.93,31.39
3.47,-2.27,9.29,31.39
1.08,-1.13,8.25,31.38
4.14,-0.18,7.24,31.4
3.04,0.59,6.14,31.42
-2.36,0.12,8.82,31.39
-0.46,-1.28,11.4,31.4
2.07,-0.29,9.37,31.39
3.62,0.65,6.63,31.44
1.42,-0.44,8.17,31.4
-2.13,-0.33,8.59,31.43
0.64,0.94,9.89,31.4
2.98,0.23,8.71,31.4
3.71,1.33,6.52,31.35
4.37,-0.33,6.91,31.43
-1.98,0.05,8.73,31.4
-0.24,0.32,10.68,31.45
3.31,-0.48,9.42,31.42
3.98,-1.3,8.47,31.39
1.73,-1.18,8.09,31.42
-1.89,-0.44,9.02,31.41
-1.64,-0.77,11.62,31.43
2.2,-0.34,9.51,31.39
4.97,0.2,6.64,31.39
2.09,-0.62,7.73,31.42
-2.91,-0.89,9.96,31.39
0.94,-1.12,11.72,31.38
4.03,-1.96,9.69,31.39
2.54,-0.21,7.52,31.39
1.58,-1.92,8.67,31.39
0.28,-0.96,10.11,31.44
1.93,-0.82,11.24,31.41
5.26,-1.73,10.34,31.39
4.94,-2.36,9.15,31.46
2.35,-1.53,8.79,31.41
-1.58,-1.74,10.16,31.4
0.09,-0.83,11.71,31.44
5.66,-1.08,9.8,31.39
3.35,0.16,7.87,31.45
-0.72,-1.22,8.82,31.39
-2.18,-1.9,11.24,31.39
1.99,-0.74,11.41,31.4
3.88,-1.96,8.61,31.41
1.02,-1.06,9.08,31.38
0.61,-2.31,11.48,31.39
2.56,0.07,10.7,31.42
6.03,-0.95,10.32,31.38
5.09,-0.97,7.71,31.44
0.99,-0.9,8.34,31.39
-1.76,-1.84,10.41,31.42
-1.11,-0.94,10.66,31.39
4.04,0.85,8.86,31.42
3.95,0.25,7.46,31.41
-2.28,-1.09,8.96,31.42
-2.6,-1.57,9.47,31.42
-1.99,-1.47,10.77,31.39
1.66,-0.95,11.43,31.41
3.37,-1.18,9.36,31.42
1.14,-2.1,8.75,31.38
-2.58,-0.47,9.87,31.38
0.44,-0.38,10.52,31.41
2.34,1.14,9.27,31.37
4.48,0.27,8.33,31.41
1.45,-0.37,6.64,31.39
-4.05,-0.04,9.47,31.37
-0.76,-0.17,9.9,31.41
2.13,0.6,9.45,31.39
3.84,0.36,8.0,31.36
1.18,-0.67,7.99,31.41
-5.59,-1.83,11.61,31.43
-3.04,-0.43,10.24,31.42
1.15,0.29,10.3,31.42
2.83,-0.35,7.88,31.4
1.35,-1.76,8.2,31.37
-1.83,-1.07,10.39,31.4
-0.55,-1.36,11.45,31.37
4.47,-0.1,9.3,31.4
5.71,-1.01,7.81,31.4
1.51,-0.05,6.67,31.41
-4.52,0.2,8.95,31.44
-1.8,-0.76,11.11,31.38
3.33,0.1,9.73,31.42
3.14,-0.89,7.7,31.38
0.71,0.4,7.03,31.39
-5.02,-1.18,9.45,31.39
-1.92,0.17,11.15,31.39
2.97,-1.03,10.07,31.4
2.78,0.64,6.45,31.42
2.03,-0.11,6.52,31.39
-3.08,0.15,8.79,31.38
-0.71,-0.22,10.95,31.42
3.47,-0.06,8.99,31.44
4.41,-0.42,7.15,31.39
2.6,-0.57,7.99,31.38
-0.07,-0.74,9.47,31.35
1.13,-0.71,11.6,31.38
5.15,-1.02,9.2,31.42
4.92,-0.48,7.72,31.44
1.81,-0.99,8.63,31.39
-0.13,-0.7,10.04,31.4
2.21,-0.88,10.69,31.4
5.07,-0.39,8.93,31.43
4.02,-0.13,6.82,31.41
1.28,-0.09,8.08,31.4
0.71,-1.37,10.53,31.44
2.45,-1.55,11.4,31.44
5.46,-0.24,9.07,31.4
6.68,0.17,6.53,31.37
3.03,0.09,8.09,31.4
-0.1,-0.72,10.1,31.44
3.83,-0.55,11.01,31.42
6.76,-0.38,9.79,31.42
2.01,-0.37,7.76,31.41
-2.4,-0.4,8.55,31.41
-1.54,-1.16,10.46,31.39
1.47,-0.31,10.83,31.41
7.16,-0.03,8.6,31.38
3.75,-0.86,8.0,31.38
-1.73,-0.78,8.23,31.43
-0.62,-0.55,10.01,31.44
1.0,0.07,10.29,31.38
5.06,-0.51,9.9,31.42
5.94,-2.3,7.92,31.37
1.26,-1.41,9.02,31.45
-0.8,-2.28,11.94,31.43
3.02,-0.51,10.98,31.44
6.92,0.66,8.06,31.43
3.3,0.43,6.34,31.41
-2.25,-0.2,8.18,31.44
-2.24,-0.83,10.6,31.39
-0.8,-0.46,10.66,31.39
2.41,-0.67,9.28,31.4
1.78,-0.34,7.56,31.4
-4.6,-0.04,9.45,31.36
-3.02,-0.04,10.52,31.38
0.14,1.68,8.77,31.41
2.49,1.56,7.58,31.39
1.62,-0.36,6.99,31.39
-4.25,-0.49,8.5,31.45
-3.96,-1.0,11.22,31.44
1.52,-0.28,10.31,31.39
3.15,-1.01,9.16,31.35
4.43,-1.07,7.72,31.42
-1.85,-0.72,8.84,31.38
-4.42,-0.32,11.36,31.38
0.99,-1.7,11.03,31.41
3.73,-0.62,8.37,31.4
2.79,-0.83,7.29,31.41
-2.53,-1.46,10.13,31.4
-2.92,-1.49,11.3,31.41
0.62,-1.2,11.53,31.41
4.31,0.59,6.47,31.41
4.12,0.79,6.82,31.38
1.01,-0.6,7.22,31.38
-1.12,0.0,10.47,31.38
-2.01,-0.67,11.0,31.42
1.07,0.95,9.06,31.37
3.86,-1.26,8.08,31.38
-0.39,-0.71,7.62,31.4
-4.26,0.35,9.38,31.42
-0.57,-1.07,11.84,31.35
2.08,-0.21,8.35,31.38
3.28,0.5,6.65,31.43
1.35,-0.5,7.35,31.38
-3.13,-1.02,9.93,31.42
1.81,0.09,10.55,31.39
8.66,0.41,7.53,31.4
6.2,-0.63,7.0,31.37
1.0,-0.58,8.15,31.39
0.63,-1.13,10.08,31.41
3.63,0.37,10.39,31.39
4.42,0.41,8.19,31.39
4.79,-0.11,7.15,31.4
2.15,-1.1,8.01,31.41
-0.99,-1.18,10.7,31.42
2.23,-0.61,10.83,31.43
5.59,-1.03,9.01,31.42
3.97,-0.95,7.61,31.4
0.22,-0.73,8.34,31.43
0.42,-1.01,10.49,31.39
1.84,-1.05,11.0,31.46
4.65,-1.12,9.32,31.38
4.78,-1.09,7.99,31.4
0.37,-1.38,9.3,31.37
-0.1,-0.19,10.11,31.41
4.45,-1.1,11.37,31.39
6.14,-1.05,9.14,31.43
1.46,-1.96,8.78,31.4
-2.56,-1.89,9.97,31.45
-0.83,-1.51,10.68,31.43
7.18,0.16,7.58,31.41
2.52,-0.59,7.28,31.41
-0.49,1.18,6.87,31.36
-0.16,-0.12,9.88,31.39
1.62,0.86,10.35,31.43
4.52,1.65,7.96,31.39
2.64,-0.02,6.98,31.38
-2.94,-0.24,9.07,31.39
-1.47,-0.48,10.44,31.37
1.8,-0.52,10.92,31.42
2.19,-0.48,9.26,31.36
0.49,-0.29,7.26,31.39
-4.03,-1.3,9.51,31.39
-2.82,-1.59,11.71,31.37
1.19,-0.93,10.98,31.4
5.5,-1.01,9.62,31.41
1.31,-1.9,8.34,31.4
-3.71,-1.17,9.78,31.4
-1.93,-1.75,11.6,31.4
0.71,0.08,11.05,31.42
3.72,0.55,7.12,31.39
3.36,-0.81,6.92,31.39
-3.18,-0.18,8.99,31.43
-1.37,0.37,10.15,31.4
1.68,0.97,8.93,31.37
3.44,0.46,7.34,31.38
1.35,0.51,6.45,31.38
-4.59,-0.12,8.78,31.41
-2.06,-1.74,12.37,31.47
2.57,-1.08,11.32,31.38
3.92,0.13,7.47,31.37
-0.62,0.7,6.68,31.39
-4.91,-0.46,9.19,31.36
-1.4,-1.72,12.26,31.42
3.16,-0.61,10.27,31.37
4.39,0.25,7.85,31.42
2.4,-1.15,7.87,31.41
-2.86,-1.19,9.46,31.46
2.15,-0.62,11.41,31.4
7.78,-0.51,9.33,31.39
4.73,0.41,6.64,31.41
4.38,-1.15,7.79,31.44
1.27,-1.15,8.71,31.41
1.25,0.86,10.12,31.4
5.33,-0.56,9.34,31.4
8.2,0.94,6.76,31.38
5.86,-1.08,6.98,31.44
-0.85,0.63,8.0,31.43
0.3,-0.02,10.64,31.4
5.5,-1.1,9.95,31.41
5.72,-0.09,7.14,31.42
5.15,-0.64,6.93,31.42
1.6,-0.75,8.96,31.4
1.05,0.68,9.42,31.43
6.01,-0.59,9.83,31.35
4.39,-0.84,7.41,31.41
0.15,-0.04,7.33,31.41
-2.17,-0.7,9.71,31.38
0.67,-1.54,11.52,31.38
1.85,0.23,10.97,31.39
4.32,-1.85,8.27,31.38
0.57,-1.85,9.14,31.43
-0.17,-0.91,8.35,31.34
-0.62,-0.64,10.37,31.4
1.37,-0.32,10.82,31.47
5.18,-0.1,8.19,31.38
3.31,-0.54,7.54,31.4
-0.77,-0.91,8.93,31.35
-0.38,-0.91,10.41,31.4
2.94,-1.21,11.25,31.36
4.37,-1.3,8.86,31.4
1.99,-1.58,8.79,31.42
-0.37,-3.95,11.26,31.38
-1.11,-1.84,10.97,31.42
2.67,-1.24,11.4,31.42
5.14,-2.15,9.85,31.39
2.64,-0.99,7.23,31.38
1.42,-0.83,9.03,31.43
-1.61,-1.1,10.27,31.37
4.98,0.27,7.09,31.38
2.73,0.34,6.54,31.39
-2.82,0.62,8.3,31.45
0.55,-0.16,9.66,31.4
4.58,1.23,8.87,31.43
2.94,0.83,6.21,31.41
-0.94,-0.47,7.14,31.42
-3.89,-1.58,10.31,31.44
-0.8,-1.0,11.32,31.41
3.03,-1.77,10.85,31.38
2.94,-1.46,8.56,31.39
1.0,-1.26,7.94,31.38
-1.9,-1.55,10.39,31.38
1.39,-0.19,10.54,31.43
5.86,-0.97,10.28,31.4
4.5,-2.0,8.45,31.41
0.14,-1.12,8.62,31.43
-0.21,-2.14,10.66,31.41
2.15,-1.32,10.65,31.38
4.64,-0.14,9.0,31.37
5.94,-0.48,7.31,31.41
0.16,-1.31,8.65,31.4
-2.58,-1.03,10.05,31.41
1.21,-0.49,11.15,31.39
4.85,0.35,8.98,31.39
5.29,0.22,7.94,31.44
0.59,-0.26,6.88,31.41
-0.34,-0.44,10.07,31.42
0.2,-0.45,10.77,31.39
2.62,2.19,7.8,31.41
3.0,0.5,7.38,31.4
-3.24,-0.2,7.89,31.43
-4.32,-0.13,10.35,31.41
1.24,-0.79,11.75,31.39
1.15,-0.01,9.08,31.34
1.99,0.07,6.82,31.39
-2.07,-0.21,7.67,31.44
-7.21,-0.32,10.52,31.42
-2.55,0.63,10.38,31.44
2.88,0.04,9.25,31.37
4.31,-0.03,6.96,31.39
-0.74,-0.28,7.36,31.42
-1.98,-2.14,12.4,31.43
1.37,-2.43,13.02,31.41
3.74,-0.26,8.9,31.42
4.11,0.09,6.91,31.37
-1.99,-1.46,8.35,31.4
-3.05,0.46,10.15,31.41
2.08,-0.86,11.04,31.39
4.04,-0.16,8.37,31.41
4.9,0.4,6.02,31.47
1.5,0.62,6.45,31.42
-1.29,1.6,8.79,31.39
0.84,-0.4,10.25,31.41
2.18,1.0,7.64,31.41
2.77,-0.31,6.7,31.39
-3.35,-0.54,8.14,31.39
-3.45,0.44,9.71,31.4
2.23,-0.66,10.8,31.43
4.44,1.03,7.55,31.42
3.71,0.49,6.12,31.42
0.14,0.15,7.91,31.44
-3.1,-0.83,10.55,31.39
1.41,-0.06,10.35,31.36
3.56,-0.57,8.13,31.42
1.81,-1.1,7.41,31.44
1.82,-1.4,9.53,31.39
1.69,-1.32,10.79,31.42
3.38,0.39,10.44,31.42
6.05,-1.53,9.05,31.4
4.29,-1.32,8.21,31.38
1.76,-1.45,9.1,31.4
1.17,-2.24,11.64,31.4
3.11,-0.7,10.69,31.44
7.03,-0.62,8.46,31.38
5.44,-0.51,7.21,31.42
-0.75,-0.82,9.76,31.39
1.15,-0.88,11.19,31.43
4.46,-1.02,9.93,31.41
4.92,-1.19,9.08,31.4
3.14,-0.95,8.14,31.37
0.61,-0.93,10.15,31.39
3.59,-1.33,11.72,31.4
3.43,0.06,10.09,31.39
6.0,-0.85,8.77,31.42
1.64,-0.77,7.49,31.45
-2.26,-0.96,9.61,31.4
-0.82,-0.39,10.75,31.38
3.01,-0.25,10.47,31.39
6.56,-0.71,8.9,31.4
3.73,-1.26,8.69,31.46
-0.46,-1.36,10.09,31.4
-0.86,-1.88,11.95,31.39
2.97,-1.56,12.3,31.4
5.99,-1.29,8.94,31.39
3.18,-0.75,8.74,31.4
-0.72,-2.12,11.21,31.4
1.38,-1.28,11.9,31.4
4.53,0.38,9.56,31.41
6.22,0.63,7.5,31.44
0.74,-1.03,7.75,31.4
-2.18,-1.51,9.96,31.41
1.8,-1.62,11.56,31.42
2.96,0.5,9.4,31.39
5.08,1.09,6.84,31.38
1.0,-0.78,7.67,31.42
-5.82,-0.45,10.38,31.41
-0.19,-0.4,10.34,31.39
1.78,0.99,8.07,31.43
1.46,0.07,7.41,31.4
-0.41,-0.67,7.68,31.4
-2.77,-0.54,9.23,31.42
-1.59,-0.21,11.12,31.38
2.03,-0.09,9.48,31.39
3.5,-0.77,8.15,31.38
0.8,-0.27,7.19,31.39
-2.04,-0.92,10.22,31.35
-0.73,-1.31,11.84,31.38
2.75,0.2,9.55,31.38
3.71,-1.36,7.89,31.4
0.6,0.7,6.17,31.37
-2.06,1.1,7.88,31.39
0.04,-0.58,11.25,31.43
4.6,0.91,8.0,31.38
4.1,-0.17,6.94,31.38
-1.06,1.06,6.21,31.37
-4.21,-1.15,9.35,31.36
1.46,0.82,10.18,31.39
5.69,0.05,8.61,31.38
4.81,1.21,5.74,31.43
1.9,0.14,6.49,31.41
-1.67,-0.75,9.52,31.39
1.96,-0.01,10.31,31.39
4.52,0.15,7.64,31.38
4.49,0.56,6.83,31.39
2.88,-1.26,8.46,31.39
-0.33,-0.01,8.96,31.39
2.17,0.55,9.53,31.41
5.66,-0.06,8.73,31.39
4.5,0.48,7.15,31.37
1.11,-1.3,8.56,31.41
-1.75,-0.98,9.99,31.36
0.17,-0.78,11.11,31.38
6.08,-0.81,9.14,31.42
4.33,-0.81,8.03,31.41
0.24,-1.56,8.91,31.33
-0.46,-0.76,10.04,31.41
2.54,-2.03,12.31,31.42
5.98,-1.49,9.4,31.43
4.17,-0.69,7.32,31.39
1.53,-1.84,9.59,31.44
-1.36,-1.02,10.52,31.38
1.91,-1.24,11.42,31.4
5.31,-1.66,9.45,31.43
3.04,-1.3,8.75,31.42
-0.41,-1.17,11.04,31.37
3.73,-0.65,10.79,31.4
3.94,-0.13,7.9,31.42
1.34,0.59,6.1,31.39
0.86,-0.08,8.6,31.37
-0.05,-0.89,10.18,31.41
3.87,0.78,9.84,31.39
6.17,-1.07,8.52,31.39
3.86,-0.5,7.33,31.42
-0.21,-1.0,9.18,31.39
0.07,-0.99,10.63,31.41
3.01,-0.28,10.55,31.37
6.65,-0.83,7.93,31.35
2.42,-0.17,7.17,31.39
0.17,-0.48,8.22,31.4
0.69,-0.9,10.31,31.41
3.11,-1.19,11.33,31.38
5.61,-1.8,9.03,31.38
1.78,-1.0,7.95,31.42
-1.18,-0.78,9.09,31.43
-1.87,-0.34,10.39,31.38
2.28,0.6,9.37,31.35
5.2,0.34,7.32,31.37
-0.96,-0.49,7.33,31.37
-3.5,-2.4,11.17,31.44
-2.55,-1.9,10.57,31.38
0.85,-0.67,10.68,31.42
3.62,-1.25,10.12,31.39
4.66,-1.23,7.72,31.37
1.11,-0.89,8.35,31.43
-0.56,-1.61,10.43,31.35
2.81,-0.72,11.17,31.4
6.08,-1.16,8.93,31.4
4.26,0.16,7.2,31.42
-0.88,-1.13,9.05,31.41
-1.53,-0.38,9.84,31.39
0.06,0.09,10.69,31.39
4.0,-0.32,9.23,31.38
3.82,-0.35,7.54,31.38
-0.96,-0.55,7.79,31.37
-2.34,-1.07,11.0,31.41
1.37,-0.61,10.7,31.41
5.33,0.34,7.74,31.36
5.24,0.37,7.05,31.36
-0.06,-0.96,7.69,31.37
-2.46,-0.26,10.41,31.37
1.77,0.67,9.46,31.39
2.93,0.91,7.86,31.39
2.86,0.66,6.55,31.37
-2.18,-0.4,8.4,31.39
-2.66,-1.02,11.33,31.42
2.5,-0.04,10.45,31.37
2.17,0.55,8.64,31.39
2.85,0.47,6.5,31.41
-2.98,-0.85,8.61,31.39
-2.51,-0.98,11.68,31.37
3.12,-0.44,10.2,31.39
4.2,0.55,7.17,31.43
4.81,-0.27,7.31,31.43
0.47,-0.18,7.7,31.39
-0.03,-0.15,10.54,31.39
4.62,-0.78,10.74,31.35
6.76,0.8,7.56,31.42
6.26,-0.45,6.19,31.44
0.66,0.32,7.62,31.37
0.01,-0.73,10.8,31.39
3.99,-0.69,10.37,31.4
4.93,-0.52,8.41,31.42
1.66,0.16,6.68,31.4
-1.51,-0.56,8.95,31.41
-1.83,-0.82,11.25,31.42
3.41,-0.01,9.54,31.39
6.95,-0.31,7.31,31.43
2.01,-0.38,7.68,31.39
-1.01,-0.69,9.26,31.4
1.29,-1.63,11.81,31.39
4.63,-0.4,10.33,31.39
6.33,-0.4,7.35,31.35
4.92,-1.04,7.72,31.38
-0.28,-2.21,10.3,31.34
0.68,-1.9,11.71,31.37
5.54,-1.98,11.41,31.39
6.45,-1.85,9.3,31.39
1.79,-0.44,7.5,31.37
0.25,-1.26,9.72,31.39
0.57,-1.46,11.78,31.36
2.94,-0.48,10.42,31.37
6.16,-0.91,8.94,31.35
2.26,-1.87,9.03,31.37
-2.26,-1.46,9.65,31.4
0.23,-1.75,11.68,31.39
2.32,-1.61,11.19,31.44
4.26,-1.19,8.54,31.39
0.24,-2.62,9.68,31.41
-2.25,-1.74,9.87,31.42
0.56,-0.3,10.27,31.37
4.01,-0.49,10.18,31.4
-2.43,-1.92,11.7,31.42
-0.43,-1.87,12.03,31.44
3.49,-0.56,10.32,31.39
4.15,0.4,7.02,31.39
3.2,0.89,5.89,31.41
-0.82,-0.24,8.03,31.44
-0.55,0.3,10.63,31.39
2.25,1.3,8.57,31.39
3.45,0.38,7.01,31.38
2.42,-0.03,7.28,31.42
-3.15,-0.57,8.87,31.42
0.41,0.15,10.02,31.37
3.56,0.21,9.2,31.43
3.52,-0.61,7.69,31.44
2.2,-0.41,6.8,31.41
-2.04,-0.22,8.35,31.37
-1.0,-0.76,11.5,31.41
1.8,-1.12,9.94,31.4
4.39,-0.63,7.8,31.43
2.6,-0.65,6.88,31.37
-1.98,-1.69,10.75,31.42
0.31,-0.98,11.07,31.43
6.26,-0.51,9.55,31.37
5.93,0.51,6.89,31.41
2.75,0.12,7.49,31.39
1.05,-1.29,9.73,31.42
-0.85,-0.45,10.05,31.4
2.05,-0.3,10.5,31.39
3.66,-0.17,8.12,31.39
2.47,0.37,6.77,31.43
0.28,-0.96,8.57,31.44
-1.15,-0.5,10.9,31.39
4.27,0.74,9.84,31.4
6.0,0.07,8.54,31.43
3.68,-0.04,7.22,31.38
1.35,-0.58,8.37,31.4
0.15,-0.96,10.74,31.43
2.76,0.29,9.94,31.42
4.93,-0.21,8.5,31.39
2.08,0.36,6.46,31.38
1.91,-0.74,10.4,31.37
4.81,-0.19,11.08,31.44
5.82,-2.22,8.85,31.37
4.44,-1.14,8.49,31.34
-0.66,-1.66,9.91,31.42
1.19,-0.23,10.15,31.39
5.91,-0.22,9.37,31.38
5.95,-0.29,7.62,31.37
2.24,-0.45,7.18,31.43
-1.11,-0.12,9.12,31.38
0.59,0.46,9.32,31.41
3.81,0.14,9.5,31.42
3.7,-1.15,8.71,31.4
-1.22,-0.21,7.4,31.39
-3.44,-1.39,11.01,31.43
0.47,-0.39,10.3,31.39
5.67,-0.16,9.48,31.37
5.18,-1.16,8.37,31.4
-0.38,-1.43,8.23,31.36
0.2,-1.46,10.13,31.39
1.58,-1.09,11.83,31.4
3.28,-0.43,10.2,31.35
6.67,-1.26,8.81,31.36
0.55,-0.73,7.89,31.39
-3.73,-0.46,10.54,31.41
-0.17,-0.61,10.71,31.42
3.6,1.28,8.07,31.36
2.85,0.92,6.47,31.4
-3.27,-0.59,7.9,31.39
-4.28,-1.37,11.56,31.36
0.96,-0.83,11.07,31.4
3.66,0.35,8.67,31.37
4.46,0.59,6.92,31.42
-0.58,-0.11,7.64,31.38
-2.59,-1.48,11.16,31.4
0.55,-0.61,10.5,31.39
3.98,0.17,8.13,31.35
4.56,0.62,6.46,31.38
0.61,-0.18,6.74,31.37
-1.77,-0.23,10.24,31.39
1.56,-0.17,10.44,31.37
3.78,1.33,7.17,31.38
2.66,0.01,6.6,31.33
-2.22,0.3,7.72,31.42
-2.96,0.51,9.01,31.4
1.73,-0.3,11.05,31.39
3.83,0.02,8.31,31.41
5.03,-0.08,6.59,31.39
1.22,-1.27,9.71,31.41
-2.22,-0.74,10.46,31.36
1.82,-0.57,10.65,31.38
3.31,0.01,8.03,31.38
3.8,-0.46,7.4,31.37
1.53,-0.66,8.16,31.37
0.29,-0.59,9.84,31.36
2.0,-0.48,11.07,31.42
5.25,-0.55,8.21,31.4
3.96,-0.6,7.64,31.33
0.49,-1.17,8.36,31.41
-0.25,-0.52,10.35,31.4
2.47,-0.68,10.38,31.38
5.24,-0.82,8.81,31.42
2.89,-1.1,7.99,31.39
-0.16,-1.02,8.62,31.39
-0.91,-1.72,10.58,31.43
2.17,-1.17,11.66,31.37
7.53,-0.84,8.76,31.36
4.24,-0.78,7.62,31.41
-0.49,-0.98,9.22,31.37
0.03,-0.92,10.33,31.42
3.17,-0.18,10.88,31.35
4.74,-1.18,9.66,31.38
1.41,-0.57,8.29,31.4
-1.29,-0.16,8.67,31.41
-1.29,-0.42,10.39,31.41
0.46,0.87,9.56,31.36
4.94,-0.36,8.69,31.37
2.72,-1.04,8.14,31.44
-2.63,-0.72,8.88,31.36
-0.71,-1.3,10.66,31.41
1.35,0.82,9.58,31.4
4.3,0.14,8.05,31.38
3.3,-0.56,7.71,31.39
-2.38,-1.0,9.24,31.39
-2.86,-0.3,9.81,31.37
-0.13,-1.72,11.5,31.41
3.66,0.63,7.34,31.38
6.24,-1.21,8.42,31.4
0.18,-0.84,8.55,31.39
-3.6,-0.38,9.96,31.41
1.02,-0.78,10.67,31.42
3.96,0.89,8.88,31.43
3.89,0.25,6.78,31.39
-0.91,0.14,7.35,31.39
-3.68,-0.57,10.61,31.43
3.28,0.57,8.82,31.39
4.12,-0.61,7.47,31.39
4.44,0.11,7.21,31.37
6.41,-1.15,7.3,31.39
1.41,0.23,7.73,31.38
-0.32,-0.11,9.7,31.41
2.62,-0.35,10.71,31.37
5.56,-0.54,8.52,31.41
6.03,-0.29,7.37,31.37
1.39,-2.11,10.06,31.41
1.56,-1.64,11.32,31.42
5.94,-1.14,11.08,31.4
7.24,-0.5,7.49,31.38
1.8,0.03,7.32,31.41
-0.35,-1.3,9.54,31.36
0.77,-2.09,11.31,31.37
2.4,-1.15,11.28,31.36
5.95,-0.8,8.7,31.35
3.22,-0.97,8.4,31.39
0.32,-2.56,10.15,31.4
1.66,-0.93,10.73,31.36
4.68,-0.54,11.12,31.41
0.1,-1.35,11.61,31.37
2.37,-0.02,9.91,31.44
3.16,-0.36,9.26,31.41
3.95,-0.32,7.66,31.42
-0.9,-0.05,7.21,31.42
-2.47,-0.97,11.31,31.4
-1.29,-0.19,11.46,31.42
2.2,0.57,8.17,31.4
2.61,-0.79,7.58,31.41
-3.38,-0.37,8.07,31.38
-2.88,-1.08,11.67,31.42
2.54,-0.96,10.65,31.4
5.46,0.05,7.67,31.4
4.4,0.33,6.08,31.42
-1.17,-0.23,8.49,31.41
-1.88,-0.81,11.22,31.39
2.46,-1.33,11.83,31.37
3.57,-0.85,9.09,31.38
2.65,0.05,6.7,31.39
-0.17,-0.48,9.06,31.38
-0.5,-1.24,11.01,31.36
3.53,0.0,10.18,31.41
5.42,-0.22,7.9,31.34
3.16,-0.64,7.36,31.39
-0.59,-1.2,9.87,31.39
1.28,-2.26,11.78,31.41
4.9,-0.26,10.22,31.41
5.23,-1.41,8.53,31.39
2.07,-0.73,7.68,31.39
0.37,-1.49,9.45,31.4
1.34,-0.88,10.68,31.4
4.11,0.47,10.51,31.38
7.12,-1.82,9.01,31.41
3.01,-0.67,7.65,31.39
0.96,-2.0,10.22,31.4
2.98,-1.45,11.41,31.38
4.1,-1.71,11.68,31.37
6.1,-0.14,8.03,31.4
2.04,-0.4,7.84,31.36
3.73,-0.06,6.38,31.38
2.18,0.31,6.66,31.37
-3.18,0.56,8.82,31.42
-0.66,-0.21,10.28,31.43
4.02,0.41,8.25,31.41
5.72,0.39,6.73,31.37
2.6,-0.92,7.38,31.43
-0.04,-0.2,10.14,31.38
2.23,-1.87,11.44,31.39
5.17,1.79,7.31,31.33
5.71,-0.71,7.18,31.36
-1.83,0.79,6.54,31.4
-3.11,0.07,9.19,31.39
-0.35,-0.09,10.6,31.39
3.01,0.24,8.43,31.37
4.87,0.19,6.79,31.42
2.01,-0.42,8.39,31.37
-0.9,-0.74,9.86,31.35
3.11,-0.21,10.82,31.37
4.88,-0.66,8.81,31.4
3.96,0.52,6.42,31.42
3.22,-0.34,7.47,31.34
-0.31,-1.04,10.57,31.4
1.74,-0.39,10.96,31.41
5.6,-0.96,8.85,31.42
4.87,-1.12,7.57,31.4
-0.68,-0.04,7.89,31.41
-0.62,-0.22,9.97,31.37
1.35,-1.84,11.62,31.39
3.62,-0.05,8.42,31.42
3.16,-0.55,7.39,31.42
0.15,-1.56,9.76,31.37
5.98,0.41,9.24,31.35
6.73,0.48,7.24,31.38
5.04,0.29,5.93,31.37
2.26,1.16,7.42,31.39
0.4,-1.12,10.51,31.36
2.91,-0.09,9.34,31.37
3.94,0.46,7.05,31.34
2.17,0.04,6.64,31.4
-1.97,-0.81,10.01,31.4
0.17,-0.55,10.83,31.34
6.02,-0.13,9.82,31.37
4.58,-0.07,7.59,31.38
2.01,-0.67,7.85,31.39
1.47,-1.06,10.19,31.39
-0.8,-1.58,10.83,31.42
1.25,0.3,10.92,31.36
5.48,-0.72,8.76,31.35
4.5,-0.06,6.99,31.39
1.65,-0.47,7.47,31.41
2.3,-0.66,10.18,31.36
5.58,-0.75,10.63,31.37
7.31,0.24,7.22,31.34
5.64,0.22,7.46,31.42
-0.25,-0.36,8.11,31.38
0.71,1.02,8.81,31.39
2.61,-0.18,10.37,31.39
3.68,1.12,7.92,31.38
2.88,-0.22,7.46,31.43
-0.39,-1.44,9.24,31.33
-1.11,0.01,9.5,31.35
3.74,-0.89,10.87,31.38
5.95,-1.2,9.86,31.39
2.47,-0.89,7.85,31.39
0.31,-1.52,9.17,31.33
-0.67,-2.04,11.81,31.39
3.23,-0.51,10.98,31.33
7.87,-1.1,9.36,31.39
6.11,-1.79,8.14,31.37
0.16,-0.79,9.16,31.4
-0.03,-1.29,10.66,31.39
1.69,-0.02,10.03,31.38
3.82,-0.2,8.77,31.35
2.85,-0.62,7.71,31.37
-1.86,-0.48,8.96,31.42
-0.48,-0.77,10.14,31.38
1.71,0.03,10.83,31.42
6.11,0.19,8.71,31.38
4.71,-0.86,7.15,31.37
-2.35,0.29,8.59,31.35
-1.76,0.33,9.88,31.39
1.48,0.32,10.25,31.4
3.61,1.09,7.03,31.36
1.49,-0.22,6.97,31.4
-4.04,-0.06,8.75,31.42
-2.35,-1.64,11.75,31.37
0.64,0.88,9.81,31.42
3.51,1.43,6.33,31.43
1.17,0.82,6.07,31.39
-6.26,-0.19,8.36,31.38
-1.96,-1.98,10.12,31.4
-2.32,-1.22,11.76,31.35
1.24,-1.03,11.36,31.38
5.24,-1.72,9.11,31.36
1.16,-2.5,9.23,31.39
-3.21,-1.53,10.98,31.38
-0.66,-1.5,11.04,31.4
2.81,-0.77,11.36,31.36
4.45,-1.15,8.89,31.4
1.54,-1.02,8.03,31.39
-1.07,-1.11,10.07,31.4
0.77,-2.03,11.92,31.4
4.6,0.88,9.65,31.39
7.22,-0.08,7.59,31.43
-0.45,-0.57,8.67,31.41
-3.56,-2.26,11.56,31.41
1.5,-1.47,11.83,31.4
2.66,0.29,10.41,31.4
6.55,-0.07,7.92,31.35
2.55,-0.82,7.33,31.39
3.75,0.26,6.46,31.42
1.23,-0.7,9.86,31.42
0.16,-1.05,10.63,31.43
5.4,-0.06,10.19,31.37
6.49,-0.43,7.76,31.38
4.18,-0.35,6.93,31.37
2.6,-1.06,7.86,31.38
-0.24,-1.52,10.14,31.39
2.27,-0.15,10.88,31.36
7.49,-0.41,8.23,31.37
7.13,0.6,6.02,31.43
1.15,-1.25,8.81,31.38
-0.9,-1.12,10.31,31.39
2.72,-0.96,11.43,31.4
5.87,-0.09,8.69,31.36
5.92,-0.18,7.47,31.43
3.69,-0.64,8.16,31.41
2.56,-0.35,9.9,31.41
4.02,-1.48,11.67,31.42
6.65,-1.56,9.42,31.34
4.46,-0.7,7.64,31.39
-0.08,-1.4,8.82,31.42
-0.13,-1.52,10.57,31.43
2.87,-1.64,11.34,31.39
4.38,-0.7,9.2,31.37
2.06,-0.67,7.47,31.39
-2.25,-1.97,10.05,31.39
-2.73,-1.32,10.41,31.4
0.8,-1.31,10.92,31.42
3.37,-1.15,9.7,31.41
1.95,-1.19,8.07,31.4
0.52,-0.79,9.42,31.42
-0.27,-2.39,11.29,31.37
3.49,0.3,10.54,31.4
7.85,-0.33,8.77,31.41
4.92,-0.18,6.97,31.39
-0.63,-1.36,9.86,31.38
-1.53,-1.86,11.09,31.38
2.18,0.4,10.2,31.39
5.46,-0.15,9.45,31.38
1.25,-0.29,7.94,31.36
-3.08,-0.67,9.67,31.39
-1.7,-1.0,11.5,31.33
1.02,2.14,9.06,31.39
5.96,1.01,7.67,31.36
2.86,-0.42,7.47,31.36
-4.32,-0.68,8.88,31.34
-1.04,-0.69,10.97,31.39
0.73,-0.67,10.69,31.37
3.93,0.95,7.08,31.38
3.28,-0.41,6.77,31.38
-2.91,-1.0,9.08,31.36
-0.53,-0.43,10.59,31.4
3.84,-0.48,10.14,31.37
3.15,-1.36,11.37,31.38
3.55,-0.49,11.2,31.36
6.55,-0.92,8.41,31.37
2.99,-1.13,8.13,31.37
-0.04,-1.44,9.26,31.34
2.81,-0.52,10.37,31.35
4.68,-0.71,11.35,31.36
6.34,-0.68,7.98,31.36
3.8,-0.24,7.69,31.37
-1.12,-1.39,9.7,31.34
0.06,-0.06,9.82,31.39
2.32,-0.63,11.37,31.39
3.52,-1.66,8.94,31.34
-0.47,-0.76,7.77,31.39
-2.83,-1.49,10.14,31.36
-1.36,-0.8,11.11,31.4
2.46,-0.76,11.22,31.42
5.36,-1.39,8.64,31.42
2.7,-0.67,8.48,31.39
4.03,0.3,6.59,31.39
2.1,-0.68,8.43,31.37
-1.23,-0.34,10.26,31.39
1.7,0.48,10.63,31.32
5.16,-0.04,8.26,31.34
3.05,0.9,7.1,31.39
-1.35,-0.45,7.96,31.4
0.53,-0.15,9.64,31.42
3.84,-0.2,10.36,31.38
4.48,0.48,8.16,31.38
4.27,0.07,6.76,31.36
-0.81,-0.84,8.55,31.39
-1.41,-0.55,10.43,31.38
2.75,-1.47,11.55,31.34
5.59,-0.74,8.48,31.37
2.88,0.01,7.62,31.38
-0.4,-0.86,8.58,31.38
-0.53,-0.99,10.41,31.36
1.53,-2.17,11.78,31.4
6.26,-2.26,10.13,31.38
2.65,-2.41,9.28,31.33
-1.3,-1.81,9.4,31.41
0.56,-1.43,11.56,31.37
2.9,-1.49,11.82,31.38
5.7,-1.2,9.24,31.4
3.36,-1.75,8.51,31.37
4.16,-1.27,8.75,31.36
1.03,-2.35,11.82,31.35
3.08,-0.78,10.8,31.33
4.1,-0.97,10.47,31.41
4.45,-1.02,8.15,31.37
1.06,-1.12,8.75,31.34
-1.81,-0.14,9.93,31.38
-1.09,-0.26,10.43,31.42
3.72,-0.45,10.55,31.38
5.82,-1.02,8.08,31.36
0.25,-2.27,9.65,31.36
-1.07,-1.99,10.61,31.39
0.06,-0.13,11.31,31.42
2.71,-0.24,7.63,31.39
2.34,-2.04,8.13,31.39
-2.28,-1.66,10.97,31.39
0.21,-1.75,11.56,31.38
1.95,1.57,8.9,31.42
4.34,-0.39,8.66,31.37
1.12,0.03,6.85,31.38
-2.89,0.19,9.79,31.36
-0.2,-1.11,11.2,31.41
1.99,2.26,8.73,31.37
5.32,-0.14,7.68,31.37
-0.25,0.18,6.83,31.32
-4.58,-0.62,9.86,31.39
-0.83,-0.04,10.63,31.38
3.01,0.39,9.09,31.37
5.1,0.47,6.69,31.37
2.89,-1.14,7.2,31.36
-2.9,-0.04,9.39,31.36
-0.16,-0.95,11.25,31.43
5.94,0.89,8.42,31.35
6.28,-0.16,6.71,31.39
2.57,-0.66,7.2,31.35
-1.08,-0.06,7.91,31.39
1.89,-1.11,11.39,31.35
3.44,0.54,9.13,31.42
5.11,0.71,6.03,31.39
2.75,-0.06,6.88,31.37
-4.32,-0.41,9.5,31.39
0.67,-0.53,11.07,31.36
5.1,-0.08,9.56,31.4
4.67,0.29,6.56,31.4
2.92,-0.61,7.16,31.38
-0.04,-0.84,9.46,31.39
2.57,0.22,10.68,31.39
6.15,-0.78,8.98,31.44
5.61,0.05,7.09,31.37
3.13,-1.32,7.99,31.37
-0.98,-0.83,10.21,31.39
1.73,-1.19,11.51,31.37
-3.39,0.07,7.62,31.37
-5.21,0.44,10.18,31.38
-1.19,0.1,10.16,31.35
2.62,0.55,8.15,31.37
2.9,0.17,6.6,31.33
-2.61,-0.13,7.15,31.32
-3.47,0.01,10.59,31.36
1.37,0.44,9.68,31.37
3.7,1.94,6.88,31.39
3.84,-0.87,6.96,31.37
-0.56,-0.69,8.75,31.4
-2.96,-1.22,10.64,31.4
1.59,-1.3,11.96,31.36
2.77,-0.9,8.35,31.41
2.29,0.7,6.36,31.35
0.1,-0.4,8.32,31.39
-2.2,0.34,9.59,31.4
0.95,1.46,8.99,31.39
4.52,1.2,6.84,31.35
5.3,0.73,6.03,31.37
-0.27,-0.03,7.43,31.33
-0.4,-0.8,10.47,31.34
3.77,0.38,10.01,31.36
5.14,0.38,7.39,31.36
3.96,0.09,7.07,31.42
0.51,-0.56,9.03,31.39
0.05,-0.6,9.99,31.32
3.3,0.54,9.67,31.32
4.99,0.1,7.87,31.37
4.79,0.05,6.9,31.39
0.34,-1.38,9.04,31.33
0.88,-0.33,10.33,31.38
3.82,-0.57,10.73,31.37
5.51,-1.22,8.78,31.37
3.52,-1.52,8.2,31.37
0.74,-1.88,10.2,31.39
0.17,-0.96,10.89,31.38
3.27,-0.94,11.3,31.36
6.53,-1.04,8.75,31.37
3.12,-0.41,6.75,31.39
-3.83,-0.62,11.09,31.42
0.0,0.87,10.52,31.42
2.7,0.0,9.26,31.39
1.53,-0.12,7.32,31.38
-3.95,-0.42,8.72,31.34
-4.68,-3.29,12.28,31.39
-3.63,-1.53,11.79,31.34
2.34,0.63,10.45,31.39
6.04,-1.21,9.24,31.42
1.43,-1.95,8.81,31.35
-2.36,-2.04,10.97,31.39
-0.24,-1.01,11.47,31.38
3.46,1.29,7.21,31.39
4.82,0.74,7.43,31.39
0.28,-1.9,8.91,31.38
-2.95,-2.41,11.54,31.38
-1.11,-0.5,10.95,31.39
1.2,1.36,8.72,31.38
3.76,0.45,7.94,31.41
-0.37,-0.51,11.66,31.35
-0.15,-0.04,10.97,31.37
5.61,0.98,7.65,31.37
7.0,0.58,6.43,31.36
-2.15,-0.3,7.7,31.37
-4.61,-0.94,11.99,31.39
0.87,-0.68,9.87,31.37
2.1,1.32,7.18,31.35
4.32,-0.18,6.72,31.36
-1.86,-1.76,9.81,31.33
-2.45,-0.72,11.12,31.35
3.23,-0.23,10.08,31.36
3.45,-0.12,9.13,31.36
1.53,-0.53,6.59,31.39
-3.16,-0.86,8.97,31.36
-2.47,-0.96,11.16,31.38
0.43,-0.1,10.27,31.32
4.81,0.31,7.68,31.37
5.27,-0.36,6.91,31.35
-1.98,0.17,7.69,31.34
-0.99,0.32,9.75,31.35
2.64,0.79,9.29,31.33
2.64,0.7,6.98,31.36
3.85,-0.16,6.45,31.37
-1.08,-1.55,8.51,31.35
-3.04,0.01,10.66,31.43
1.65,-0.87,11.22,31.38
4.06,-0.75,8.53,31.33
2.48,-0.7,7.29,31.34
-1.37,-2.07,10.48,31.39
-1.91,-1.52,11.54,31.37
2.15,-1.26,11.15,31.35
4.32,-0.99,8.92,31.37
2.38,-0.92,7.43,31.38
0.17,0.55,8.09,31.39
0.68,-0.02,10.34,31.33
3.66,0.46,9.78,31.38
4.44,-0.29,7.7,31.35
2.34,-0.77,7.87,31.35
-1.33,-0.64,9.05,31.36
-0.2,-2.13,11.7,31.35
3.6,-1.7,11.95,31.33
5.67,-1.38,8.66,31.35
3.26,-0.31,7.64,31.32
-1.45,-1.2,9.38,31.35
0.63,-0.77,10.47,31.35
3.58,-0.62,10.52,31.4
4.38,-0.63,7.84,31.37
2.07,-1.12,8.78,31.39
-0.01,-1.55,9.97,31.36
0.97,-0.25,10.24,31.41
4.26,-1.48,11.81,31.35
7.49,-2.63,9.4,31.38
2.46,-2.51,9.81,31.34
0.62,-1.63,9.74,31.39
3.0,-0.38,10.91,31.39
4.98,-0.28,10.8,31.4
9.7,-0.05,7.72,31.34
0.99,-1.05,9.56,31.34
-0.91,-1.53,11.6,31.34
2.27,0.26,10.39,31.35
5.55,1.19,7.54,31.35
3.96,0.11,7.18,31.35
-2.51,-0.77,9.48,31.4
-0.61,-1.79,11.48,31.38
1.01,-1.07,11.66,31.38
4.01,-0.02,8.27,31.34
2.39,0.64,7.18,31.34
-3.2,-1.67,10.3,31.34
-0.53,-1.26,10.76,31.4
1.29,0.32,10.17,31.39
3.27,1.01,7.24,31.38
2.76,-0.23,6.67,31.38
-2.51,-0.6,8.37,31.34
-3.06,-0.24,10.69,31.38
1.12,0.33,10.58,31.37
4.05,1.14,7.06,31.39
-2.28,0.45,10.33,31.34
0.25,-0.51,10.9,31.35
3.15,0.48,8.58,31.37
3.67,0.82,6.2,31.36
-0.97,-1.21,8.65,31.34
-4.35,-0.44,11.03,31.39
1.05,-1.03,11.4,31.4
5.42,-0.96,9.72,31.37
4.16,-0.25,6.87,31.41
0.53,-0.95,8.88,31.34
-0.48,-1.48,11.05,31.37
3.26,-0.69,10.99,31.34
6.55,-0.24,8.56,31.31
6.7,-1.45,7.92,31.33
3.11,-0.45,8.25,31.34
1.21,0.11,8.97,31.33
4.22,0.44,10.29,31.34
7.29,1.36,7.29,31.36
7.07,-0.39,7.01,31.32
-0.31,-0.45,7.34,31.39
-3.39,-0.38,9.27,31.37
0.97,-0.13,10.45,31.36
4.43,0.11,8.2,31.36
3.15,-0.52,6.98,31.35
-0.74,-0.86,8.42,31.34
-3.17,-0.51,10.09,31.34
2.05,-0.32,11.13,31.35
5.67,-0.86,8.57,31.38
4.75,1.1,5.87,31.38
0.15,-0.34,7.9,31.4
-3.19,-1.01,10.75,31.37
0.07,-0.46,11.1,31.37
4.19,-1.69,9.37,31.37
1.37,-1.58,8.08,31.37
-1.77,-1.54,8.99,31.39
-1.23,-0.79,10.32,31.37
-0.62,-1.41,12.06,31.37
3.26,-0.19,8.35,31.35
3.98,-0.1,6.97,31.39
-1.18,-0.54,8.75,31.36
-0.51,-1.37,11.06,31.37
3.06,-1.43,11.4,31.33
6.79,-1.55,9.57,31.38
2.61,-3.05,9.82,31.36
-1.18,-2.0,9.91,31.33
1.45,-1.5,11.17,31.34
2.5,-0.51,10.86,31.37
7.08,-0.23,8.65,31.35
3.51,-1.44,7.99,31.34
-2.17,-1.61,9.89,31.33
-0.7,-1.89,11.67,31.39
2.31,-1.57,11.87,31.38
7.52,0.16,8.08,31.35
5.4,0.02,7.29,31.36
2.49,-0.64,7.61,31.38
0.67,-0.63,9.59,31.33
1.97,-0.02,10.86,31.41
5.19,-0.25,9.23,31.37
5.2,-0.77,7.61,31.41
2.21,0.09,7.49,31.39
-0.24,-1.92,11.63,31.36
1.5,-0.17,10.76,31.39
6.47,-0.32,9.51,31.38
6.61,-0.62,7.21,31.4
1.6,-0.5,8.36,31.35
0.04,-2.0,11.51,31.32
3.53,-2.66,12.96,31.37
7.71,-1.8,10.19,31.37
7.7,-1.07,8.15,31.39
1.83,-1.86,9.84,31.37
2.85,-1.0,7.63,31.39
-0.03,-0.88,8.15,31.36
-2.37,-1.4,10.58,31.4
-0.16,-0.74,11.3,31.4
1.67,-1.2,9.89,31.37
3.68,-0.59,7.29,31.37
1.39,-0.77,8.55,31.38
-2.72,-1.02,9.89,31.34
1.81,0.91,9.82,31.37
6.05,-0.25,8.85,31.37
4.95,-0.0,7.61,31.36
2.06,-1.4,8.47,31.37
0.29,-0.18,9.16,31.39
0.06,-0.36,11.09,31.35
5.0,0.08,8.8,31.39
5.46,-0.17,6.86,31.35
0.54,-0.82,7.69,31.33
-2.13,-0.36,9.98,31.36
0.41,0.51,9.63,31.33
3.78,0.85,7.98,31.34
2.95,1.03,7.02,31.37
2.25,-0.94,8.38,31.42
-1.78,-1.24,10.3,31.34
0.62,-0.92,10.98,31.34
4.3,-1.24,10.14,31.38
2.81,-1.33,8.44,31.37
0.51,-1.18,8.32,31.36
0.07,-1.43,10.0,31.33
2.56,-0.9,10.63,31.4
6.14,-0.29,9.76,31.38
3.0,-1.06,7.96,31.37
-1.53,-0.57,8.6,31.39
0.6,-0.7,9.91,31.33
4.39,0.59,9.72,31.39
5.99,1.0,8.13,31.34
2.7,-0.45,7.35,31.38
0.85,-1.26,9.4,31.33
-1.77,-1.93,10.97,31.34
1.19,0.11,10.4,31.39
4.39,-1.81,10.52,31.35
4.3,-1.01,8.53,31.35
1.08,-1.13,9.04,31.33
-0.53,-1.46,10.32,31.33
2.63,0.61,10.52,31.41
6.76,-1.18,10.06,31.34
4.3,-2.65,8.81,31.36
-0.89,-2.9,9.85,31.33
-0.89,-1.72,11.11,31.34
1.46,-0.46,11.35,31.38
4.26,-0.86,9.18,31.37
3.66,-2.65,8.81,31.33
-2.68,-1.74,9.74,31.31
-1.89,-1.61,11.48,31.39
1.77,-0.4,11.85,31.37
6.29,0.03,8.67,31.41
4.08,-1.48,8.34,31.36
-3.45,-1.41,9.78,31.36
-0.89,-0.9,10.99,31.37
1.93,-0.45,10.68,31.39
4.6,-0.44,8.56,31.39
2.34,-0.62,8.0,31.35
-5.03,-1.15,9.61,31.4
-4.87,-1.05,11.67,31.35
0.97,1.41,8.87,31.36
3.56,1.53,7.04,31.38
1.54,0.7,6.63,31.37
-3.22,-0.01,8.74,31.36
-0.34,-1.42,11.15,31.35
1.98,0.91,9.03,31.36
5.11,0.73,7.12,31.41
4.64,-0.52,6.96,31.39
-3.75,-0.91,8.97,31.33
-0.47,-1.86,12.3,31.39
3.1,-1.21,11.24,31.34
5.15,-0.41,8.67,31.38
4.17,-0.34,7.04,31.35
0.04,0.37,7.35,31.34
-0.08,-1.52,11.78,31.37
2.21,0.31,9.77,31.35
4.56,0.87,6.24,31.33
1.46,0.99,6.8,31.37
-2.73,-0.13,8.66,31.31
1.62,-1.21,12.19,31.34
5.2,-0.69,10.14,31.34
5.12,0.77,6.42,31.41
4.16,-0.21,6.41,31.4
-2.39,0.18,9.02,31.38
-2.25,0.1,9.72,31.45
5.57,-0.16,9.5,31.34
5.96,1.03,6.1,31.36
6.42,0.06,6.14,31.36
0.54,0.71,6.2,31.38
-2.81,-0.08,9.41,31.39
1.16,0.48,10.27,31.35
4.42,-0.26,8.66,31.37
2.8,0.02,6.17,31.34
-0.59,0.48,6.67,31.39
-1.97,-1.1,10.13,31.37
1.87,-0.11,10.51,31.35
7.49,0.29,8.69,31.38
6.16,-1.55,7.47,31.36
-0.24,-2.05,9.49,31.4
-2.91,-1.98,12.07,31.39
3.31,-1.54,11.53,31.37
6.33,-0.98,9.48,31.37
4.6,-0.3,6.71,31.37
1.73,-1.35,8.65,31.31
-1.29,-1.75,11.63,31.36
2.92,-1.53,12.56,31.39
6.25,-0.7,9.1,31.39
4.72,-0.34,6.74,31.33
0.13,-0.5,8.41,31.38
-1.18,-1.66,11.28,31.34
2.3,-0.09,11.05,31.39
3.48,-0.03,8.2,31.36
2.4,-0.89,8.0,31.33
-1.19,-1.5,9.44,31.37
-0.03,-1.43,10.82,31.36
3.67,-0.76,11.78,31.36
6.77,-1.17,8.13,31.34
4.87,-0.91,7.71,31.37
-0.27,-0.38,12.0,31.36
1.96,0.15,10.55,31.35
6.53,-1.41,9.44,31.38
1.83,-2.38,9.26,31.35
-2.09,-2.71,11.33,31.38
-1.23,-1.11,11.48,31.37
1.79,-0.6,12.16,31.34
3.95,-1.48,9.43,31.35
2.76,-1.71,8.9,31.32
-1.11,-3.24,11.37,31.33
-1.06,-0.66,11.6,31.36
2.82,-0.34,11.18,31.38
4.28,-1.62,9.24,31.38
0.68,-2.51,9.69,31.37
-1.47,-2.38,11.56,31.37
-0.0,-1.98,11.49,31.37
0.84,-0.34,10.29,31.36
5.62,-1.45,9.36,31.42
2.88,-2.51,9.57,31.34
-2.23,-2.07,10.91,31.39
1.55,-0.73,10.64,31.42
3.84,-0.03,10.27,31.33
5.07,-0.51,8.3,31.42
1.33,-1.17,7.17,31.35
-3.22,-1.53,10.6,31.41
-0.53,-0.63,10.25,31.34
3.72,0.1,9.64,31.36
7.32,-0.8,8.18,31.42
2.66,-0.84,6.7,31.37
-2.73,-0.2,9.39,31.39
1.02,-1.41,11.14,31.36
3.48,0.25,9.03,31.36
5.23,0.63,6.42,31.37
1.3,-1.08,7.93,31.34
-2.11,-0.82,10.14,31.37
2.04,-1.48,11.04,31.34
4.8,-0.26,9.87,31.37
7.27,0.48,6.6,31.36
1.42,-0.64,6.4,31.32
-3.91,-0.26,9.56,31.37
0.89,-1.59,11.99,31.4
5.26,0.47,8.11,31.38
5.71,1.14,5.83,31.35
1.95,-0.03,5.44,31.39
-3.68,0.17,9.32,31.41
0.38,-0.01,10.35,31.36
2.26,1.71,7.54,31.37
2.33,0.76,5.78,31.39
-0.78,0.31,6.79,31.35
-3.48,-0.75,9.22,31.39
-0.27,-1.11,12.17,31.36
4.42,0.73,8.77,31.37
3.67,0.76,5.83,31.39
-0.89,-0.87,8.42,31.4
-3.85,-2.12,10.56,31.33
-0.07,-0.55,11.05,31.4
3.63,-1.13,9.24,31.34
3.69,-0.81,7.94,31.36
1.77,-0.88,8.23,31.4
-1.27,-1.11,10.03,31.38
0.28,-0.91,11.76,31.37
5.17,-0.28,8.72,31.38
7.39,-0.62,7.09,31.37
1.39,-0.88,8.13,31.39
-1.25,-0.1,8.65,31.35
3.91,0.49,10.73,31.33
4.58,-0.58,8.71,31.35
4.62,-0.32,7.16,31.33
4.93,-1.76,7.95,31.34
-1.5,-0.8,9.17,31.37
-0.66,-0.01,10.15,31.36
3.28,-0.25,9.55,31.43
3.71,0.96,6.53,31.35
2.99,-0.18,6.99,31.37
-0.44,-0.73,8.54,31.37
-0.91,-0.94,10.99,31.38
4.05,0.28,9.42,31.37
5.12,-0.53,7.81,31.36
3.69,-1.36,7.91,31.39
4.5,-0.6,10.29,31.38
2.21,1.19,8.21,31.35
4.31,1.03,5.58,31.34
1.4,-0.06,6.31,31.37
-3.45,0.2,8.36,31.33
1.44,-0.9,11.6,31.4
4.44,-0.51,9.26,31.4
2.88,0.57,6.71,31.38
-0.65,0.22,7.3,31.38
-4.02,-1.41,10.48,31.39
-0.54,-0.65,11.17,31.39
2.96,-0.02,8.95,31.39
5.22,-0.69,8.01,31.36
2.81,-1.37,8.77,31.38
-3.08,-1.18,10.53,31.34
0.43,-0.53,11.48,31.37
4.55,-0.34,9.14,31.35
4.11,-1.13,6.94,31.32
0.97,-0.39,8.09,31.39
-1.64,-2.27,11.45,31.33
0.75,-0.07,11.31,31.36
5.42,0.33,8.98,31.4
5.44,0.12,6.99,31.38
0.82,-1.06,8.36,31.35
-0.12,-2.13,11.18,31.37
2.88,-0.12,11.39,31.38
5.4,-0.84,9.17,31.35
4.11,0.16,6.88,31.38
1.92,-0.31,7.15,31.35
-0.82,-0.77,10.36,31.35
1.38,-0.51,10.95,31.36
4.92,0.3,8.28,31.38
5.13,-0.29,7.34,31.38
1.36,-1.06,8.0,31.38
0.22,-1.36,10.13,31.4
2.2,-1.11,11.53,31.37
5.05,-1.13,9.14,31.4
3.96,-0.13,6.83,31.42
1.49,-1.21,8.63,31.34
4.86,0.02,7.11,31.38
-0.96,-1.4,8.24,31.34
-1.21,-1.12,11.39,31.33
3.44,-1.19,10.82,31.37
2.36,0.7,8.63,31.34
3.43,0.2,7.2,31.36
-0.97,-1.34,8.82,31.39
-3.01,-1.87,11.46,31.36
-0.52,0.29,10.81,31.37
3.52,0.29,9.37,31.34
4.87,-0.26,7.62,31.35
0.68,-0.42,7.72,31.35
-0.45,-1.05,11.52,31.36
2.66,-1.47,11.62,31.37
4.17,0.28,8.63,31.34
4.91,-0.1,7.27,31.38
-1.15,-1.03,8.57,31.33
-1.71,0.13,9.53,31.34
3.27,0.38,10.47,31.34
3.88,0.31,8.31,31.37
1.67,0.63,6.11,31.38
-3.34,-0.84,8.75,31.41
-4.33,-0.9,10.92,31.34
-0.1,-0.21,10.71,31.41
3.95,0.01,8.68,31.38
3.36,0.46,6.02,31.34
-1.83,-0.06,8.21,31.41
-1.61,-0.35,10.84,31.36
2.22,0.01,10.52,31.38
2.38,1.1,7.48,31.39
4.22,0.08,6.18,31.34
-0.01,-1.08,7.83,31.38
-1.79,0.75,8.58,31.39
1.98,0.13,10.02,31.33
4.45,0.97,7.69,31.37
5.27,-0.02,6.12,31.34
1.46,-0.4,7.76,31.37
-5.02,-0.51,8.77,31.35
3.91,-0.4,9.96,31.38
7.11,0.64,7.72,31.37
7.69,0.1,6.26,31.4
3.75,-0.22,6.66,31.35
-2.75,-0.44,8.94,31.37
2.66,-0.03,10.15,31.38
2.81,-0.29,10.07,31.34
3.38,-0.14,6.96,31.36
0.0,-0.15,6.98,31.39
-4.1,0.65,9.24,31.35
-0.36,0.24,10.62,31.39
3.73,0.6,9.16,31.42
3.7,0.31,7.24,31.38
1.78,-0.54,7.84,31.37
-0.1,-1.24,10.34,31.4
3.44,0.57,10.16,31.36
6.12,-0.52,10.05,31.39
5.99,-0.79,8.31,31.37
2.14,-1.24,7.74,31.33
-1.99,-0.89,10.21,31.39
0.2,-1.81,11.72,31.37
5.7,-1.06,10.27,31.36
6.95,-1.7,7.89,31.35
2.93,-1.31,7.96,31.37
0.69,-1.36,10.32,31.42
2.09,-1.66,12.14,31.36
6.17,-1.67,10.28,31.36
6.62,-1.12,7.43,31.39
1.87,-1.95,9.55,31.38
0.63,-1.48,10.33,31.36
4.25,-1.27,11.27,31.35
7.42,-1.66,10.09,31.34
6.11,-0.21,7.66,31.37
3.22,-1.05,8.23,31.35
-0.51,-0.83,9.64,31.39
1.25,-1.34,11.36,31.38
5.66,-1.47,9.73,31.4
3.47,-0.9,7.71,31.37
0.45,-1.63,9.17,31.38
0.34,-0.95,9.77,31.42
2.49,-0.97,11.18,31.33
3.83,-0.09,9.84,31.34
6.37,0.0,6.73,31.34
3.6,-0.27,6.71,31.34
-1.12,-0.18,8.87,31.34
2.26,-0.3,10.59,31.37
3.45,0.46,8.98,31.4
5.5,1.02,6.23,31.37
3.74,-0.26,6.52,31.38
-3.73,-0.26,8.4,31.37
0.05,1.0,9.74,31.37
4.82,1.44,7.65,31.36
3.89,0.86,7.01,31.37
3.91,0.1,5.3,31.34
-0.88,1.05,7.09,31.39
-2.52,0.43,9.23,31.34
3.96,1.28,8.55,31.37
4.66,0.23,6.49,31.35
0.68,0.76,6.2,31.37
-1.39,-0.24,9.17,31.38
-2.6,0.53,8.03,31.34
-2.71,-0.41,10.41,31.37
2.72,0.32,8.95,31.35
5.92,0.71,6.74,31.37
3.4,0.27,6.38,31.36
-5.52,-1.27,9.08,31.36
-3.08,0.18,11.25,31.42
3.09,-0.31,10.34,31.34
2.36,-0.06,7.74,31.37
0.47,0.18,6.89,31.34
-3.23,-0.84,8.94,31.4
-2.97,-0.48,11.52,31.35
2.09,-0.23,9.39,31.39
5.05,-0.09,7.75,31.36
3.75,0.05,6.67,31.4
0.36,-0.25,7.92,31.37
1.74,0.87,10.18,31.41
5.13,0.62,9.32,31.34
5.44,1.34,6.57,31.38
1.96,-0.52,7.42,31.33
-1.54,-0.94,9.7,31.37
-0.3,-0.89,10.53,31.35
3.58,-0.44,9.78,31.37
5.32,0.21,7.44,31.37
1.91,-0.54,7.45,31.4
-0.13,-1.3,9.05,31.45
-4.47,-1.56,11.32,31.34
-1.64,0.21,10.58,31.37
3.82,0.84,8.01,31.33
4.02,-0.82,7.77,31.39
1.46,-0.38,8.56,31.34
1.09,-0.2,8.93,31.37
3.05,0.32,10.41,31.38
4.34,-0.54,9.3,31.38
4.45,0.51,6.98,31.46
-0.85,-1.24,8.53,31.4
-4.56,-0.52,10.81,31.36
1.57,0.18,10.73,31.37
3.81,-1.29,9.13,31.36
2.37,-0.19,7.03,31.43
0.12,-0.97,8.7,31.37
-1.8,-1.2,11.0,31.4
-0.06,-0.21,10.65,31.38
4.91,1.02,7.41,31.38
3.9,0.59,6.47,31.32
-0.03,-1.85,10.72,31.34
0.61,-1.71,11.82,31.34
3.79,-0.5,9.84,31.36
4.47,0.41,6.99,31.42
2.95,-1.35,7.96,31.36
0.56,-0.99,9.62,31.37
1.7,0.48,9.85,31.37
4.92,0.2,9.56,31.35
3.95,-0.56,8.05,31.36
2.13,0.66,6.41,31.37
-2.03,0.04,8.7,31.32
-1.38,-0.28,10.82,31.39
2.22,-0.74,10.28,31.37
3.14,0.48,7.18,31.37
0.7,-1.34,8.32,31.35
-2.78,-0.78,10.04,31.38
-1.2,-0.41,10.86,31.38
2.85,0.23,9.95,31.41
4.3,-0.37,8.03,31.41
-1.26,-1.13,8.71,31.37
-2.21,-0.93,10.2,31.38
1.43,-0.95,10.62,31.41
2.18,-0.24,10.2,31.37
4.02,-1.31,8.29,31.35
1.98,-0.85,8.01,31.4
-1.98,-1.6,10.47,31.38
1.53,0.41,10.38,31.36
5.79,-0.23,10.07,31.37
4.29,0.62,7.35,31.36
0.36,-0.54,7.49,31.4
-0.59,-1.75,10.77,31.41
0.55,0.92,10.33,31.35
4.08,0.79,8.67,31.36
4.58,-0.12,8.51,31.35
-2.34,-0.07,8.19,31.39
-4.38,-0.74,10.08,31.36
-0.51,0.06,11.04,31.45
2.08,0.51,9.85,31.37
4.15,-0.26,8.59,31.4
-0.72,-1.1,8.61,31.38
-2.1,-1.99,11.77,31.36
-0.87,0.82,10.0,31.36
4.62,0.84,8.45,31.34
5.16,-0.07,7.88,31.35
-2.18,-1.67,7.43,31.36
-2.47,-0.36,10.47,31.33
0.01,-1.28,11.24,31.37
3.24,1.21,8.29,31.35
6.29,0.01,7.32,31.36
0.42,-1.42,8.48,31.35
-2.2,-2.06,11.89,31.37
1.51,-1.24,12.29,31.39
4.76,0.81,8.07,31.35
5.91,-0.39,7.41,31.39
1.01,-1.07,7.5,31.36
0.2,-0.75,10.1,31.35
3.75,-0.32,10.58,31.41
4.5,-0.35,9.28,31.4
5.73,0.21,6.5,31.39
0.96,-0.05,6.72,31.37
-2.75,-0.35,9.98,31.34
1.42,0.29,9.76,31.35
3.98,0.47,8.14,31.31
3.61,-0.26,7.32,31.32
-3.51,-0.75,8.52,31.36
-3.74,-1.76,11.75,31.36
0.41,-0.91,11.01,31.37
4.24,0.26,7.36,31.35
4.69,0.05,6.52,31.38
0.04,-0.06,6.69,31.35
-1.08,-1.23,10.63,31.4
1.53,-0.37,10.72,31.37
2.91,1.0,7.09,31.39
3.68,-0.37,6.51,31.34
-1.18,-1.71,9.44,31.37
-2.61,-0.81,8.72,31.39
4.41,-1.21,11.4,31.33
4.77,-0.7,8.41,31.34
4.1,-1.03,8.57,31.35
3.79,-0.28,8.79,31.35
0.28,-0.72,10.24,31.37
3.65,-0.48,11.26,31.38
6.69,-0.94,8.15,31.4
5.26,-0.54,6.68,31.39
1.99,-0.36,8.03,31.32
1.0,-0.11,10.14,31.37
4.11,0.13,10.2,31.32
7.21,0.14,7.57,31.36
6.04,-0.47,7.03,31.41
1.37,0.23,7.7,31.37
1.81,-0.7,10.41,31.39
3.56,0.47,10.1,31.35
4.68,-0.61,8.37,31.36
2.94,0.8,7.06,31.36
0.91,-1.32,9.52,31.39
1.11,-1.55,10.89,31.36
4.4,-0.28,9.7,31.33
3.93,0.72,7.27,31.36
2.2,0.65,6.45,31.33
0.57,-2.61,10.14,31.41
0.05,-0.93,10.42,31.39
2.06,0.95,9.36,31.32
5.43,-0.35,8.14,31.37
1.4,-1.81,8.7,31.33
-0.67,-2.2,10.08,31.35
0.81,-1.74,10.94,31.36
0.8,-1.63,12.16,31.36
4.42,-2.07,9.3,31.37
4.63,-1.4,8.12,31.35
-0.54,-1.79,9.93,31.38
-0.8,-1.45,11.01,31.38
3.41,-2.0,11.39,31.4
6.76,-1.23,9.36,31.41
4.05,-1.99,8.19,31.33
1.34,-1.99,10.15,31.36
0.36,-1.79,11.2,31.37
4.51,-0.78,10.82,31.37
-2.96,-2.16,11.5,31.38
0.85,-0.87,11.49,31.37
4.13,0.61,8.87,31.34
4.55,0.62,7.22,31.33
0.12,-0.4,7.68,31.37
-2.81,-0.65,10.39,31.37
0.5,-0.47,10.8,31.4
1.78,1.57,8.89,31.37
3.5,1.2,6.77,31.37
-0.82,-0.44,7.58,31.35
-5.35,-0.1,9.31,31.35
0.57,-0.77,10.57,31.34
2.26,1.55,8.3,31.32
3.46,1.79,5.6,31.38
-0.32,0.61,6.68,31.37
-5.32,0.34,9.06,31.38
-0.65,-0.3,10.95,31.34
2.94,0.84,8.24,31.34
4.08,-0.08,6.82,31.35
0.35,-0.66,7.58,31.36
-3.03,-0.59,9.99,31.35
-0.68,-1.35,11.56,31.33
1.8,0.65,8.67,31.37
5.06,-0.59,7.23,31.35
1.91,-0.19,6.97,31.38
-3.8,-0.89,9.43,31.34
-0.1,0.05,11.73,31.39
5.87,-0.18,8.23,31.38
3.63,1.13,5.51,31.36
0.25,0.65,6.19,31.36
-2.36,0.22,9.05,31.38
-0.43,0.38,10.51,31.37
3.55,0.32,8.26,31.37
3.7,-0.13,6.72,31.36
1.33,-0.08,7.04,31.4
-0.99,0.8,9.08,31.31
2.5,0.12,11.15,31.32
4.93,0.43,8.19,31.35
3.69,0.02,6.74,31.34
0.01,-1.06,8.2,31.35
-1.28,-1.18,10.62,31.35
2.48,-0.07,10.98,31.35
6.52,-0.32,8.72,31.37
4.3,-0.2,7.06,31.36
0.66,-0.85,8.49,31.41
-0.97,-1.49,10.9,31.36
0.64,-0.87,11.27,31.34
5.55,-1.62,10.07,31.34
3.46,-2.45,8.64,31.35
-0.31,-2.45,9.71,31.36
-0.82,-1.33,10.42,31.3
1.7,-1.08,11.81,31.37
4.73,-1.66,9.99,31.35
4.48,-1.74,7.89,31.33
0.8,-1.53,9.39,31.41
-0.47,-0.55,10.15,31.35
3.15,-1.85,12.08,31.33
6.97,-1.13,9.49,31.33
5.58,0.51,6.4,31.34
1.96,-0.59,8.46,31.41
-0.91,0.46,8.7,31.33
3.57,-0.14,10.33,31.4
6.81,0.94,9.17,31.34
6.75,1.1,6.58,31.39
3.58,-0.52,7.64,31.38
0.05,-1.53,9.64,31.35
1.79,-1.57,11.41,31.39
3.23,-0.41,10.52,31.37
5.82,-0.44,8.12,31.38
1.5,-0.74,8.0,31.34
-1.75,-1.59,9.77,31.37
0.94,-1.47,11.48,31.36
3.89,-2.02,11.28,31.34
6.2,-0.88,8.26,31.38
0.24,-0.82,8.16,31.37
-3.65,-0.37,9.35,31.36
1.14,-0.46,11.15,31.35
3.71,-0.87,10.2,31.39
3.52,-0.48,7.93,31.38
-1.02,-1.1,8.38,31.33
-4.28,-1.58,11.03,31.34
-2.48,1.28,9.76,31.36
3.87,-0.23,10.47,31.35
4.53,-0.25,8.26,31.37
-2.66,-0.87,8.21,31.35
-3.98,-1.96,10.49,31.39
-1.6,-0.61,11.28,31.37
1.31,-0.3,9.86,31.37
5.43,-0.51,7.96,31.42
1.27,-1.34,8.71,31.41
-2.28,-2.19,11.49,31.39
0.39,-1.25,11.23,31.37
3.79,-0.46,9.61,31.4
4.07,0.01,7.25,31.36
0.07,-0.62,7.85,31.36
-1.26,-1.35,10.85,31.34
-0.06,-0.81,10.89,31.4
3.74,0.36,9.88,31.37
3.13,0.07,6.94,31.34
0.29,-1.22,8.2,31.37
-1.99,-1.27,10.79,31.35
1.75,-1.85,11.96,31.36
3.99,-0.4,9.86,31.38
7.01,-0.99,8.11,31.41
0.03,-1.54,8.8,31.38
-2.01,-1.55,11.25,31.35
0.46,-0.4,11.02,31.37
2.28,1.17,8.16,31.37
3.55,0.27,6.84,31.35
-3.48,-0.2,8.09,31.36
-5.81,-1.53,12.01,31.31
0.7,-0.66,11.39,31.38
2.35,1.17,9.26,31.29
3.48,0.52,6.93,31.37
-0.62,-0.49,7.36,31.37
-3.19,-0.78,9.92,31.33
0.23,-0.07,10.36,31.33
2.87,0.01,8.67,31.36
3.82,-0.36,6.84,31.34
0.03,-0.17,7.23,31.32
-1.92,-0.41,10.09,31.42
1.74,0.03,10.12,31.33
4.99,1.31,7.67,31.41
4.89,-0.5,6.96,31.35
-1.43,-0.19,8.05,31.35
-2.06,-0.88,9.98,31.38
1.95,-0.47,11.04,31.38
4.72,0.37,8.48,31.38
4.13,-1.12,7.04,31.36
0.27,-0.99,8.54,31.38
-2.04,-1.26,10.68,31.34
2.05,-0.81,10.64,31.35
5.92,-1.57,9.4,31.37
4.63,-0.79,7.14,31.39
0.03,-0.27,8.58,31.34
-1.0,-1.54,12.39,31.36
4.16,-1.93,11.57,31.32
5.44,-0.12,8.67,31.38
4.24,-1.46,7.44,31.38
1.11,-1.49,10.11,31.39
1.1,-1.66,11.04,31.4
4.07,1.53,9.66,31.37
5.22,1.05,8.09,31.39
3.8,-0.59,7.77,31.34
1.35,-1.36,9.16,31.41
0.98,-1.47,10.66,31.34
2.0,0.51,11.13,31.37
4.84,0.09,8.02,31.33
2.74,-0.89,7.87,31.37
-0.74,-1.02,9.16,31.39
0.64,-1.24,10.89,31.37
1.12,-0.64,12.29,31.37
5.35,-0.4,8.37,31.33
5.04,-0.09,7.11,31.37
-0.0,-1.87,9.42,31.36
0.54,-1.19,10.66,31.34
4.97,-2.94,12.84,31.33
7.04,-1.0,8.84,31.36
7.52,0.07,6.93,31.39
0.63,-1.27,9.29,31.34
-0.51,-1.14,10.04,31.35
1.24,-2.13,11.54,31.38
4.58,-1.23,10.74,31.38
4.28,-1.72,8.26,31.37
1.62,-1.61,8.72,31.34
-0.39,-1.51,10.04,31.39
2.08,-0.54,10.34,31.41
4.82,0.42,9.33,31.31
6.09,-0.31,7.48,31.35
1.04,0.51,7.05,31.35
-2.24,-1.4,10.1,31.36
1.57,-0.89,10.54,31.38
5.66,0.34,9.18,31.36
7.12,-0.68,7.87,31.36
2.47,-1.2,8.95,31.39
0.28,-0.87,9.38,31.33
0.71,-1.46,8.2,31.33
-2.21,-1.75,9.05,31.37
-1.77,-0.67,10.98,31.35
2.82,-0.01,10.01,31.33
5.26,-0.16,8.26,31.36
6.7,0.09,6.46,31.37
1.4,-0.44,7.99,31.36
-1.79,-0.41,10.52,31.31
3.29,-0.49,10.95,31.37
4.89,0.74,7.8,31.34
3.76,0.34,6.12,31.35
-0.85,0.62,7.13,31.4
-2.15,-0.03,9.92,31.36
0.25,-1.46,11.21,31.31
4.18,0.84,7.22,31.36
4.77,0.14,5.96,31.34
-1.31,-0.84,8.74,31.31
-3.46,-0.6,11.14,31.36
3.54,-0.17,9.45,31.39
4.39,0.09,8.0,31.39
-3.52,0.57,7.73,31.36
-4.25,0.06,10.26,31.36
1.7,-0.72,10.78,31.33
2.0,0.52,7.16,31.34
2.89,0.82,5.96,31.36
-1.42,-0.45,8.24,31.35
-2.85,-0.4,11.05,31.32
2.48,-1.02,11.06,31.34
4.97,-0.03,8.08,31.35
4.48,0.47,6.28,31.35
0.03,0.0,7.14,31.39
0.08,-0.16,10.16,31.35
3.02,0.04,10.53,31.33
5.76,1.07,6.49,31.34
4.32,0.08,5.43,31.36
-2.57,0.27,7.78,31.36
-1.83,-0.23,9.69,31.33
1.31,0.61,10.09,31.34
3.74,0.23,7.8,31.41
1.21,-0.11,6.56,31.36
-2.81,-1.2,9.12,31.38
-1.23,-1.8,11.55,31.36
2.63,-0.75,10.83,31.34
4.17,0.24,7.81,31.4
2.72,-0.71,7.45,31.37
-0.61,-1.75,9.58,31.35
-0.75,-1.55,12.34,31.34
5.62,-1.15,10.56,31.37
6.68,-0.29,7.86,31.36
3.45,-1.34,7.69,31.35
1.38,-1.24,9.13,31.4
0.07,-2.09,11.41,31.4
3.22,-0.06,9.98,31.34
5.91,-0.87,8.2,31.33
5.06,-0.76,7.93,31.33
2.31,-0.89,8.52,31.34
1.88,-0.56,10.11,31.37
3.88,0.26,10.28,31.37
6.69,0.16,7.8,31.37
2.48,0.4,6.62,31.36
0.65,0.52,6.62,31.39
-3.8,-1.08,10.14,31.37
-1.53,-0.51,11.31,31.36
3.83,0.13,9.67,31.41
6.16,-0.57,7.79,31.36
1.47,-0.63,7.42,31.36
-1.05,-0.58,9.05,31.32
2.85,-0.36,11.27,31.33
3.74,-0.04,10.1,31.34
4.63,0.09,7.09,31.37
3.43,-0.37,7.56,31.36
-2.45,-0.8,9.4,31.32
-0.88,-0.08,10.5,31.34
4.23,0.56,9.42,31.37
5.06,1.41,5.82,31.32
2.83,0.85,6.5,31.35
-0.26,-0.63,9.51,31.32
-2.11,0.24,10.68,31.37
1.79,-0.73,10.08,31.37
1.85,-0.15,8.97,31.33
-1.99,0.22,9.89,31.37
0.2,0.17,10.09,31.36
4.4,0.42,7.3,31.34
2.93,0.45,5.21,31.33
-1.71,0.91,6.99,31.35
-0.99,1.84,8.53,31.35
3.22,0.91,9.26,31.37
4.18,-0.59,7.84,31.35
4.09,-0.41,6.3,31.34
0.76,0.27,8.32,31.34
-0.15,-0.12,10.21,31.32
4.82,0.67,9.18,31.33
6.02,-0.17,7.22,31.36
2.83,-0.64,6.9,31.34
-0.27,-1.05,9.98,31.36
1.4,-0.95,11.0,31.31
6.21,-0.43,9.28,31.38
5.96,-1.11,8.3,31.32
3.26,-1.52,7.3,31.34
-0.06,-0.57,9.18,31.38
1.79,-2.4,12.52,31.33
5.27,0.31,9.72,31.37
5.88,-0.3,6.91,31.32
2.44,-0.51,7.94,31.35
-2.0,-0.47,9.81,31.36
2.24,-0.2,10.36,31.36
5.77,-0.7,10.11,31.39
3.27,1.13,6.71,31.36
1.51,0.07,7.13,31.37
-1.29,-1.18,10.11,31.35
0.41,-0.66,11.37,31.39
3.25,-0.55,9.79,31.34
5.68,-0.16,7.53,31.35
0.87,-1.11,8.6,31.34
-1.33,-1.63,10.25,31.31
1.03,-1.76,12.72,31.36
3.17,-0.85,10.12,31.38
5.46,0.39,7.18,31.34
0.42,-1.29,8.47,31.39
-2.53,-1.77,11.48,31.35
-0.55,-0.47,10.46,31.38
2.45,0.06,9.22,31.34
3.51,-0.98,8.71,31.33
-0.83,-1.62,9.05,31.36
-0.76,-1.53,9.87,31.36
-0.39,-0.7,11.45,31.37
2.92,0.69,10.03,31.34
6.58,-0.96,8.6,31.31
-0.54,-1.74,8.87,31.35
-1.95,-0.64,10.22,31.34
2.63,-0.5,11.08,31.33
5.13,-0.11,10.07,31.33
5.66,-1.3,8.97,31.39
2.17,-1.21,8.79,31.37
-0.24,-1.78,11.32,31.36
1.02,-1.21,11.09,31.35
4.19,-0.34,9.74,31.37
3.31,-1.31,8.58,31.36
5.33,0.08,7.51,31.34
3.74,-0.08,7.14,31.36
2.04,-0.79,8.3,31.38
-1.06,0.46,8.98,31.38
-0.42,-0.69,11.33,31.35
4.11,-1.17,9.89,31.4
4.1,-0.68,7.65,31.37
-0.56,-1.55,8.55,31.31
-1.35,-1.75,11.02,31.37
2.33,-1.98,12.32,31.35
4.87,-0.39,9.03,31.39
4.55,0.07,7.12,31.41
0.66,-1.43,8.34,31.35
1.26,-0.26,10.06,31.31
5.2,-1.44,11.08,31.35
5.77,0.76,8.08,31.36
4.5,-0.06,7.03,31.31
0.82,-0.75,8.54,31.34
-1.44,-1.09,10.28,31.38
2.11,-0.14,9.92,31.34
5.53,1.31,8.03,31.39
4.41,-0.71,7.58,31.36
-0.66,0.07,7.87,31.37
-0.68,-0.54,10.31,31.37
1.36,0.57,10.02,31.39
4.98,0.76,8.77,31.35
6.4,-0.34,7.85,31.34
2.75,0.11,6.93,31.34
-0.28,-0.74,9.42,31.37
0.17,-1.02,10.47,31.37
1.0,-0.64,10.15,31.35
3.83,-0.84,9.0,31.33
1.66,-0.01,7.51,31.32
-0.7,-1.48,9.85,31.32
-0.27,1.16,9.49,31.35
4.48,1.51,9.0,31.33
4.81,0.85,7.56,31.35
-1.23,-0.53,7.24,31.34
-1.48,-2.18,11.04,31.37
0.23,-0.4,10.49,31.34
-5.19,0.26,9.37,31.41
-3.34,-0.26,10.48,31.41
-0.73,-0.57,12.1,31.36
2.79,0.81,8.43,31.39
1.51,0.14,7.41,31.35
-5.68,-0.27,9.16,31.33
-1.99,-0.63,10.92,31.34
2.33,-1.05,11.74,31.34
2.5,-0.01,8.28,31.33
2.66,-0.56,7.36,31.34
-2.25,-1.6,9.53,31.37
-2.16,-2.66,12.39,31.34
1.91,-0.67,10.58,31.37
2.79,0.95,7.96,31.33
3.64,1.01,6.38,31.38
-1.59,0.02,8.26,31.37
-2.35,-0.97,11.21,31.35
1.32,0.6,10.95,31.37
1.84,0.58,9.04,31.36
1.88,0.67,7.32,31.35
-1.16,0.22,8.36,31.35
-3.67,-0.87,11.94,31.33
-0.6,-0.41,12.32,31.37
3.26,0.43,8.74,31.35
2.76,0.14,6.41,31.34
-5.28,-0.01,8.87,31.32
-3.48,-1.97,12.48,31.34
1.86,-0.2,10.34,31.37
4.35,-0.16,8.4,31.36
4.88,-0.41,7.95,31.33
-2.81,-1.89,9.67,31.36
-1.52,-0.89,11.37,31.35
1.65,-1.13,11.26,31.38
4.8,-0.43,8.0,31.35
5.03,-0.52,7.0,31.38
-0.8,-0.73,7.89,31.35
0.03,-0.93,11.17,31.35
4.53,-0.4,10.35,31.37
4.85,0.82,7.09,31.34
3.21,0.2,5.83,31.35
-0.25,-0.08,7.99,31.37
-0.83,-0.11,9.88,31.36
1.01,1.29,9.0,31.37
3.29,0.54,7.67,31.35
1.62,-0.61,6.99,31.41
-2.7,0.62,7.59,31.37
-0.72,0.13,10.17,31.39
3.16,-0.03,10.24,31.37
3.79,-0.11,8.04,31.37
3.92,-0.62,7.09,31.35
-2.04,-0.57,9.57,31.38
-1.62,-1.06,11.5,31.44
3.57,-1.24,11.2,31.35
4.19,-1.12,8.19,31.35
1.81,-1.75,8.06,31.32
-1.19,-1.84,10.13,31.32
-0.03,-1.37,11.54,31.33
3.74,-0.79,10.19,31.35
4.52,0.17,6.78,31.3
2.98,-0.68,7.13,31.36
-0.85,-0.59,9.01,31.37
2.12,-1.61,11.14,31.39
6.32,-0.79,10.82,31.37
5.97,-0.92,7.72,31.34
4.08,-0.23,6.29,31.35
-0.46,-1.23,10.23,31.37
1.4,-2.04,11.61,31.36
6.96,0.59,9.88,31.39
8.63,-0.44,7.16,31.36
2.83,-0.41,7.51,31.39
-0.11,-1.02,9.45,31.36
1.88,-1.57,11.44,31.32
5.06,-0.77,10.98,31.38
8.92,-0.95,7.95,31.32
6.04,-0.35,7.48,31.36
0.82,-1.99,10.25,31.37
1.53,-2.01,11.35,31.32
6.32,-0.86,9.99,31.32
8.14,-0.54,7.68,31.39
2.81,-0.22,6.05,31.34
-0.08,-0.77,9.44,31.33
2.65,-1.87,11.08,31.32
4.35,0.61,9.38,31.37
4.76,-0.96,8.42,31.35
-0.48,-1.76,9.04,31.36
-1.29,-1.12,10.3,31.33
-0.39,-0.21,10.15,31.35
2.63,-1.27,11.34,31.37
5.66,-2.38,10.22,31.35
2.89,-1.86,8.81,31.39
-2.45,-1.82,9.95,31.37
-1.19,-1.89,11.22,31.37
2.86,-0.48,11.34,31.34
5.56,-1.08,9.36,31.37
4.58,-1.49,8.7,31.38
-1.62,-1.75,10.26,31.33
-0.79,-0.27,10.73,31.38
2.06,-1.02,11.51,31.36
4.47,0.48,8.56,31.35
1.46,-0.5,6.62,31.35
-2.19,-0.85,9.27,31.35
-0.87,-1.72,10.48,31.37
2.07,0.25,10.58,31.4
4.96,-0.82,9.93,31.33
4.46,-1.15,7.2,31.32
-1.59,-2.24,10.56,31.34
-2.41,-2.43,11.71,31.37
0.97,0.32,10.61,31.31
5.72,-0.69,9.0,31.33
4.17,-1.35,8.35,31.33
0.51,-2.26,10.41,31.34
0.62,-1.06,10.7,31.34
0.22,0.97,9.86,31.36
4.46,1.3,7.53,31.34
3.67,1.24,7.15,31.36
2.1,-0.41,7.54,31.35
-1.15,-0.84,9.2,31.33
2.16,-0.04,10.45,31.38
5.35,-0.79,11.95,31.32
7.49,-0.81,8.47,31.37
1.7,-0.32,7.78,31.34
-1.59,-0.94,9.45,31.33
0.23,0.23,10.67,31.35
4.5,1.13,9.22,31.38
6.31,0.75,7.66,31.35
-0.51,-0.25,7.75,31.37
-5.01,-1.02,10.03,31.39
-3.13,-1.81,11.05,31.37
0.53,0.19,10.16,31.35
2.41,-0.13,8.88,31.37
-1.32,-1.45,8.91,31.38
-3.07,-1.23,10.08,31.37
-0.49,-0.62,10.63,31.37
0.68,0.74,10.56,31.36
2.66,-1.72,9.72,31.36
0.28,-2.78,9.58,31.29
-2.71,-1.14,10.14,31.36
-0.68,-1.08,11.81,31.38
3.18,0.17,10.08,31.32
7.89,-0.78,8.72,31.34
2.3,-1.62,8.67,31.32
-1.44,-2.47,11.54,31.39
2.02,-0.91,11.48,31.39
5.73,0.23,9.82,31.35
6.51,-1.26,8.42,31.37
3.86,-1.22,8.44,31.34
-0.31,-1.2,10.36,31.38
1.3,-0.19,10.03,31.37
3.1,-0.3,10.12,31.34
4.44,-0.37,7.94,31.33
0.98,-1.63,7.58,31.34
-4.25,-2.2,11.65,31.33
1.41,-2.02,11.46,31.38
4.41,0.07,9.22,31.36
5.23,1.08,5.71,31.34
-0.4,0.56,6.21,31.38
-5.15,-0.74,9.61,31.38
1.54,-0.55,9.66,31.33
3.5,1.87,7.71,31.36
3.8,0.8,6.44,31.37
0.15,1.18,7.08,31.33
-2.13,0.02,8.91,31.37
-0.41,-0.72,11.37,31.37
1.36,0.64,9.96,31.36
4.77,0.73,6.81,31.36
-0.0,-1.13,7.52,31.33
-4.09,-0.48,9.2,31.37
0.92,-1.09,11.34,31.33
2.58,-0.22,9.86,31.36
2.46,0.96,6.09,31.37
-0.7,-0.79,7.45,31.37
-5.62,-1.28,10.79,31.34
-0.16,-1.09,11.7,31.4
5.28,-0.23,9.92,31.32
3.61,-0.25,7.52,31.32
1.25,-0.37,7.35,31.35
-1.07,-1.3,9.86,31.36
1.19,0.01,10.86,31.35
5.71,0.37,8.05,31.39
3.69,-0.05,7.22,31.32
0.93,-0.27,7.7,31.34
-2.28,-0.63,10.3,31.37
2.18,0.03,10.54,31.36
6.06,-0.95,8.75,31.36
4.93,-0.02,7.64,31.35
1.28,-0.6,7.31,31.33
-1.35,-0.34,8.85,31.35
-2.26,-0.36,10.73,31.33
3.76,-1.08,10.65,31.39
5.88,1.29,7.17,31.37
1.1,-0.88,7.87,31.33
-2.03,-0.97,9.25,31.39
-0.15,-1.36,10.21,31.36
1.84,0.17,9.86,31.34
3.73,-0.45,8.25,31.39
3.42,-0.8,7.4,31.39
0.44,-0.67,8.39,31.37
-0.04,0.05,10.11,31.38
4.74,0.69,10.23,31.32
6.52,0.2,7.62,31.37
1.8,0.34,6.37,31.34
-3.07,-0.78,9.11,31.36
-1.66,-0.58,10.84,31.35
1.35,-0.58,10.53,31.34
4.1,0.38,7.41,31.38
3.4,-0.31,6.88,31.37
-2.13,-0.44,9.02,31.39
-1.77,-0.97,11.48,31.39
2.45,0.03,10.3,31.35
4.91,0.19,7.52,31.34
2.6,-0.62,7.53,31.35
-0.35,0.44,8.6,31.36
-1.93,-1.31,8.79,31.34
-2.94,-1.37,9.55,31.36
-0.69,-1.65,11.56,31.34
3.55,-1.18,10.98,31.36
5.96,-0.05,7.49,31.37
2.98,0.15,6.69,31.36
-1.82,-1.29,9.84,31.36
-1.23,-1.93,12.12,31.35
1.93,-0.39,9.92,31.36
6.93,-1.13,8.4,31.37
1.57,-0.86,8.33,31.38
-3.22,-0.93,9.57,31.39
1.33,-2.3,12.34,31.36
4.91,-0.02,10.58,31.34
6.44,-0.1,7.53,31.36
3.19,-0.61,7.8,31.34
-3.78,-0.53,8.7,31.36
-2.04,-0.98,11.97,31.38
3.75,-1.05,10.38,31.37
5.74,-0.29,6.98,31.39
1.42,-0.44,7.68,31.39
-5.54,-0.66,9.55,31.38
-0.68,-0.95,11.84,31.34
4.81,-0.96,10.31,31.33
5.95,0.48,6.81,31.37
5.76,-0.97,6.98,31.36
-0.7,-0.29,8.76,31.36
2.91,0.19,10.49,31.3
7.58,1.56,8.14,31.38
7.46,0.37,6.15,31.39
4.27,0.23,6.38,31.36
0.1,-0.79,9.28,31.37
2.58,0.69,10.06,31.34
4.42,1.61,8.16,31.32
4.64,0.7,6.83,31.33
3.34,-0.66,7.08,31.35
0.25,0.85,7.65,31.38
0.55,0.47,9.67,31.32
2.43,1.08,9.11,31.37
4.66,1.19,6.11,31.4
2.03,-0.96,8.18,31.35
-3.52,-1.69,9.9,31.37
0.57,-0.98,11.51,31.33
5.2,-1.79,10.74,31.37
5.0,-0.23,7.94,31.37
3.7,-2.09,8.36,31.35
0.5,-1.08,10.09,31.34
1.5,-1.08,11.34,31.35
4.35,-0.43,9.78,31.32
5.45,0.28,7.34,31.33
3.46,-0.55,6.9,31.33
-0.36,0.38,8.65,31.36
2.49,0.28,10.31,31.34
5.61,1.18,8.43,31.39
5.23,0.43,6.81,31.39
4.13,-0.5,7.25,31.38
0.32,-0.35,9.06,31.35
1.59,-0.08,10.43,31.35
4.95,0.67,8.76,31.38
3.6,0.3,6.68,31.32
1.07,-1.01,8.41,31.41
0.28,-1.46,10.13,31.34
2.74,-0.19,10.25,31.34
5.17,0.27,9.04,31.36
5.67,-1.02,8.15,31.39
0.58,-1.31,8.42,31.36
-2.72,-1.51,10.13,31.35
1.61,-1.32,11.39,31.37
4.16,-0.32,9.68,31.32
3.59,-1.5,8.45,31.38
2.34,-1.21,8.72,31.35
1.07,-0.97,9.76,31.32
3.56,1.09,9.14,31.38
6.64,1.55,8.37,31.36
6.68,0.34,8.03,31.39
2.07,1.29,5.73,31.38
1.33,-0.38,7.87,31.36
1.79,-1.13,11.63,31.32
2.78,0.37,9.17,31.31
7.76,0.44,7.52,31.35
2.83,-0.74,7.32,31.31
-2.88,-1.04,9.74,31.35
0.44,-1.21,10.28,31.37
2.21,-0.85,11.44,31.37
4.16,-0.7,8.71,31.33
4.24,-0.44,8.0,31.34
-0.5,-1.3,9.94,31.36
-0.28,-1.92,10.92,31.34
4.13,-0.56,11.36,31.37
6.58,-0.16,8.53,31.33
1.91,-0.9,8.09,31.38
-1.19,-2.34,10.82,31.35
-0.07,0.34,10.07,31.37
2.62,0.32,10.15,31.39
4.35,-1.03,8.88,31.34
1.52,-1.64,7.9,31.34
-2.33,-0.77,9.02,31.33
0.31,-0.48,10.39,31.32
4.15,1.39,7.18,31.32
5.05,1.42,6.71,31.34
1.07,-0.33,6.85,31.37
-2.84,-0.42,9.99,31.33
0.77,-0.48,10.27,31.33
0.46,0.78,10.24,31.32
2.09,1.91,7.36,31.38
-0.32,-0.68,7.8,31.35
-7.76,-0.81,10.83,31.35
-4.15,-1.03,11.16,31.4
0.76,0.57,11.73,31.39
2.56,0.36,8.15,31.35
-1.44,0.04,7.4,31.37
-6.38,-1.36,10.3,31.35
-1.75,-1.38,11.65,31.36
1.54,0.3,10.95,31.34
5.53,0.32,7.35,31.34
1.33,-0.45,7.76,31.35
-5.12,-2.61,11.17,31.35
-0.52,-2.62,12.59,31.36
5.68,-1.92,9.37,31.34
6.09,-0.42,6.93,31.35
1.21,-0.9,9.19,31.32
-1.33,-0.22,10.96,31.38
5.12,-0.49,10.41,31.4
6.53,0.25,7.42,31.34
4.77,0.29,6.84,31.33
1.35,0.81,7.51,31.36
-0.77,-0.54,10.28,31.34
0.63,0.58,10.16,31.34
2.88,-0.06,7.29,31.32
1.77,-0.84,7.34,31.37
1.27,-0.74,9.51,31.34
2.79,-1.03,11.25,31.35
5.95,0.29,9.58,31.36
8.41,-0.2,7.89,31.39
3.12,-1.86,8.3,31.35
-0.94,-0.99,8.82,31.34
0.42,-0.99,11.2,31.35
2.27,-1.56,11.75,31.39
6.71,-1.39,8.9,31.39
4.96,-0.62,7.46,31.39
-1.32,-1.37,10.2,31.37
0.58,-1.42,11.29,31.37
3.56,-1.66,11.59,31.33
5.53,0.03,7.74,31.32
2.39,-0.1,7.43,31.36
-0.19,-1.0,9.9,31.4
2.16,-0.65,10.7,31.38
4.71,1.13,9.39,31.39
5.43,0.12,7.38,31.36
-0.79,-0.34,7.87,31.35
-1.19,-1.45,10.43,31.33
0.16,-0.82,10.33,31.39
0.64,1.3,9.28,31.38
3.91,0.83,7.78,31.39
-1.78,-0.13,7.39,31.35
-3.23,-1.22,10.32,31.35
-0.91,-1.12,12.51,31.36
1.29,-0.35,11.09,31.33
3.75,-0.58,8.66,31.35
-1.09,-1.69,9.04,31.33
-3.79,-2.66,10.65,31.32
-1.13,-1.94,11.97,31.36
0.81,0.65,10.46,31.37
3.31,-1.21,9.07,31.36
-0.42,-2.11,9.24,31.35
-3.47,-1.8,10.9,31.38
-1.87,-0.89,10.99,31.35
2.41,0.96,10.36,31.33
3.36,-0.66,8.95,31.31
-1.74,-1.58,8.99,31.35
-2.87,-2.52,10.69,31.41
1.79,-0.44,11.33,31.4
2.88,-0.91,12.13,31.39
6.4,-0.33,9.17,31.37
6.1,-0.75,8.33,31.33
-4.54,-1.76,10.61,31.37
0.3,0.63,9.53,31.35
2.37,-0.41,10.55,31.35
5.59,-1.33,9.26,31.37
3.42,-1.49,8.37,31.35
0.09,-0.52,8.78,31.36
-0.77,0.63,9.42,31.34
0.54,-0.91,10.42,31.34
4.1,-1.47,9.18,31.33
2.04,-1.37,8.51,31.37
-2.7,-1.22,9.36,31.32
-0.21,-0.71,10.15,31.36
3.26,-0.63,10.35,31.34
6.23,-0.29,8.49,31.34
3.18,-0.4,7.25,31.35
-1.94,-0.19,9.15,31.37
0.3,0.55,9.22,31.35
4.28,-0.11,10.18,31.36
6.09,0.3,8.34,31.35
2.0,-0.62,7.49,31.43
-1.35,-1.44,10.17,31.34
0.67,-1.2,10.34,31.34
3.0,-0.27,11.71,31.33
3.78,-1.08,8.81,31.33
0.51,-0.97,8.75,31.35
-2.86,-1.78,9.84,31.39
-1.8,-1.33,11.27,31.3
2.69,-0.46,11.17,31.37
6.13,-0.94,9.31,31.35
2.66,-0.92,8.46,31.32
-2.32,-1.11,9.89,31.34
-0.6,-0.47,10.77,31.37
1.07,0.35,10.38,31.36
3.92,-1.97,9.7,31.32
0.94,-2.18,8.92,31.39
-2.59,-1.27,10.0,31.39
-0.16,-0.96,10.9,31.33
2.22,0.54,10.07,31.34
6.9,0.19,8.03,31.33
4.75,-0.36,7.5,31.34
4.09,-0.55,7.74,31.35
0.17,-0.47,7.3,31.36
-2.78,-0.23,9.31,31.34
0.13,-1.25,11.52,31.37
2.57,-0.51,8.96,31.36
4.91,-0.65,7.55,31.32
1.09,-1.48,8.77,31.35
-2.41,-1.88,10.73,31.31
2.66,0.01,10.18,31.37
6.57,0.14,8.73,31.38
4.85,0.13,6.94,31.34
0.79,-0.09,7.62,31.34
-2.25,-0.14,9.56,31.35
-1.19,0.64,10.49,31.32
2.49,0.59,8.78,31.32
4.35,-0.25,6.44,31.4
-0.26,-0.11,7.6,31.34
-2.4,-0.05,8.49,31.37
0.34,-0.53,11.15,31.34
2.66,-0.45,9.13,31.38
2.03,-0.99,7.23,31.33
-1.53,-0.8,8.44,31.34
-1.5,-0.1,9.35,31.37
-0.79,-1.36,12.58,31.37
3.43,-1.91,9.45,31.39
4.26,-0.2,7.32,31.29
0.1,-1.25,8.49,31.34
-1.68,-1.13,10.35,31.4
1.93,-1.79,12.37,31.3
5.64,-1.18,9.93,31.33
2.74,-0.94,8.1,31.34
-0.38,-1.05,8.64,31.34
-1.02,-0.5,10.42,31.38
1.3,-1.1,11.04,31.38
5.56,-0.44,9.61,31.34
4.03,-0.52,7.78,31.36
0.11,-0.76,8.21,31.34
-2.49,-0.38,10.05,31.39
0.94,-0.97,11.22,31.36
4.45,-0.77,9.8,31.32
1.19,-0.23,7.34,31.36
-2.59,-2.43,10.02,31.34
-4.61,-2.08,11.27,31.35
-0.37,-0.37,11.52,31.39
4.58,-1.17,10.52,31.32
1.88,-1.06,8.12,31.37
-2.27,-1.9,9.69,31.38
-2.58,-2.09,11.09,31.38
-0.6,0.18,11.27,31.34
3.93,-1.35,11.36,31.32
2.79,-1.56,8.24,31.38
-2.63,-2.38,10.23,31.33
-2.91,-2.01,12.53,31.34
0.44,-1.27,10.81,31.34
4.17,-1.18,11.91,31.32
0.95,-1.75,8.85,31.4
0.51,-1.85,8.65,31.34
-1.22,-2.26,10.76,31.36
-0.08,-0.28,11.59,31.35
2.94,-0.87,11.16,31.38
5.25,-1.68,8.89,31.4
-0.8,-1.61,8.67,31.39
-4.5,-2.22,10.48,31.38
-1.11,-1.49,11.28,31.37
0.67,-0.3,11.11,31.34
2.09,-0.99,9.12,31.37
-0.09,-0.9,8.09,31.35
-4.15,-2.01,10.71,31.37
-0.8,-0.72,11.33,31.37
2.95,-0.43,11.41,31.33
5.35,-0.79,8.31,31.36
0.6,-1.91,8.72,31.34
-1.54,-1.85,10.61,31.37
1.37,-1.58,11.47,31.34
3.19,-0.45,9.93,31.37
5.56,-0.21,7.43,31.35
1.03,-0.82,7.36,31.35
-3.05,-2.02,11.16,31.35
-4.72,-0.95,8.8,31.35
-6.37,-0.46,9.37,31.36
0.41,-0.9,11.2,31.34
3.74,-0.62,9.56,31.39
3.46,1.37,5.41,31.38
0.23,-0.34,7.2,31.34
-3.9,-0.3,10.0,31.37
1.03,-0.28,10.61,31.34
5.25,0.27,9.68,31.42
3.39,-0.23,6.82,31.33
-1.49,-0.94,8.14,31.37
-3.67,-1.66,11.02,31.37
0.23,-1.21,11.63,31.4
3.32,0.57,9.45,31.39
4.74,-0.51,7.0,31.37
1.09,-1.18,7.69,31.32
-1.72,-1.64,10.02,31.35
2.79,-0.35,11.48,31.36
6.95,0.19,9.03,31.35
5.68,-0.16,6.32,31.35
3.13,1.74,8.32,31.36
6.23,0.13,8.46,31.39
1.53,-2.09,9.0,31.36
-1.58,-2.48,10.57,31.32
-1.84,-1.55,11.57,31.34
0.63,0.82,10.73,31.36
4.32,-0.8,8.52,31.32
0.41,-0.38,6.59,31.34
-2.45,-0.82,9.58,31.4
0.76,-0.95,10.35,31.35
3.5,1.17,9.23,31.34
5.85,-0.32,8.14,31.38
1.03,-0.71,7.82,31.34
-4.19,-2.94,11.38,31.33
-1.01,-1.72,11.58,31.34
3.13,0.42,10.88,31.32
4.71,0.72,7.93,31.34
0.8,-0.37,7.2,31.34
-4.76,-1.54,10.44,31.33
-1.96,-0.95,11.31,31.37
0.49,1.13,10.36,31.37
5.17,1.35,7.13,31.34
1.68,-0.66,7.21,31.34
-5.13,-1.0,9.2,31.34
0.48,-1.16,11.37,31.36
3.25,-0.61,10.87,31.34
4.85,0.82,6.79,31.33
3.17,-1.16,7.16,31.32
-2.26,-2.57,11.02,31.33
0.66,-1.93,12.15,31.34
4.68,-0.51,10.59,31.35
4.83,-0.24,7.49,31.33
0.25,-1.3,7.7,31.33
-1.75,-1.75,10.16,31.31
0.53,-1.35,11.17,31.36
4.76,1.5,8.54,31.33
7.86,0.68,6.05,31.31
4.12,0.7,5.05,31.33
-3.68,-0.19,8.21,31.33
-1.6,-0.55,11.39,31.4
3.9,1.15,9.36,31.31
4.2,-0.08,6.54,31.32
-0.06,-0.6,7.13,31.34
-6.04,-1.82,10.42,31.3
-2.35,-1.73,12.69,31.33
1.99,0.88,8.86,31.31
3.66,0.96,6.55,31.32
0.87,-0.85,6.91,31.35
-2.44,-0.34,8.97,31.33
2.74,0.06,10.59,31.32
6.13,1.26,9.48,31.34
3.9,-0.11,7.96,31.32
2.86,0.63,6.05,31.35
-3.36,-0.33,7.53,31.37
-5.58,-0.77,10.84,31.36
0.33,-0.35,10.67,31.32
4.31,-0.06,9.67,31.35
-1.01,-0.68,6.94,31.34
-5.59,-1.01,7.8,31.33
-3.88,-0.68,10.64,31.35
1.62,-0.79,11.05,31.33
3.62,0.54,8.73,31.32
5.41,-1.08,6.92,31.37
1.14,-0.7,6.9,31.37
-1.3,-0.15,10.04,31.34
5.11,-0.6,10.39,31.36
6.78,1.16,7.27,31.34
5.29,0.63,6.66,31.36
-0.46,-0.67,8.18,31.34
-1.58,0.42,8.82,31.32
2.92,-0.54,9.74,31.37
4.63,0.97,7.63,31.35
1.97,-0.08,6.59,31.3
-1.71,-0.51,9.0,31.34
-3.7,-2.34,11.81,31.33
-0.16,-0.92,11.41,31.32
3.59,-0.21,9.16,31.37
4.8,-0.46,6.53,31.36
1.66,-1.99,12.63,31.35
4.18,0.55,10.51,31.32
4.76,0.84,7.06,31.4
3.17,0.1,6.63,31.34
2.76,-0.35,7.7,31.36
0.24,0.33,9.65,31.34
3.73,2.4,9.14,31.33
5.66,1.52,7.05,31.37
1.48,0.47,6.46,31.37
-2.58,-0.26,8.5,31.34
-0.32,-0.93,10.24,31.32
3.23,1.24,9.8,31.35
3.58,-0.21,8.51,31.33
1.98,-0.31,7.12,31.35
-2.43,-0.86,8.54,31.32
-3.2,0.6,9.92,31.32
0.73,-0.45,10.76,31.34
1.82,-0.35,8.18,31.33
0.62,-1.52,8.32,31.34
-2.81,-2.5,10.25,31.3
-1.85,0.08,10.56,31.37
2.76,-0.79,10.52,31.34
4.94,0.06,7.9,31.35
0.32,-1.19,8.02,31.35
-2.7,-2.18,10.38,31.34
-0.47,-1.29,11.69,31.37
2.66,-0.95,12.06,31.33
5.23,-1.34,9.26,31.37
3.17,-1.66,8.47,31.34
-1.51,-2.52,10.46,31.36
-0.02,-2.62,11.9,31.36
4.01,-1.67,11.93,31.35
6.83,-1.17,8.95,31.4
3.16,-0.91,7.62,31.37
-0.18,-2.09,10.09,31.38
1.2,-1.17,11.02,31.37
5.78,-1.48,11.64,31.33
7.06,-1.92,10.53,31.33
1.1,-2.52,8.91,31.33
-0.51,-1.95,9.96,31.33
0.15,-1.61,10.88,31.31
2.58,0.07,11.15,31.35
6.0,-0.96,9.59,31.39
3.17,-2.23,8.42,31.32
-2.6,-1.81,9.87,31.34
-1.44,-0.77,10.31,31.36
2.89,0.72,10.3,31.36
4.84,0.22,8.42,31.32
0.26,1.17,6.51,31.36
-2.59,0.68,8.9,31.35
-1.02,-0.39,10.62,31.34
1.3,1.01,8.92,31.37
3.77,-0.9,9.04,31.39
-0.75,-2.27,8.53,31.32
-6.99,-1.35,10.6,31.33
-2.18,-1.73,11.12,31.34
0.29,0.48,10.76,31.36
2.95,-0.65,8.8,31.32
1.08,-0.52,7.74,31.34
-4.37,-2.46,11.26,31.34
-1.99,-1.35,11.2,31.38
2.23,-0.25,11.32,31.37
4.61,-0.66,8.75,31.34
1.87,0.52,6.87,31.37
-2.27,-2.11,10.85,31.39
-1.08,-1.08,11.57,31.35
1.99,0.9,10.01,31.36
4.74,0.56,7.88,31.35
-0.57,-1.0,7.69,31.34
-2.48,-1.22,9.55,31.34
0.12,-0.94,10.92,31.34
1.64,1.49,9.28,31.33
4.92,0.93,7.13,31.35
0.91,-1.28,7.51,31.36
-6.29,-0.4,9.24,31.41
-2.62,-0.82,11.34,31.37
-0.75,0.51,11.21,31.4
6.02,-0.05,7.12,31.34
0.98,0.08,6.35,31.32
-3.84,0.57,7.9,31.34
-3.66,-1.32,10.64,31.4
1.88,-0.24,11.17,31.37
2.36,0.87,7.08,31.34
3.48,-0.11,6.31,31.37
-1.41,-1.61,8.42,31.33
-3.85,-1.03,10.32,31.36
1.49,0.71,9.64,31.3
3.74,1.02,7.02,31.35
3.11,0.85,6.07,31.32
-4.57,-1.94,9.15,31.4
-2.89,-2.05,11.83,31.32
1.05,-0.74,10.35,31.38
2.64,-0.34,8.78,31.32
4.81,-0.35,7.04,31.36
-0.86,-1.35,8.35,31.37
-1.78,-0.09,10.42,31.33
2.9,-1.4,11.05,31.36
5.02,-0.39,9.22,31.31
5.6,-0.46,6.69,31.39
0.98,-0.63,6.87,31.36
-0.55,0.51,9.69,31.36
2.11,-0.09,11.22,31.36
3.97,2.23,7.62,31.32
5.23,0.01,6.0,31.37
-0.73,-0.76,8.54,31.39
-1.46,0.27,9.28,31.31
1.05,1.08,9.59,31.38
2.93,0.92,8.52,31.36
2.28,-1.2,7.56,31.36
-0.23,-0.24,7.69,31.38
-1.26,-0.42,10.13,31.37
-0.4,0.32,10.97,31.37
3.58,0.59,8.59,31.32
3.95,-0.62,7.21,31.37
-1.27,0.58,6.69,31.33
-2.86,0.31,9.57,31.32
1.0,0.41,10.56,31.37
3.68,0.44,7.65,31.36
2.02,-0.54,6.82,31.32
-2.82,-1.33,8.91,31.34
-1.05,-1.13,10.8,31.35
2.85,-0.76,10.86,31.32
3.74,-1.56,9.54,31.33
3.38,-0.68,7.15,31.32
-0.1,-1.41,9.05,31.36
-0.46,-2.27,11.54,31.32
2.29,-0.35,11.07,31.36
4.87,-0.31,8.26,31.34
3.11,-0.1,6.91,31.38
-0.74,-0.52,8.04,31.33
1.65,-0.05,9.51,31.37
4.3,0.97,9.84,31.36
4.78,-0.75,8.52,31.39
4.52,-0.72,7.17,31.35
2.14,-1.97,9.25,31.36
1.31,-1.07,10.82,31.32
5.78,1.0,10.26,31.33
9.06,1.18,6.97,31.35
6.56,-0.09,5.97,31.35
0.9,-1.37,9.03,31.38
1.62,-0.28,9.84,31.34
4.37,-1.4,11.25,31.37
5.64,-0.09,7.72,31.35
2.49,0.03,6.82,31.4
-0.69,-2.05,9.93,31.39
1.81,-2.29,11.94,31.38
5.2,-1.23,11.39,31.38
5.71,0.49,7.76,31.33
0.27,-0.13,8.09,31.36
-1.4,-1.53,9.86,31.35
-0.4,-1.42,10.79,31.42
2.97,-0.08,10.74,31.34
4.57,-0.8,9.19,31.33
0.87,-1.79,8.78,31.34
-2.1,-1.7,10.02,31.34
-0.65,-0.36,9.85,31.35
2.6,1.53,10.04,31.33
5.13,0.84,7.84,31.33
0.79,0.03,7.13,31.34
-3.83,-2.23,10.3,31.33
-3.06,-0.67,11.03,31.3
1.13,0.18,11.38,31.32
2.15,-1.16,8.93,31.32
-2.05,-1.72,7.99,31.36
-2.14,-2.28,11.16,31.37
-0.94,-1.98,12.26,31.35
1.89,1.3,9.59,31.34
5.37,-0.79,8.52,31.36
-0.39,-1.86,8.31,31.32
-4.2,-2.22,10.71,31.34
-0.24,-1.38,12.06,31.38
1.89,-0.72,11.87,31.35
4.88,-0.48,8.58,31.36
3.28,-1.93,8.12,31.37
-3.36,-2.01,11.03,31.34
-0.53,-0.74,11.95,31.35
2.56,-1.3,12.08,31.31
5.16,1.2,7.12,31.35
2.22,-0.86,6.99,31.39
0.42,-1.45,8.4,31.32
-0.08,-1.53,10.67,31.35
1.61,-0.65,11.25,31.32
5.15,0.77,8.5,31.37
2.93,-2.04,8.79,31.4
-1.65,-2.56,9.26,31.34
-0.09,-1.77,10.3,31.35
0.99,0.16,9.89,31.38
4.02,1.09,8.15,31.34
5.6,-1.47,7.64,31.3
-0.7,-1.82,8.04,31.38
-0.78,-0.9,11.38,31.37
2.43,-1.64,11.72,31.39
3.72,0.28,8.65,31.32
5.28,-1.45,7.34,31.3
0.12,-1.85,8.69,31.34
5.96,-0.15,6.12,31.42
2.56,1.49,5.46,31.36
-2.77,0.01,9.29,31.34
-0.99,0.04,9.77,31.3
1.57,1.22,9.55,31.37
5.32,-0.75,8.32,31.36
-0.47,0.12,7.01,31.34
-5.03,-1.33,9.29,31.36
0.25,-1.85,11.92,31.35
2.8,1.14,8.77,31.34
4.1,0.68,7.1,31.37
0.01,-0.39,7.51,31.39
-5.74,-1.01,9.28,31.34
-1.51,-1.5,12.05,31.36
3.22,0.39,9.5,31.34
4.56,1.18,7.11,31.31
1.03,0.28,5.92,31.38
-4.94,0.19,8.82,31.3
-3.29,-1.15,11.83,31.36
1.87,0.92,10.04,31.34
5.0,-0.9,7.78,31.36
1.31,-0.47,5.54,31.38
-4.77,-0.93,9.61,31.36
-2.04,-0.97,11.42,31.4
1.19,0.93,9.34,31.37
1.93,-0.92,7.29,31.35
-2.04,1.07,7.22,31.32
-5.38,-1.25,9.49,31.36
-1.59,-1.06,12.28,31.34
1.58,-0.74,10.32,31.33
2.68,-0.04,7.24,31.38
0.79,-0.8,7.88,31.37
-4.41,-1.87,10.61,31.35
-1.48,-1.48,12.38,31.34
2.81,-0.95,11.13,31.35
3.49,-0.53,7.83,31.31
3.35,-1.58,7.95,31.32
-0.25,-0.8,9.85,31.34
2.93,0.07,11.27,31.34
5.44,0.44,10.13,31.32
5.98,-0.44,8.01,31.35
5.36,-0.9,7.31,31.36
0.1,-1.45,10.62,31.35
1.96,0.68,10.54,31.37
6.8,-0.15,9.77,31.34
6.18,-0.89,8.3,31.32
2.34,-0.95,7.42,31.37
0.42,0.11,8.95,31.36
1.28,-0.16,10.99,31.36
6.61,-0.1,8.97,31.35
8.37,0.27,6.48,31.35
2.26,-1.09,7.37,31.31
-0.65,-0.31,9.71,31.35
2.21,-0.54,11.55,31.34
7.84,0.87,8.49,31.35
7.75,0.23,6.62,31.38
2.62,-1.18,7.46,31.38
0.77,-0.23,8.94,31.4
2.08,-1.41,11.48,31.37
3.97,-0.28,9.39,31.34
3.95,-0.27,7.4,31.35
0.59,-1.01,7.62,31.41
-1.85,-0.68,10.0,31.36
3.97,-1.3,10.79,31.37
6.15,0.84,8.59,31.37
3.85,-0.25,7.35,31.38
-0.19,-0.42,8.21,31.39
-1.9,-0.88,9.64,31.38
-0.39,-0.67,10.83,31.39
2.14,0.85,9.22,31.33
2.1,-0.75,8.22,31.35
-1.47,-1.06,8.5,31.36
-2.61,-1.55,10.51,31.31
0.38,-0.65,11.26,31.38
2.87,-1.05,10.79,31.36
3.51,-1.25,8.29,31.37
1.26,-2.1,9.09,31.32
-1.1,-1.72,10.6,31.37
1.05,-0.03,10.64,31.35
5.05,-0.92,10.98,31.32
4.27,-1.89,9.0,31.35
5.22,-0.63,7.25,31.34
1.08,-2.11,9.23,31.35
-0.64,-0.09,10.49,31.34
4.52,-1.48,10.9,31.33
8.46,-0.68,8.78,31.36
5.16,-0.05,6.17,31.39
0.45,-1.16,9.6,31.36
1.95,-1.38,10.55,31.38
3.29,-1.2,11.17,31.34
6.34,0.07,7.83,31.32
3.18,-0.6,7.59,31.35
-0.1,-0.76,8.52,31.34
-0.07,-0.27,9.77,31.39
2.22,0.56,11.31,31.37
4.11,0.0,9.32,31.36
-0.06,-0.22,7.2,31.36
-4.33,-1.34,9.93,31.38
-0.68,-1.73,10.96,31.37
2.62,-0.91,12.37,31.39
7.63,-0.85,9.1,31.29
4.09,-1.18,7.61,31.34
0.79,-1.65,8.72,31.34
1.31,-0.45,10.92,31.32
4.26,-1.78,11.84,31.34
7.83,-1.34,9.68,31.34
4.51,-2.21,8.09,31.36
-1.09,-0.42,8.07,31.37
-1.33,0.3,9.62,31.33
2.79,0.8,10.28,31.33
4.38,0.11,9.2,31.35
0.5,-0.64,7.38,31.35
-2.26,-0.97,9.49,31.36
-2.6,-1.09,10.82,31.32
0.52,0.91,9.64,31.35
5.4,-0.16,9.61,31.35
1.7,-1.19,8.78,31.32
-2.95,-1.71,10.3,31.34
-0.63,-1.12,8.34,31.36
-0.12,-0.01,9.85,31.35
2.18,-0.55,11.77,31.36
3.62,-0.02,9.51,31.36
0.49,-0.13,7.46,31.34
-4.23,-1.77,9.74,31.33
-4.08,-1.93,11.43,31.36
-0.63,-0.73,11.85,31.4
2.89,-0.59,9.93,31.39
3.95,-0.19,7.81,31.37
0.91,-1.75,9.58,31.32
-2.41,-0.47,9.36,31.35
1.07,-0.35,11.18,31.34
4.41,-1.28,10.58,31.37
4.27,-0.57,7.18,31.35
0.79,-2.55,10.17,31.37
-2.6,-1.88,10.8,31.36
1.59,1.41,9.22,31.36
4.45,-0.27,9.77,31.33
3.52,-1.8,8.52,31.37
-0.43,-1.69,9.26,31.35
0.12,-1.19,10.57,31.39
1.08,0.4,10.85,31.36
4.33,-0.29,9.24,31.34
5.86,-0.95,7.57,31.37
-1.3,-2.36,9.68,31.38
-1.75,-1.56,11.12,31.33
3.12,-1.65,11.33,31.34
4.62,-0.54,9.03,31.36
3.89,-1.74,8.07,31.34
-0.0,-1.87,9.82,31.38
0.11,-2.11,11.25,31.38
1.24,0.09,9.98,31.3
4.46,0.92,8.17,31.35
2.42,-0.88,7.21,31.37
-4.31,-2.08,9.33,31.36
-1.02,-1.99,10.98,31.38
3.64,0.35,9.47,31.34
4.32,0.59,8.2,31.33
0.95,-0.19,6.83,31.36
-4.38,-1.13,8.44,31.35
-4.57,-0.76,9.69,31.31
0.19,2.25,9.8,31.32
4.18,0.95,7.04,31.36
4.47,0.58,8.01,31.36
-0.85,-0.9,7.48,31.38
-4.62,-1.98,10.51,31.33
0.08,-0.85,11.2,31.36
4.15,0.5,9.3,31.35
5.73,0.89,6.32,31.33
1.35,-0.78,6.48,31.37
-2.81,-1.44,10.9,31.32
-0.67,-0.63,10.16,31.34
3.45,1.37,8.15,31.38
5.98,0.9,6.97,31.38
0.45,-1.16,6.62,31.35
-3.86,-1.12,9.72,31.38
-0.38,-0.89,11.08,31.34
1.24,1.51,9.15,31.37
4.45,-0.68,7.24,31.37
0.02,-0.51,11.35,31.34
1.08,-0.5,10.92,31.34
5.67,1.3,8.0,31.34
3.85,1.08,5.77,31.39
-0.5,-0.59,7.56,31.33
-2.59,-1.11,10.73,31.34
2.32,-0.61,11.07,31.36
3.85,-0.72,9.29,31.35
3.55,-0.21,7.01,31.33
2.62,-0.74,7.4,31.33
1.28,-1.8,11.14,31.34
3.53,1.24,9.72,31.35
6.35,0.44,7.94,31.34
3.77,-1.29,8.0,31.32
0.24,-0.83,8.06,31.38
1.29,-1.09,10.07,31.33
3.77,-0.69,11.16,31.36
5.61,-0.06,8.0,31.37
5.83,0.61,5.71,31.36
0.58,-1.35,8.37,31.32
5.1,-2.01,8.83,31.36
2.49,-2.1,7.12,31.35
-0.74,-2.33,10.23,31.35
-0.6,-2.57,11.87,31.36
2.77,-1.02,10.15,31.33
5.16,-1.22,8.14,31.33
0.34,-1.44,8.11,31.34
-1.88,-0.98,9.41,31.35
2.68,-0.81,10.91,31.35
4.75,-0.73,11.15,31.34
5.95,0.13,7.38,31.34
1.64,-1.87,9.04,31.34
0.64,-1.68,10.5,31.37
3.28,-0.72,11.23,31.34
6.1,0.52,9.28,31.34
6.35,-0.42,7.84,31.32
-1.0,-1.64,7.89,31.32
-1.72,-3.05,11.51,31.35
-1.15,-0.48,10.88,31.34
1.96,-2.04,8.69,31.32
4.49,-1.74,7.28,31.34
0.85,-1.57,9.6,31.31
-1.66,-1.07,11.38,31.33
1.78,-0.96,10.85,31.34
5.24,-1.15,8.54,31.35
-0.57,-2.69,8.82,31.39
-2.58,-1.54,10.38,31.35
1.51,-1.39,11.57,31.37
4.15,-0.61,11.25,31.35
5.81,-1.85,8.86,31.29
0.38,-2.48,9.66,31.32
-4.49,-2.04,11.36,31.32
0.45,-1.1,11.08,31.37
4.44,-0.97,11.16,31.37
6.08,-1.09,8.36,31.38
1.23,-1.25,8.15,31.36
-1.32,-1.9,10.43,31.31
1.76,-1.2,11.61,31.35
4.77,-0.37,10.16,31.33
3.03,-0.75,8.19,31.35
-0.25,-3.07,10.28,31.36
-0.14,-2.62,10.75,31.36
1.28,-0.9,10.68,31.34
1.77,1.06,8.97,31.28
2.93,-0.1,7.94,31.29
-3.37,-1.71,8.24,31.33
-2.66,-1.01,10.55,31.33
0.73,-1.21,11.46,31.38
1.78,1.42,8.83,31.34
4.47,0.28,8.0,31.31
-1.36,-0.84,7.96,31.34
-6.19,-1.18,11.02,31.37
-2.26,0.17,11.49,31.3
1.95,1.1,10.61,31.37
2.11,-0.48,7.99,31.4
-2.27,-1.16,7.96,31.36
-3.78,-3.07,12.57,31.35
-1.77,-1.18,13.04,31.37
1.86,-0.42,10.93,31.36
2.95,0.03,9.94,31.31
4.76,-0.64,6.97,31.32
3.9,-0.02,6.42,31.36
-2.1,-1.09,8.67,31.36
-1.83,-1.47,11.93,31.39
3.22,-0.64,10.72,31.36
5.66,-1.06,8.52,31.35
3.38,-1.47,7.82,31.33
-1.93,-0.57,9.18,31.35
2.0,0.4,11.38,31.37
5.24,0.51,9.83,31.35
5.83,-0.37,6.97,31.34
3.02,-0.84,7.1,31.34
-1.91,-0.04,9.12,31.32
-0.06,-2.31,12.25,31.34
2.78,-1.78,11.18,31.36
6.04,0.31,7.34,31.36
2.55,-1.85,7.45,31.34
-2.56,-1.08,9.9,31.32
-1.87,-1.1,10.78,31.33
1.26,1.38,9.78,31.31
3.23,-0.22,8.51,31.36
-0.07,-1.11,8.24,31.32
-3.56,-3.68,12.74,31.35
-1.34,-0.91,11.49,31.34
2.56,1.27,9.79,31.34
3.62,0.43,7.46,31.34
-0.52,-0.55,7.18,31.39
-2.48,-1.54,10.69,31.32
-0.85,-2.26,11.85,31.35
2.74,1.41,8.71,31.33
6.56,-0.59,7.1,31.38
-0.03,-1.76,7.58,31.36
-4.11,-1.57,10.05,31.36
0.14,-1.53,11.7,31.37
2.92,1.57,8.57,31.34
4.6,0.13,7.1,31.35
1.57,-0.11,7.08,31.35
-2.65,0.28,9.12,31.36
-2.19,-2.09,12.34,31.34
2.99,0.75,9.36,31.34
7.59,0.15,6.3,31.36
2.61,-0.62,6.47,31.34
-2.39,-2.24,11.55,31.34
0.7,-2.99,12.84,31.37
4.82,0.41,9.6,31.33
3.82,0.02,6.82,31.33
-1.07,-0.31,7.55,31.32
-2.09,-1.03,9.63,31.34
1.17,0.34,10.43,31.33
1.6,1.15,8.77,31.33
3.49,1.13,5.99,31.32
1.69,-0.28,7.04,31.34
-2.19,-0.73,9.6,31.35
0.76,-0.43,11.25,31.31
4.43,-0.03,9.38,31.37
3.2,0.02,7.18,31.36
0.05,-0.96,7.59,31.34
-4.39,-1.5,10.27,31.38
0.53,-0.74,11.45,31.37
5.39,-1.13,9.97,31.38
5.67,-1.03,6.96,31.35
2.02,-1.91,7.72,31.36
-1.85,-1.4,10.2,31.37
2.65,-1.24,12.08,31.34
6.39,-0.84,9.65,31.3
6.72,-0.16,6.66,31.34
3.63,-1.69,8.09,31.33
0.89,-1.85,10.43,31.36
3.85,-1.38,12.2,31.37
8.54,-2.29,10.64,31.32
5.38,-1.1,7.49,31.33
2.77,-1.92,8.77,31.32
1.69,-1.97,11.19,31.34
4.88,0.76,9.65,31.31
8.21,-0.43,9.71,31.37
5.81,-0.53,7.64,31.32
2.32,-1.26,8.31,31.36
0.63,-1.9,9.73,31.3
-0.85,-0.92,11.15,31.39
1.68,0.43,10.9,31.37
4.07,-0.11,9.86,31.34
3.81,-0.79,8.15,31.36
0.38,-1.21,8.99,31.37
-0.71,-1.79,10.8,31.39
2.65,-0.54,10.87,31.39
5.8,-2.25,11.41,31.36
6.46,-1.48,8.88,31.3
0.41,-2.54,8.64,31.34
-1.88,-2.34,10.39,31.34
-1.15,-1.6,11.4,31.35
2.9,-0.71,10.89,31.35
5.85,-0.89,8.85,31.32
-0.14,-1.14,8.44,31.29
-2.01,-1.85,10.64,31.37
0.78,-1.21,11.87,31.35
4.09,0.17,10.12,31.35
5.46,1.23,7.62,31.34
2.49,0.78,6.62,31.38
2.06,-0.24,6.78,31.32
-4.16,-0.91,8.9,31.37
-3.64,-0.57,11.56,31.34
2.24,0.16,10.2,31.34
3.1,1.06,6.86,31.35
0.68,0.71,5.89,31.33
-4.61,0.49,8.6,31.39
-0.45,0.38,10.56,31.34
4.24,0.74,8.99,31.35
3.86,-0.32,7.44,31.35
2.71,-0.85,7.31,31.33
-1.27,0.3,8.57,31.34
-0.85,0.52,10.69,31.35
1.38,-0.15,10.37,31.33
5.16,0.32,6.73,31.33
3.98,-0.41,6.72,31.34
-1.61,0.26,8.59,31.32
-0.01,0.37,10.82,31.38
2.38,0.58,9.23,31.29
4.42,1.13,5.9,31.3
2.18,-1.06,8.06,31.34
-2.15,-0.98,9.87,31.35
0.8,0.13,10.19,31.37
3.62,0.48,8.54,31.35
2.92,0.5,6.4,31.32
1.39,-0.84,7.86,31.37
-0.4,-1.29,9.74,31.34
0.0,-0.09,10.62,31.33
4.43,0.09,9.63,31.36
4.57,-0.23,7.58,31.32
2.52,-0.11,7.24,31.35
-1.53,-0.12,8.98,31.34
-0.92,0.0,10.51,31.32
2.1,0.06,9.53,31.29
1.62,-0.15,7.13,31.3
0.71,-1.92,8.65,31.32
-1.69,-1.35,10.23,31.34
0.37,-0.7,10.7,31.33
4.91,0.7,9.39,31.34
4.77,-0.52,7.96,31.33
0.66,-1.91,8.55,31.34
-2.26,-1.56,10.02,31.33
1.1,0.24,10.35,31.34
3.66,-0.44,10.26,31.32
5.49,-2.14,9.41,31.36
2.15,-2.32,8.94,31.34
-3.15,-1.2,9.91,31.33
-0.69,-1.93,12.4,31.34
2.75,-1.53,11.77,31.34
4.2,-2.47,9.2,31.33
1.92,-2.0,8.85,31.33
-0.31,-1.56,10.18,31.3
2.04,-0.65,11.01,31.31
-3.0,-0.91,8.01,31.38
-1.09,-0.97,10.84,31.3
4.2,-1.78,11.71,31.36
5.21,-1.34,9.79,31.31
6.65,-0.9,6.63,31.38
-1.02,-1.91,9.39,31.31
-1.77,-1.17,11.43,31.36
4.07,-0.72,10.46,31.32
5.24,0.9,7.59,31.35
3.84,-0.51,6.88,31.34
-1.22,-0.09,8.14,31.38
0.43,-0.07,10.18,31.35
1.92,-0.59,11.03,31.31
3.85,0.78,8.0,31.34
5.31,-0.45,6.61,31.33
-0.28,-0.96,8.16,31.35
-1.1,-0.09,10.15,31.31
1.78,-0.57,11.46,31.36
4.15,0.45,8.66,31.34
6.88,-0.96,6.48,31.34
1.14,-0.18,7.25,31.32
-1.0,0.29,10.21,31.33
5.24,-1.4,11.43,31.35
5.58,0.22,8.12,31.33
3.84,-0.49,6.44,31.31
0.54,0.22,7.61,31.34
0.66,-1.0,11.09,31.35
-0.28,1.02,9.96,31.31
5.7,0.77,8.89,31.34
5.94,0.18,6.29,31.35
2.02,-0.59,7.7,31.34
0.55,-0.92,9.1,31.28
3.03,0.47,10.3,31.31
4.27,0.74,8.33,31.32
4.68,0.07,7.38,31.35
2.81,-1.11,6.41,31.37
-0.02,0.98,6.5,31.28
-0.84,0.43,10.58,31.33
2.98,1.24,8.04,31.31
3.77,0.62,6.51,31.31
2.05,-1.47,7.61,31.36
-0.93,-1.49,10.54,31.32
0.58,0.71,9.56,31.34
3.96,0.65,8.64,31.36
4.07,0.72,6.42,31.34
1.9,-1.18,7.49,31.32
-0.25,-1.67,10.33,31.33
1.95,-1.34,11.5,31.33
5.5,-0.93,10.03,31.33
5.77,0.23,6.84,31.35
3.29,-0.94,8.34,31.3
0.1,-0.61,9.43,31.36
1.55,-1.96,12.62,31.34
6.47,-0.47,9.73,31.36
6.77,-0.45,7.3,31.33
2.12,-1.5,8.43,31.35
-0.08,-0.9,9.72,31.32
1.15,0.17,10.72,31.3
3.95,0.68,9.38,31.33
3.97,0.12,7.81,31.31
-0.52,-1.17,7.86,31.35
-1.18,-1.23,10.16,31.32
1.87,-1.07,11.72,31.36
5.89,-0.42,10.4,31.32
5.38,-1.61,8.31,31.37
-1.47,-1.83,9.24,31.32
-3.1,-1.55,10.4,31.34
1.35,-0.89,12.11,31.32
4.47,-0.35,9.56,31.37
3.22,-0.48,7.0,31.31
0.11,-2.0,8.48,31.34
-2.77,-1.77,10.52,31.32
1.21,0.5,9.86,31.31
3.42,-0.23,9.44,31.33
0.93,-0.41,7.23,31.34
-2.33,-0.4,8.52,31.34
-0.27,-1.25,10.64,31.33
0.94,-0.87,11.5,31.32
5.44,-0.29,8.72,31.32
6.7,-0.15,8.73,31.34
4.26,-1.77,8.15,31.32
-2.8,-1.71,10.0,31.32
0.28,-0.65,11.26,31.34
5.54,-0.3,10.21,31.38
6.96,0.25,7.85,31.32
6.68,-0.55,5.94,31.32
0.1,-0.21,8.27,31.33
0.85,-1.12,11.76,31.34
3.48,0.31,10.13,31.33
4.36,0.38,7.44,31.31
2.38,-0.97,7.88,31.35
-0.53,-0.85,8.71,31.32
2.11,-0.08,10.84,31.37
5.13,-0.37,10.27,31.34
5.08,1.24,6.45,31.32
3.47,-1.02,7.7,31.36
0.14,-0.93,9.06,31.33
-0.1,-0.18,10.32,31.34
3.84,0.17,9.34,31.31
3.37,0.01,8.31,31.33
3.37,-0.6,6.71,31.35
2.09,0.77,7.14,31.35
-0.54,0.06,10.92,31.3
2.51,-1.35,10.5,31.37
5.29,-0.53,7.29,31.34
2.85,-1.14,7.52,31.36
-1.13,-1.66,9.97,31.37
0.43,-1.7,12.13,31.31
6.08,-0.9,10.44,31.32
5.52,0.01,7.12,31.3
0.18,-1.5,7.71,31.33
-1.66,-1.33,10.27,31.34
-1.13,-1.85,12.43,31.32
2.51,-0.76,11.23,31.37
4.4,-1.91,8.79,31.34
0.52,-2.41,8.7,31.34
-2.18,-1.68,9.9,31.36
0.36,-1.03,11.6,31.3
5.24,-0.73,9.0,31.31
4.47,-0.17,7.14,31.3
-0.35,-1.21,9.83,31.34
-1.14,-1.04,9.41,31.33
1.31,-0.38,10.33,31.29
4.4,-0.12,10.2,31.37
5.19,0.12,8.29,31.34
1.79,-1.4,8.25,31.35
-1.38,-2.71,11.3,31.3
-0.21,-0.67,10.53,31.34
5.02,1.11,9.49,31.33
6.32,0.38,7.19,31.35
-1.19,-0.56,7.34,31.37
-1.47,-1.32,9.79,31.34
0.65,-0.47,10.52,31.34
3.01,2.1,7.9,31.33
4.87,0.76,7.1,31.32
-1.91,0.05,7.23,31.33
-3.47,-0.63,9.31,31.32
0.21,0.37,10.44,31.32
2.19,1.55,8.94,31.33
2.25,0.46,8.32,31.3
-1.54,0.24,7.26,31.35
-2.96,-1.72,10.48,31.32
-1.44,1.66,9.13,31.35
3.93,2.24,8.22,31.34
4.76,-0.16,7.68,31.37
-1.88,-0.23,6.35,31.32
-1.84,-1.83,10.48,31.33
-1.05,-0.26,11.08,31.35
1.55,0.64,9.75,31.36
5.27,-0.12,6.69,31.29
-1.84,0.25,7.47,31.31
-7.94,-1.03,10.6,31.34
-0.91,0.84,12.04,31.34
3.15,0.16,10.26,31.33
1.73,0.29,5.81,31.37
-3.56,-1.15,8.65,31.36
0.93,-0.82,10.78,31.33
-2.05,0.04,10.57,31.35
1.58,-0.0,9.6,31.34
3.56,-0.52,7.67,31.35
0.3,-0.67,7.53,31.3
-2.41,-1.27,9.85,31.33
0.29,-1.08,12.07,31.31
3.22,-1.23,9.87,31.34
4.04,0.44,6.74,31.32
0.46,-1.48,8.38,31.35
-1.38,-0.82,10.74,31.32
2.28,-1.42,11.85,31.4
5.09,-0.87,9.78,31.32
3.16,-0.51,8.43,31.35
1.35,-2.26,8.86,31.37
0.44,-1.68,10.47,31.32
1.52,-2.2,12.42,31.37
4.81,-1.05,9.91,31.35
4.45,-0.24,7.54,31.34
1.54,-1.77,8.03,31.34
-0.78,-0.76,10.03,31.38
2.29,-2.12,11.99,31.34
6.14,0.59,9.83,31.37
5.49,-0.53,7.08,31.31
0.91,-1.07,8.22,31.34
0.24,-0.68,10.0,31.3
2.9,-0.53,10.59,31.31
5.74,-0.07,9.77,31.32
3.96,-0.39,7.32,31.34
0.37,-1.25,8.63,31.33
-0.17,-2.25,10.91,31.3
2.83,-0.23,10.24,31.36
4.12,0.74,9.31,31.32
2.83,-0.07,8.03,31.33
0.12,-1.31,8.27,31.34
-1.53,-1.73,10.07,31.34
0.21,0.42,10.28,31.32
2.84,0.11,10.06,31.34
2.34,0.1,6.89,31.33
-2.49,-0.55,8.08,31.34
5.66,-0.59,7.9,31.32
0.97,-2.87,10.52,31.37
0.89,-0.93,11.08,31.3
5.5,-1.77,11.5,31.37
6.96,-0.88,10.01,31.34
1.08,-2.49,9.32,31.33
-1.27,-1.68,10.16,31.35
-0.5,-2.33,11.75,31.37
1.86,-0.92,11.76,31.35
6.55,-1.87,9.83,31.3
3.94,-2.68,9.57,31.33
0.09,-2.9,9.96,31.38
0.54,-0.85,9.58,31.33
3.83,-0.2,10.96,31.34
6.61,-0.56,10.69,31.31
7.2,-0.36,7.12,31.36
3.55,-1.16,7.75,31.36
2.57,-1.06,10.06,31.34
3.96,1.43,9.4,31.32
6.18,1.44,8.49,31.34
5.88,0.35,6.98,31.35
-0.43,0.34,7.41,31.34
-2.32,-0.85,9.68,31.32
0.41,1.68,8.89,31.36
3.53,1.64,8.64,31.35
4.49,0.94,6.14,31.36
-2.26,0.18,8.2,31.37
-3.56,-2.09,10.97,31.35
-1.4,0.89,9.83,31.36
3.21,2.59,8.25,31.31
3.16,0.19,7.38,31.35
-3.14,-0.59,7.94,31.33
-2.27,-1.03,10.61,31.31
-1.74,0.4,11.06,31.32
2.13,1.05,9.52,31.33
3.57,-1.73,8.57,31.32
-3.96,-1.44,8.51,31.31
-5.43,-2.43,12.17,31.34
-1.87,0.09,12.07,31.34
6.13,-2.04,10.44,31.32
6.49,-1.23,8.36,31.33
-0.2,-1.72,8.73,31.33
-0.54,-2.62,11.04,31.35
2.27,-1.08,11.18,31.35
4.5,0.47,9.89,31.32
7.09,-0.89,8.52,31.37
2.34,-2.05,9.09,31.34
0.07,-0.66,9.78,31.29
1.36,-0.33,10.55,31.32
4.24,0.49,8.27,31.35
4.83,-0.23,7.27,31.35
-1.17,-1.52,8.99,31.32
-1.01,-2.5,11.48,31.35
1.23,0.28,9.88,31.37
4.88,0.82,8.51,31.32
5.5,-1.26,8.51,31.33
-0.46,-1.35,8.94,31.33
-0.08,-2.26,11.46,31.33
0.26,0.56,9.96,31.33
2.56,-0.52,11.02,31.31
4.47,-0.24,8.84,31.32
2.61,-0.33,7.04,31.37
-1.14,-2.1,9.22,31.37
-3.81,-1.45,10.72,31.33
0.6,-0.09,10.46,31.32
4.33,-0.57,9.56,31.32
0.92,-0.88,8.41,31.34
-1.49,-1.15,8.33,31.34
-1.63,-1.35,11.46,31.31
0.16,0.21,11.78,31.3
4.06,0.97,8.78,31.28
3.43,-0.86,8.08,31.31
-3.1,-1.4,9.48,31.34
-1.88,-0.33,11.24,31.32
1.0,0.91,10.35,31.34
3.44,0.22,9.01,31.32
4.07,-2.83,8.48,31.33
-1.48,-2.48,9.99,31.36
-1.25,-1.58,10.87,31.36
2.97,-1.24,11.97,31.33
5.13,-0.79,9.58,31.34
3.28,-0.25,7.47,31.33
1.3,-2.42,9.75,31.3
0.47,-2.11,11.71,31.32
3.52,-0.43,10.56,31.33
8.86,-0.41,8.84,31.34
6.96,-1.9,8.28,31.34
0.41,-3.19,10.74,31.32
3.45,-2.08,10.62,31.34
3.56,0.8,10.42,31.38
4.76,0.84,7.99,31.37
3.66,-1.03,6.82,31.29
-1.98,-1.14,8.55,31.35
-0.55,-0.98,10.27,31.35
0.28,1.04,10.44,31.32
4.25,1.18,7.18,31.31
3.21,-0.34,6.99,31.34
4.41,0.88,8.37,31.3
3.86,0.54,6.16,31.33
0.12,0.27,7.76,31.31
-0.77,-0.73,10.36,31.35
3.02,0.38,10.74,31.31
4.85,0.9,8.02,31.32
4.49,-1.53,8.03,31.33
0.34,-1.77,9.03,31.32
-2.2,-1.91,11.57,31.31
1.96,-1.27,11.69,31.33
5.38,0.98,7.56,31.35
5.85,-0.22,6.26,31.31
-0.12,-0.45,7.97,31.37
-0.02,-0.97,10.46,31.33
3.28,-0.92,11.43,31.3
1.71,-0.65,10.24,31.33
3.5,0.79,7.48,31.34
2.29,-0.63,6.38,31.36
-2.28,-1.69,9.24,31.33
1.25,-0.01,11.52,31.31
2.28,-1.18,8.44,31.34
1.66,-1.9,8.55,31.29
1.17,-1.81,10.72,31.34
3.79,-1.89,11.77,31.35
5.64,-1.42,10.76,31.32
4.71,-2.25,9.12,31.34
-0.21,-2.16,9.26,31.35
-1.35,-1.79,10.65,31.32
1.21,-2.31,12.59,31.34
4.43,-1.33,10.59,31.34
5.96,-0.8,7.79,31.29
1.69,-2.18,8.93,31.34
-0.04,-1.28,10.32,31.33
4.5,-1.43,11.88,31.29
5.28,-0.74,10.43,31.34
4.41,-1.2,8.26,31.31
3.67,-1.56,8.92,31.34
-1.18,-1.22,10.23,31.34
2.94,0.23,10.35,31.34
1.86,-0.72,10.76,31.37
1.28,0.27,9.67,31.35
5.08,0.04,8.03,31.33
2.72,-1.19,6.43,31.33
-4.15,-1.49,9.08,31.34
-1.59,-2.07,12.34,31.34
3.04,-0.49,10.77,31.34
4.29,0.57,7.0,31.35
2.06,-0.59,7.4,31.37
-3.59,-1.8,10.32,31.32
1.96,-1.13,11.23,31.35
4.69,0.41,10.21,31.37
3.7,-0.06,7.67,31.31
3.31,0.1,7.02,31.35
1.18,-0.73,8.91,31.37
1.58,-0.74,11.58,31.32
2.73,-0.57,10.49,31.32
4.3,-0.68,8.75,31.31
2.71,-1.39,7.27,31.35
-3.2,0.55,6.94,31.29
-2.58,-1.51,11.09,31.3
0.05,-1.04,10.7,31.3
1.35,0.22,10.68,31.31
3.51,-1.32,9.56,31.32
0.83,-2.07,9.08,31.35
-1.61,-1.54,9.87,31.32
-2.5,-0.17,10.02,31.34
1.01,0.45,10.81,31.32
5.5,-2.52,10.03,31.33
2.72,-2.86,8.97,31.34
-0.78,-2.79,11.04,31.38
0.57,-1.25,10.58,31.33
2.34,0.49,10.42,31.36
4.94,-1.11,9.29,31.34
3.3,-2.0,8.74,31.33
-4.1,-1.56,9.96,31.33
-1.59,-1.06,11.17,31.32
2.46,0.76,10.69,31.36
5.18,0.05,8.09,31.31
2.72,-0.81,6.76,31.35
-2.08,-1.64,10.47,31.34
0.62,-0.88,10.95,31.35
3.67,-0.03,10.65,31.31
5.19,0.63,6.85,31.34
2.04,-0.13,6.6,31.32
-4.51,-1.38,10.36,31.28
-1.92,-0.82,10.97,31.32
0.24,1.52,10.24,31.33
4.0,0.77,7.36,31.34
0.03,-0.04,6.51,31.3
-3.65,-0.24,8.56,31.33
0.91,-0.61,10.52,31.32
3.34,0.45,9.54,31.33
3.59,-0.59,7.76,31.32
0.5,-1.7,8.01,31.3
-3.86,-2.08,10.8,31.35
-2.09,-2.47,12.35,31.3
2.38,1.04,9.08,31.35
2.74,-0.22,7.32,31.35
-0.87,-0.33,7.36,31.29
-2.8,-1.43,10.12,31.32
-2.4,-1.41,12.51,31.32
-1.96,-0.26,11.84,31.31
4.0,0.09,9.96,31.27
4.16,-0.54,6.52,31.33
-0.97,-1.86,8.25,31.35
-0.06,-1.72,11.46,31.37
3.53,-1.04,12.65,31.38
6.07,0.36,8.4,31.33
7.81,0.38,5.92,31.34
-0.9,-0.82,7.51,31.36
3.08,-1.14,11.68,31.29
7.19,-0.11,8.73,31.35
4.24,-0.7,6.27,31.31
-0.34,-0.25,8.1,31.32
-3.2,-0.68,10.33,31.33
0.94,0.5,10.36,31.35
5.27,-0.09,7.61,31.35
5.09,-0.62,7.15,31.36
0.74,-1.21,9.23,31.35
0.61,-1.39,11.18,31.36
3.67,-0.45,10.52,31.32
5.18,0.54,7.34,31.33
4.89,0.28,6.31,31.31
-0.39,-0.67,8.18,31.29
-0.22,0.01,9.83,31.34
5.51,0.23,10.62,31.33
6.8,0.28,7.84,31.29
6.39,-0.29,6.34,31.33
3.53,-0.04,7.72,31.34
1.47,-0.21,10.35,31.31
3.56,-0.12,10.49,31.33
5.5,0.15,7.91,31.35
3.13,-0.4,7.14,31.33
-0.58,-1.16,9.25,31.35
-0.21,0.39,9.91,31.33
3.6,0.68,10.3,31.33
4.5,-0.3,8.8,31.36
3.18,-1.29,7.26,31.3
-0.39,-2.13,9.92,31.31
0.11,-2.06,11.34,31.37
3.95,-0.83,11.84,31.32
7.47,-1.69,9.4,31.32
3.04,-1.07,8.32,31.37
-1.36,-1.07,9.26,31.36
1.06,-1.12,10.69,31.37
2.73,-1.29,11.66,31.33
4.06,-1.08,8.14,31.29
2.73,-1.98,8.51,31.36
-1.3,-1.9,10.21,31.35
0.24,-0.74,10.18,31.32
4.49,-0.88,11.06,31.32
7.64,-1.88,9.72,31.33
2.86,-2.39,8.94,31.35
0.14,-2.1,10.09,31.33
0.44,-0.79,11.28,31.29
2.59,-0.97,11.17,31.29
6.93,-0.03,7.85,31.36
2.83,-1.76,8.47,31.28
-1.55,-1.07,9.61,31.31
0.8,-1.36,10.83,31.34
3.71,0.75,10.08,31.33
5.55,-0.6,8.54,31.31
2.31,-2.11,8.8,31.3
-0.13,-1.14,9.93,31.36
0.38,-2.14,11.35,31.31
3.87,0.91,9.86,31.32
8.72,-0.76,8.56,31.35
3.89,-1.04,6.69,31.35
2.33,-0.29,9.64,31.29
3.87,-0.39,6.86,31.34
1.72,-1.18,7.84,31.33
-2.12,0.85,9.48,31.37
2.69,-0.48,11.3,31.33
5.46,-0.69,9.51,31.34
4.53,-0.6,6.67,31.29
0.51,-0.85,8.8,31.32
-1.17,-0.67,10.81,31.34
3.57,0.31,10.58,31.34
6.11,-0.3,8.03,31.28
4.65,0.45,6.78,31.34
1.54,-0.36,8.27,31.34
-0.6,-1.25,10.75,31.32
3.02,0.53,9.98,31.32
5.62,-0.27,8.11,31.31
4.31,0.09,6.97,31.32
2.0,-1.62,9.22,31.33
-0.17,-1.02,10.16,31.34
2.63,0.0,11.22,31.35
-1.56,-1.11,9.68,31.39
0.36,-0.37,10.58,31.33
1.53,-0.88,10.54,31.33
3.31,-1.63,8.24,31.32
0.94,-1.41,8.83,31.38
-1.73,-1.38,10.91,31.38
1.87,0.49,10.1,31.34
4.79,-0.83,11.32,31.31
7.71,-0.8,8.66,31.33
5.42,-0.24,8.0,31.33
2.36,-2.65,9.53,31.31
0.87,-1.34,10.56,31.33
5.06,-1.18,11.28,31.34
8.54,-0.97,9.06,31.36
4.33,-0.42,7.39,31.32
-0.65,-0.89,9.36,31.32
-0.99,-1.47,10.58,31.31
2.74,-0.84,10.39,31.34
6.37,-0.67,8.7,31.31
3.08,0.02,8.82,31.34
3.76,0.03,7.07,31.38
2.55,-0.9,7.88,31.35
-1.98,-0.6,10.22,31.37
2.19,-0.14,11.99,31.32
6.64,-1.64,10.14,31.37
6.91,-0.22,7.02,31.35
4.68,-1.3,7.83,31.31
0.01,-0.29,9.75,31.31
2.34,0.39,10.74,31.36
4.71,-0.34,9.15,31.33
4.24,0.25,6.55,31.37
1.4,-0.24,8.06,31.34
-0.42,-0.44,9.47,31.32
1.96,-1.44,11.74,31.32
5.56,-0.85,9.35,31.29
5.5,-1.01,7.57,31.33
0.46,-1.83,8.81,31.33
-1.07,-1.53,10.4,31.35
1.99,-2.66,12.59,31.32
-3.22,-0.62,7.84,31.34
-2.11,-1.64,9.33,31.29
-2.72,-1.45,11.41,31.36
-0.44,-0.56,12.18,31.32
4.47,-1.6,10.22,31.32
3.16,-1.43,8.47,31.33
-2.06,-2.53,10.39,31.36
-0.55,-1.33,11.73,31.33
3.75,-0.15,10.32,31.37
6.07,-0.51,9.2,31.32
3.68,-1.96,8.68,31.33
-1.61,-2.38,10.59,31.29
-1.51,-1.52,11.41,31.35
1.04,0.28,10.94,31.32
3.96,0.06,9.17,31.33
5.55,-0.41,7.67,31.34
-0.16,0.31,8.07,31.29
-1.52,0.52,10.52,31.34
0.56,0.85,9.42,31.34
6.66,-1.04,8.3,31.33
5.26,-1.35,7.99,31.37
3.06,-0.75,8.18,31.33
3.56,-1.61,11.11,31.32
4.67,-1.38,11.78,31.34
7.35,-0.95,8.36,31.33
3.79,-1.31,7.72,31.35
-0.53,-1.24,9.53,31.32
1.7,-1.08,11.13,31.32
5.14,0.91,9.39,31.34
5.97,0.53,8.08,31.32
4.31,-0.23,6.94,31.33
1.88,-0.88,8.51,31.33
2.54,0.13,9.58,31.34
3.92,-0.09,11.0,31.33
6.09,-0.76,8.59,31.36
4.04,0.39,5.6,31.3
0.84,0.7,7.18,31.33
0.24,-0.84,10.37,31.33
2.45,-0.55,11.07,31.27
4.86,0.49,7.24,31.36
1.52,1.76,5.93,31.33
-1.53,-0.02,8.68,31.34
-1.31,-0.67,10.67,31.35
2.72,-1.29,10.59,31.3
5.15,1.12,7.18,31.31
1.39,-0.29,8.02,31.34
-0.84,-0.79,9.33,31.33
-0.48,-0.85,11.18,31.32
0.84,0.63,10.5,31.34
2.84,-0.19,8.97,31.32
0.06,-0.22,7.35,31.35
-2.93,-0.99,9.49,31.37
-2.46,-1.34,11.43,31.32
0.63,-0.32,10.66,31.32
2.92,-2.33,10.11,31.32
0.9,-2.61,9.86,31.32
-1.16,-2.24,10.51,31.39
1.82,-1.95,11.38,31.38
1.82,-0.19,10.57,31.33
5.1,0.26,8.15,31.35
2.15,-0.71,7.3,31.34
-5.43,-0.89,10.24,31.35
-1.88,-0.16,9.93,31.36
1.37,0.46,9.69,31.33
3.88,0.93,7.07,31.32
0.1,0.66,7.01,31.31
-6.0,-0.68,10.13,31.36
-3.34,-0.31,11.2,31.33
0.66,1.41,9.78,31.34
3.62,0.71,9.66,31.31
0.01,-1.17,7.85,31.33
-1.66,-1.23,8.7,31.31
-3.35,-2.64,11.57,31.28
-2.24,-0.52,11.01,31.33
1.79,-0.09,10.06,31.31
4.57,-1.25,8.89,31.32
-0.68,-1.61,9.2,31.32
-1.62,-1.41,11.2,31.32
2.1,0.2,9.67,31.32
6.87,-0.1,9.37,31.32
8.01,-1.58,7.98,31.31
0.91,-1.42,8.59,31.31
-1.13,-2.01,10.58,31.33
0.45,-0.08,11.22,31.33
4.5,0.93,8.62,31.31
8.09,-0.15,7.26,31.33
1.34,-0.45,7.59,31.32
-1.83,-0.93,10.41,31.35
1.77,0.17,10.69,31.37
2.99,-0.12,9.49,31.32
4.29,-0.1,7.82,31.36
0.88,-1.39,8.69,31.32
-2.55,-1.61,10.9,31.31
-0.03,-0.15,10.51,31.34
3.21,-0.04,9.9,31.36
4.67,-0.89,7.99,31.3
0.11,-1.0,9.14,31.31
-0.79,-2.07,11.61,31.33
-0.95,-1.07,11.94,31.35
1.96,1.24,8.43,31.34
5.8,-0.48,8.16,31.3
-1.87,-1.19,8.95,31.34
-3.23,-1.79,11.22,31.29
-0.59,-0.94,11.96,31.35
1.31,0.97,7.93,31.28
2.57,0.04,6.98,31.34
-1.48,-0.22,7.06,31.29
-3.71,-0.89,10.86,31.33
1.12,-0.69,10.69,31.29
2.14,1.01,9.09,31.27
4.13,-0.02,6.26,31.28
-1.43,-0.49,7.64,31.34
-3.89,-0.91,11.03,31.32
2.89,0.55,9.55,31.3
3.84,0.7,7.83,31.31
4.51,1.42,5.65,31.35
0.71,-1.07,7.63,31.31
-2.23,-0.51,9.88,31.33
1.82,-0.44,10.33,31.32
3.87,0.22,8.17,31.32
4.85,0.19,6.26,31.37
0.81,-0.69,7.37,31.35
-1.75,0.05,9.39,31.34
0.85,-1.18,11.05,31.32
4.2,0.51,8.12,31.3
5.08,-0.71,6.72,31.34
-0.32,0.92,5.79,31.32
-2.73,0.16,9.64,31.34
1.92,-0.76,11.17,31.32
5.08,0.57,7.4,31.31
4.84,-0.24,6.61,31.34
-1.99,-0.11,7.78,31.27
-1.47,0.12,9.91,31.32
2.03,-1.09,10.93,31.33
3.31,-0.18,8.32,31.3
3.98,-0.26,6.52,31.32
-0.75,-0.08,8.19,31.29
3.38,-0.73,9.64,31.29
3.64,-0.84,7.81,31.35
0.49,-0.2,7.84,31.39
-1.58,-1.7,10.81,31.32
0.29,0.18,10.19,31.34
3.56,0.04,9.16,31.3
2.29,-1.27,8.87,31.33
0.2,-1.99,9.99,31.29
-0.96,-1.33,10.19,31.34
0.18,-0.78,10.99,31.31
2.2,-1.34,11.02,31.34
3.99,-1.12,8.21,31.31
0.62,-1.24,9.6,31.33
-1.89,-1.44,11.31,31.31
0.78,1.3,9.34,31.34
5.19,-0.79,10.28,31.29
5.41,-1.29,8.08,31.35
1.4,-0.86,8.4,31.33
-1.45,-1.66,10.52,31.29
-0.82,0.8,10.65,31.32
4.37,-0.81,9.65,31.35
4.44,-0.34,7.94,31.33
-2.58,-1.36,9.38,31.36
-1.61,-0.94,11.07,31.34
0.31,-0.67,11.77,31.29
2.06,0.39,8.99,31.38
3.21,-1.28,8.23,31.33
-3.75,-1.13,9.57,31.31
-3.79,-1.43,11.09,31.34
0.78,-1.49,11.04,31.32
3.89,-1.14,10.52,31.32
2.56,-2.51,8.83,31.3
-3.03,-2.0,9.75,31.34
-2.18,-2.63,11.44,31.36
0.53,-2.01,11.45,31.32
3.9,-0.74,10.44,31.36
5.77,0.16,8.0,31.28
1.73,-0.58,6.86,31.37
-4.92,-1.12,9.78,31.35
3.0,1.36,8.81,31.32
3.62,1.54,8.53,31.34
3.87,-0.02,7.58,31.3
-1.63,-0.86,8.42,31.34
-2.78,-2.77,11.79,31.34
-0.76,-0.58,11.32,31.35
4.14,-0.06,9.92,31.33
3.49,-0.04,7.75,31.33
-0.66,-1.73,9.19,31.32
-2.66,-1.26,12.06,31.32
0.14,1.11,10.05,31.33
3.73,0.57,8.54,31.34
5.12,-1.21,7.79,31.34
1.72,-1.36,7.97,31.32
1.08,-2.14,11.54,31.34
2.21,0.16,10.3,31.35
3.63,0.38,7.63,31.3
4.63,0.18,7.02,31.33
-1.04,-0.17,7.34,31.28
-3.29,-0.78,10.56,31.36
-0.79,-0.19,10.48,31.31
1.48,0.12,8.66,31.28
1.51,0.94,6.26,31.27
-1.63,-1.87,9.25,31.37
-2.0,-2.16,12.21,31.35
2.03,-1.46,10.4,31.3
4.14,-0.2,9.25,31.32
5.35,-0.93,7.38,31.3
0.22,-0.87,6.89,31.32
-0.1,0.42,9.93,31.34
3.37,-1.02,10.94,31.32
3.89,0.75,7.82,31.31
5.93,-0.35,6.56,31.31
0.76,-0.21,6.89,31.33
-2.33,-0.05,10.0,31.31
1.46,0.03,10.26,31.34
4.83,0.71,8.14,31.28
5.63,-1.3,6.74,31.3
0.06,0.06,7.06,31.31
-2.53,-1.21,11.08,31.31
-0.2,-0.7,11.7,31.34
2.55,0.14,7.67,31.32
3.09,-0.81,7.3,31.34
-2.75,-1.57,10.03,31.32
-1.2,0.19,10.11,31.3
4.14,-0.12,10.67,31.3
6.11,0.17,8.04,31.32
7.01,-0.3,7.28,31.3
2.61,0.2,7.11,31.34
-1.55,-0.41,9.93,31.32
0.66,0.06,10.99,31.33
5.05,0.1,7.34,31.37
5.49,0.38,6.18,31.32
-0.15,-0.02,8.59,31.36
-2.19,-0.55,10.51,31.34
1.75,-0.51,10.53,31.31
4.91,0.81,7.59,31.32
4.52,1.0,5.97,31.32
0.44,-0.22,7.45,31.32
5.85,-0.06,10.26,31.32
7.68,-0.78,8.05,31.36
4.82,-0.26,7.69,31.32
0.53,-0.46,9.25,31.35
1.45,0.43,9.66,31.32
3.93,0.94,9.93,31.31
5.38,-0.39,8.02,31.34
0.36,-0.23,6.92,31.34
-2.42,-0.01,9.3,31.32
-1.15,0.7,9.28,31.35
2.24,0.34,10.59,31.3
4.51,-0.42,8.02,31.32
0.76,-0.03,7.59,31.33
-3.4,-0.73,9.5,31.36
-3.34,0.06,10.78,31.32
1.27,0.14,10.13,31.34
4.16,-0.6,8.26,31.36
0.38,-1.23,8.36,31.33
-1.52,-2.39,10.94,31.36
-0.82,-2.08,11.88,31.35
2.44,0.14,9.84,31.3
4.15,-1.13,9.02,31.36
1.4,-1.51,8.82,31.35
-1.03,-2.33,10.9,31.33
-0.59,-1.7,11.93,31.33
1.73,-0.4,11.05,31.3
4.76,-1.19,9.66,31.3
2.31,-2.29,9.25,31.34
-1.25,-2.75,11.47,31.37
-0.4,-1.47,11.17,31.29
1.92,-0.07,11.25,31.3
3.79,-1.5,9.12,31.33
4.14,-0.84,8.49,31.31
-0.32,-3.07,10.71,31.29
-0.82,-1.9,11.56,31.29
2.1,-0.71,11.51,31.36
4.96,-0.27,9.18,31.33
3.69,-0.3,8.54,31.31
-0.31,-2.16,10.1,31.32
4.25,-0.5,6.93,31.31
3.98,-0.78,7.47,31.31
-1.79,-0.67,8.97,31.35
-1.85,-0.01,10.52,31.34
2.34,0.38,10.0,31.34
3.96,-0.68,7.79,31.33
2.19,-1.81,8.08,31.33
-1.13,-1.03,9.83,31.35
0.09,-1.14,11.94,31.3
3.06,-0.94,10.6,31.3
5.73,0.12,7.02,31.3
4.73,-1.11,7.83,31.37
-0.64,-0.93,9.37,31.33
-1.07,-1.15,11.69,31.31
3.73,-0.6,9.85,31.34
4.77,-0.63,8.49,31.33
2.76,-1.01,8.23,31.27
-2.15,-1.01,9.41,31.3
-0.73,-0.79,11.66,31.3
-1.64,-1.76,10.1,31.32
1.56,-1.52,11.22,31.36
4.55,0.03,9.83,31.3
5.66,0.39,7.2,31.3
2.38,0.23,6.93,31.29
-1.79,-2.08,10.16,31.37
-1.15,-1.34,11.27,31.32
2.43,-0.52,10.75,31.33
5.83,-0.44,8.34,31.36
2.89,-0.84,7.74,31.32
-2.23,-1.74,10.35,31.37
-0.64,-1.04,10.57,31.36
2.01,0.89,9.65,31.33
3.69,0.28,8.09,31.31
0.08,-0.99,8.04,31.3
-4.27,-1.8,10.46,31.32
-3.24,-1.26,11.2,31.32
-0.46,-0.79,10.56,31.29
4.69,-1.23,9.37,31.34
2.26,-2.1,8.6,31.28
-3.29,-2.41,11.0,31.34
-2.32,-1.81,12.25,31.36
0.1,-1.04,11.57,31.27
3.4,-0.86,9.23,31.29
1.53,-1.22,7.96,31.32
-5.09,-0.85,9.86,31.31
-0.83,-0.62,11.03,31.3
4.49,0.61,9.34,31.32
5.47,0.91,6.9,31.31
5.7,-0.5,6.51,31.31
-1.4,-0.49,8.89,31.33
-0.75,-0.38,10.66,31.3
3.05,0.8,9.04,31.33
2.71,0.18,7.26,31.31
0.2,0.23,6.97,31.33
-5.38,-0.56,9.2,31.3
-2.72,-1.2,11.99,31.31
3.29,-0.0,9.96,31.32
6.76,-0.84,7.65,31.32
2.86,-1.62,11.75,31.34
6.17,-1.63,10.5,31.31
5.95,-1.08,7.4,31.34
3.42,-1.16,7.6,31.34
1.11,-1.55,10.66,31.28
2.09,-0.29,10.01,31.31
7.14,1.27,7.81,31.31
7.98,-0.02,7.48,31.33
2.82,-0.48,7.74,31.29
2.08,-0.06,9.28,31.31
2.48,-1.69,11.98,31.33
3.94,-0.01,8.88,31.33
6.05,0.35,6.54,31.26
1.61,-0.22,7.11,31.33
-1.19,0.24,9.27,31.33
2.46,0.0,10.86,31.32
5.68,0.68,8.83,31.38
4.45,-0.23,7.62,31.3
0.79,-0.09,7.74,31.34
-0.66,-1.34,10.41,31.36
1.07,-0.67,11.31,31.32
6.15,0.59,8.65,31.32
3.58,-0.58,7.79,31.32
-1.3,-0.97,8.54,31.28
-1.22,-1.04,9.79,31.29
0.21,0.29,10.28,31.3
3.56,-0.24,9.56,31.34
4.01,-1.13,8.32,31.3
-0.17,-1.69,8.58,31.3
-2.22,-1.83,10.66,31.33
0.78,-1.28,11.87,31.32
4.67,-1.25,10.58,31.32
7.12,-0.94,8.6,31.32
4.45,-0.29,7.16,31.32
0.66,-1.11,9.34,31.32
0.23,-0.35,10.36,31.33
4.18,-0.04,10.75,31.34
7.57,1.35,7.27,31.31
3.21,-0.15,7.13,31.32
-1.89,-0.51,9.12,31.29
-0.06,0.11,9.95,31.31
2.04,0.09,10.26,31.34
4.42,-0.58,9.0,31.33
2.59,-1.67,8.4,31.35
-0.69,-0.68,9.1,31.32
-2.02,-0.89,10.97,31.34
0.85,-0.36,11.09,31.33
4.71,-1.3,9.38,31.31
0.98,0.07,7.45,31.34
-2.35,-0.81,9.43,31.36
-1.77,-1.12,10.96,31.32
0.93,-0.62,11.33,31.34
2.93,-0.59,8.96,31.32
1.41,-0.97,7.85,31.36
-2.43,-2.14,11.09,31.33
-1.47,-2.21,11.94,31.33
3.39,0.44,9.67,31.35
5.15,-0.66,9.04,31.34
1.91,-0.91,7.14,31.34
-0.86,-1.75,9.26,31.35
1.24,-1.39,11.48,31.35
4.05,-1.84,12.01,31.34
6.45,-1.03,8.58,31.3
3.3,-1.35,7.77,31.37
-2.24,-1.71,9.83,31.31
-0.73,0.13,10.56,31.31
1.13,-1.92,10.79,31.28
2.44,-0.98,8.61,31.34
2.11,-1.79,9.02,31.32
-0.81,-1.91,10.2,31.33
0.95,-0.99,10.86,31.36
5.18,-1.49,11.03,31.32
8.8,-1.28,8.41,31.34
2.32,-0.38,7.77,31.32
-1.48,-1.2,9.99,31.33
0.51,-1.26,10.97,31.28
5.09,0.8,8.79,31.35
6.67,0.01,7.6,31.33
-1.19,-0.52,8.47,31.36
-2.19,-0.81,10.45,31.34
1.45,0.23,10.34,31.36
2.85,2.21,8.57,31.32
3.88,0.54,7.41,31.34
-1.08,0.16,7.58,31.38
-3.46,-0.28,9.99,31.32
-2.03,0.0,11.18,31.36
1.0,0.59,10.06,31.31
2.78,-0.25,8.16,31.29
-2.12,-0.4,8.44,31.33
-2.9,-2.31,11.57,31.29
1.31,-0.45,10.84,31.34
3.56,0.75,8.57,31.27
2.77,-0.09,8.2,31.35
-1.81,-1.01,8.68,31.34
-0.05,-1.84,11.14,31.31
-0.16,-1.11,12.01,31.3
2.43,1.36,8.17,31.32
4.95,-0.52,7.63,31.35
-0.94,-1.33,11.52,31.32
1.0,-0.07,10.08,31.31
1.72,0.7,8.68,31.33
2.58,-0.14,7.38,31.36
0.28,-1.11,7.65,31.32
-1.63,-1.21,10.4,31.34
-1.07,0.48,10.63,31.27
2.29,0.59,8.57,31.3
5.36,-0.68,6.9,31.31
-2.13,-0.46,7.6,31.33
-3.38,-1.23,11.09,31.35
0.67,-1.61,11.62,31.28
1.18,0.23,9.17,31.34
4.65,-0.75,7.67,31.33
0.5,-1.93,9.54,31.27
-2.57,-1.16,11.41,31.3
1.85,-1.14,11.03,31.32
3.14,0.04,8.93,31.3
3.39,-0.95,7.73,31.32
-0.62,-1.87,9.55,31.33
-4.52,-2.09,11.41,31.33
-1.54,-1.34,11.64,31.31
2.77,0.09,10.05,31.32
3.7,-1.04,7.75,31.35
-0.12,-0.55,7.67,31.29
-2.15,-1.21,11.37,31.27
0.15,-1.72,12.43,31.29
5.13,0.34,8.66,31.33
5.55,-1.37,7.58,31.26
1.07,-0.49,7.7,31.31
1.11,0.34,9.17,31.34
3.45,0.13,10.78,31.3
4.63,-0.11,8.62,31.29
5.24,0.21,7.29,31.32
3.97,0.1,6.03,31.33
-2.92,-0.02,8.09,31.31
-1.27,-0.86,10.87,31.36
2.05,0.8,9.28,31.31
4.62,0.28,5.46,31.33
-4.18,0.73,7.17,31.31
-5.51,0.12,10.09,31.33
-0.98,-2.07,11.95,31.33
3.7,0.07,9.19,31.32
4.69,-0.74,7.22,31.32
-0.57,0.3,6.51,31.37
-3.91,-1.36,10.78,31.29
0.68,-1.48,11.93,31.32
4.73,0.66,8.16,31.33
5.76,-0.65,7.06,31.34
-0.03,-0.04,7.79,31.3
-2.17,-1.02,9.84,31.28
1.43,-1.33,11.62,31.3
4.33,0.07,8.62,31.34
4.87,-0.31,7.17,31.33
1.99,-1.12,8.06,31.31
-1.81,-0.36,10.19,31.38
4.24,-1.02,11.32,31.34
6.22,-0.55,9.15,31.35
4.64,-0.47,7.14,31.3
0.01,-0.92,7.96,31.29
-2.41,-1.01,10.82,31.29
2.96,-1.11,11.08,31.31
4.5,-0.73,8.77,31.3
4.73,-0.08,7.02,31.34
3.46,-0.11,7.39,31.37
-0.72,-2.08,11.35,31.3
3.0,0.07,11.22,31.29
7.92,-0.74,7.73,31.36
4.45,-0.45,7.44,31.32
2.51,-1.47,9.06,31.34
2.87,-2.73,12.3,31.31
4.27,-1.21,11.62,31.31
7.76,-1.13,9.28,31.34
5.62,-0.8,8.01,31.28
1.5,-1.64,9.53,31.32
0.03,-2.12,11.23,31.28
2.22,-0.57,11.38,31.27
7.71,-1.25,9.87,31.33
5.16,0.4,7.42,31.31
5.47,-0.12,6.75,31.34
1.36,0.25,6.06,31.31
-1.2,-0.57,9.19,31.32
-0.08,-0.85,11.44,31.32
3.15,1.94,7.49,31.3
4.29,-0.32,7.23,31.35
3.34,-0.44,7.72,31.31
1.06,0.8,7.76,31.29
0.48,-0.6,11.09,31.31
3.56,0.24,9.4,31.31
6.93,-0.02,6.27,31.27
2.56,-0.21,7.11,31.31
-4.23,-0.17,9.18,31.31
0.36,1.18,9.38,31.34
3.96,0.79,7.88,31.31
4.36,-0.11,6.63,31.31
3.07,-0.03,7.18,31.34
-3.16,-0.58,9.21,31.35
-2.28,-0.18,11.54,31.31
-1.72,-1.08,9.9,31.36
-1.7,0.09,9.7,31.33
1.74,-0.64,11.3,31.32
5.23,-0.76,9.56,31.34
4.35,-0.29,7.3,31.36
-0.57,-1.72,9.81,31.32
-2.2,-0.41,10.41,31.3
1.63,0.73,9.93,31.32
6.43,0.02,9.02,31.28
5.1,-1.44,8.87,31.33
-0.18,-1.45,9.94,31.31
0.15,-1.73,11.45,31.31
0.82,0.17,10.5,31.35
5.04,0.01,8.83,31.31
4.68,-1.03,7.79,31.34
-3.47,-0.92,9.0,31.31
-2.11,-1.48,11.15,31.31
0.68,0.2,10.53,31.3
3.22,0.57,8.28,31.34
4.3,-0.03,7.59,31.29
-1.8,-0.39,10.51,31.3
1.22,-0.12,10.56,31.33
3.11,0.7,8.54,31.32
2.86,-0.14,7.2,31.35
-2.16,-1.78,9.95,31.34
-2.32,-1.03,11.22,31.34
-0.06,1.68,9.08,31.34
3.55,-0.07,8.26,31.29
1.59,0.25,7.02,31.34
-3.15,-0.66,9.11,31.35
-3.04,-0.97,11.19,31.31
2.38,0.6,9.34,31.32
1.67,1.33,8.82,31.34
3.08,0.58,5.36,31.33
-0.21,0.76,6.44,31.32
-5.07,-0.34,9.94,31.33
0.51,-0.94,10.85,31.33
2.77,0.59,8.9,31.31
3.94,0.14,7.21,31.33
-1.61,-0.28,7.54,31.33
-6.11,-1.3,11.1,31.34
0.16,-0.72,11.17,31.33
2.32,0.93,8.7,31.31
5.12,-0.01,6.49,31.32
-0.97,-1.44,8.27,31.32
-4.3,-1.37,11.13,31.31
1.46,-0.19,10.03,31.3
3.06,0.81,8.07,31.31
5.86,1.1,5.93,31.29
0.57,-1.58,7.87,31.29
-3.92,-0.62,10.6,31.3
0.26,-0.46,10.88,31.33
3.09,1.76,7.49,31.33
6.1,0.9,5.37,31.32
3.36,0.81,5.73,31.32
-2.12,0.23,8.73,31.31
-2.16,0.36,9.82,31.31
3.72,-0.12,8.9,31.34
3.4,-0.12,6.81,31.32
-3.17,-0.96,10.93,31.33
-0.95,-1.28,11.28,31.32
1.35,-0.21,9.37,31.35
1.9,0.13,7.95,31.34
2.96,-0.91,7.4,31.29
-1.04,-0.4,9.0,31.32
-2.21,-0.6,10.89,31.3
4.72,0.17,9.36,31.29
6.33,0.51,7.2,31.3
1.95,-0.74,7.43,31.31
-2.85,-0.47,9.41,31.31
-1.07,-0.41,10.83,31.3
2.06,-0.7,10.83,31.3
4.26,-0.49,7.99,31.3
3.12,-2.04,9.06,31.28
-2.72,-1.98,10.44,31.28
-2.47,-2.21,12.81,31.31
2.81,-1.46,10.93,31.32
4.41,-1.51,8.69,31.3
1.04,-3.08,9.21,31.31
0.13,-2.25,10.27,31.32
1.2,-1.35,11.65,31.33
2.83,-1.62,10.51,31.32
3.62,-0.97,8.35,31.3
3.41,-1.63,7.71,31.34
-0.4,-1.87,10.03,31.33
1.34,-2.17,11.72,31.3
6.93,-1.77,12.04,31.32
7.64,-1.86,8.82,31.33
4.1,-0.99,7.86,31.34
1.49,-2.57,10.78,31.31
3.57,-1.7,11.61,31.33
6.47,-0.45,10.38,31.31
7.09,-1.59,8.28,31.34
3.72,-0.33,7.65,31.31
1.93,-1.49,9.5,31.33
5.14,-0.37,10.71,31.36
6.57,-0.43,9.34,31.32
5.33,0.76,6.75,31.31
4.01,0.05,7.05,31.3
2.04,-0.22,9.05,31.35
2.69,0.68,9.94,31.29
4.26,0.5,9.83,31.31
5.94,-0.15,6.59,31.33
2.53,0.1,6.99,31.32
-0.89,-1.76,10.2,31.28
0.85,-0.96,10.26,31.32
4.56,0.05,9.07,31.33
6.29,-0.16,7.13,31.33
0.04,-0.45,7.85,31.32
-0.35,-0.73,9.58,31.29
3.69,-0.25,10.03,31.28
4.17,2.04,8.09,31.34
7.34,0.58,7.19,31.35
2.34,-0.79,7.91,31.3
-0.47,-0.13,9.35,31.31
2.07,-0.82,10.9,31.34
2.95,-0.22,9.71,31.3
4.69,-0.8,7.68,31.29
-0.87,-0.77,7.72,31.34
-3.87,-1.51,10.13,31.35
-1.65,-0.08,10.71,31.27
3.74,0.24,9.56,31.28
4.93,-0.38,8.58,31.33
0.3,-1.58,8.88,31.27
-0.57,-2.26,11.34,31.31
1.45,-1.38,11.01,31.33
2.98,0.4,8.77,31.31
4.78,0.36,7.01,31.29
1.29,-1.3,7.92,31.28
-0.83,-0.67,9.89,31.28
2.1,-1.15,11.08,31.31
5.31,0.89,9.07,31.32
5.15,0.52,6.72,31.35
-0.37,-1.09,7.96,31.33
-3.76,-1.68,9.98,31.35
-1.73,-0.8,10.37,31.32
2.26,2.07,8.79,31.27
2.57,-0.56,8.88,31.3
2.08,-0.41,7.89,31.31
-3.98,-0.31,9.1,31.32
-2.43,-0.73,11.32,31.3
0.79,0.34,10.58,31.32
3.98,0.58,8.18,31.33
2.15,0.69,7.09,31.32
-4.31,0.37,8.71,31.34
-1.17,0.13,11.54,31.27
2.01,-0.18,10.16,31.31
3.2,-0.27,8.78,31.31
2.52,0.34,7.2,31.31
-4.49,-0.89,9.15,31.32
-6.26,-1.3,12.42,31.31
1.31,0.24,9.99,31.31
3.91,0.19,7.64,31.31
0.53,0.38,7.07,31.32
-4.02,-0.47,8.5,31.33
-3.55,-0.99,11.0,31.29
0.83,-0.79,11.22,31.29
4.63,-0.39,8.0,31.31
3.57,-1.2,8.79,31.37
-2.14,-2.59,9.95,31.3
-1.76,-1.52,11.56,31.32
-0.04,-0.38,10.48,31.26
2.94,-0.51,9.75,31.32
3.91,-1.95,8.52,31.31
-1.31,-2.12,9.93,31.3
-0.81,-0.95,11.36,31.35
3.33,0.63,9.17,31.31
5.33,1.07,7.67,31.29
4.62,-0.96,6.63,31.32
-1.32,-0.42,7.61,31.38
-3.77,-1.01,10.61,31.32
1.77,1.66,9.29,31.36
6.6,0.02,8.04,31.29
4.33,-0.34,5.77,31.3
-3.2,0.44,7.74,31.35
-2.94,-0.74,11.44,31.29
1.96,0.85,10.57,31.35
2.45,1.38,6.8,31.34
3.47,0.95,5.96,31.31
-1.74,0.2,7.33,31.34
-2.79,-1.14,11.97,31.31
2.49,0.56,9.49,31.29
4.48,1.53,7.07,31.32
-0.21,0.45,7.19,31.32
-6.0,-0.1,8.92,31.33
-1.81,-0.3,10.77,31.3
1.42,0.95,9.45,31.32
2.16,1.38,6.79,31.31
3.52,-0.21,6.12,31.31
-5.09,-0.07,8.62,31.3
-5.15,0.17,10.31,31.32
0.57,0.58,10.2,31.32
2.21,-0.03,8.3,31.29
1.53,0.22,6.91,31.3
-3.73,-0.97,9.65,31.31
-2.29,-1.79,12.24,31.31
2.15,-0.62,10.29,31.32
3.03,0.1,8.0,31.29
1.75,-0.46,6.98,31.3
-3.35,-1.5,9.94,31.3
-2.68,-1.48,12.01,31.35
2.62,-1.28,11.48,31.32
4.92,-1.03,8.68,31.31
4.49,-0.63,7.37,31.28
1.44,-1.02,8.93,31.3
1.26,-0.63,11.64,31.33
6.15,-1.18,10.16,31.29
5.69,-0.34,7.24,31.3
4.83,-1.32,8.11,31.27
-0.2,-0.85,9.48,31.32
-0.55,0.46,10.09,31.35
5.54,0.92,8.83,31.31
5.68,1.33,6.61,31.34
5.02,0.67,5.6,31.3
1.72,0.69,7.87,31.26
0.29,-0.59,10.64,31.34
5.31,-0.95,9.84,31.33
7.54,0.77,6.46,31.31
4.79,-0.58,6.23,31.29
-0.39,-0.04,8.2,31.32
1.46,-0.38,10.38,31.34
5.4,1.27,8.59,31.3
5.33,1.42,6.36,31.29
1.65,-0.73,7.25,31.29
-2.46,0.07,8.54,31.33
0.34,-0.58,9.91,31.29
3.11,0.49,9.48,31.32
5.28,-0.34,7.8,31.32
3.63,-1.31,8.05,31.33
-1.12,-0.65,8.94,31.29
1.1,-0.63,10.6,31.35
4.19,-0.53,10.5,31.32
3.73,-0.06,7.79,31.29
3.45,0.56,6.77,31.34
0.33,-1.63,9.15,31.3
9.07,0.62,7.35,31.31
4.15,0.34,6.55,31.32
3.34,0.45,6.31,31.32
-0.2,0.14,8.0,31.32
0.88,0.53,9.95,31.25
5.31,-0.17,9.01,31.33
7.45,0.56,5.8,31.31
2.96,-0.11,6.28,31.31
-3.0,-0.38,8.12,31.27
1.14,0.36,10.08,31.37
3.05,-0.44,9.06,31.32
5.57,0.4,6.49,31.31
3.71,-1.72,8.23,31.29
-1.64,-0.05,9.46,31.34
-0.83,-0.1,10.47,31.32
3.62,-0.91,9.59,31.3
5.2,0.14,7.41,31.3
2.84,-1.3,8.03,31.29
-0.94,-1.21,9.75,31.28
1.2,-0.08,10.93,31.3
6.18,0.04,9.43,31.33
4.75,-0.21,7.68,31.33
1.82,1.05,6.97,31.32
1.58,0.98,7.89,31.29
-0.09,-1.07,11.77,31.35
4.01,-0.82,9.99,31.26
5.59,0.06,7.03,31.33
2.0,-1.31,8.01,31.33
-3.0,-0.92,9.45,31.29
0.42,-1.47,11.4,31.28
3.46,-2.03,10.58,31.32
2.27,-1.04,7.25,31.32
0.73,-0.79,8.49,31.32
-0.71,-0.82,9.48,31.27
1.72,-0.71,11.15,31.31
5.43,-0.28,9.69,31.32
6.71,0.16,6.98,31.3
1.45,-0.16,7.96,31.31
-3.53,-0.47,9.53,31.32
-0.52,-0.99,12.1,31.29
4.05,-0.57,9.7,31.31
4.5,0.59,7.0,31.27
3.34,0.38,6.65,31.33
-4.45,-0.84,8.84,31.32
-5.23,-2.04,12.74,31.34
0.88,-0.5,11.41,31.3
3.4,0.76,7.99,31.3
2.55,0.67,6.8,31.34
-3.83,-1.85,9.89,31.3
-2.72,-0.84,11.73,31.35
1.59,-0.29,10.41,31.29
2.36,-1.23,9.46,31.33
1.16,0.35,6.41,31.33
-3.79,-1.41,9.24,31.31
-2.7,-1.74,12.56,31.35
1.73,-0.24,10.29,31.32
4.18,-0.35,8.59,31.33
2.1,-1.62,8.15,31.34
-3.65,-1.43,9.13,31.29
0.98,-0.89,11.84,31.29
4.92,-1.35,10.95,31.35
1.12,0.44,10.44,31.27
1.26,0.93,9.05,31.32
3.4,-1.18,8.55,31.27
-2.44,-2.5,10.6,31.28
-4.46,-2.82,11.98,31.26
-0.54,-0.45,11.83,31.29
3.26,0.23,9.4,31.32
3.21,0.93,6.7,31.31
-1.74,-0.95,8.34,31.31
-3.33,-1.44,11.38,31.33
1.07,-0.53,10.71,31.31
3.73,0.73,8.02,31.32
2.97,-0.41,6.65,31.32
-2.58,-1.02,8.65,31.31
-2.58,-1.74,12.07,31.31
2.27,-1.22,10.98,31.32
1.54,0.7,9.46,31.26
3.51,0.51,6.93,31.34
-3.14,-0.21,8.38,31.34
-3.98,-1.95,11.96,31.33
0.91,-0.98,10.57,31.31
0.42,1.13,9.41,31.3
3.89,1.31,7.49,31.3
0.67,-1.06,7.97,31.31
-5.69,-1.04,10.24,31.3
-1.78,-0.82,11.11,31.31
1.02,0.12,11.36,31.35
3.88,-0.23,8.76,31.27
3.27,0.17,7.21,31.32
-3.1,-0.32,9.08,31.34
-2.46,-0.31,11.36,31.3
1.94,-0.84,10.55,31.32
6.2,-0.46,7.66,31.3
0.85,-0.03,7.4,31.28
-5.18,-1.02,9.9,31.29
-2.26,-1.76,11.92,31.26
1.9,-0.55,9.71,31.28
5.75,-0.05,7.44,31.28
2.11,-0.94,7.45,31.34
-2.98,-0.17,8.95,31.32
1.33,-2.1,11.68,31.32
4.17,0.11,10.2,31.32
5.67,-0.75,7.7,31.29
3.59,-1.41,8.74,31.29
-3.52,-1.58,10.35,31.33
-0.02,-1.24,11.97,31.28
4.04,-0.61,10.88,31.31
4.76,-0.67,8.58,31.31
4.05,-1.19,7.54,31.29
-1.7,-0.48,8.54,31.27
-0.07,-1.04,11.78,31.32
4.0,-0.16,9.39,31.26
5.65,0.1,6.48,31.31
1.99,0.1,6.52,31.31
-3.28,-0.69,9.5,31.29
-0.07,-1.29,12.32,31.31
3.09,-0.13,9.52,31.34
2.71,0.71,6.83,31.32
1.41,-1.0,8.25,31.32
-2.76,-2.14,11.12,31.33
-0.63,0.03,10.7,31.29
3.75,-0.17,10.14,31.32
4.1,-1.01,8.5,31.31
2.78,-1.07,8.09,31.34
0.31,-1.12,9.61,31.33
2.09,-0.3,11.41,31.32
5.76,-1.55,10.42,31.32
6.63,0.0,7.45,31.3
3.33,-0.89,7.78,31.29
-1.53,-0.42,9.51,31.36
-0.53,-0.25,10.61,31.3
4.26,1.19,8.62,31.33
4.67,1.48,6.49,31.3
1.53,-0.1,7.58,31.29
-0.35,-1.37,10.31,31.32
0.16,-0.49,10.55,31.31
3.59,-0.32,9.12,31.29
5.6,0.87,6.75,31.3
3.54,-1.12,8.07,31.3
1.09,-0.69,10.6,31.3
5.84,-2.35,10.97,31.34
5.41,-2.32,8.32,31.29
0.66,-1.65,8.67,31.36
0.63,-2.42,11.17,31.32
2.96,-0.98,11.25,31.33
5.24,-0.97,10.33,31.34
7.74,-0.72,7.58,31.34
1.4,-2.14,9.63,31.29
-2.25,-1.37,10.31,31.32
0.96,-0.06,10.52,31.33
3.3,0.04,9.46,31.29
3.29,0.58,7.51,31.3
-0.37,-0.8,8.77,31.34
-3.09,-1.92,11.53,31.3
-1.36,-0.71,11.55,31.35
3.4,0.09,9.79,31.29
2.41,-2.47,9.52,31.3
-2.59,-2.52,10.84,31.27
3.55,0.02,9.83,31.3
3.31,-0.48,7.63,31.29
1.12,-0.85,8.14,31.34
-1.58,-1.76,10.29,31.34
0.22,-3.3,12.81,31.33
4.84,-1.53,11.07,31.33
7.1,-1.18,8.17,31.33
2.93,0.23,7.74,31.3
0.67,-1.41,10.21,31.31
2.94,-1.96,11.91,31.3
5.78,-0.9,10.18,31.28
6.89,0.83,6.27,31.3
1.36,-0.34,8.0,31.31
-2.51,-2.44,10.84,31.32
2.05,-1.27,10.74,31.32
3.16,-1.48,12.1,31.32
5.26,-1.06,9.05,31.33
4.8,-1.14,8.21,31.32
-1.07,-2.39,11.06,31.27
0.19,-1.02,10.26,31.32
5.35,-1.54,11.84,31.32
6.78,-1.11,9.42,31.32
3.61,-1.77,7.88,31.31
1.32,-2.25,9.8,31.3
0.1,-1.29,10.3,31.3
1.8,-1.58,11.44,31.3
4.82,-2.06,9.92,31.35
2.85,-0.65,8.11,31.32
0.06,-1.23,9.32,31.34
0.53,-1.62,10.92,31.32
3.61,-0.06,10.67,31.34
5.04,-1.06,9.52,31.32
0.64,-3.17,10.35,31.33
1.01,-2.08,9.98,31.36
1.18,-2.07,10.56,31.35
4.2,-0.95,10.79,31.28
6.81,-1.76,9.96,31.31
4.7,-1.36,6.47,31.28
-0.5,-0.75,8.53,31.31
-0.44,-1.08,8.59,31.29
-2.99,-0.53,8.76,31.34
0.34,-1.51,11.42,31.31
4.9,-1.25,10.47,31.3
5.13,-0.51,7.88,31.29
2.13,-0.6,6.84,31.32
-4.42,-0.55,8.9,31.33
0.45,0.0,10.47,31.32
4.13,0.23,9.05,31.29
3.82,-0.86,7.68,31.3
2.13,-1.4,8.65,31.32
0.3,-1.26,10.0,31.33
1.64,0.59,10.95,31.26
3.82,-1.66,10.98,31.28
4.45,-1.75,8.93,31.34
3.33,-1.75,8.6,31.33
0.23,-1.82,10.29,31.29
2.21,-0.75,11.5,31.31
5.91,-1.58,10.33,31.29
5.75,0.01,7.45,31.31
3.02,-0.53,7.76,31.28
-1.64,-0.56,9.13,31.31
-0.05,-0.57,11.24,31.32
5.67,-0.98,10.26,31.32
7.66,-0.53,7.45,31.31
5.88,-1.32,7.38,31.31
1.37,0.82,7.82,31.29
0.98,-0.42,10.85,31.32
5.58,-0.17,8.71,31.3
6.39,-0.75,7.78,31.3
2.04,-1.72,8.09,31.29
-1.15,-1.02,10.02,31.29
2.42,-1.78,11.64,31.29
6.03,-0.39,9.11,31.32
5.84,-1.71,8.95,31.3
1.97,-2.45,8.74,31.3
-1.52,-1.9,10.32,31.27
0.31,-2.31,11.67,31.36
6.94,-1.7,11.17,31.33
3.89,0.39,7.37,31.32
4.0,-0.35,7.59,31.29
0.01,0.17,7.05,31.29
-3.07,-1.34,11.01,31.31
-1.05,-1.15,10.89,31.33
1.09,-0.38,9.44,31.31
4.98,0.34,7.79,31.32
2.35,-1.02,7.77,31.33
-3.99,-2.32,11.16,31.36
-1.13,-1.93,11.86,31.32
4.06,1.06,10.05,31.31
3.85,-0.4,7.21,31.28
-0.55,-0.24,7.34,31.31
-3.64,-0.82,9.67,31.31
-2.53,-0.84,11.1,31.33
0.51,0.46,9.25,31.29
3.62,-0.64,7.38,31.33
-0.39,-0.19,7.66,31.29
-5.13,0.26,9.5,31.31
-1.07,-0.99,11.32,31.34
-0.7,0.2,10.64,31.31
2.67,-0.03,7.61,31.3
1.76,-0.28,7.06,31.29
-5.64,0.35,8.73,31.24
-2.36,0.24,11.57,31.29
5.49,-0.62,9.76,31.32
2.44,-0.22,7.86,31.35
-0.46,0.5,7.04,31.33
-2.04,-0.25,8.96,31.26
-3.22,-0.84,11.34,31.29
2.76,-1.34,10.78,31.34
5.16,-1.62,9.5,31.3
0.03,-0.59,7.63,31.3
-3.03,-0.78,10.35,31.31
-0.99,-1.07,11.85,31.36
3.77,-1.43,11.63,31.33
6.79,-0.08,7.78,31.32
5.49,-1.35,7.5,31.34
-1.28,-0.35,9.31,31.36
-4.22,-2.6,10.97,31.31
-1.55,-1.42,10.1,31.29
1.69,-1.14,12.47,31.35
4.44,-1.31,9.91,31.3
3.67,-0.74,7.68,31.33
0.45,-1.1,8.89,31.28
-2.3,-1.77,11.59,31.35
-0.19,-0.19,11.77,31.28
5.02,-1.64,10.25,31.3
4.55,-1.37,8.58,31.29
0.68,-1.09,8.64,31.33
-0.8,-1.14,11.4,31.32
1.44,-1.81,11.53,31.3
4.05,-1.82,10.57,31.37
4.07,-2.67,9.48,31.36
-1.94,-2.23,9.69,31.32
-1.4,-1.47,10.91,31.28
1.23,-0.21,11.48,31.33
5.26,-0.32,9.62,31.31
3.52,-0.28,7.7,31.29
5.77,0.11,7.14,31.34
1.2,-0.39,7.47,31.32
-0.93,-0.53,9.34,31.31
0.94,-1.33,11.84,31.32
3.83,-0.76,9.95,31.35
3.92,-1.04,8.14,31.32
1.55,-1.02,8.05,31.32
-1.96,-0.36,9.33,31.35
-0.06,-0.57,11.21,31.34
3.02,-0.12,9.48,31.29
4.43,-0.75,8.34,31.29
1.55,-0.59,7.99,31.3
-1.16,-0.63,9.28,31.3
0.87,-0.99,11.58,31.31
5.08,-0.5,9.47,31.32
3.96,0.41,6.79,31.32
0.64,-1.51,8.41,31.31
0.12,-1.84,10.5,31.32
1.18,-0.09,10.55,31.35
5.47,-0.87,9.67,31.35
5.68,-1.3,7.92,31.34
2.36,-1.53,8.62,31.32
0.17,-1.4,9.92,31.32
3.06,0.83,9.84,31.32
6.18,0.53,8.62,31.3
4.82,-0.19,6.9,31.32
-0.8,-0.56,7.43,31.32
-3.08,-0.97,10.8,31.29
1.45,-1.09,10.42,31.32
3.31,-0.01,9.16,31.31
4.58,-0.56,7.86,31.36
-0.18,-0.96,9.05,31.34
-1.41,-0.53,9.73,31.32
1.83,-0.47,10.94,31.26
4.17,-1.1,10.89,31.33
6.71,-1.13,8.08,31.27
2.0,-0.41,8.14,31.33
-1.2,-1.54,10.77,31.31
1.01,-0.25,10.97,31.33
6.85,-0.12,10.02,31.29
5.66,-0.33,7.37,31.29
-0.55,-0.58,8.12,31.3
-0.51,-1.57,10.1,31.36
0.78,1.07,8.82,31.3
3.37,2.15,7.03,31.33
4.46,1.73,5.95,31.32
0.18,-0.19,7.69,31.31
-2.39,-0.52,10.21,31.32
1.27,0.31,10.16,31.34
3.89,0.89,8.2,31.31
2.96,-0.19,6.68,31.34
-4.02,-1.35,7.85,31.29
-6.35,-1.17,11.39,31.35
0.54,-0.69,11.38,31.35
2.49,0.37,9.09,31.33
4.02,0.0,7.32,31.32
-1.59,-1.79,8.96,31.33
-4.5,-0.97,11.18,31.31
2.54,-0.28,10.47,31.37
4.87,-0.09,8.8,31.29
6.12,0.37,6.54,31.32
1.46,-0.55,6.9,31.29
-4.84,-1.0,11.55,31.31
0.73,-0.85,10.44,31.3
4.6,1.08,7.72,31.32
4.92,0.87,5.67,31.32
-0.66,0.59,6.3,31.32
-2.99,0.03,9.53,31.3
-3.58,-0.16,11.36,31.29
2.1,-0.39,10.9,31.32
3.15,-0.09,7.51,31.29
0.0,0.52,6.45,31.31
-3.21,-0.99,9.9,31.35
-1.47,-2.35,12.61,31.31
3.12,-0.76,10.5,31.32
6.01,-0.85,8.92,31.29
2.83,-0.46,7.53,31.32
-2.42,-1.55,9.35,31.33
-0.63,-1.18,11.9,31.3
5.75,-0.72,10.15,31.29
3.99,0.65,7.55,31.33
0.87,-0.6,6.87,31.34
-4.67,0.04,8.32,31.3
-0.21,-1.48,11.55,31.35
2.62,0.38,9.25,31.31
3.55,2.1,6.02,31.32
1.88,-0.11,6.5,31.31
-4.67,-0.76,9.35,31.34
-0.89,-1.33,10.85,31.3
1.69,-0.21,9.23,31.3
4.6,0.4,7.71,31.31
8.05,-1.09,7.03,31.31
1.97,-1.09,9.12,31.31
1.17,1.31,9.43,31.27
6.76,-1.03,10.5,31.34
6.23,0.87,6.31,31.29
4.98,-0.2,6.12,31.29
-2.41,0.07,9.55,31.31
-2.91,0.87,9.7,31.29
1.44,-0.4,9.78,31.31
3.63,1.24,6.48,31.32
2.38,-0.03,7.35,31.3
-2.3,-0.61,9.83,31.34
-2.81,-0.96,10.91,31.27
2.48,-1.49,10.46,31.31
4.19,-0.92,8.43,31.29
4.63,-1.41,7.8,31.31
-0.39,-1.1,10.06,31.31
-1.09,-1.36,11.71,31.29
4.2,-0.85,10.14,31.33
6.91,-1.47,8.26,31.26
3.28,-2.74,8.96,31.28
-0.79,-1.89,10.17,31.33
2.44,-2.47,11.83,31.33
5.71,-1.3,10.99,31.32
6.45,-1.9,8.28,31.3
4.81,-1.62,8.69,31.27
0.75,-2.1,10.29,31.27
1.96,-1.6,11.37,31.31
6.96,-1.36,11.23,31.29
6.72,-1.14,8.59,31.29
2.86,-1.49,8.61,31.29
1.72,-2.49,10.57,31.32
3.49,-0.06,10.04,31.29
6.39,0.46,10.04,31.29
8.04,-1.29,7.41,31.34
3.35,-0.54,7.02,31.3
0.74,-1.33,9.94,31.32
1.6,-1.1,10.95,31.3
4.88,-0.45,9.33,31.3
6.73,-0.33,7.84,31.29
-1.24,-1.14,9.0,31.32
-3.9,-1.29,10.48,31.29
-0.19,-0.28,10.96,31.29
2.5,0.76,8.96,31.29
5.61,-0.05,7.83,31.31
4.3,1.02,6.72,31.3
2.58,0.29,7.15,31.29
-2.11,-0.24,7.83,31.28
-3.63,-0.3,10.17,31.34
-0.43,-0.13,10.6,31.29
2.11,0.25,9.23,31.33
4.75,-0.41,7.3,31.3
-1.72,-1.55,8.55,31.27
-5.43,-1.53,11.62,31.28
-0.16,-0.96,11.22,31.31
2.57,0.26,8.7,31.3
3.7,0.68,6.62,31.34
-0.74,0.13,7.66,31.31
-2.26,-1.26,11.22,31.3
1.01,-0.85,10.73,31.28
3.6,1.73,6.81,31.28
4.25,0.55,6.42,31.31
-2.43,0.03,8.48,31.31
-1.8,-1.22,10.79,31.32
-0.67,0.55,9.73,31.29
2.94,1.35,7.61,31.28
6.51,-1.59,7.99,31.29
-1.39,-0.36,7.82,31.28
-3.0,0.74,9.43,31.31
1.44,-0.57,10.34,31.32
3.29,1.06,7.57,31.31
4.43,-0.74,7.18,31.32
-0.91,-0.22,7.81,31.34
-4.46,0.5,9.27,31.31
0.99,-0.35,10.48,31.27
5.62,0.23,7.78,31.33
5.36,-0.02,7.07,31.34
-0.17,-1.06,8.54,31.32
-3.36,0.03,10.14,31.33
2.87,-0.56,10.25,31.31
5.54,-0.41,9.25,31.33
4.93,-0.07,7.32,31.32
3.17,-1.16,7.99,31.29
-2.42,-1.89,10.62,31.3
2.86,-2.15,8.53,31.32
1.63,-1.68,8.23,31.32
-1.33,-1.4,10.38,31.3
1.4,-1.45,12.0,31.28
7.12,-1.52,11.17,31.31
7.85,-1.59,8.42,31.28
2.92,-1.79,8.44,31.29
0.28,-1.68,10.49,31.28
1.14,-2.46,12.57,31.34
6.17,-1.58,10.8,31.31
7.13,-0.41,7.7,31.34
4.7,-0.71,7.75,31.3
0.61,-0.85,10.32,31.32
1.91,0.07,10.72,31.3
5.71,0.72,9.33,31.3
4.81,0.62,7.38,31.32
2.86,0.5,6.82,31.32
-0.42,-0.44,8.99,31.28
-0.79,-0.2,10.85,31.3
3.42,0.07,10.07,31.32
3.18,-0.99,8.48,31.34
-0.07,-0.1,7.41,31.28
-1.13,-1.13,10.26,31.25
0.47,-0.84,11.39,31.32
3.71,0.0,10.06,31.3
4.67,-0.6,8.29,31.35
0.89,-0.4,8.12,31.32
-1.18,-1.82,10.27,31.31
-0.23,-0.16,10.96,31.3
2.92,-0.18,9.64,31.32
4.86,-0.6,7.39,31.31
-0.14,-0.82,8.34,31.33
-2.69,-0.37,10.05,31.34
-0.99,0.02,11.04,31.37
0.82,0.13,10.25,31.29
1.8,0.65,7.51,31.29
-3.45,-0.47,8.29,31.32
-4.03,-1.83,11.48,31.31
-1.03,0.51,9.97,31.32
2.96,-0.97,10.13,31.29
3.64,-1.14,8.22,31.31
0.82,-0.45,7.32,31.31
-3.18,-1.71,9.77,31.33
-1.01,-2.66,11.81,31.23
1.67,-2.6,12.5,31.3
3.63,-1.88,8.26,31.31
0.42,-2.16,9.01,31.29
-0.53,-2.77,11.28,31.27
1.96,-1.52,11.11,31.31
5.48,-1.31,11.67,31.33
7.57,-1.64,9.15,31.32
2.86,-1.19,8.61,31.3
-0.64,-2.19,10.02,31.28
1.36,-0.61,10.95,31.31
4.58,-1.07,11.08,31.28
8.31,-0.5,8.46,31.35
3.33,-1.04,7.36,31.25
-0.86,-1.02,9.78,31.33
0.41,-0.29,10.47,31.3
1.38,-1.52,11.42,31.28
5.01,-0.95,9.42,31.32
5.6,-1.03,8.15,31.31
2.03,-1.56,8.89,31.3
-1.44,-2.3,10.48,31.27
2.63,-1.38,11.26,31.33
5.26,-0.51,9.34,31.34
3.42,-0.33,7.17,31.31
1.53,-1.99,9.16,31.31
-0.72,-1.52,10.3,31.3
2.25,-0.77,10.87,31.32
6.52,-1.6,10.1,31.31
5.59,-0.86,7.89,31.31
1.06,-0.16,7.64,31.32
-0.62,-1.04,10.17,31.3
2.09,-0.17,10.73,31.3
4.82,-0.33,9.08,31.3
5.74,-0.2,7.26,31.34
0.2,-0.34,7.85,31.32
1.75,-0.53,10.28,31.27
5.34,-0.69,8.2,31.37
1.91,-1.42,8.42,31.31
-2.66,-2.56,11.35,31.34
-0.42,-2.17,12.14,31.33
3.02,0.21,10.86,31.34
5.96,-1.1,8.48,31.3
1.09,-0.46,6.96,31.29
-2.29,-1.4,10.08,31.3
0.71,-0.73,11.02,31.35
3.63,-0.13,10.19,31.33
5.85,-0.38,8.13,31.28
1.51,-0.41,7.32,31.28
-1.61,0.15,8.34,31.29
-3.09,-0.2,10.14,31.29
1.99,1.24,9.07,31.31
4.6,1.7,7.52,31.29
3.24,-0.22,7.62,31.34
-3.22,-1.6,8.96,31.27
0.19,-0.27,10.4,31.31
1.05,0.09,10.54,31.28
1.59,1.26,7.96,31.32
3.42,0.12,7.52,31.29
-3.04,-1.18,8.72,31.28
-6.05,-0.82,11.65,31.33
-0.21,-0.29,10.98,31.27
0.47,1.04,8.62,31.31
0.82,0.19,6.87,31.33
-3.1,0.24,7.59,31.29
-3.42,-0.83,11.01,31.29
-0.13,-0.64,10.73,31.32
1.39,-0.79,9.62,31.28
3.11,0.4,7.14,31.29
-1.06,-0.89,8.06,31.31
-3.04,-1.4,11.96,31.33
0.8,-1.53,11.41,31.32
4.42,0.62,7.46,31.3
5.97,-0.11,7.12,31.32
0.54,-0.91,7.99,31.33
0.52,0.93,8.95,31.33
3.41,-1.28,11.2,31.31
1.93,0.52,7.39,31.28
4.56,0.72,5.72,31.37
1.21,-0.75,8.47,31.28
-1.7,0.72,9.07,31.28
-0.23,0.73,9.31,31.35
2.07,1.4,7.32,31.33
1.54,-0.74,7.36,31.31
-2.71,0.4,8.17,31.32
-1.54,-0.4,10.02,31.3
1.83,0.02,10.71,31.32
4.02,0.19,7.96,31.34
5.26,-1.36,7.6,31.29
0.5,-1.31,9.12,31.32
-0.27,-0.44,10.49,31.36
4.96,-0.87,10.68,31.33
7.78,-0.42,7.82,31.37
5.82,0.1,6.67,31.32
0.12,-0.34,7.66,31.32
3.73,-0.34,6.91,31.31
0.53,0.22,7.75,31.33
0.27,0.24,9.13,31.32
3.13,0.95,8.72,31.32
4.19,0.96,6.81,31.35
3.24,-0.63,7.08,31.33
-1.74,-0.79,8.26,31.29
-1.02,0.06,9.57,31.32
3.06,-0.91,11.79,31.32
5.06,-1.13,9.0,31.36
4.48,-1.23,7.66,31.31
2.26,-1.52,9.39,31.31
0.27,-0.81,10.59,31.32
3.61,-1.43,10.66,31.28
7.75,-1.51,9.29,31.28
4.59,-0.54,7.14,31.34
0.94,-1.18,8.89,31.27
0.37,-2.8,11.65,31.3
4.09,-1.87,11.46,31.33
-4.51,-0.63,8.5,31.34
-4.12,-1.72,11.67,31.3
-2.03,-0.26,11.5,31.31
0.68,0.31,8.47,31.31
1.68,-1.25,8.46,31.3
-5.24,-1.54,9.84,31.29
-4.92,-1.38,11.48,31.29
-0.98,-0.94,11.93,31.29
2.25,-0.43,9.3,31.29
2.47,-1.03,7.37,31.29
-2.05,-2.31,10.24,31.27
-2.15,-2.19,12.15,31.3
3.0,0.25,9.63,31.29
4.63,0.28,7.69,31.32
4.76,-0.11,7.13,31.34
0.05,-0.06,7.15,31.28
-1.4,-0.77,10.72,31.32
2.57,0.07,9.76,31.32
3.58,0.03,7.85,31.31
4.32,0.23,6.12,31.34
-1.9,-1.19,8.16,31.31
-3.87,-0.58,11.32,31.27
1.53,0.72,9.87,31.32
5.29,0.06,7.96,31.32
4.87,0.8,6.57,31.3
0.6,0.4,7.2,31.3
0.79,0.16,9.96,31.27
2.57,-0.49,10.44,31.31
4.38,0.22,8.22,31.31
4.05,-0.57,6.61,31.3
-2.13,0.14,8.09,31.31
-1.96,0.24,10.34,31.31
-0.81,-0.74,11.0,31.31
1.47,-0.4,10.46,31.29
4.73,-0.4,7.09,31.29
1.99,0.06,7.09,31.29
-4.13,-0.95,9.74,31.34
1.73,0.01,10.8,31.28
6.08,0.17,8.97,31.29
3.28,0.4,7.1,31.28
-0.23,-0.69,7.98,31.3
-2.62,-1.88,10.88,31.32
1.63,-1.07,11.43,31.32
4.89,-0.04,8.93,31.32
6.57,-0.3,7.23,31.33
4.02,-0.68,6.64,31.34
-0.75,0.64,7.48,31.29
0.83,1.13,10.09,31.28
3.76,-1.23,9.81,31.3
2.36,1.13,6.39,31.29
0.45,0.11,7.46,31.29
-4.35,0.42,9.3,31.29
-2.04,0.2,10.83,31.29
3.99,-0.23,9.38,31.29
2.78,1.0,6.66,31.29
0.48,-0.33,7.54,31.31
-0.47,-1.3,10.87,31.3
0.63,-0.53,10.48,31.31
2.77,0.53,8.91,31.33
3.71,-0.11,7.81,31.33
2.31,-1.4,8.71,31.32
-1.65,-1.97,10.89,31.31
-0.41,-0.57,11.34,31.33
4.18,-0.35,9.83,31.34
3.93,-0.78,8.15,31.32
1.45,-1.37,8.57,31.33
-0.24,-1.21,9.92,31.34
1.82,-0.17,10.32,31.32
5.18,0.31,9.45,31.3
3.27,-0.42,7.57,31.29
-0.11,-0.42,7.82,31.34
-1.58,-1.23,10.5,31.29
1.3,-0.83,10.85,31.37
4.32,-1.11,9.64,31.32
5.54,-1.23,8.16,31.33
0.23,-1.05,8.28,31.32
-3.1,-0.67,9.73,31.3
2.56,-1.03,11.03,31.29
3.88,-0.41,9.67,31.36
0.89,0.53,10.83,31.31
3.02,0.42,9.13,31.31
7.9,-1.22,8.85,31.33
2.4,-0.96,8.11,31.29
-3.7,-1.22,10.1,31.3
0.27,-1.91,11.72,31.3
2.99,-1.1,11.65,31.28
5.98,0.0,7.68,31.29
4.2,-0.4,7.93,31.29
-1.55,-1.96,11.35,31.29
0.83,-1.64,11.28,31.29
3.42,-0.09,9.67,31.28
4.84,0.11,7.87,31.26
0.96,-0.49,7.09,31.32
-1.41,-0.87,9.84,31.28
0.34,-1.43,11.14,31.35
3.4,0.29,9.85,31.3
6.01,-0.05,7.42,31.34
1.4,-0.85,7.44,31.32
-4.89,-0.91,9.86,31.31
0.34,-0.89,11.33,31.33
4.7,-0.1,9.9,31.36
3.88,0.29,6.86,31.29
2.04,0.08,7.37,31.29
-1.3,-0.82,9.43,31.34
-1.04,-0.18,10.9,31.34
3.78,1.26,8.92,31.32
4.39,-0.64,8.2,31.31
-0.91,0.13,6.75,31.32
-4.04,0.05,8.7,31.3
-2.69,-0.57,11.27,31.29
1.11,-0.14,9.94,31.32
4.92,-0.92,7.94,31.34
2.77,-0.44,7.71,31.3
-3.86,-0.76,10.38,31.32
-1.23,-0.54,11.55,31.3
5.79,-0.65,9.32,31.31
5.36,-0.26,7.53,31.29
3.45,-0.58,7.28,31.29
-3.37,-0.92,9.95,31.34
-3.02,-1.03,11.51,31.29
0.82,1.52,8.38,31.29
3.35,0.13,7.15,31.29
3.5,0.03,7.22,31.26
-0.63,0.79,8.26,31.33
0.8,0.72,10.66,31.25
2.82,-0.58,9.67,31.3
3.7,-0.1,7.27,31.3
1.66,-1.26,7.96,31.3
-2.54,-0.66,9.88,31.31
-0.03,0.12,10.26,31.3
2.73,-0.33,9.5,31.27
3.6,0.55,7.52,31.29
1.74,-0.61,7.52,31.34
-3.26,0.07,9.47,31.33
-1.5,-1.44,11.29,31.3
2.6,-0.92,11.6,31.29
4.12,-0.76,8.68,31.31
4.57,-0.25,6.85,31.29
0.27,-1.48,9.48,31.33
-1.52,-2.09,12.15,31.29
4.36,-1.64,11.17,31.34
4.95,-0.65,8.6,31.3
2.48,-0.89,7.33,31.28
1.27,-1.82,9.33,31.28
0.52,-1.68,11.34,31.35
3.55,0.32,10.41,31.32
6.26,-0.79,8.58,31.27
5.49,-0.83,7.97,31.31
1.29,-0.53,8.26,31.29
2.23,0.95,8.77,31.28
3.5,0.56,10.16,31.31
7.01,0.6,7.52,31.33
5.76,0.04,7.0,31.29
-0.97,-0.64,9.09,31.27
0.87,-1.03,10.68,31.29
1.74,-1.95,12.0,31.29
3.01,-1.21,8.85,31.3
-0.92,-1.08,10.99,31.32
2.3,0.34,9.18,31.33
5.25,0.53,7.42,31.3
-0.31,0.06,7.36,31.29
-3.83,-0.72,10.58,31.34
0.99,-1.71,11.76,31.28
2.91,0.95,9.16,31.29
5.37,-0.24,6.93,31.29
1.36,-0.38,6.88,31.3
-1.94,-0.49,9.89,31.3
1.61,-1.58,11.77,31.26
4.16,1.07,8.54,31.31
4.35,0.34,6.83,31.32
0.06,-0.62,7.88,31.3
-3.46,-0.23,9.45,31.29
-0.8,-0.75,10.98,31.32
3.52,1.28,8.8,31.3
3.78,-0.14,6.82,31.29
0.0,1.0,6.6,31.3
-3.5,-0.46,9.01,31.33
1.14,0.51,10.59,31.33
4.84,0.02,9.15,31.28
4.65,-1.01,7.51,31.29
1.04,-0.89,7.68,31.34
-2.64,-0.21,9.77,31.32
3.15,-1.22,11.86,31.3
5.78,-0.72,9.28,31.32
5.93,0.36,6.54,31.31
2.45,-1.36,8.33,31.3
-3.0,-0.57,10.07,31.32
1.24,-1.01,11.2,31.28
4.4,-0.53,8.89,31.32
3.48,0.39,6.14,31.3
0.82,-0.99,7.9,31.33
-2.66,-2.18,11.11,31.28
1.05,-0.64,11.68,31.31
5.24,-0.91,9.9,31.3
4.21,-0.89,7.84,31.31
0.46,-1.39,8.2,31.29
-1.25,-1.19,10.34,31.34
0.63,-0.41,11.97,31.33
3.88,-0.79,9.28,31.31
4.78,-0.93,7.92,31.28
0.88,-1.2,8.15,31.33
0.01,-0.93,10.15,31.37
2.32,-1.52,11.96,31.32
5.34,-1.74,10.16,31.32
4.85,-0.2,7.82,31.27
1.69,-0.7,8.01,31.3
-0.7,-0.77,9.96,31.28
2.41,-2.15,11.84,31.31
5.81,-0.42,8.68,31.32
3.74,0.39,6.9,31.3
-0.11,-0.54,8.15,31.31
1.33,0.09,9.23,31.29
3.59,-0.09,10.35,31.27
6.74,1.17,8.54,31.29
3.12,-0.37,7.29,31.28
-3.0,0.21,8.0,31.31
-4.0,-0.75,10.27,31.3
-1.08,-0.57,10.39,31.31
4.2,-0.86,10.11,31.3
4.15,-1.14,8.3,31.29
-2.34,-1.63,9.36,31.34
-5.01,-1.63,10.87,31.32
-0.51,-0.14,11.67,31.3
2.14,-0.38,9.94,31.24
2.39,-0.76,8.13,31.34
-1.02,-2.22,9.62,31.3
-1.92,-1.79,11.58,31.33
2.67,0.51,9.93,31.32
4.36,-0.68,9.69,31.31
2.07,-3.2,9.67,31.29
-1.75,-2.89,10.02,31.3
0.03,-2.27,10.35,31.3
0.6,-0.73,11.38,31.29
5.01,-0.9,10.78,31.34
7.4,-1.2,8.07,31.27
0.44,-1.0,9.49,31.3
-1.41,-1.78,11.71,31.28
1.77,-1.0,10.52,31.3
4.61,-0.33,11.11,31.3
6.98,-1.48,8.89,31.28
3.63,-0.72,8.51,31.28
0.28,-1.81,10.24,31.33
-0.65,-1.07,10.71,31.31
5.13,0.93,9.19,31.29
8.29,-0.23,8.12,31.31
4.55,-0.71,7.21,31.3
-0.15,-1.78,10.35,31.3
-0.68,-1.23,11.17,31.29
3.06,2.27,8.39,31.35
7.01,0.3,7.87,31.31
2.03,0.6,6.98,31.28
-1.55,0.05,8.57,31.29
-0.94,0.26,11.28,31.28
1.54,0.51,9.51,31.3
4.6,0.93,7.22,31.32
5.34,-1.0,7.7,31.34
2.94,-1.53,8.49,31.32
1.7,-0.22,8.4,31.32
2.71,-0.43,10.43,31.27
5.03,0.04,10.31,31.24
5.97,-1.87,8.82,31.32
2.56,-1.5,8.73,31.3
-0.47,-1.51,9.71,31.29
0.6,0.06,10.0,31.3
4.94,0.09,9.75,31.26
4.75,-0.75,8.5,31.31
3.12,-0.09,6.22,31.32
1.15,-0.42,9.22,31.31
1.57,-2.1,11.81,31.32
4.54,-1.76,10.59,31.33
6.02,-1.21,8.32,31.3
0.27,-0.17,7.07,31.3
-1.58,-0.95,9.88,31.37
1.68,-1.21,11.12,31.3
2.76,-0.12,9.28,31.26
2.83,-1.3,8.69,31.31
-1.2,-1.83,9.3,31.32
-2.18,-1.21,9.79,31.35
0.08,-0.61,10.74,31.31
4.97,-0.78,9.85,31.3
6.62,-0.1,8.15,31.28
-1.4,-0.43,7.63,31.34
-5.21,-0.38,10.47,31.36
-1.28,-0.15,11.13,31.29
2.35,0.82,9.73,31.32
4.02,-0.77,8.67,31.29
-2.13,-0.25,8.11,31.34
-4.71,-1.36,10.72,31.38
-2.73,-1.18,11.65,31.29
0.35,0.39,10.42,31.27
5.75,-0.17,7.86,31.32
0.66,-1.71,9.35,31.33
-3.11,-2.5,12.06,31.34
-0.2,-1.49,11.22,31.27
3.32,-0.87,8.0,31.28
-0.18,-0.88,8.38,31.3
-2.02,-1.26,10.43,31.33
-0.36,0.11,10.16,31.29
3.39,-0.23,10.77,31.32
5.57,-1.78,10.02,31.3
0.94,-1.93,9.19,31.31
-1.29,-1.91,10.34,31.27
-0.42,-1.6,11.47,31.31
2.09,-0.25,10.76,31.26
5.67,-1.12,8.97,31.23
1.96,-1.97,9.21,31.29
-0.8,-0.76,9.77,31.29
1.41,0.47,9.73,31.3
2.83,1.39,8.66,31.34
4.64,-0.09,8.2,31.29
-0.39,-0.86,7.75,31.29
-3.86,0.02,9.45,31.26
-1.15,0.58,10.04,31.31
-0.09,0.18,10.17,31.32
3.62,-0.66,8.12,31.3
0.33,-1.09,8.35,31.31
-6.05,-2.53,11.62,31.32
-2.1,-0.67,11.51,31.3
3.45,0.23,9.92,31.29
4.34,0.96,6.84,31.3
0.81,-0.15,6.99,31.29
-2.8,-0.7,10.25,31.32
0.23,-0.9,10.55,31.25
4.42,1.03,8.54,31.28
4.85,-0.02,7.52,31.31
0.25,-0.15,6.88,31.3
-2.2,-1.33,10.99,31.32
-1.6,-1.02,11.19,31.28
2.84,0.56,8.76,31.32
4.47,0.34,7.44,31.28
1.32,-1.02,7.42,31.29
-1.06,-0.56,9.11,31.34
0.11,-1.27,11.89,31.3
2.34,-0.39,10.41,31.32
5.41,0.82,7.86,31.31
3.9,0.24,6.28,31.28
-2.79,0.41,6.88,31.3
-1.94,-0.38,10.38,31.31
2.07,0.63,9.18,31.26
3.52,0.92,7.19,31.32
3.84,-0.42,7.79,31.3
-3.01,-0.74,8.5,31.27
-1.49,-1.32,11.72,31.29
1.75,-1.33,11.12,31.34
3.77,0.9,7.66,31.3
5.16,-0.57,6.86,31.27
-3.23,-1.07,8.07,31.27
-4.66,-0.2,11.48,31.33
2.43,-1.54,11.08,31.34
4.95,0.11,8.1,31.3
3.12,0.72,5.29,31.27
-1.81,0.69,7.17,31.26
-1.99,-0.78,10.9,31.29
4.29,-0.74,7.22,31.26
3.21,-0.05,6.9,31.29
1.09,-1.1,9.16,31.33
0.82,-1.39,11.33,31.29
4.11,0.43,9.84,31.28
6.19,-0.52,7.83,31.29
5.44,-0.31,7.58,31.31
2.42,-1.69,9.67,31.29
2.03,-1.21,11.02,31.33
4.85,-0.56,10.77,31.31
5.97,-1.15,8.51,31.3
4.69,-1.27,7.76,31.3
1.64,-1.41,9.15,31.31
2.29,-0.67,10.35,31.32
4.26,-0.44,10.74,31.29
7.19,-1.12,8.12,31.34
3.32,0.33,6.51,31.29
0.98,-1.12,9.73,31.25
2.68,-0.78,10.55,31.29
-0.16,-0.57,8.49,31.33
-1.76,-1.44,9.56,31.29
1.69,-0.65,11.25,31.27
2.34,0.28,9.41,31.32
6.12,0.09,7.81,31.33
1.57,0.19,7.55,31.27
-3.78,-0.93,10.27,31.28
-0.93,0.53,11.25,31.28
2.21,0.31,9.98,31.28
2.7,-0.83,8.97,31.28
-0.23,-0.9,8.68,31.29
-0.31,-1.59,10.37,31.3
-0.29,-0.79,10.76,31.3
0.93,-1.14,11.12,31.3
3.28,-1.87,9.04,31.31
-0.33,-0.76,8.32,31.32
-3.47,-2.11,11.2,31.3
-1.16,-1.13,10.94,31.32
2.94,0.18,9.2,31.3
6.13,0.85,7.0,31.35
1.64,-0.53,7.79,31.3
-2.89,-1.39,10.65,31.35
0.27,-0.98,11.25,31.34
3.2,0.8,9.5,31.32
4.84,0.54,6.59,31.33
-0.17,-0.74,8.02,31.35
-5.1,-2.13,11.67,31.3
-1.28,0.27,10.81,31.38
3.18,0.02,9.15,31.32
3.71,1.4,6.51,31.3
-0.62,-0.12,7.49,31.35
-3.94,-0.16,10.18,31.28
0.24,-0.91,10.88,31.32
3.59,1.0,8.85,31.32
6.7,-0.45,7.58,31.31
0.56,-0.28,6.65,31.28
-3.44,-0.04,9.11,31.3
0.73,-1.1,11.16,31.34
3.69,0.59,8.35,31.34
-2.87,-0.72,7.2,31.28
-7.2,-1.08,11.03,31.27
-2.13,-1.46,12.16,31.32
4.21,-0.23,9.64,31.28
4.44,-0.7,7.28,31.34
-0.54,-1.68,7.91,31.32
-2.27,-2.17,11.8,31.31
1.56,-1.01,10.72,31.32
3.49,0.05,8.68,31.31
3.81,0.23,6.36,31.31
2.11,-0.17,7.79,31.3
-3.61,0.48,9.15,31.33
0.48,-0.1,11.08,31.36
3.04,-1.36,10.3,31.3
4.22,-0.07,7.02,31.3
2.26,-1.38,8.26,31.34
-1.24,-0.65,8.14,31.28
-1.31,-1.22,11.78,31.34
3.1,-1.18,11.16,31.37
5.05,-0.75,7.98,31.31
3.94,-0.26,7.14,31.31
-2.38,-0.91,8.37,31.33
-0.6,0.25,10.61,31.32
3.47,0.31,9.72,31.33
6.03,0.88,7.08,31.28
1.88,-0.91,8.1,31.35
-0.94,0.34,7.36,31.32
-0.67,0.98,9.54,31.33
3.51,-0.64,10.09,31.34
4.82,0.7,7.05,31.32
3.54,-0.28,6.99,31.33
-2.55,-0.67,8.29,31.27
-2.02,0.24,9.85,31.33
4.97,-0.02,9.88,31.32
5.92,-0.67,8.39,31.26
4.49,0.14,6.86,31.37
1.88,0.44,7.79,31.29
-0.56,-1.11,11.3,31.31
5.47,-0.09,10.12,31.31
9.62,-1.24,8.26,31.31
3.28,0.21,6.29,31.34
-0.78,0.73,8.13,31.34
-0.09,-1.63,11.54,31.29
1.98,0.21,10.31,31.31
3.96,0.15,7.52,31.33
2.52,-0.63,8.03,31.29
-1.68,-0.29,8.53,31.32
-0.63,-0.11,9.75,31.31
1.96,0.11,10.92,31.25
4.06,-1.58,9.05,31.3
3.09,-1.4,8.22,31.32
-2.03,-1.43,9.6,31.28
-0.69,-1.39,11.22,31.31
3.42,-0.28,10.99,31.32
5.53,0.03,7.92,31.3
4.25,-0.48,7.64,31.33
-0.07,-0.78,9.14,31.3
-0.95,0.11,10.08,31.26
2.51,1.05,9.34,31.27
5.72,0.61,7.05,31.37
1.86,0.45,7.56,31.31
0.11,0.02,8.74,31.29
0.98,0.64,9.21,31.33
2.35,0.9,9.09,31.32
4.78,0.96,7.11,31.3
0.69,-0.43,7.66,31.3
-3.19,-1.26,9.49,31.3
-0.51,-0.15,9.99,31.29
4.49,0.37,9.43,31.27
8.13,0.04,7.49,31.33
1.99,-1.83,8.81,31.29
-1.89,-1.93,10.08,31.34
0.2,-0.79,10.72,31.29
5.37,0.04,10.06,31.31
8.49,-0.7,8.37,31.3
2.21,-0.7,7.35,31.32
0.41,-0.35,9.27,31.31
0.8,-0.79,11.42,31.28
3.12,0.59,9.24,31.36
5.56,-0.04,8.31,31.35
0.4,-1.65,8.0,31.36
-4.19,-1.06,10.86,31.28
0.88,-0.49,10.36,31.34
4.63,0.59,9.13,31.3
6.04,-0.13,8.49,31.28
0.96,-1.38,8.37,31.31
-2.62,-1.67,10.69,31.34
-0.3,-0.4,11.31,31.3
1.51,1.34,8.35,31.29
4.52,0.91,6.98,31.33
0.16,-1.06,8.27,31.3
-5.3,-2.2,11.77,31.33
-1.32,-1.23,11.13,31.29
0.34,0.21,10.31,31.34
2.46,0.49,7.61,31.28
0.19,-0.06,7.31,31.26
-5.17,-1.25,10.41,31.31
-3.39,0.03,10.79,31.31
1.94,0.55,8.91,31.31
2.29,0.61,7.46,31.3
-2.43,0.78,6.27,31.31
-6.43,-0.27,9.88,31.31
-5.32,-0.88,10.91,31.31
1.26,0.87,9.13,31.31
4.33,-1.47,8.09,31.31
-2.12,0.18,6.95,31.31
-5.96,-0.27,9.59,31.28
-1.76,-1.3,12.93,31.3
1.65,-0.2,9.81,31.31
4.59,0.53,6.56,31.3
-0.01,-0.78,7.98,31.3
-3.42,-0.59,10.89,31.28
1.12,-1.79,12.19,31.3
4.81,-0.33,10.06,31.32
7.56,-0.54,6.91,31.31
3.48,0.13,6.58,31.31
-2.35,-0.11,9.51,31.27
1.48,-0.46,11.2,31.28
-2.58,-1.99,10.47,31.33
-0.96,-0.32,10.13,31.34
4.74,-1.35,11.07,31.24
5.02,-0.56,8.75,31.33
0.68,0.18,7.17,31.34
-3.23,-1.92,9.84,31.35
-3.95,-1.41,12.09,31.33
3.02,-0.26,9.87,31.3
7.08,-0.92,9.25,31.36
2.05,-0.8,8.02,31.34
-3.07,-2.22,10.34,31.31
-0.66,-1.66,10.52,31.33
1.31,-0.4,10.89,31.28
4.72,-1.14,9.5,31.32
2.97,-1.79,8.77,31.33
-3.41,-2.51,10.88,31.33
-1.53,-1.65,11.36,31.34
2.44,-0.03,10.71,31.3
3.54,-0.14,9.51,31.32
-0.71,-0.73,10.86,31.32
-2.51,-0.02,11.09,31.27
2.12,1.34,8.35,31.33
5.5,-0.7,7.72,31.29
-1.81,-1.27,8.29,31.27
-3.75,-1.03,10.9,31.3
1.44,-0.1,10.82,31.28
2.49,0.36,9.01,31.31
4.72,0.49,6.83,31.27
2.33,-0.33,7.37,31.27
-2.06,-1.1,11.2,31.32
1.3,-0.3,10.32,31.36
6.63,-1.09,9.47,31.29
6.15,-0.75,7.14,31.32
-2.36,-0.41,7.67,31.27
-2.65,-0.87,10.89,31.31
1.08,-1.5,12.04,31.27
2.4,0.41,8.43,31.31
4.14,0.36,6.7,31.3
-4.33,-0.91,8.56,31.27
-5.42,-0.96,11.02,31.29
1.7,-1.09,10.85,31.26
3.02,1.1,8.42,31.27
3.41,0.42,6.69,31.25
-1.64,-0.42,8.22,31.32
-3.03,-2.04,12.05,31.31
-0.85,-1.83,13.04,31.31
4.01,-0.22,9.34,31.35
6.13,-1.28,7.65,31.3
-0.92,-0.86,8.54,31.28
-1.17,-0.79,10.68,31.34
3.88,-1.07,11.55,31.27
4.01,1.42,6.98,31.33
4.89,0.18,6.01,31.3
1.61,-0.7,7.71,31.31
-1.06,0.79,8.34,31.32
1.64,0.13,9.94,31.3
5.91,-0.55,9.18,31.29
6.13,-1.66,7.83,31.27
2.51,0.67,7.55,31.34
2.91,-0.55,7.86,31.32
-2.84,-2.69,10.69,31.32
-4.29,-1.91,11.75,31.33
-0.59,0.5,10.88,31.27
3.75,-0.43,9.63,31.31
3.88,-1.78,8.52,31.32
-1.82,-2.45,10.48,31.3
0.07,-1.55,11.4,31.31
1.98,-0.85,11.13,31.27
3.63,-0.34,9.08,31.28
3.17,-0.98,7.94,31.32
-2.26,-1.83,9.77,31.28
-1.98,-1.9,11.99,31.32
-0.44,0.46,10.2,31.31
4.5,0.83,8.0,31.27
4.97,-1.34,7.56,31.3
-2.42,-0.19,7.95,31.27
-1.1,-1.67,11.71,31.32
1.66,-1.12,11.4,31.29
4.68,0.29,7.5,31.3
4.34,-1.23,7.5,31.3
-4.37,-0.37,8.53,31.25
-2.82,-0.09,10.25,31.33
3.34,1.43,9.39,31.28
2.85,0.34,7.82,31.29
3.0,-0.85,7.92,31.29
-0.55,-1.33,9.07,31.28
-2.43,-0.82,10.98,31.29
2.11,0.66,9.11,31.26
5.1,-0.34,8.11,31.31
2.11,0.03,7.48,31.34
-4.1,-0.1,7.84,31.27
-3.02,-0.64,11.26,31.28
1.03,0.54,9.49,31.31
4.65,0.29,6.66,31.33
5.51,-0.03,6.0,31.32
-0.95,0.25,6.5,31.34
-1.9,0.45,10.17,31.31
1.65,-1.1,11.54,31.27
4.7,-0.6,8.22,31.34
4.24,-0.83,7.29,31.28
-0.03,0.57,5.93,31.29
-4.09,0.58,8.1,31.29
4.77,0.59,9.26,31.25
6.22,-0.72,7.7,31.3
3.05,0.35,6.55,31.34
-1.47,-0.28,7.64,31.33
-5.32,-0.67,10.08,31.31
1.19,-0.89,11.54,31.31
5.28,-0.32,9.92,31.25
5.83,0.23,6.85,31.27
4.85,-0.68,6.76,31.27
-0.1,-0.54,9.56,31.29
2.46,-0.85,11.23,31.25
7.67,-0.57,9.76,31.29
5.94,-0.57,6.84,31.29
1.9,1.07,6.17,31.27
-0.65,-0.68,9.77,31.28
1.79,-0.27,11.01,31.32
3.76,-0.54,9.6,31.3
4.06,-0.24,7.55,31.28
1.24,-0.35,7.39,31.3
-0.76,1.28,8.49,31.33
2.63,1.79,9.76,31.28
4.03,0.18,8.63,31.31
3.72,0.15,6.72,31.31
-0.55,-1.23,8.7,31.29
-2.56,-0.45,9.56,31.26
2.65,-0.19,10.75,31.31
5.42,0.2,8.68,31.32
2.92,0.79,6.93,31.32
0.12,-0.37,7.69,31.27
-0.8,-0.9,10.29,31.31
-0.18,-0.57,10.36,31.28
2.37,-0.83,9.78,31.25
4.11,-1.08,7.95,31.26
2.31,0.1,7.77,31.27
-0.15,0.17,9.45,31.32
1.42,0.17,10.85,31.3
3.99,-0.72,9.72,31.34
3.07,0.35,6.55,31.31
-0.44,-1.42,8.86,31.29
-2.72,-2.15,11.33,31.29
2.18,-0.48,10.58,31.29
5.76,-0.27,9.07,31.26
1.77,-0.06,7.36,31.31
-1.4,0.58,7.9,31.34
0.77,-0.25,9.52,31.33
1.26,-0.14,10.58,31.34
3.02,-1.02,9.64,31.28
2.59,-0.51,7.64,31.3
0.48,-0.34,8.47,31.33
-1.35,-0.96,10.16,31.31
-0.06,0.58,10.08,31.3
3.8,-0.64,9.45,31.32
4.74,-1.37,8.2,31.31
0.79,0.03,8.45,31.3
1.02,-1.9,10.6,31.3
1.41,0.0,10.84,31.3
5.49,-0.08,8.73,31.29
3.77,-0.74,7.64,31.27
-2.03,-1.42,9.58,31.31
-0.34,-2.28,11.65,31.32
2.22,-0.03,11.27,31.29
7.53,-0.12,8.85,31.35
4.12,-0.13,7.1,31.28
-2.91,-2.44,10.15,31.31
-0.73,-1.12,11.04,31.32
2.09,0.67,10.42,31.32
5.27,1.38,7.81,31.27
5.16,-0.76,7.2,31.27
-1.02,-1.19,8.5,31.34
-0.6,0.58,9.47,31.32
1.41,-0.55,10.8,31.27
4.85,0.82,8.92,31.3
6.53,-1.05,7.36,31.27
-2.96,-0.34,8.3,31.32
1.32,0.19,10.33,31.33
3.84,0.0,9.39,31.29
4.92,0.03,8.13,31.3
0.05,-2.31,9.46,31.28
-1.98,-3.79,11.72,31.29
1.42,-1.93,11.34,31.3
5.12,-0.81,10.15,31.33
6.66,-1.75,9.08,31.31
0.14,-2.22,9.83,31.25
0.1,-1.65,10.86,31.35
1.57,0.23,10.44,31.28
3.98,1.01,9.93,31.32
5.28,-1.35,8.04,31.32
-1.18,-0.74,8.18,31.28
-1.44,-1.37,11.17,31.3
1.95,-0.27,10.95,31.29
4.69,2.33,7.12,31.21
5.14,-0.53,7.54,31.32
-1.53,-1.58,9.05,31.3
-0.47,-1.39,11.13,31.27
2.21,-0.59,11.01,31.29
4.15,-1.19,9.99,31.34
7.46,-0.44,8.14,31.27
4.52,-1.13,7.99,31.32
-2.97,-1.86,10.77,31.32
1.59,0.73,10.17,31.25
4.61,0.39,10.23,31.31
3.55,1.6,6.66,31.28
2.47,-0.63,6.95,31.32
-3.34,-1.6,10.67,31.27
-3.88,-0.81,11.32,31.28
0.76,1.07,8.66,31.26
3.53,0.22,8.14,31.26
-0.63,0.43,7.72,31.27
-3.88,0.17,9.39,31.29
-1.17,-0.1,10.55,31.33
1.59,0.94,8.91,31.31
5.14,-0.7,8.32,31.34
1.57,-0.56,7.92,31.26
-3.54,-0.68,9.79,31.27
-0.76,-1.42,11.69,31.29
2.47,1.15,9.55,31.29
5.9,0.22,7.05,31.3
3.11,-0.32,6.14,31.3
-4.14,0.58,8.69,31.29
0.16,-0.18,10.8,31.28
4.83,1.29,8.81,31.3
5.31,-0.68,7.57,31.26
0.67,-1.01,7.9,31.29
-3.94,-0.87,9.3,31.32
-1.23,-1.75,12.39,31.32
4.18,-0.19,9.59,31.3
7.04,-0.6,6.6,31.32
3.03,0.23,6.46,31.34
-4.51,0.18,8.3,31.31
-1.13,-1.4,11.95,31.3
4.32,-0.84,10.28,31.32
5.63,0.49,5.62,31.29
2.7,0.21,6.53,31.3
-2.92,-1.1,9.75,31.34
1.45,-0.15,11.2,31.27
7.78,0.49,8.73,31.24
5.08,0.07,6.29,31.27
0.61,0.64,6.84,31.31
-1.68,-0.44,8.64,31.3
2.21,0.13,10.56,31.32
3.92,-0.5,9.17,31.31
6.02,1.12,5.99,31.29
3.34,-0.72,7.12,31.3
-2.49,-0.48,8.95,31.29
1.52,0.42,10.22,31.3
5.93,-0.07,8.6,31.27
4.48,1.28,5.8,31.28
3.36,-0.48,7.24,31.31
-0.73,-0.98,9.35,31.33
0.74,-0.06,10.48,31.26
4.97,-0.05,9.05,31.3
5.24,-0.08,6.65,31.34
3.32,-0.39,6.68,31.31
-0.7,0.17,9.42,31.31
-0.88,-1.24,11.77,31.27
4.34,-0.82,9.39,31.32
5.09,-0.85,7.21,31.27
0.32,0.24,7.37,31.28
-1.06,-1.41,10.37,31.28
0.21,-1.66,12.1,31.32
3.71,-0.03,9.16,31.29
3.7,1.04,6.25,31.31
1.09,-0.61,8.24,31.28
-0.79,-0.49,10.0,31.31
1.74,0.45,9.56,31.31
3.51,0.08,9.48,31.26
2.6,-0.59,8.08,31.31
0.44,-2.2,8.83,31.3
-1.72,-1.28,10.67,31.3
0.18,-0.46,10.74,31.3
2.46,-0.83,10.2,31.29
2.11,-1.01,8.2,31.28
-1.63,-0.83,8.26,31.29
-4.36,-1.89,10.93,31.32
-1.52,-0.53,10.82,31.34
2.71,-0.31,9.73,31.31
3.72,-1.23,8.23,31.35
-3.1,-0.74,8.93,31.32
-3.01,0.59,9.49,31.29
0.66,0.68,10.98,31.31
3.31,0.25,9.56,31.32
3.1,-0.48,7.41,31.29
-2.59,-2.47,10.08,31.3
-5.47,-1.51,11.74,31.33
1.08,0.49,10.32,31.31
5.56,-1.03,10.71,31.34
4.71,-2.26,9.45,31.24
-0.74,-2.2,9.82,31.28
-1.11,-1.87,11.5,31.31
1.33,-1.81,11.39,31.27
3.18,-0.83,10.1,31.29
6.91,-3.47,9.35,31.3
-0.28,-3.38,10.51,31.31
-1.82,-1.24,10.01,31.32
1.33,-1.21,10.75,31.3
3.09,0.11,9.49,31.33
3.63,-0.97,8.5,31.32
-1.1,-1.39,9.18,31.3
-0.34,-1.69,11.19,31.29
2.08,-0.27,10.68,31.33
2.67,1.09,10.58,31.26
5.35,-0.77,8.76,31.31
1.34,-0.79,7.39,31.3
-2.96,-2.35,11.09,31.3
-1.94,-2.89,12.34,31.32
1.76,1.37,9.67,31.28
5.32,-0.17,8.3,31.28
0.16,0.52,7.24,31.29
-4.13,0.21,9.56,31.28
-0.98,0.18,10.64,31.3
1.99,0.2,10.43,31.29
4.72,0.71,7.6,31.27
3.01,-1.25,8.65,31.3
-3.37,-2.27,11.25,31.28
0.25,-1.49,11.47,31.34
4.57,-0.75,10.89,31.31
5.21,-1.61,9.01,31.32
0.73,-1.87,8.37,31.26
-2.77,-1.44,10.19,31.27
-0.53,-0.92,11.16,31.31
4.1,0.73,9.04,31.29
5.94,-0.25,7.56,31.3
1.05,-0.16,6.96,31.25
-3.62,0.28,9.1,31.27
-2.02,-1.41,11.33,31.26
3.22,1.3,9.15,31.33
5.77,0.78,6.41,31.28
3.34,0.58,6.26,31.28
-2.87,0.71,8.58,31.28
-0.59,-0.75,11.21,31.37
4.13,0.6,8.75,31.28
5.0,-0.13,6.71,31.29
3.23,0.04,7.17,31.27
-1.83,0.08,8.22,31.29
0.8,-0.85,11.32,31.34
3.15,0.24,9.35,31.29
6.43,0.62,6.03,31.28
4.95,-0.32,6.46,31.34
-2.0,0.33,7.62,31.28
-0.11,0.07,10.55,31.3
4.38,0.47,8.05,31.31
6.08,-0.17,6.62,31.32
2.63,-0.59,7.28,31.3
-2.52,-0.02,9.13,31.29
1.2,-0.64,11.23,31.33
4.72,-0.48,9.17,31.29
6.26,-0.23,6.71,31.32
4.9,-1.19,7.59,31.32
-0.89,-0.4,9.11,31.3
3.13,-0.66,11.29,31.3
7.71,0.62,6.6,31.33
6.1,-0.07,6.11,31.29
0.49,0.61,7.09,31.27
-1.3,0.48,9.32,31.32
3.17,-0.24,9.77,31.31
6.02,0.33,7.15,31.29
3.91,0.29,6.25,31.31
0.95,-0.52,7.86,31.28
-0.23,-0.27,9.91,31.29
3.47,-0.09,9.99,31.27
6.24,-0.06,7.8,31.29
6.02,-0.02,6.61,31.3
1.38,-0.7,7.67,31.29
0.27,-0.42,10.03,31.25
4.48,-0.38,10.2,31.3
5.2,-0.11,7.52,31.31
3.23,-0.61,6.98,31.31
1.06,-1.42,9.32,31.28
1.42,-0.53,10.64,31.3
4.73,1.39,9.45,31.28
-1.74,-2.03,10.96,31.29
-2.11,-0.35,11.2,31.29
3.1,0.72,9.13,31.27
6.09,0.56,7.89,31.33
0.29,-0.26,7.47,31.29
-4.07,-1.96,11.55,31.3
-2.1,-0.38,11.11,31.32
3.01,-0.03,10.46,31.31
4.9,0.28,7.78,31.27
1.81,-0.17,6.63,31.29
-3.2,-0.3,10.76,31.3
0.49,-1.35,11.09,31.32
1.41,0.54,9.66,31.27
2.6,-0.27,7.3,31.31
-0.62,0.3,7.12,31.3
-5.28,-0.59,10.55,31.29
-0.01,0.31,10.5,31.3
4.04,0.47,8.55,31.28
3.17,-0.12,7.29,31.27
1.8,-0.85,8.29,31.29
-1.46,-0.96,9.84,31.31
-0.23,-0.75,11.23,31.27
3.95,-1.2,10.44,31.26
6.43,-2.46,9.7,31.28
2.43,0.09,7.39,31.33
0.28,-0.37,8.52,31.28
0.73,-0.81,11.37,31.29
4.62,-2.89,12.15,31.3
7.73,-1.11,8.61,31.32
4.42,-0.15,6.91,31.28
0.92,-1.56,9.64,31.33
0.96,-1.27,10.64,31.27
3.9,-0.26,10.65,31.27
6.94,-0.57,8.64,31.32
1.01,-0.49,7.89,31.27
-2.26,-1.35,10.25,31.32
-2.2,-1.7,11.89,31.27
0.23,0.56,10.83,31.3
6.94,-0.58,9.06,31.32
3.81,-1.73,9.02,31.33
-1.06,-3.12,10.17,31.31
-0.78,-0.82,11.22,31.33
3.61,-0.35,10.69,31.29
5.45,-0.51,8.39,31.27
4.07,-0.74,8.32,31.3
-0.79,-1.83,10.43,31.3
-0.51,-0.88,10.89,31.31
2.5,0.2,9.59,31.29
5.1,0.62,8.12,31.29
3.9,-0.47,6.99,31.31
-3.15,-0.69,10.12,31.28
-0.54,-0.61,9.75,31.29
3.06,1.54,9.19,31.28
5.6,1.14,7.39,31.27
2.7,0.57,6.39,31.3
-4.18,-0.03,9.16,31.3
-2.84,-0.68,11.01,31.27
1.01,-0.06,10.72,31.3
3.95,0.53,9.92,31.29
3.18,0.79,9.68,31.27
5.04,0.46,7.67,31.25
4.73,-0.01,5.59,31.29
-0.62,-0.02,7.49,31.28
-0.16,-0.84,9.86,31.32
4.51,-0.35,10.7,31.29
6.44,0.17,7.79,31.33
3.93,-0.44,6.85,31.3
-1.17,-0.48,8.74,31.32
-3.06,-1.24,10.97,31.29
1.09,-1.37,10.57,31.32
3.68,-0.35,7.64,31.32
3.09,-0.92,6.98,31.28
-0.49,-0.87,8.88,31.34
-1.34,-0.94,10.33,31.28
0.84,-0.64,10.39,31.3
3.16,-0.68,7.48,31.31
1.8,-0.42,7.3,31.32
-1.11,-1.18,8.69,31.28
4.7,-1.74,11.55,31.27
6.23,-0.94,9.83,31.3
4.58,-1.95,8.53,31.31
1.36,-2.93,10.17,31.26
1.0,-1.65,10.03,31.3
3.01,-0.95,11.58,31.28
5.51,-1.47,10.07,31.26
5.88,-1.21,8.26,31.28
2.58,-1.39,8.71,31.31
0.38,-1.02,10.42,31.3
2.18,-0.28,11.04,31.29
5.43,-0.27,9.55,31.34
4.65,-0.68,7.86,31.27
0.05,-1.31,8.88,31.26
-1.37,-1.94,10.99,31.35
2.46,-0.31,10.6,31.24
4.84,-1.4,10.07,31.27
3.89,-2.84,9.15,31.3
0.57,-1.58,9.55,31.29
0.65,-0.38,10.19,31.28
-0.41,-0.07,7.44,31.33
-3.25,-1.37,11.11,31.29
0.97,-1.25,11.55,31.27
3.89,-0.36,8.59,31.28
4.13,0.53,6.28,31.34
1.09,0.21,6.88,31.28
-1.63,0.5,8.62,31.27
-1.09,-0.15,10.9,31.29
3.26,1.11,7.92,31.3
4.76,0.04,6.5,31.32
0.68,-0.61,7.74,31.31
-1.67,0.33,9.07,31.27
2.58,-0.29,10.61,31.27
2.98,-0.49,9.24,31.3
4.27,-0.71,7.14,31.3
1.75,-0.91,7.7,31.31
-3.5,0.86,9.08,31.24
3.55,-0.4,10.86,31.28
7.68,-0.88,9.44,31.29
3.64,0.44,6.0,31.28
0.58,-0.16,7.74,31.32
-2.31,-0.52,10.16,31.29
2.83,-0.79,10.97,31.29
3.36,-1.44,10.98,31.27
3.64,0.21,6.24,31.29
3.36,-0.64,6.48,31.29
-0.97,-1.24,9.79,31.32
1.1,0.46,10.79,31.3
4.18,0.03,9.73,31.26
4.51,-0.42,7.89,31.31
2.41,-0.51,7.34,31.32
-1.3,-2.46,10.41,31.26
-0.1,-0.22,11.02,31.25
5.92,-0.87,10.11,31.27
6.17,0.4,7.08,31.25
4.43,-1.36,7.6,31.25
0.31,-1.53,9.33,31.34
0.18,-0.84,11.31,31.29
5.79,-1.36,10.97,31.29
7.1,-0.59,8.13,31.3
4.98,-0.3,7.36,31.3
2.78,-0.76,9.61,31.3
1.54,-0.76,11.13,31.24
5.15,0.11,10.19,31.3
6.12,-1.29,8.42,31.3
3.33,-0.58,7.44,31.29
0.57,-0.91,9.16,31.32
0.66,-1.17,10.89,31.3
3.78,0.32,9.68,31.33
4.46,0.05,7.49,31.34
1.49,-0.57,8.21,31.31
0.28,-0.28,8.67,31.29
2.57,-0.74,10.12,31.28
2.62,-0.36,10.21,31.31
5.7,-0.49,7.91,31.28
3.33,-0.85,7.35,31.31
-1.93,-0.93,9.32,31.29
0.5,-1.17,11.58,31.24
-2.94,0.21,7.38,31.3
-4.01,-1.25,11.8,31.3
0.36,0.59,9.53,31.29
1.64,-0.48,9.1,31.27
2.24,1.03,6.32,31.32
-3.56,-0.15,7.92,31.29
-4.97,-0.7,11.18,31.33
1.41,0.01,10.89,31.27
2.38,0.04,8.68,31.3
1.82,0.62,6.19,31.27
-1.38,-0.04,6.96,31.3
-3.02,-0.46,9.89,31.32
0.59,0.02,10.2,31.3
4.93,0.29,8.09,31.28
3.26,0.33,6.15,31.3
-2.85,-1.29,8.25,31.29
-1.37,-0.62,10.28,31.27
4.92,-0.59,10.41,31.3
4.97,-0.0,9.21,31.25
4.22,-0.61,6.58,31.25
-0.31,0.2,7.79,31.26
-2.33,-0.91,10.41,31.26
2.19,0.61,9.98,31.3
6.51,0.43,8.36,31.28
4.53,0.71,6.1,31.28
0.98,0.29,7.02,31.26
-0.89,0.95,8.89,31.3
3.18,1.1,8.87,31.29
5.61,1.51,6.83,31.35
3.97,0.33,5.89,31.29
-1.96,0.29,7.62,31.34
-2.44,-1.43,10.68,31.29
2.18,-0.49,10.7,31.3
3.64,-1.23,8.41,31.32
2.9,-1.13,7.37,31.26
-0.1,-2.09,10.2,31.28
0.81,-1.7,11.28,31.29
5.37,-1.06,11.95,31.29
7.07,-0.88,8.14,31.28
4.09,-0.08,7.56,31.34
2.99,-1.02,11.62,31.32
6.13,-1.1,8.46,31.29
2.39,-1.58,9.51,31.29
1.07,-1.75,9.7,31.29
1.41,-0.41,10.89,31.33
4.61,-0.78,10.68,31.25
7.74,-0.91,8.65,31.32
4.14,-1.47,7.07,31.29
-1.45,-0.87,9.55,31.3
0.63,-0.78,10.52,31.27
3.96,3.07,7.22,31.29
6.51,0.78,7.16,31.29
1.17,-0.89,6.81,31.33
-1.53,-0.84,9.82,31.28
0.23,-1.01,10.75,31.29
2.15,1.01,8.61,31.27
5.19,0.56,7.15,31.28
2.87,-0.2,6.69,31.26
-3.54,-1.21,10.08,31.27
0.79,-0.2,10.25,31.28
2.7,-0.88,10.2,31.3
3.0,1.18,6.76,31.28
-0.09,-1.11,7.56,31.31
-2.61,-1.85,9.27,31.3
-2.23,-1.33,10.67,31.29
1.54,-0.08,10.81,31.29
2.16,1.66,7.32,31.27
2.91,0.58,7.41,31.34
-2.49,-0.85,7.63,31.29
-4.07,-0.02,9.8,31.3
-0.52,0.09,10.32,31.31
4.54,-0.09,8.51,31.28
5.3,-0.43,5.71,31.29
-2.47,0.29,6.74,31.3
-4.66,-2.08,12.23,31.32
0.74,0.68,9.68,31.34
3.57,-0.67,8.4,31.28
1.98,0.28,7.27,31.28
-2.24,-0.04,7.61,31.32
-0.5,-1.01,11.28,31.34
1.22,-0.92,11.34,31.31
3.22,0.43,7.26,31.32
3.59,0.01,7.38,31.35
-4.36,-1.08,8.48,31.34
-4.26,-0.19,10.63,31.33
1.98,-1.26,11.33,31.27
1.47,0.66,8.3,31.29
0.91,0.89,5.64,31.32
-4.14,-0.05,8.43,31.25
-3.59,-0.25,10.42,31.27
2.77,-0.11,10.23,31.31
5.23,-0.12,9.17,31.27
4.36,-0.08,6.26,31.31
-0.95,0.25,7.16,31.28
-0.76,-0.39,10.67,31.3
3.74,1.18,9.0,31.29
7.08,0.77,7.13,31.33
3.28,-0.16,6.57,31.31
-3.17,0.25,7.94,31.32
-2.24,-1.43,11.22,31.31
3.37,-0.72,10.77,31.31
5.62,0.1,7.09,31.29
3.47,-0.44,6.75,31.26
-1.64,-1.63,9.47,31.28
-0.93,-0.54,10.75,31.31
5.6,-2.06,11.15,31.33
6.43,-1.19,8.52,31.27
4.7,-0.84,7.22,31.27
0.91,-1.18,8.58,31.29
1.57,0.15,9.21,31.24
5.98,0.62,8.95,31.32
5.25,1.4,7.02,31.3
3.61,-0.75,6.93,31.27
-0.82,-0.26,8.52,31.28
0.71,0.51,9.05,31.29
3.78,1.1,9.23,31.32
3.33,0.28,7.67,31.28
2.32,-0.79,7.76,31.29
-1.21,-1.17,9.51,31.3
-0.7,-1.16,11.13,31.28
3.55,-1.44,11.5,31.3
6.05,-2.27,9.33,31.33
3.48,-1.55,8.0,31.27
-0.6,-2.58,10.38,31.27
1.94,-1.78,11.09,31.32
5.73,-1.36,11.6,31.33
6.91,-1.74,8.92,31.3
3.61,-1.26,7.91,31.33
1.33,-1.43,9.53,31.27
1.43,-1.31,10.87,31.32
3.09,-0.11,10.57,31.26
4.49,-0.83,8.51,31.26
0.27,-0.53,7.67,31.29
-3.36,-1.41,10.05,31.3
-0.94,-0.36,9.84,31.29
3.27,-1.75,11.95,31.28
5.08,-0.62,8.37,31.26
0.52,-1.57,8.61,31.3
-2.13,-2.05,10.32,31.26
-0.85,-1.46,10.79,31.32
3.81,0.09,10.63,31.28
6.9,-0.54,7.91,31.34
0.85,-0.48,7.76,31.26
-2.1,-1.3,9.8,31.32
0.77,-0.6,10.97,31.29
3.34,1.04,8.6,31.34
5.79,1.54,7.52,31.31
1.67,-1.32,8.66,31.32
-1.76,0.48,8.85,31.29
2.86,0.66,8.61,31.3
1.84,1.28,8.3,31.31
5.71,1.51,6.93,31.27
2.34,-0.76,7.17,31.25
-5.11,-1.01,10.29,31.28
0.57,0.35,9.52,31.3
3.91,-1.13,9.68,31.25
3.96,0.51,7.14,31.29
0.48,-0.47,6.84,31.31
-5.63,-1.54,11.34,31.3
-3.15,-1.47,11.99,31.29
2.94,0.47,9.69,31.31
3.46,-0.74,8.38,31.3
0.35,-0.39,8.4,31.31
-2.44,-2.21,10.1,31.27
1.51,-0.73,11.19,31.32
2.57,1.78,8.6,31.27
4.14,0.28,8.52,31.33
3.12,-1.46,8.42,31.31
-1.83,-2.07,9.67,31.28
-2.4,-2.83,12.43,31.24
0.25,-0.16,11.4,31.29
3.33,0.88,8.12,31.28
3.04,-0.48,7.69,31.28
-2.38,0.35,8.06,31.3
-2.64,-0.22,10.76,31.26
0.91,-0.26,11.37,31.28
3.06,-0.02,8.72,31.29
3.6,-0.85,6.92,31.33
-2.88,-1.53,8.76,31.31
-3.09,-1.58,12.08,31.28
1.31,-0.15,10.6,31.33
2.34,0.46,8.16,31.27
1.94,1.27,5.93,31.27
-3.28,-0.72,8.46,31.29
-2.59,-0.56,11.47,31.3
3.85,-0.26,9.05,31.29
5.53,0.91,7.17,31.32
3.06,0.18,6.27,31.27
-2.66,-1.02,7.67,31.3
0.03,-1.58,11.37,31.31
4.84,-0.44,9.94,31.27
4.61,-0.42,8.1,31.24
5.1,-1.95,7.64,31.31
-2.26,-0.77,8.16,31.29
-1.53,-1.51,11.24,31.28
2.36,-0.82,11.07,31.32
-0.57,-0.47,11.15,31.29
-1.16,0.41,10.13,31.25
3.14,0.35,7.9,31.31
1.07,-1.67,8.72,31.23
-4.23,-1.02,9.67,31.29
0.18,-1.91,11.68,31.27
2.59,-0.36,10.96,31.29
5.3,0.31,7.18,31.28
3.27,-1.29,7.81,31.33
-1.4,-2.26,10.87,31.26
-3.34,-1.65,12.7,31.28
3.75,-0.5,10.23,31.27
7.41,-2.17,9.34,31.29
1.07,-1.09,7.83,31.31
-1.57,-1.46,10.4,31.3
-0.77,-2.42,12.05,31.28
2.56,0.33,9.69,31.34
5.22,-2.13,9.22,31.32
2.35,-1.9,8.29,31.3
-2.21,-0.47,8.68,31.29
-0.69,-0.59,11.59,31.28
4.94,0.4,9.16,31.24
6.97,-0.36,7.65,31.28
1.63,-1.2,7.83,31.3
-3.87,-0.52,9.42,31.32
2.34,-1.5,11.34,31.31
5.97,-0.42,9.44,31.3
4.46,-0.41,6.73,31.32
3.08,-0.51,7.29,31.34
-1.66,-1.29,10.52,31.29
2.68,-0.21,11.7,31.24
7.76,-0.56,9.81,31.32
7.11,1.47,6.02,31.27
3.9,0.39,7.04,31.25
-1.51,1.01,6.91,31.29
0.06,1.22,10.06,31.28
2.65,1.28,8.63,31.26
1.02,1.37,6.21,31.27
0.86,0.01,7.48,31.28
-1.26,0.83,8.22,31.27
-0.69,0.7,9.44,31.31
2.0,0.36,9.22,31.29
4.12,-0.51,7.5,31.27
1.4,-1.49,7.53,31.29
-1.98,-0.91,9.82,31.26
0.96,-1.68,12.03,31.32
6.07,-0.05,9.39,31.24
6.9,0.19,8.4,31.29
4.93,0.23,5.79,31.3
0.28,0.42,6.85,31.31
-1.33,-1.11,10.45,31.24
3.65,-0.19,10.98,31.23
5.99,-0.79,7.96,31.32
3.06,0.59,6.21,31.29
-2.22,-1.17,8.88,31.23
-1.12,-2.28,11.61,31.28
5.35,-1.61,11.79,31.28
5.45,-1.09,9.16,31.26
2.7,-0.3,7.73,31.28
-2.66,0.2,9.49,31.32
-0.05,-1.32,11.92,31.32
2.89,0.96,8.76,31.27
3.73,0.25,7.3,31.27
2.5,-0.08,6.36,31.31
-5.81,-0.98,9.0,31.25
-5.23,-0.29,10.17,31.26
0.6,0.42,9.41,31.29
1.34,0.44,7.38,31.27
1.15,0.27,6.2,31.27
-5.81,0.0,8.7,31.29
-4.06,0.15,10.91,31.31
1.36,-0.84,10.28,31.32
4.3,0.05,7.12,31.31
5.0,0.0,6.62,31.29
0.57,-0.33,8.24,31.32
1.22,0.02,10.13,31.27
4.3,-0.64,10.3,31.29
5.24,1.1,6.5,31.33
4.2,0.33,5.7,31.29
-1.98,-0.33,9.39,31.36
-1.08,-0.22,9.96,31.29
3.46,0.97,8.65,31.25
2.86,0.49,6.68,31.29
0.47,-0.96,7.7,31.24
-2.59,-0.9,9.16,31.27
-0.27,-1.39,12.05,31.35
3.0,-1.39,11.13,31.28
5.7,0.01,7.6,31.28
3.21,-0.45,7.6,31.25
-0.41,0.09,8.66,31.32
1.55,-0.06,10.67,31.29
5.53,0.69,9.27,31.27
4.66,1.44,7.29,31.3
1.8,0.29,6.59,31.29
-1.39,-0.4,9.55,31.32
1.14,-0.15,10.51,31.28
3.21,1.51,8.51,31.29
2.92,2.15,6.4,31.31
-0.56,-0.32,7.54,31.25
-2.04,0.07,8.82,31.24
0.71,-0.85,10.54,31.31
0.28,-0.71,10.77,31.31
2.23,-0.95,7.94,31.29
-0.04,-1.36,8.84,31.31
-2.49,-2.59,10.43,31.29
1.28,-1.37,10.88,31.27
4.7,-1.17,10.93,31.29
5.52,-2.46,9.75,31.33
3.28,-1.65,8.68,31.28
0.7,-1.05,9.25,31.28
-3.92,-0.82,10.26,31.28
-3.39,-2.29,12.05,31.27
2.14,-0.48,11.04,31.3
2.15,-0.34,9.67,31.28
1.09,1.01,6.61,31.3
-3.1,-0.7,8.79,31.28
-2.91,-0.65,10.91,31.27
3.19,0.68,9.95,31.32
3.26,1.12,7.67,31.3
2.89,1.35,6.51,31.27
-2.47,-1.27,8.11,31.27
-2.68,-0.09,10.69,31.26
2.68,-0.22,10.89,31.29
2.95,0.98,7.63,31.29
3.19,0.3,5.77,31.3
-1.98,-0.63,8.83,31.31
-3.38,0.23,10.45,31.3
0.86,0.06,10.21,31.28
2.76,1.11,7.1,31.29
2.29,-0.18,6.52,31.3
-1.86,-0.05,7.86,31.28
0.9,-0.96,10.68,31.28
-0.43,0.52,10.36,31.28
3.32,0.4,7.53,31.26
1.47,0.11,6.94,31.33
-1.75,-0.02,8.07,31.27
-3.96,-0.67,9.36,31.29
-2.01,0.42,10.55,31.31
1.54,-0.59,9.49,31.27
1.58,1.06,6.88,31.28
0.98,-0.05,7.45,31.29
-3.22,-1.24,10.41,31.24
-0.98,-1.0,11.85,31.26
1.97,-1.07,10.04,31.28
2.61,0.18,7.15,31.27
0.7,-0.02,7.31,31.3
-1.97,-0.23,10.27,31.27
-0.04,-1.18,12.01,31.34
3.25,-0.51,9.58,31.27
3.57,-0.22,7.61,31.26
-0.1,-0.47,8.0,31.26
-1.44,-2.14,11.3,31.28
1.78,-2.07,11.91,31.26
3.65,-0.44,9.4,31.32
4.72,-0.09,7.48,31.27
2.82,-1.67,8.68,31.32
-0.29,-2.51,11.47,31.28
2.12,-1.66,12.1,31.3
6.5,-0.09,9.01,31.28
6.94,0.13,7.13,31.24
3.29,-1.43,8.56,31.3
1.99,-0.88,9.93,31.31
2.9,-1.21,11.66,31.25
4.46,0.24,8.56,31.28
6.19,0.08,6.56,31.29
2.94,-1.55,8.66,31.27
0.26,-0.2,9.11,31.27
3.23,0.63,9.79,31.27
5.31,0.34,9.31,31.29
3.89,0.22,6.98,31.29
1.91,-1.18,8.64,31.28
-1.72,-0.5,9.87,31.32
0.0,-0.19,10.31,31.24
5.99,0.15,9.36,31.27
5.52,-0.39,7.39,31.28
1.12,-0.78,8.35,31.29
-1.52,-1.43,9.89,31.28
0.51,-0.7,11.25,31.29
5.11,-0.05,9.5,31.31
4.68,-0.65,7.16,31.33
1.14,-1.29,8.61,31.31
-1.22,-1.48,11.03,31.25
1.59,-0.95,11.42,31.27
3.36,-1.08,10.34,31.29
3.19,-1.43,8.71,31.32
-0.36,-1.82,9.02,31.33
-1.72,-1.05,10.81,31.32
0.29,-0.68,11.03,31.28
3.34,-1.31,10.37,31.25
4.2,-1.89,8.49,31.28
-0.52,-2.47,10.61,31.27
0.06,-2.47,11.54,31.24
3.59,-0.05,10.87,31.29
5.12,-1.15,10.55,31.28
3.62,-1.73,8.96,31.28
-0.25,-2.44,10.21,31.29
-1.05,-1.22,10.98,31.3
1.17,0.08,10.55,31.3
6.45,1.05,8.62,31.27
4.02,0.3,7.28,31.27
-2.63,-0.82,8.72,31.3
-0.08,-2.29,11.67,31.29
1.73,-0.63,11.14,31.29
3.94,1.76,7.3,31.26
3.28,0.11,7.75,31.28
-3.9,-0.9,9.08,31.28
-0.27,-0.99,10.56,31.27
2.23,-0.73,11.37,31.31
3.45,0.51,7.7,31.3
4.31,-0.77,8.36,31.27
-1.68,-2.65,10.11,31.29
-2.8,-1.19,11.51,31.32
0.54,0.14,11.16,31.23
1.79,1.42,8.22,31.31
1.24,-0.13,7.45,31.32
-2.5,-2.84,10.04,31.27
-2.32,-2.23,11.93,31.26
0.43,-1.95,11.78,31.32
3.11,-0.28,10.11,31.24
4.27,-0.15,6.59,31.25
-2.61,-1.44,9.19,31.31
-2.12,-1.48,12.61,31.28
3.27,-0.33,11.44,31.27
4.5,0.15,8.59,31.25
2.1,0.1,6.92,31.34
-1.73,-0.91,8.74,31.28
-1.64,-0.9,11.5,31.28
0.91,0.92,9.82,31.24
3.15,0.85,6.61,31.32
2.87,0.17,6.24,31.22
-4.41,-0.43,8.19,31.26
-3.54,-1.23,11.32,31.3
1.65,-0.44,10.13,31.26
3.13,-0.31,8.32,31.24
1.3,-0.56,7.43,31.29
-1.57,-0.86,8.16,31.24
-2.6,-0.69,9.84,31.29
0.21,-1.27,11.76,31.25
3.9,-0.46,9.24,31.34
5.28,-0.68,7.89,31.22
1.43,-1.24,7.48,31.29
-1.55,-0.32,8.89,31.32
2.35,-1.16,11.93,31.28
5.75,0.5,8.33,31.3
7.54,0.61,5.79,31.27
1.3,-1.11,7.18,31.32
-4.03,0.03,9.3,31.27
1.47,-1.12,11.16,31.32
4.51,0.92,8.58,31.31
4.79,0.5,6.16,31.3
4.05,0.39,5.87,31.27
-0.89,0.06,9.41,31.26
0.12,0.43,10.51,31.25
6.81,1.32,7.44,31.29
5.94,-0.59,6.95,31.26
1.07,-0.32,7.49,31.26
-0.88,-0.54,9.89,31.26
2.63,0.0,10.38,31.24
3.68,-0.27,8.67,31.29
5.19,-0.08,7.36,31.31
3.3,-1.48,8.57,31.27
-1.21,-0.58,9.65,31.28
-0.59,-0.5,10.83,31.27
5.33,0.31,8.31,31.29
6.14,0.19,6.51,31.27
2.43,-0.97,7.53,31.29
0.14,-0.88,9.92,31.26
3.49,1.44,8.91,31.29
7.31,0.85,7.72,31.28
6.68,-0.28,6.31,31.3
3.11,0.35,6.73,31.28
0.42,-0.59,10.02,31.32
1.31,0.43,9.93,31.27
6.55,-0.37,8.38,31.28
5.47,0.14,6.73,31.29
2.78,-0.54,7.57,31.27
1.46,-0.92,10.17,31.27
3.21,-0.78,11.32,31.29
6.02,-0.27,8.46,31.26
5.07,0.02,6.64,31.29
1.64,-1.17,8.75,31.29
-1.03,-0.72,10.07,31.26
2.04,-0.24,10.51,31.28
4.12,-0.06,9.11,31.31
1.9,0.71,6.3,31.28
-0.18,-1.35,9.27,31.3
-2.46,-1.48,10.73,31.28
-0.16,-0.06,10.69,31.23
4.24,-1.48,10.49,31.28
1.11,-1.51,8.32,31.28
-0.92,-1.18,9.03,31.28
-1.99,-2.16,12.15,31.24
0.5,-1.48,11.75,31.29
6.53,-1.77,10.11,31.29
4.04,-2.75,9.26,31.26
-1.89,-1.92,9.81,31.28
-1.24,-0.92,10.3,31.29
2.45,0.3,10.18,31.25
3.19,-0.33,9.61,31.3
2.41,-0.97,8.6,31.29
-2.15,-1.86,10.82,31.28
-0.99,-0.49,10.93,31.31
0.17,0.38,10.73,31.32
3.98,-0.99,10.39,31.31
4.24,-2.9,9.42,31.29
2.07,-0.06,9.31,31.31
3.86,0.66,6.23,31.26
3.12,0.27,6.3,31.33
-3.44,-1.31,10.44,31.28
-1.32,-2.67,12.68,31.29
3.71,-0.94,10.65,31.25
5.14,-1.36,7.98,31.29
1.44,0.48,6.66,31.26
-2.06,-0.73,9.22,31.29
0.97,-0.54,11.3,31.29
5.17,-0.68,10.11,31.29
7.61,0.14,6.44,31.31
4.15,-0.92,6.61,31.28
-2.21,-0.38,8.95,31.31
3.42,1.0,9.69,31.32
7.74,-1.28,9.08,31.29
4.71,-0.66,7.63,31.27
3.38,-1.59,8.15,31.32
0.25,-0.9,9.65,31.3
0.7,0.48,9.47,31.27
3.76,1.28,8.71,31.26
6.47,0.53,6.83,31.33
4.44,0.28,6.02,31.31
-1.3,-0.6,9.28,31.27
2.71,-1.0,12.03,31.28
6.57,-0.37,9.61,31.29
5.2,0.24,6.92,31.29
3.12,-0.13,6.6,31.29
-0.44,-0.13,8.04,31.29
0.56,1.18,9.5,31.31
-0.71,-1.02,10.71,31.3
1.29,0.35,8.85,31.3
2.43,-0.13,6.73,31.23
-0.46,-0.04,8.08,31.28
-1.77,-1.35,10.81,31.27
2.19,0.07,10.27,31.25
3.13,-0.0,8.45,31.28
2.52,-0.41,6.96,31.29
2.18,-0.81,8.71,31.26
2.92,-1.41,11.56,31.29
1.57,0.15,10.61,31.28
6.04,-0.08,8.11,31.27
6.28,-0.48,6.92,31.29
3.49,-0.21,7.85,31.29
2.44,-0.69,10.08,31.31
2.66,0.06,9.73,31.3
4.31,0.66,7.23,31.29
4.85,-0.14,6.12,31.29
1.37,0.23,7.32,31.29
-0.17,0.49,8.91,31.24
2.5,0.51,9.95,31.27
5.2,-0.89,8.69,31.26
4.98,-0.29,6.66,31.34
1.83,-0.57,8.58,31.27
-0.69,-2.02,11.0,31.31
3.0,-0.24,10.67,31.29
7.48,-0.61,7.99,31.24
3.96,-0.04,6.93,31.32
-0.74,-1.74,9.58,31.28
1.71,-0.81,7.08,31.27
-2.74,-0.76,8.82,31.3
-2.83,-1.68,11.73,31.26
0.84,0.61,10.14,31.27
5.14,0.79,7.77,31.3
5.48,0.83,5.58,31.32
-1.79,0.26,7.26,31.3
-2.41,-1.32,11.88,31.33
2.9,0.68,9.71,31.28
4.82,0.31,7.62,31.29
6.34,0.2,5.24,31.25
0.37,-0.24,7.22,31.23
0.06,-0.4,11.07,31.28
5.77,0.6,8.89,31.32
4.66,0.9,6.99,31.32
2.48,0.15,6.63,31.31
-1.69,0.4,7.36,31.31
-0.02,-0.63,10.25,31.31
3.57,0.1,10.05,31.27
4.18,0.45,6.78,31.27
4.86,-0.4,5.81,31.27
-2.14,0.46,7.66,31.27
-0.93,-0.1,10.47,31.27
3.54,-0.52,10.46,31.27
4.36,1.27,6.35,31.23
4.24,0.68,6.1,31.27
-2.02,-1.16,8.67,31.34
-0.24,1.34,9.77,31.31
3.42,0.47,9.28,31.29
2.87,0.84,6.88,31.28
1.62,-1.12,7.44,31.33
-1.48,-0.61,8.77,31.27
-1.76,-1.06,11.52,31.29
1.31,-0.73,10.68,31.32
5.55,0.31,7.0,31.31
3.03,-0.56,6.92,31.27
-3.53,-0.58,8.98,31.31
-1.68,-0.31,11.07,31.27
3.65,-0.09,9.54,31.29
3.96,0.61,7.47,31.29
3.63,0.12,7.08,31.29
3.66,-0.85,7.94,31.28
-2.13,-2.43,10.01,31.29
-3.43,-1.21,11.22,31.27
0.86,-0.18,10.55,31.28
4.36,-0.75,9.24,31.27
4.73,0.47,6.81,31.28
-0.09,-0.42,7.24,31.29
-1.13,-0.83,11.29,31.3
2.49,-0.48,10.0,31.29
4.59,0.99,6.4,31.29
4.32,0.56,5.87,31.29
-4.59,-0.06,6.88,31.28
-5.73,-0.59,11.82,31.27
-0.59,-0.44,10.09,31.28
2.45,0.56,7.26,31.28
1.73,0.41,7.37,31.3
-2.71,-0.21,7.76,31.28
-2.51,0.16,10.49,31.3
5.72,-0.92,7.27,31.26
1.31,0.09,8.75,31.34
3.04,-0.32,10.06,31.29
6.0,0.86,9.5,31.29
5.02,0.52,6.74,31.32
2.34,-0.1,7.67,31.27
-1.66,-1.4,9.92,31.26
0.09,-1.13,11.29,31.33
4.15,-1.36,11.66,31.27
4.87,-0.08,8.67,31.24
-0.97,-0.36,7.71,31.29
-1.54,-0.74,9.51,31.28
-0.39,-0.79,10.08,31.28
0.64,-1.07,11.7,31.3
3.59,-0.38,9.55,31.26
3.5,-0.91,7.88,31.3
-1.4,-1.69,9.25,31.31
-0.77,-1.02,9.98,31.29
1.62,-0.83,11.19,31.26
5.66,-0.45,8.14,31.31
-0.6,-1.94,11.99,31.24
0.57,0.08,10.62,31.31
3.18,1.73,8.55,31.29
4.86,-0.39,8.36,31.25
1.58,-1.02,8.59,31.29
-1.8,-0.57,9.94,31.25
-3.13,0.46,10.83,31.25
0.86,0.18,10.38,31.29
2.81,-1.32,8.34,31.29
-2.87,-1.78,8.61,31.33
-4.88,-2.23,11.3,31.3
-1.71,0.38,12.14,31.29
3.84,-0.04,10.53,31.31
6.41,0.1,7.51,31.29
-1.98,-1.26,8.35,31.32
-6.26,-1.5,11.66,31.31
-0.86,-0.84,11.96,31.29
2.5,0.74,8.93,31.34
4.7,0.31,6.73,31.29
-2.24,-0.46,8.63,31.29
-6.0,-0.97,10.92,31.31
-1.87,-0.62,10.61,31.29
1.42,0.15,10.22,31.3
3.96,-0.69,7.72,31.27
-2.01,-0.18,7.85,31.32
-3.78,-1.36,11.46,31.27
1.63,-0.05,11.18,31.28
1.49,1.89,7.34,31.29
4.74,0.54,6.79,31.28
-3.33,-0.72,8.92,31.3
-6.97,-0.65,11.33,31.27
0.78,-0.09,10.53,31.29
3.1,-0.1,9.32,31.31
4.81,-0.94,7.46,31.29
-1.16,-0.98,8.45,31.31
-2.66,-0.75,10.87,31.27
-0.26,-0.44,11.23,31.3
4.58,0.56,7.57,31.29
5.06,0.14,6.06,31.23
-0.7,0.04,7.58,31.31
-3.04,-0.01,10.03,31.3
1.48,0.05,9.91,31.27
2.77,0.8,7.84,31.27
4.62,-1.34,7.32,31.27
-1.09,-0.25,8.46,31.28
0.41,0.12,9.55,31.3
2.99,-0.04,9.94,31.31
3.51,1.51,6.96,31.32
4.75,-0.82,6.77,31.31
-0.81,-1.37,9.09,31.28
-3.24,-0.35,10.33,31.3
3.72,-1.06,11.58,31.24
7.63,-0.72,8.44,31.32
5.91,-0.19,6.59,31.3
-0.19,-0.24,8.54,31.29
-1.56,-0.89,10.35,31.27
2.85,-1.44,11.7,31.31
7.42,-0.69,7.94,31.27
7.25,-2.17,10.67,31.27
5.62,-2.01,8.87,31.28
2.53,-1.93,9.42,31.3
0.36,-1.51,10.18,31.29
1.89,-0.78,11.01,31.26
5.05,-1.0,10.83,31.29
5.66,-0.44,8.2,31.29
0.29,-0.41,8.15,31.27
-2.28,-0.93,10.54,31.25
2.19,-0.34,11.47,31.26
3.63,-0.81,10.18,31.28
4.37,-0.3,7.26,31.27
0.24,-0.71,8.82,31.27
-3.12,-0.84,10.6,31.27
0.02,0.09,10.51,31.3
3.33,-0.85,9.66,31.29
1.29,-1.7,8.27,31.3
-3.81,-1.98,9.92,31.28
-1.89,-2.09,11.58,31.3
-1.73,-0.97,11.04,31.25
3.49,1.36,8.2,31.29
4.97,0.78,8.18,31.3
0.36,-0.43,7.53,31.3
-2.4,-2.3,10.39,31.27
-2.3,-0.77,10.78,31.27
1.99,1.2,8.7,31.26
4.77,-1.55,9.67,31.26
3.83,-3.08,9.67,31.33
-0.68,-1.44,10.07,31.28
-2.4,-1.21,11.17,31.29
2.74,-0.01,10.11,31.29
5.71,-1.57,9.75,31.27
1.43,-1.21,7.93,31.27
-1.1,0.03,9.21,31.23
-1.62,-0.74,10.29,31.28
1.33,0.89,9.66,31.3
5.52,-1.26,8.94,31.25
-0.83,-0.84,7.32,31.29
-5.6,-1.14,10.28,31.29
-1.34,-1.17,11.52,31.24
2.2,0.19,10.53,31.23
5.89,-0.52,8.28,31.29
0.17,-1.98,8.76,31.29
-5.54,-2.94,11.62,31.34
-1.8,-1.5,11.62,31.3
2.73,0.25,9.37,31.28
3.94,-0.11,7.76,31.35
0.06,-1.96,9.11,31.3
-2.14,-1.64,11.01,31.24
0.26,-1.7,11.73,31.33
2.78,0.77,10.03,31.3
5.31,-0.08,7.94,31.26
0.22,-1.24,8.61,31.25
-3.31,-1.89,11.37,31.28
-1.17,-1.36,12.34,31.29
2.27,0.88,10.07,31.27
4.15,-0.09,7.73,31.3
-1.07,-1.61,8.2,31.27
-1.98,-1.26,10.53,31.29
1.52,-1.73,11.79,31.3
1.25,0.09,9.72,31.25
4.97,-1.19,8.6,31.28
1.56,-0.65,7.27,31.29
-2.44,-0.3,9.05,31.28
0.17,-1.77,12.24,31.29
3.84,-0.09,9.73,31.24
6.33,-0.56,7.49,31.27
2.97,-0.12,6.92,31.29
-1.26,0.34,8.64,31.31
1.81,-1.38,11.59,31.28
5.07,0.0,9.47,31.29
5.66,0.01,6.88,31.3
3.7,-0.25,7.25,31.27
-1.67,0.02,8.3,31.3
0.18,-0.21,10.84,31.29
2.69,0.58,8.88,31.29
4.32,-0.2,7.24,31.28
2.86,-0.94,8.05,31.33
-1.24,-0.6,9.53,31.32
0.01,-0.69,11.66,31.32
4.61,-0.68,9.28,31.28
3.69,0.24,6.23,31.29
0.36,-0.3,7.29,31.3
-0.16,-1.44,10.86,31.26
2.23,-0.87,11.9,31.26
2.31,-0.8,7.96,31.27
0.17,-2.19,11.22,31.29
3.09,-1.58,12.36,31.31
8.02,-1.41,9.51,31.27
5.4,-1.06,7.84,31.3
2.33,-0.7,7.27,31.26
2.43,-1.04,10.26,31.27
4.84,0.21,10.87,31.32
8.1,-0.85,9.55,31.28
7.39,0.12,6.16,31.23
3.82,-1.58,8.03,31.29
-0.36,-0.46,9.9,31.24
2.53,-1.36,11.27,31.29
7.57,-1.15,9.45,31.29
5.88,-1.35,7.23,31.25
1.52,-1.01,8.48,31.27
0.46,-1.81,10.86,31.28
2.32,-1.08,11.19,31.3
5.27,-0.31,8.56,31.27
3.82,-1.27,8.1,31.28
0.14,-1.34,8.72,31.28
1.12,-2.31,10.35,31.29
2.45,-1.37,11.9,31.3
6.58,-0.6,9.16,31.27
6.52,-0.01,6.9,31.28
1.44,-0.7,8.41,31.28
1.38,0.07,9.3,31.28
4.51,-0.49,10.5,31.28
5.2,0.95,8.34,31.24
3.12,-0.39,6.99,31.28
0.08,-2.09,9.58,31.26
-0.82,-1.81,10.1,31.33
0.59,-0.9,11.22,31.31
4.02,-2.31,10.57,31.28
6.84,-2.92,10.41,31.26
0.06,-2.64,9.56,31.3
-2.21,-0.84,10.74,31.27
-0.33,-0.8,11.98,31.29
3.62,-1.7,9.45,31.25
6.51,-1.15,8.47,31.24
2.62,-1.47,8.61,31.28
-1.46,-1.84,10.5,31.27
0.46,-1.3,11.03,31.27
5.29,-0.96,10.59,31.27
6.3,-1.67,8.87,31.27
1.97,-1.6,8.58,31.3
0.94,-2.89,11.09,31.27
1.53,-1.05,11.26,31.28
6.52,-0.59,10.27,31.29
9.13,-0.98,8.28,31.28
0.84,-0.53,6.95,31.25
-0.76,-2.23,10.68,31.27
0.98,-1.77,11.07,31.23
3.58,-1.11,10.27,31.26
7.52,-1.98,9.22,31.29
3.26,-1.9,8.9,31.29
0.79,-1.34,9.9,31.28
1.9,-0.76,10.56,31.24
3.27,-0.34,8.34,31.29
3.98,-0.82,7.34,31.26
0.27,-1.18,9.11,31.25
0.06,-1.08,10.88,31.31
3.89,-0.93,11.38,31.26
6.59,-0.59,7.91,31.24
2.96,-1.04,7.92,31.27
-0.57,-1.04,8.92,31.26
0.88,-0.69,10.52,31.26
1.76,-0.2,10.22,31.31
5.36,-0.32,8.16,31.24
2.33,-1.13,7.49,31.3
-2.17,-1.78,9.55,31.26
-0.62,-1.15,11.26,31.27
3.22,-1.13,11.31,31.31
5.95,-0.66,8.21,31.26
2.49,-0.78,7.07,31.29
-2.01,-1.15,9.52,31.25
1.63,-1.67,10.57,31.27
4.96,0.2,9.69,31.24
6.47,-0.69,8.31,31.28
2.88,-1.3,8.62,31.25
0.79,-1.65,9.4,31.24
2.09,-0.56,10.05,31.29
6.04,-0.91,10.98,31.25
10.29,-0.72,8.32,31.25
4.7,0.35,6.72,31.26
1.16,-0.21,8.56,31.29
0.75,-0.07,9.63,31.27
1.85,0.74,9.31,31.27
6.55,-0.58,8.55,31.28
1.98,-0.98,7.82,31.28
-0.09,-1.37,9.87,31.26
1.25,-1.26,11.21,31.24
3.35,-0.07,10.74,31.25
5.67,-0.68,9.25,31.25
3.43,-0.61,7.06,31.27
0.73,-1.17,9.62,31.28
2.12,-1.13,10.8,31.27
0.66,-0.44,10.54,31.27
3.25,-0.14,9.22,31.3
3.93,-0.68,7.7,31.27
-2.54,-1.78,9.58,31.28
-3.57,-1.04,10.77,31.27
-0.42,0.4,10.87,31.29
1.61,0.53,9.97,31.28
1.72,-0.43,7.68,31.27
-4.21,-0.68,9.42,31.31
-5.02,-1.44,11.45,31.32
-1.22,0.51,10.53,31.29
1.73,1.69,7.79,31.28
2.6,-0.81,8.29,31.29
-2.93,-0.89,8.75,31.28
-1.86,-1.19,10.8,31.26
0.27,0.11,11.05,31.32
3.05,0.79,8.0,31.3
4.21,-1.9,8.45,31.21
-3.12,-1.65,8.87,31.28
-3.1,-1.33,11.32,31.27
0.16,-0.82,10.86,31.25
2.98,0.3,8.37,31.26
4.98,-1.38,7.76,31.28
-1.9,-1.15,8.48,31.3
-3.51,-1.37,11.45,31.29
0.7,-0.41,11.49,31.29
4.11,-0.19,7.79,31.29
5.78,-0.74,6.82,31.24
-0.31,-1.4,8.49,31.28
-1.9,0.05,10.07,31.29
3.73,-0.31,9.66,31.3
5.15,0.0,7.84,31.26
4.36,-0.08,6.73,31.25
-0.97,-0.95,7.84,31.26
-1.87,-0.43,10.49,31.29
-1.76,-1.53,10.86,31.26
0.92,0.43,9.77,31.28
3.19,0.87,6.4,31.23
-1.56,0.24,6.57,31.26
-5.12,-1.36,9.83,31.27
-0.68,-0.86,11.61,31.26
1.6,0.09,9.96,31.23
4.27,-0.35,7.29,31.31
3.29,-1.39,8.44,31.32
-0.88,-1.61,11.24,31.26
0.75,-0.29,10.49,31.28
4.15,0.71,9.4,31.32
2.45,0.2,7.19,31.27
0.21,0.17,7.06,31.24
-0.85,0.04,9.0,31.26
-0.74,-0.01,10.86,31.29
2.88,0.24,8.84,31.27
5.4,0.03,6.81,31.28
2.47,0.56,6.16,31.27
-3.02,0.68,8.41,31.26
0.31,-0.67,11.04,31.29
5.51,0.49,9.05,31.26
7.42,0.4,6.51,31.27
2.57,-0.35,7.29,31.22
-2.23,-1.03,10.03,31.27
1.12,-0.24,10.93,31.24
3.39,-0.17,9.26,31.26
4.03,-0.27,7.09,31.23
4.52,-0.84,7.78,31.25
-1.11,-0.94,10.07,31.27
0.83,0.63,10.79,31.24
6.61,-0.65,9.73,31.23
4.57,-0.4,8.16,31.24
1.62,-1.65,8.81,31.28
-0.39,-1.39,10.77,31.26
1.8,0.64,10.56,31.27
4.67,-0.01,9.47,31.27
5.05,-0.29,7.86,31.28
2.83,-0.29,7.14,31.27
-1.24,-0.1,9.39,31.26
-2.87,0.0,11.94,31.27
2.63,-0.98,9.67,31.25
6.36,-0.08,7.52,31.24
-0.33,-0.68,7.69,31.31
6.65,0.19,8.05,31.28
7.52,0.27,5.71,31.24
-0.99,-1.96,9.42,31.22
-2.99,-0.13,10.3,31.26
1.42,0.28,10.29,31.28
3.2,1.2,7.65,31.29
1.56,-0.47,7.74,31.33
-3.72,-1.53,10.04,31.26
-2.5,-1.54,11.46,31.29
0.9,0.83,10.26,31.23
2.79,1.13,7.54,31.27
1.99,-0.4,7.41,31.25
-2.31,-0.11,7.93,31.27
-1.14,-0.89,11.1,31.27
2.43,0.08,10.68,31.29
5.11,-0.01,7.5,31.31
3.64,-1.24,6.49,31.31
-4.97,-0.17,8.16,31.25
-0.41,-1.52,11.17,31.24
1.31,-0.04,10.67,31.25
2.94,1.53,6.55,31.27
4.2,-0.33,7.31,31.29
-1.58,-2.28,10.5,31.29
-0.48,-2.12,11.93,31.25
3.89,0.19,10.0,31.27
5.37,-0.17,7.83,31.28
3.2,0.35,6.61,31.29
-1.07,-0.41,8.28,31.32
0.04,-0.93,10.9,31.3
2.11,2.43,8.43,31.3
3.58,0.1,6.96,31.29
2.21,1.2,6.22,31.28
-2.37,-0.43,8.03,31.31
0.14,0.29,10.35,31.32
4.27,-0.14,9.58,31.29
7.11,0.7,6.89,31.28
7.57,-0.62,5.26,31.32
0.07,0.71,7.98,31.27
0.3,0.02,10.68,31.27
-2.53,-2.04,10.22,31.31
-0.73,-0.54,11.14,31.25
2.47,-0.9,11.58,31.29
3.93,-2.23,9.48,31.31
3.09,-0.98,7.99,31.27
-0.65,-2.35,10.75,31.27
-0.43,-1.87,11.03,31.27
3.57,-0.57,11.0,31.29
6.26,-1.6,8.82,31.28
3.99,-0.89,7.33,31.26
-1.28,-2.36,10.43,31.32
-2.78,0.33,9.04,31.29
4.77,1.58,7.23,31.23
5.34,1.17,8.14,31.27
4.09,0.01,7.37,31.31
0.03,-1.34,8.57,31.28
1.0,-1.45,10.61,31.25
0.15,-0.64,10.45,31.26
4.4,0.14,9.25,31.25
5.06,-1.47,8.3,31.3
-1.3,-1.86,9.86,31.26
-0.61,-1.37,10.17,31.27
0.74,-0.03,10.54,31.27
2.82,-0.2,9.84,31.31
5.35,-0.23,7.93,31.3
0.87,-1.7,8.82,31.24
-2.01,-1.03,10.36,31.27
-0.85,-0.07,11.02,31.25
3.79,-0.06,9.26,31.28
2.75,-0.97,8.03,31.28
-3.6,-1.46,8.39,31.27
-2.49,-1.76,11.57,31.26
-0.53,-0.46,11.54,31.29
2.6,-0.12,9.22,31.26
4.35,-2.08,8.6,31.29
-1.5,-1.79,9.46,31.25
-1.57,-2.94,12.06,31.27
2.4,-1.61,11.33,31.27
5.09,0.14,8.69,31.25
5.19,-0.05,7.56,31.27
-0.99,-0.82,8.05,31.22
-3.24,-1.1,11.22,31.3
1.64,-0.21,9.63,31.25
3.23,1.33,7.32,31.27
4.33,-0.28,7.19,31.28
-1.22,-1.39,8.43,31.25
-0.42,-0.51,10.45,31.27
3.55,-0.21,10.72,31.27
3.83,0.66,7.81,31.31
4.63,-0.19,6.32,31.27
-1.18,0.67,6.86,31.28
-2.46,0.35,9.27,31.28
2.73,0.49,9.47,31.26
5.15,0.27,7.5,31.24
3.96,0.25,6.33,31.29
-3.27,-1.45,8.36,31.26
-2.65,-0.33,11.16,31.27
2.77,-1.48,11.46,31.27
4.98,-0.72,8.68,31.27
2.15,-1.48,7.79,31.3
-1.79,-1.82,9.75,31.25
-1.81,-0.68,10.89,31.26
2.52,-0.82,10.64,31.26
4.79,0.53,7.63,31.27
2.5,-0.54,7.02,31.24
-1.07,-0.69,9.07,31.26
-0.71,-1.62,12.0,31.27
3.83,-0.18,10.22,31.29
6.24,2.0,6.46,31.29
4.92,-0.47,6.6,31.25
-1.77,-0.84,8.79,31.29
-1.4,-1.24,11.33,31.26
4.83,-1.92,11.81,31.28
4.65,-1.34,8.61,31.25
3.48,-0.34,7.29,31.25
1.77,-1.29,8.76,31.25
1.07,-0.09,10.59,31.29
5.25,0.8,10.26,31.3
5.14,-0.55,8.3,31.3
2.65,-0.24,7.61,31.31
1.43,-0.32,8.72,31.3
1.41,-0.81,10.5,31.28
4.45,0.69,9.16,31.26
6.14,0.61,7.62,31.32
1.74,0.17,6.62,31.31
-3.06,-0.26,8.68,31.3
-1.18,-0.53,10.41,31.23
1.85,0.85,9.19,31.3
3.79,-0.25,8.52,31.24
2.24,-1.69,8.63,31.26
-1.34,-1.14,9.8,31.29
-1.06,0.53,9.79,31.27
0.65,-0.63,10.72,31.28
3.79,-1.77,9.24,31.29
2.0,-1.21,7.86,31.25
-0.96,-2.29,9.97,31.26
-2.8,-0.49,10.5,31.2
1.53,-1.28,11.54,31.29
5.61,-1.87,8.87,31.29
0.87,-0.87,7.3,31.25
-2.15,-1.58,9.92,31.27
-1.49,-0.61,10.91,31.29
3.51,0.11,9.68,31.31
6.3,-0.31,8.22,31.29
-0.31,-1.24,7.97,31.27
-3.72,-0.41,9.7,31.24
-1.32,-1.15,11.82,31.26
1.55,1.28,9.38,31.29
4.05,0.43,7.77,31.3
-0.3,-2.24,9.48,31.32
-2.73,-2.07,11.1,31.27
-0.3,0.28,10.37,31.28
0.57,1.44,9.78,31.24
3.56,-1.08,8.68,31.29
4.02,-0.92,7.46,31.3
-1.27,-1.41,8.99,31.26
0.04,-1.94,10.84,31.25
1.62,-0.21,10.37,31.28
4.75,0.44,8.47,31.24
4.48,0.14,7.4,31.24
-0.79,-0.84,8.72,31.25
0.04,-0.56,9.68,31.28
1.07,-0.02,10.64,31.27
2.77,0.6,9.12,31.25
4.34,-0.94,7.75,31.25
-0.77,-1.61,9.69,31.27
-0.77,-1.24,11.18,31.28
2.78,0.51,10.05,31.27
5.55,1.59,7.98,31.25
4.97,-0.77,7.62,31.27
-1.21,-0.53,8.28,31.29
-0.23,-1.46,10.5,31.3
1.46,0.05,10.0,31.29
2.43,1.45,6.89,31.24
2.54,0.41,6.94,31.27
-3.81,-1.22,8.62,31.25
-2.53,-0.43,10.07,31.19
3.27,-0.35,7.15,31.24
2.04,-1.04,8.07,31.28
-0.7,-0.02,9.9,31.27
2.36,0.28,10.3,31.27
4.45,0.71,8.68,31.27
3.58,0.16,7.0,31.34
1.0,-0.6,8.03,31.26
-1.36,-0.93,11.03,31.26
1.49,0.25,10.6,31.26
4.25,0.4,8.34,31.27
2.75,-0.15,6.71,31.26
0.18,-1.04,8.6,31.3
-0.79,-1.0,10.31,31.24
2.68,-0.39,11.31,31.28
4.58,-1.22,10.02,31.24
4.88,-1.69,8.08,31.25
3.09,-1.4,8.99,31.26
0.85,-1.3,10.2,31.32
2.65,0.52,9.35,31.26
0.15,-2.34,10.44,31.3
-0.45,-0.55,10.34,31.27
4.05,-1.07,11.26,31.32
7.03,-0.92,8.85,31.27
5.28,-0.38,7.26,31.26
0.19,-0.94,9.06,31.3
-2.15,-0.62,10.89,31.3
2.95,-1.06,11.08,31.25
5.66,-0.82,9.46,31.24
2.43,-0.0,7.91,31.33
-1.28,-1.54,10.04,31.28
-3.55,-1.11,11.64,31.24
0.58,-0.38,10.59,31.28
4.06,-0.28,9.18,31.33
1.7,-1.93,8.37,31.28
-4.38,-3.3,11.4,31.25
-1.47,-2.69,12.29,31.28
4.93,0.04,10.94,31.25
6.13,-0.91,9.21,31.22
2.45,-1.1,7.88,31.27
-1.66,-2.17,10.65,31.26
-0.95,-1.91,11.57,31.26
1.08,0.4,10.89,31.26
3.34,0.65,8.11,31.28
1.45,-0.82,7.33,31.25
-4.76,-1.57,9.0,31.23
-2.09,-1.53,11.06,31.29
0.7,0.17,11.2,31.27
2.42,0.7,8.7,31.24
-0.52,-0.36,7.57,31.28
-5.75,-1.06,9.37,31.25
-2.92,-1.56,11.74,31.27
2.2,-0.81,12.03,31.28
2.84,0.22,8.25,31.29
0.83,-0.4,7.39,31.25
-4.13,-1.72,9.31,31.29
-1.98,-1.8,11.89,31.26
1.54,-0.19,11.47,31.26
3.44,1.18,6.63,31.3
1.85,-0.67,7.32,31.29
-5.19,-2.0,10.15,31.28
-2.26,-1.76,11.48,31.27
2.07,0.87,10.85,31.3
3.84,0.25,7.93,31.3
0.7,-0.3,6.97,31.29
-4.83,-1.22,8.99,31.28
-1.55,-0.74,11.47,31.24
2.73,0.25,10.38,31.25
3.99,0.77,6.7,31.24
1.92,-0.4,6.96,31.29
-4.54,-1.29,8.97,31.24
-0.75,-1.24,11.51,31.29
3.5,-0.34,10.51,31.27
3.55,-0.18,7.37,31.24
1.56,0.07,7.2,31.26
-4.31,-1.26,9.79,31.3
-0.8,-0.66,11.09,31.25
2.15,0.57,9.73,31.29
3.94,0.68,7.44,31.29
4.22,-0.46,6.98,31.27
-1.01,-0.41,7.45,31.3
-0.37,-0.7,10.64,31.25
3.16,-0.86,11.35,31.25
4.66,1.2,8.87,31.25
4.88,-0.9,6.77,31.26
-0.65,-0.39,7.17,31.25
-2.23,-1.32,10.36,31.27
2.36,-0.67,11.2,31.28
5.39,0.57,7.78,31.25
5.62,-0.58,6.23,31.27
-1.15,1.15,6.75,31.3
-3.27,0.23,9.48,31.26
0.39,0.23,10.07,31.25
2.11,1.37,8.18,31.26
3.69,0.4,6.41,31.26
1.46,-1.1,6.69,31.24
-2.85,-0.19,9.77,31.24
1.62,-0.03,10.58,31.28
3.18,1.23,8.06,31.26
0.87,0.17,6.74,31.28
-2.7,0.34,7.69,31.24
-2.17,-0.69,10.35,31.25
0.77,0.41,11.05,31.3
2.98,0.14,9.05,31.26
4.08,-0.62,7.53,31.26
-0.42,-1.3,8.65,31.27
-2.89,-1.89,10.85,31.28
2.39,-0.86,11.66,31.3
4.26,-0.71,8.57,31.27
1.88,0.69,6.73,31.28
2.8,-1.23,8.19,31.27
0.92,-1.01,10.87,31.24
2.49,0.41,10.58,31.27
6.45,-0.16,8.64,31.26
5.38,-1.23,7.75,31.3
0.74,-1.95,9.25,31.32
1.67,-1.22,10.89,31.27
3.06,-0.3,11.62,31.26
5.4,-0.34,9.5,31.27
5.49,-1.3,8.0,31.27
1.47,-1.75,9.1,31.31
1.14,-1.4,10.28,31.3
3.62,-1.09,11.62,31.29
5.89,-0.45,8.4,31.31
1.92,-0.71,6.58,31.27
-1.11,-1.16,8.72,31.33
-0.13,-0.4,10.38,31.3
2.21,-0.52,10.96,31.29
5.65,-0.41,9.17,31.26
3.09,-1.63,8.66,31.32
-1.81,-1.13,9.2,31.26
-0.54,0.1,10.17,31.26
3.35,-1.47,12.03,31.27
7.22,-2.05,10.02,31.27
3.95,-1.48,8.61,31.27
0.24,-2.4,9.87,31.28
-0.55,-1.61,10.79,31.28
2.86,0.35,10.83,31.27
1.7,0.66,9.39,31.29
4.67,-0.19,6.84,31.23
-0.6,-0.45,6.98,31.21
-4.53,-0.79,10.09,31.24
2.05,-1.65,11.93,31.28
5.93,0.03,9.21,31.22
6.13,-0.15,6.33,31.24
3.79,-0.15,7.03,31.29
-3.14,-1.23,10.0,31.25
1.55,-1.25,11.52,31.29
7.54,1.29,8.57,31.3
7.65,0.57,6.29,31.29
3.9,-0.37,7.08,31.34
-0.79,-0.84,9.87,31.31
1.88,-0.04,10.64,31.31
3.54,0.91,8.39,31.28
4.17,-0.11,7.08,31.27
3.2,-0.44,7.08,31.26
-0.81,0.21,7.68,31.23
0.16,0.67,9.89,31.26
4.08,-0.65,9.74,31.26
5.71,0.14,6.46,31.22
2.31,-0.74,7.31,31.24
-1.75,-1.92,11.17,31.23
1.66,-0.12,10.82,31.29
5.99,0.56,7.72,31.28
4.98,-0.45,7.31,31.25
0.74,-1.64,8.61,31.26
1.35,-1.49,10.33,31.27
3.36,-0.97,11.46,31.25
5.31,0.41,8.6,31.24
4.1,-0.03,7.14,31.25
1.86,-1.05,7.96,31.26
-0.45,-1.39,10.72,31.25
0.9,-1.92,12.16,31.25
6.07,-0.83,9.44,31.28
6.27,-0.29,6.84,31.26
0.8,-0.55,7.83,31.27
-0.69,-0.47,10.06,31.29
2.35,-0.37,10.75,31.24
3.18,0.72,9.8,31.27
6.73,0.67,6.9,31.29
5.49,-0.88,6.46,31.27
-0.09,-1.19,8.36,31.23
-0.5,-0.71,10.65,31.24
5.42,-0.0,10.34,31.24
7.07,0.9,6.85,31.24
3.92,-0.69,7.29,31.23
0.53,-2.05,9.98,31.23
0.14,-1.52,10.63,31.24
2.2,0.53,9.79,31.29
5.96,1.27,7.83,31.24
2.47,0.17,6.66,31.3
-1.81,-0.9,8.96,31.3
-0.63,-0.58,10.04,31.27
1.12,-0.91,11.06,31.23
3.3,-0.02,8.86,31.29
0.99,-1.46,7.26,31.25
0.08,-1.08,9.66,31.25
1.47,-0.68,9.86,31.27
3.53,0.82,9.44,31.24
4.09,0.5,7.69,31.27
2.81,-0.59,7.08,31.25
-0.67,-1.84,9.87,31.27
0.14,-1.29,10.94,31.29
4.41,-0.06,10.63,31.23
5.21,-0.8,9.02,31.29
3.25,0.27,6.03,31.27
-1.31,-2.27,9.84,31.27
-3.75,-2.82,12.14,31.23
1.12,-1.46,12.1,31.27
6.02,-0.92,9.56,31.27
2.43,-0.67,7.65,31.3
0.0,-2.54,9.86,31.32
1.92,-0.75,10.62,31.24
2.68,-0.65,11.38,31.25
6.31,-1.72,9.39,31.22
2.9,-2.14,8.56,31.25
-1.3,-2.88,10.32,31.23
0.06,-1.2,11.4,31.24
3.35,-0.58,10.51,31.27
5.01,-1.52,9.19,31.26
1.28,-2.68,8.65,31.27
-0.48,-2.89,10.73,31.24
-0.68,-0.69,10.65,31.28
3.34,0.26,10.07,31.28
5.87,-1.36,9.58,31.27
1.18,-1.49,8.6,31.25
0.17,-1.52,9.28,31.27
-1.72,-0.21,10.37,31.27
1.33,1.73,9.75,31.26
4.42,-0.34,9.33,31.24
-0.12,-1.11,8.19,31.24
-4.13,-0.81,9.67,31.29
-1.09,0.23,11.05,31.25
2.81,0.46,10.85,31.29
5.9,0.22,8.39,31.26
1.39,-0.79,7.87,31.23
3.27,0.57,9.36,31.27
2.91,1.33,7.2,31.3
3.03,-0.59,6.6,31.27
-2.78,0.1,7.73,31.24
-0.61,-0.27,10.24,31.25
2.21,0.63,10.18,31.27
4.25,1.6,7.09,31.22
3.99,-1.44,7.21,31.26
-4.41,-0.81,8.5,31.26
-2.63,-1.24,10.99,31.26
0.07,0.45,10.3,31.24
2.67,1.23,7.83,31.29
3.88,-0.19,6.66,31.22
-2.05,-1.27,8.62,31.27
0.82,0.63,9.62,31.23
5.68,0.04,10.71,31.24
4.93,0.16,8.15,31.25
4.31,-0.64,7.15,31.27
0.04,-0.21,8.23,31.23
0.5,0.79,9.64,31.22
5.54,0.73,10.19,31.27
7.69,1.38,5.93,31.23
3.98,0.57,5.78,31.28
-1.3,-0.58,8.19,31.28
0.81,0.17,9.31,31.22
5.41,0.51,8.96,31.26
4.36,1.77,6.29,31.28
1.78,-0.31,6.44,31.21
-1.99,-1.31,9.49,31.22
0.17,-1.22,11.03,31.28
4.34,0.57,9.08,31.28
5.16,0.55,7.65,31.29
2.56,-1.13,7.69,31.27
0.06,-0.83,9.1,31.3
1.49,-2.48,12.17,31.22
4.09,-0.24,10.53,31.24
6.56,0.43,7.12,31.28
3.89,-0.7,7.43,31.26
-1.66,-0.98,9.46,31.29
-0.82,-1.37,9.95,31.28
3.04,0.34,10.61,31.25
5.45,1.23,8.4,31.25
3.02,-0.93,7.07,31.26
1.14,-1.03,7.49,31.25
-0.86,-1.47,10.41,31.27
1.2,-1.06,11.82,31.27
4.31,-0.74,9.41,31.3
4.58,0.03,7.44,31.26
1.02,-0.79,8.12,31.26
-0.37,-0.8,10.02,31.26
1.83,-1.68,12.21,31.28
5.23,-0.3,8.73,31.25
3.8,0.11,6.98,31.28
0.8,-2.69,9.29,31.28
-0.33,-1.82,10.18,31.27
3.47,-0.21,10.92,31.27
5.45,-0.0,8.95,31.27
2.39,0.13,6.83,31.29
-0.24,-1.8,9.05,31.26
-1.89,-1.01,10.14,31.29
-0.41,-0.91,11.56,31.29
4.86,-1.15,9.54,31.28
3.62,-0.34,7.45,31.29
0.96,-1.56,8.82,31.28
0.22,-1.37,10.9,31.27
3.13,-0.97,11.08,31.24
6.91,0.27,9.33,31.25
5.25,-0.72,7.56,31.29
0.33,-1.61,8.68,31.27
-0.71,-1.64,10.94,31.27
3.73,0.55,10.34,31.29
5.65,0.51,9.14,31.29
4.21,-0.91,7.13,31.27
-0.54,-0.42,8.07,31.23
-0.69,-1.81,10.81,31.25
3.14,-1.26,11.84,31.28
8.06,-0.94,9.52,31.23
7.35,-0.83,8.05,31.3
3.95,0.48,10.2,31.26
5.68,0.63,8.2,31.26
3.23,-0.43,7.33,31.28
-2.09,-1.49,9.25,31.26
-2.19,-0.86,10.53,31.25
0.97,0.89,10.17,31.26
4.62,1.01,8.0,31.25
2.38,0.04,6.9,31.29
-4.42,-1.3,9.71,31.27
-2.51,-2.4,11.62,31.27
2.43,0.25,9.61,31.24
4.87,1.61,7.46,31.27
5.46,0.17,7.06,31.26
-0.27,-0.69,9.47,31.24
0.06,-1.36,11.1,31.24
1.79,-0.05,10.65,31.28
2.25,0.97,7.69,31.26
2.49,-1.69,8.05,31.28
-3.13,-3.08,10.28,31.29
-2.51,-1.51,11.65,31.28
0.52,0.58,10.07,31.29
3.92,0.2,8.2,31.25
3.2,-0.32,7.67,31.3
-2.02,-2.11,9.01,31.26
-0.43,-1.9,11.6,31.32
4.26,-1.09,10.66,31.29
6.96,0.47,7.62,31.29
4.48,-0.68,6.81,31.23
-2.2,-1.25,8.29,31.26
0.37,-0.75,10.42,31.28
2.91,0.97,9.6,31.29
4.64,1.25,7.51,31.26
5.39,-0.14,6.72,31.26
-1.63,-0.86,8.5,31.27
-1.24,-0.29,11.19,31.26
3.4,-0.31,10.28,31.29
4.33,0.94,7.76,31.29
3.55,0.07,6.82,31.28
-1.98,-0.86,8.8,31.25
1.82,-1.13,7.62,31.24
-0.87,-2.58,10.58,31.29
-0.64,-1.91,11.42,31.28
1.58,-0.44,11.33,31.26
6.0,-1.11,9.21,31.27
3.58,-1.79,8.75,31.28
1.18,-1.5,9.66,31.26
2.76,-2.14,11.4,31.28
1.79,-0.35,10.32,31.25
5.64,0.88,7.23,31.27
2.18,-1.95,8.63,31.28
-2.76,-1.47,10.03,31.23
0.8,-1.2,10.3,31.28
5.19,0.49,10.18,31.28
4.61,0.0,8.46,31.3
3.07,-1.54,7.1,31.26
-1.67,-2.25,10.05,31.28
-1.85,-1.12,10.38,31.27
2.07,1.48,10.41,31.29
5.69,-0.89,8.8,31.25
1.52,-0.51,8.2,31.24
-1.94,0.34,6.93,31.27
-1.25,-1.79,9.59,31.26
-3.95,-2.57,12.73,31.29
1.78,0.16,10.44,31.3
3.46,-0.07,9.33,31.28
1.91,-0.99,7.7,31.24
-2.49,-2.68,9.5,31.27
0.45,-1.26,11.45,31.23
4.45,-0.35,10.45,31.27
5.44,1.98,6.8,31.24
6.09,-0.55,7.09,31.24
-1.61,-1.31,9.27,31.29
-0.02,-0.42,10.62,31.28
4.12,-0.28,10.09,31.24
4.28,-0.04,8.18,31.27
3.02,-0.32,6.79,31.26
-2.09,-1.7,8.63,31.26
-4.05,-1.65,12.04,31.33
0.48,-0.91,11.4,31.28
5.56,-0.04,7.82,31.27
4.18,-0.19,6.03,31.24
-1.61,-0.82,7.65,31.26
-0.71,-1.96,12.32,31.35
3.42,-1.63,11.86,31.25
4.46,0.19,7.32,31.27
4.82,-1.49,7.68,31.26
0.67,-1.29,8.81,31.32
-0.11,0.26,9.88,31.25
3.65,-0.91,11.3,31.26
5.41,1.46,7.44,31.3
5.02,-1.56,7.01,31.24
-1.84,-1.78,9.29,31.28
-1.19,-0.08,10.46,31.24
5.43,0.24,10.3,31.26
6.28,0.16,9.11,31.28
5.32,-2.05,8.02,31.26
1.78,-0.68,8.52,31.31
-0.25,-0.89,10.27,31.24
3.42,-0.17,10.81,31.24
6.76,-0.75,8.04,31.27
5.41,-0.71,6.58,31.26
1.56,-0.63,8.62,31.3
1.34,-0.92,11.02,31.28
5.29,-0.01,10.13,31.27
7.03,-0.1,7.25,31.28
4.79,-1.12,6.5,31.28
0.69,-0.33,8.63,31.28
2.41,-2.21,11.46,31.3
4.79,-0.42,11.07,31.29
6.37,-1.33,8.71,31.27
2.43,-0.47,7.46,31.29
-0.36,-1.29,9.2,31.26
2.47,-2.56,12.08,31.27
4.62,-0.23,9.97,31.3
3.59,0.75,7.87,31.24
-0.21,-0.28,6.8,31.28
-2.11,-1.16,9.46,31.3
1.35,-2.05,11.76,31.27
4.07,-1.72,11.68,31.29
6.16,-0.21,7.84,31.29
1.91,-0.45,7.65,31.26
-2.35,-1.86,9.5,31.29
0.53,-1.38,10.53,31.27
2.51,-0.71,11.01,31.26
4.56,0.48,7.92,31.29
2.46,-0.61,7.64,31.27
-0.56,-1.59,9.84,31.26
0.8,-0.45,10.07,31.27
5.0,1.13,10.06,31.25
5.69,0.36,7.71,31.25
1.18,-0.71,7.85,31.28
-2.81,-2.36,10.63,31.25
-1.61,-0.53,10.11,31.3
2.84,-0.04,10.93,31.23
5.57,-0.79,8.64,31.26
1.4,-1.32,8.43,31.32
-0.86,-2.74,10.54,31.29
0.04,-0.88,10.65,31.27
3.37,1.71,9.38,31.3
6.56,-0.02,8.01,31.25
1.03,-2.08,8.94,31.23
-1.34,-2.34,10.55,31.34
0.17,-0.3,10.96,31.32
2.91,2.14,8.43,31.26
5.34,0.9,8.1,31.29
1.67,-0.77,7.18,31.26
-1.5,-1.16,9.5,31.27
1.27,-0.5,10.47,31.27
4.09,1.31,9.07,31.29
6.82,-0.03,7.32,31.25
1.28,-0.59,6.78,31.26
-1.58,-1.13,10.29,31.23
-0.18,-2.03,11.97,31.29
1.08,1.87,8.88,31.27
4.46,0.3,7.21,31.27
-0.66,-1.24,8.15,31.27
2.51,-1.06,7.29,31.25
-1.19,-1.74,9.91,31.25
-1.41,-1.64,11.18,31.27
5.59,-1.22,10.23,31.25
6.94,0.69,7.94,31.27
4.13,-0.02,6.52,31.27
0.56,-1.55,9.01,31.3
0.92,-1.28,10.36,31.24
5.09,0.51,10.33,31.29
7.11,-0.07,8.06,31.27
5.21,0.12,6.48,31.23
0.45,-1.35,8.17,31.28
0.65,-0.44,9.7,31.25
4.86,0.05,11.25,31.3
6.01,0.04,8.75,31.27
4.8,0.27,5.21,31.25
1.46,-0.97,8.0,31.26
0.03,-0.93,10.53,31.27
2.69,-0.16,10.97,31.29
7.06,-0.32,8.26,31.34
4.89,-0.66,7.5,31.31
0.83,-1.13,9.15,31.29
2.39,-1.48,11.15,31.28
3.92,-0.88,11.67,31.28
6.69,-0.42,8.72,31.25
4.13,-1.06,7.86,31.32
1.85,-1.98,9.28,31.25
2.46,-0.93,10.65,31.29
4.42,-0.87,11.72,31.25
7.34,-0.12,8.82,31.27
2.38,-0.81,7.24,31.3
-0.16,-1.56,8.73,31.24
1.72,-0.8,11.03,31.32
4.86,-0.28,10.94,31.25
8.02,-0.32,8.77,31.29
4.9,-0.97,7.14,31.24
-0.9,-0.19,8.23,31.29
-0.23,-0.92,10.27,31.26
3.28,-0.6,10.94,31.24
5.24,0.64,8.2,31.31
2.06,-0.79,7.48,31.24
-1.05,-2.2,10.0,31.27
-0.95,-1.47,10.91,31.27
2.71,0.29,10.95,31.26
6.37,0.19,9.24,31.31
2.98,-0.91,7.47,31.29
-0.67,-0.78,8.61,31.27
-0.52,-0.51,10.44,31.23
3.63,0.98,10.07,31.26
5.72,0.81,8.37,31.24
3.42,-1.07,6.63,31.27
-1.42,-0.96,9.4,31.28
0.41,-0.63,10.13,31.27
3.79,1.02,9.33,31.25
5.83,-0.07,8.03,31.29
2.88,-0.35,6.85,31.3
-3.72,-1.96,10.54,31.29
-0.75,-1.45,10.96,31.27
0.65,0.75,10.03,31.32
3.4,-0.66,7.39,31.29
-1.74,-1.17,8.57,31.27
-3.09,-2.39,12.06,31.24
1.34,-0.27,11.03,31.25
3.74,0.64,9.37,31.24
3.04,0.74,6.35,31.29
-3.54,-0.5,7.18,31.3
-3.44,-1.34,11.82,31.24
1.01,-0.24,11.13,31.26
2.0,1.99,7.54,31.27
1.32,1.41,6.09,31.32
-3.75,-0.34,7.29,31.3
-3.08,-1.11,11.6,31.24
2.49,0.51,10.25,31.24
3.96,1.09,7.9,31.29
3.99,0.33,6.96,31.23
-1.83,-0.66,7.51,31.27
-3.71,-0.66,10.87,31.27
2.14,-0.39,11.26,31.27
5.18,0.62,8.58,31.29
3.93,-0.8,7.29,31.32
-1.72,-0.95,7.79,31.31
-0.37,0.54,9.68,31.29
2.72,0.28,10.41,31.29
3.04,2.18,7.53,31.32
4.75,-0.1,5.9,31.26
-1.13,0.68,7.35,31.26
-3.06,0.73,8.42,31.26
2.03,1.87,9.8,31.25
2.13,0.29,8.33,31.27
0.91,0.83,6.09,31.27
-3.25,-0.32,8.15,31.26
-2.7,-0.19,10.36,31.28
0.57,0.27,10.83,31.26
2.98,-0.7,9.0,31.28
1.41,-0.85,7.77,31.27
-2.95,-1.6,9.74,31.27
-0.94,-1.11,11.01,31.27
4.32,-0.47,10.66,31.28
0.93,-1.95,8.75,31.25
-2.05,-2.46,10.44,31.24
0.01,-0.73,11.02,31.25
3.08,-0.35,10.78,31.24
4.2,0.06,8.41,31.32
4.35,0.57,6.37,31.25
0.1,-1.41,9.68,31.27
0.85,-1.34,11.23,31.26
2.95,-0.66,11.22,31.28
4.58,-0.72,10.02,31.25
2.79,-0.84,7.87,31.32
0.7,-2.04,9.09,31.3
-0.55,-2.02,10.67,31.21
2.29,-0.78,11.44,31.22
3.32,-0.92,9.65,31.26
2.23,0.02,7.65,31.23
-0.71,-1.24,8.73,31.26
-2.66,-1.72,10.42,31.27
-1.01,-0.23,11.9,31.32
5.06,0.17,9.56,31.28
3.6,-0.09,7.29,31.27
-1.14,-1.58,9.21,31.25
-1.92,-0.96,10.48,31.24
2.89,-0.34,10.78,31.22
4.76,0.76,9.0,31.27
1.34,-0.1,7.29,31.26
-2.02,-2.32,9.76,31.25
-2.47,-2.26,10.86,31.24
1.76,0.61,10.22,31.28
5.38,-1.04,10.89,31.27
4.26,-0.25,7.6,31.3
-0.76,-1.19,8.7,31.27
0.29,-0.43,10.32,31.24
3.78,1.48,9.55,31.26
5.55,0.52,9.24,31.26
3.36,-0.29,7.06,31.31
-3.48,-1.36,9.39,31.22
-1.99,-2.24,11.12,31.29
-0.17,-0.36,12.05,31.24
3.2,0.12,8.54,31.27
5.06,-0.73,7.43,31.24
-2.72,-2.35,10.71,31.32
-1.62,-1.69,10.98,31.24
3.02,-0.19,10.96,31.32
4.07,0.5,8.95,31.32
2.19,-0.1,7.58,31.3
-2.28,-0.22,8.17,31.3
-3.03,-2.17,11.65,31.29
-1.25,1.45,10.79,31.28
2.77,0.38,8.72,31.28
0.93,-1.29,8.18,31.26
-2.41,-2.5,9.75,31.28
-0.56,-2.36,11.73,31.26
2.97,0.25,9.98,31.23
5.07,1.03,7.41,31.25
3.41,-1.13,7.31,31.3
-3.89,-1.4,8.64,31.28
-2.37,-3.02,12.29,31.24
2.12,0.35,10.81,31.34
1.95,-1.32,12.34,31.25
4.4,-1.92,12.47,31.27
6.86,0.55,9.72,31.26
6.33,-0.61,7.26,31.25
2.05,-0.18,6.61,31.26
-0.66,-0.43,9.3,31.27
1.56,0.16,11.59,31.28
6.99,1.44,7.93,31.29
6.55,-0.53,6.68,31.26
0.04,-1.03,7.71,31.27
-3.28,-0.76,9.81,31.24
2.33,-1.35,11.85,31.31
4.98,0.31,8.78,31.25
5.05,-0.19,6.81,31.25
3.58,-1.36,8.14,31.27
-0.93,-0.8,9.87,31.29
1.53,-0.33,10.23,31.3
6.19,1.44,7.35,31.27
6.85,0.1,5.69,31.29
2.93,-0.01,6.33,31.28
0.62,-0.14,9.35,31.27
3.63,1.96,9.19,31.25
5.36,1.81,7.78,31.27
2.83,0.81,6.56,31.27
1.03,-0.32,6.64,31.24
-0.37,-1.01,10.3,31.25
0.56,0.36,9.94,31.31
2.71,0.66,8.14,31.25
3.14,0.25,7.11,31.29
-0.69,-1.58,8.8,31.24
-0.35,-1.16,10.6,31.24
3.68,-0.21,10.62,31.26
5.85,0.45,8.15,31.28
4.14,0.08,7.09,31.24
-0.28,-1.89,8.93,31.27
0.34,-2.36,11.43,31.29
2.96,-1.78,12.53,31.25
6.37,-0.7,8.77,31.28
5.04,0.11,7.59,31.29
-1.02,-2.48,10.77,31.27
2.13,-0.63,11.34,31.27
4.95,-1.87,11.31,31.25
6.12,-1.75,8.85,31.27
5.25,-0.65,6.68,31.28
1.99,-0.52,8.05,31.28
1.69,-0.34,10.41,31.26
4.36,1.0,9.09,31.25
6.55,0.14,7.17,31.27
1.62,0.65,5.86,31.31
-2.29,-0.52,8.42,31.28
-3.61,-0.4,10.43,31.29
-0.29,0.28,10.29,31.24
3.4,-0.03,9.28,31.31
0.27,-0.28,6.91,31.22
-3.2,-0.59,9.11,31.29
-2.69,-0.59,11.43,31.27
2.01,0.27,10.1,31.28
5.29,0.16,9.22,31.24
3.0,-0.07,7.62,31.29
1.29,-0.04,10.98,31.27
0.61,0.46,10.94,31.25
4.46,1.19,7.22,31.35
1.47,-0.34,6.68,31.32
-5.76,-0.55,9.36,31.31
-2.95,0.15,10.39,31.25
0.31,0.22,10.21,31.27
0.41,2.14,5.98,31.26
-1.78,-0.46,6.85,31.29
-6.25,-1.67,10.37,31.3
-4.94,-0.56,11.09,31.27
0.46,0.75,11.01,31.26
3.79,-0.08,7.67,31.26
2.0,0.06,5.59,31.27
-3.69,-0.97,8.9,31.31
-2.16,-1.18,12.28,31.27
2.94,-0.27,9.95,31.25
4.41,0.09,7.38,31.3
2.39,-0.45,6.56,31.26
0.73,0.03,10.33,31.25
2.31,0.3,10.76,31.29
4.05,0.63,7.2,31.32
1.08,-1.26,6.93,31.29
-4.55,-1.37,9.59,31.24
-0.25,-1.21,11.75,31.34
3.52,-0.47,10.5,31.31
3.88,-0.08,7.09,31.27
2.37,-0.9,7.79,31.23
-4.74,-1.04,9.26,31.24
0.0,-0.62,11.28,31.28
5.63,-0.58,10.32,31.26
4.59,0.05,6.63,31.28
2.54,-0.8,7.44,31.26
-1.01,-1.64,9.82,31.29
0.62,-0.05,10.9,31.27
4.25,-0.54,8.94,31.24
5.42,-0.17,7.36,31.28
2.13,-0.4,7.22,31.26
-1.27,0.12,8.47,31.24
2.26,-0.13,11.06,31.29
6.4,0.41,9.11,31.23
5.62,1.23,6.31,31.27
2.63,-0.06,6.52,31.32
-2.51,-1.27,9.4,31.3
-0.23,-0.49,11.79,31.3
4.03,-0.07,9.65,31.26
4.45,0.43,6.85,31.27
-0.37,0.12,7.91,31.24
0.33,-1.66,10.15,31.3
2.09,-0.97,11.85,31.27
5.88,0.58,9.05,31.25
5.44,0.28,6.96,31.28
1.08,-0.53,7.31,31.31
-0.81,0.84,8.41,31.22
2.71,-0.34,10.82,31.26
5.38,1.24,8.36,31.26
5.12,1.18,6.18,31.26
3.5,-1.79,7.85,31.3
-0.12,-1.25,9.74,31.23
1.56,-0.17,9.86,31.24
6.1,0.63,8.45,31.24
3.26,-0.12,7.44,31.27
-1.72,-0.51,7.51,31.31
0.14,-0.02,8.46,31.29
3.26,-1.44,10.92,31.28
4.83,0.05,8.9,31.28
5.7,0.58,6.64,31.26
1.3,-1.65,8.31,31.25
-2.71,-1.33,9.8,31.27
0.32,-0.95,11.4,31.29
5.39,-1.43,10.85,31.27
3.8,-1.08,7.98,31.29
1.13,-1.81,8.92,31.25
-1.74,-2.23,11.15,31.24
0.22,-0.41,11.48,31.25
5.39,-1.04,11.57,31.25
4.35,-2.26,9.3,31.28
2.02,-2.21,9.2,31.25
1.23,1.14,5.76,31.25
-4.62,0.11,8.43,31.28
-3.91,-1.06,11.51,31.27
1.44,0.4,10.15,31.25
2.71,0.16,7.4,31.24
2.14,-0.03,7.01,31.26
-7.3,-0.78,9.32,31.25
-2.12,-1.39,11.37,31.27
1.43,-0.14,9.99,31.29
1.38,0.22,9.73,31.27
0.96,-0.56,6.69,31.27
-2.73,-1.34,8.24,31.3
-5.4,-1.31,11.17,31.25
-0.59,-1.2,12.16,31.27
2.58,-0.03,9.38,31.28
3.81,-0.25,6.59,31.26
0.82,-0.11,7.43,31.29
-2.64,0.36,9.29,31.3
-0.47,-0.07,10.32,31.29
3.57,0.51,8.46,31.26
5.1,-0.93,7.47,31.24
-0.24,-0.06,7.24,31.27
-0.83,-1.47,10.89,31.27
2.88,-1.19,11.36,31.25
6.17,0.59,8.26,31.29
4.49,-0.53,7.12,31.27
1.46,-0.39,7.67,31.27
-0.39,-1.31,10.8,31.27
4.59,-0.11,10.54,31.28
8.17,1.21,7.61,31.27
6.61,0.19,6.51,31.29
1.82,-1.57,8.35,31.25
-0.6,-1.44,10.89,31.25
1.94,-0.9,12.0,31.25
4.57,-0.51,9.13,31.21
5.45,-0.93,7.2,31.3
2.95,-1.23,7.92,31.33
-0.23,-0.62,10.47,31.3
1.99,-0.34,11.21,31.27
-1.61,-2.04,11.64,31.24
0.38,-1.26,10.75,31.28
3.18,-1.02,10.39,31.25
4.8,-1.2,8.69,31.29
0.98,-1.13,6.78,31.31
-2.76,-2.48,10.74,31.29
-1.31,-1.57,10.7,31.26
1.8,1.9,8.5,31.26
4.4,0.5,7.22,31.26
0.58,-1.09,7.75,31.23
-3.62,-1.85,10.1,31.27
-0.63,-0.36,9.96,31.25
1.43,0.36,9.7,31.25
2.1,0.08,8.01,31.27
0.66,-0.63,7.21,31.28
-4.73,-1.56,10.25,31.28
-1.54,-1.06,12.27,31.28
3.28,-0.14,10.19,31.26
5.2,-1.12,8.64,31.27
-0.63,-2.87,8.95,31.24
-4.41,-2.33,11.94,31.26
0.88,-2.13,11.98,31.28
3.69,-0.04,9.95,31.28
4.71,-0.2,6.91,31.28
1.29,-1.66,8.96,31.32
-2.44,-0.8,10.01,31.29
0.57,-1.21,11.2,31.27
2.87,0.68,10.02,31.3
6.5,0.65,5.4,31.24
2.33,-0.45,6.68,31.23
-3.38,-1.63,10.15,31.29
-0.85,-0.23,11.16,31.24
4.47,0.9,8.77,31.26
3.79,-0.4,6.89,31.24
-1.6,-0.86,7.84,31.29
-0.62,-1.21,9.27,31.26
1.45,-0.75,11.6,31.29
3.74,0.17,9.19,31.25
5.54,0.07,6.55,31.25
-5.9,-1.27,10.87,31.24
-1.43,0.33,10.83,31.27
0.96,1.64,7.82,31.32
1.93,0.46,7.1,31.24
-3.32,-1.17,7.83,31.25
-6.85,-2.18,11.66,31.25
-2.17,0.61,10.64,31.31
3.29,1.02,9.22,31.27
4.84,-0.98,7.87,31.27
-1.42,-0.64,7.24,31.24
-3.97,-1.34,10.55,31.23
0.28,-0.14,10.92,31.22
3.56,-0.43,9.68,31.26
4.57,-0.64,6.56,31.31
0.14,-1.99,8.44,31.22
-1.64,-1.93,11.77,31.25
2.87,-1.32,11.6,31.23
6.77,-1.7,10.31,31.29
6.15,-0.1,6.17,31.25
-1.02,-1.01,7.95,31.22
-1.64,-0.44,11.25,31.24
3.46,0.01,9.95,31.27
6.21,0.78,6.44,31.27
6.25,-0.16,6.07,31.27
-1.31,0.26,6.88,31.27
0.25,0.15,9.97,31.27
3.45,-0.98,11.12,31.28
4.62,0.93,7.86,31.27
5.81,0.19,5.88,31.29
2.95,-1.26,6.93,31.24
-4.45,-1.01,9.05,31.28
0.57,-1.55,11.61,31.26
2.93,0.73,9.88,31.27
2.28,0.76,6.97,31.26
0.85,-0.68,7.4,31.27
-2.64,0.63,8.13,31.27
0.24,1.25,9.47,31.3
3.43,1.58,9.09,31.29
5.13,0.23,7.4,31.29
4.01,-0.22,7.16,31.28
-2.88,-1.22,9.31,31.27
-1.94,-1.56,12.43,31.26
2.75,-0.26,9.99,31.31
4.99,-0.2,7.67,31.26
0.68,-0.48,6.99,31.26
-3.3,-0.74,9.93,31.28
1.62,-1.66,12.33,31.25
4.05,-0.46,10.33,31.29
4.29,0.48,6.63,31.25
2.99,-0.3,7.62,31.22
0.04,-0.9,9.82,31.3
0.94,-0.28,11.55,31.26
4.04,-0.63,10.19,31.26
5.07,-0.38,7.48,31.27
2.85,-0.93,7.55,31.3
0.1,0.63,8.25,31.29
2.59,0.73,10.47,31.3
5.56,0.81,7.87,31.23
6.75,1.4,5.66,31.24
3.42,-0.82,6.88,31.33
-1.01,0.17,8.3,31.25
0.26,-0.71,11.27,31.32
4.36,0.45,8.5,31.3
6.03,0.21,6.55,31.29
2.16,-0.26,7.25,31.3
-0.33,-0.04,9.18,31.32
0.76,-1.1,11.12,31.26
2.82,0.12,8.56,31.29
3.1,-0.12,7.12,31.26
0.11,-0.1,6.89,31.28
-1.84,-1.06,9.93,31.26
2.53,-0.32,10.87,31.22
5.07,0.68,8.95,31.26
2.94,-0.1,7.35,31.23
0.39,-1.34,8.27,31.29
-0.6,-1.26,10.46,31.25
1.74,-1.1,11.13,31.26
4.23,0.43,9.33,31.28
3.74,-1.77,8.5,31.28
1.13,-2.42,9.48,31.26
-1.36,-1.84,10.03,31.28
-0.14,-0.77,11.29,31.3
3.6,-1.24,10.95,31.28
3.31,-1.45,8.26,31.27
1.58,-1.61,8.39,31.26
-1.8,-0.62,10.03,31.26
0.01,-0.03,11.64,31.27
1.36,0.19,9.83,31.27
2.57,-0.18,7.39,31.29
-1.09,-1.36,8.6,31.23
-3.65,-1.94,11.59,31.29
0.61,-1.17,11.1,31.26
5.26,-0.98,9.61,31.25
5.6,-1.54,8.66,31.28
0.22,-1.6,9.21,31.31
1.13,-2.41,10.74,31.26
1.72,-0.6,11.03,31.25
4.25,-0.25,9.02,31.3
-0.98,-1.3,11.57,31.27
2.82,-0.35,9.02,31.29
2.5,-1.37,7.53,31.29
-1.55,-0.98,9.17,31.23
-2.92,-2.12,11.65,31.27
2.21,-1.15,11.3,31.28
4.13,0.36,8.74,31.29
5.98,-0.77,7.58,31.27
2.69,-1.39,9.32,31.27
1.19,-1.06,10.39,31.28
3.24,-0.9,12.13,31.26
4.48,-1.13,9.23,31.23
5.32,-1.3,7.35,31.28
1.45,-1.87,8.76,31.29
-1.04,-1.01,10.56,31.29
3.41,1.52,9.51,31.26
7.09,-0.26,8.43,31.25
4.33,-0.15,6.92,31.29
3.45,-1.51,8.48,31.3
1.16,-1.66,11.21,31.23
-3.8,-0.35,8.62,31.3
-4.75,-1.56,11.99,31.25
0.55,0.53,11.24,31.24
3.82,0.4,8.62,31.25
3.47,0.18,6.39,31.24
-4.39,-1.0,8.13,31.29
-4.39,-1.14,11.39,31.28
-1.44,0.19,10.69,31.24
0.67,0.3,7.97,31.28
2.77,-0.51,8.7,31.24
0.47,-1.82,8.61,31.29
-2.4,-0.35,10.09,31.25
1.13,-1.6,12.35,31.3
3.04,2.26,8.99,31.25
4.6,-1.11,6.85,31.3
1.11,-1.53,6.87,31.29
-5.73,-0.53,10.03,31.24
0.11,-0.33,10.44,31.25
4.0,1.06,9.29,31.27
2.53,1.45,5.78,31.24
-0.17,0.11,5.95,31.22
-3.32,-1.34,10.5,31.29
0.11,-0.95,11.83,31.32
5.71,0.64,9.06,31.29
7.74,-0.38,6.67,31.29
2.88,0.08,6.17,31.29
-0.88,-0.04,8.81,31.25
0.71,0.12,10.77,31.26
4.93,1.13,8.46,31.24
6.28,0.72,6.59,31.29
2.54,-0.19,5.98,31.24
-2.64,-0.88,8.81,31.26
-0.72,-0.9,10.87,31.27
4.47,0.95,8.63,31.27
4.18,-0.22,6.92,31.3
0.92,-0.13,6.98,31.27
-2.14,-1.04,9.01,31.28
2.3,-0.45,11.66,31.27
4.58,-0.5,9.78,31.29
-1.11,-1.76,10.53,31.27
0.39,-0.79,10.96,31.25
2.33,-1.92,12.21,31.3
6.01,-1.36,8.32,31.25
2.84,-2.25,8.83,31.24
-1.53,-1.58,10.44,31.26
0.35,-0.39,10.99,31.26
4.02,-0.65,10.66,31.26
5.29,-1.25,8.26,31.22
1.73,-2.39,9.41,31.27
-2.04,-1.91,9.87,31.27
-2.03,0.19,10.67,31.27
3.79,-0.44,10.81,31.29
6.09,-1.54,8.5,31.34
0.32,-1.47,7.7,31.26
-1.33,-2.34,10.11,31.28
-0.42,-1.3,11.64,31.28
4.54,-1.84,10.9,31.26
7.69,-2.33,9.0,31.28
1.36,-2.41,10.21,31.29
-1.01,-2.63,11.3,31.31
-0.54,-1.06,11.0,31.26
4.32,-0.34,9.98,31.29
5.57,-1.53,8.6,31.28
0.31,-1.69,9.11,31.3
-0.69,-3.09,11.63,31.31
-0.67,-0.46,10.8,31.3
1.2,1.07,9.07,31.27
2.78,-1.26,8.53,31.27
-2.34,-1.86,9.33,31.28
-3.51,-2.1,11.68,31.3
1.3,-0.64,11.72,31.3
2.99,1.15,8.49,31.25
2.82,-0.79,7.88,31.28
-2.94,-1.08,8.66,31.28
-2.49,-2.26,11.18,31.29
0.41,-0.84,11.13,31.27
1.6,0.41,8.91,31.27
4.78,-0.11,6.63,31.27
-1.15,-1.09,8.52,31.25
-2.41,-1.65,11.47,31.25
0.41,-1.57,11.86,31.31
1.38,-0.74,10.01,31.3
3.51,0.43,7.02,31.24
-1.89,-1.95,8.7,31.32
-3.95,-3.06,12.92,31.27
1.45,-1.47,11.24,31.28
2.8,-0.03,9.96,31.29
1.7,-0.71,7.37,31.27
-1.38,-1.19,8.56,31.29
-2.87,-1.58,11.87,31.27
0.45,-0.9,11.09,31.29
2.99,0.12,9.19,31.29
3.54,0.12,6.69,31.27
-1.86,-0.56,9.01,31.29
-2.35,-0.3,10.31,31.31
2.05,-1.53,11.26,31.29
5.35,0.17,9.09,31.3
6.4,1.36,7.13,31.3
3.12,-0.16,6.23,31.3
-2.53,-0.19,9.39,31.26
-0.62,0.36,10.64,31.24
0.57,0.65,9.38,31.26
2.58,1.18,7.27,31.25
1.28,-0.67,7.28,31.28
-4.98,-0.63,10.16,31.27
-4.17,-1.27,11.69,31.28
-1.78,-1.53,11.74,31.29
1.92,1.08,7.31,31.27
3.82,-0.74,8.21,31.27
-1.05,-1.75,9.61,31.22
-2.29,-1.22,11.08,31.27
-1.16,0.08,10.73,31.28
2.44,0.22,9.66,31.28
5.39,0.32,7.33,31.23
1.34,-1.15,8.84,31.26
-1.72,-1.5,11.77,31.27
2.15,-0.11,10.97,31.34
4.16,0.77,8.18,31.28
4.92,0.02,7.13,31.27
0.69,-0.48,6.67,31.25
-1.86,-1.17,11.09,31.26
0.74,-0.17,10.52,31.29
3.52,1.96,6.9,31.24
3.72,0.12,7.16,31.24
-1.08,-0.41,7.33,31.29
-3.96,-1.45,11.91,31.25
0.24,-1.51,11.17,31.29
1.78,1.98,8.02,31.27
2.49,1.06,6.08,31.28
-3.82,0.39,7.53,31.28
-4.89,0.13,10.41,31.25
0.56,-0.32,10.64,31.27
1.93,0.59,9.12,31.25
4.35,0.54,5.93,31.31
0.76,-0.22,6.87,31.25
-4.2,-1.02,10.25,31.29
0.56,0.06,10.76,31.28
6.68,-1.64,10.27,31.28
7.4,-0.93,8.15,31.25
4.04,-1.85,8.05,31.24
-0.48,-1.15,9.17,31.27
2.48,0.25,9.87,31.27
6.4,-1.37,10.91,31.25
7.0,-0.94,8.31,31.24
3.46,-0.56,7.52,31.33
1.8,-1.43,9.56,31.24
0.17,0.17,9.82,31.25
4.7,-0.63,9.9,31.26
7.63,-0.51,7.57,31.3
2.37,0.55,5.65,31.28
0.16,0.25,8.84,31.27
0.03,-0.99,10.87,31.3
3.62,1.46,8.85,31.27
5.76,-0.62,7.97,31.24
0.31,-0.27,7.72,31.28
-2.27,-0.99,10.07,31.23
-0.38,-0.88,11.25,31.28
3.0,0.35,9.01,31.29
4.06,-0.85,8.32,31.24
-0.51,-1.48,8.35,31.26
-2.71,-1.25,10.39,31.29
-1.99,-0.91,10.93,31.28
0.26,0.36,9.7,31.22
3.23,0.12,8.44,31.23
-0.48,-1.31,8.65,31.27
-3.07,-1.22,10.52,31.27
0.91,-0.56,10.89,31.25
3.01,1.3,8.84,31.25
5.06,-0.29,8.26,31.28
0.08,-0.53,7.73,31.25
-4.24,-2.61,11.65,31.26
-0.45,-1.72,12.05,31.27
2.83,-1.02,10.78,31.26
6.19,-1.47,8.36,31.25
2.51,-1.99,9.01,31.26
-1.46,-1.42,11.17,31.24
2.93,-0.3,11.09,31.24
5.19,0.52,9.13,31.22
5.1,0.58,7.15,31.28
-1.92,-1.17,8.2,31.22
-4.99,-1.11,11.2,31.28
1.67,-1.82,11.83,31.27
4.24,0.46,9.31,31.24
5.14,-0.32,7.42,31.27
-0.03,-0.83,7.5,31.26
-3.97,-0.98,10.97,31.24
1.74,-2.25,12.26,31.28
5.31,-0.25,9.59,31.28
6.29,-0.35,6.53,31.31
1.11,0.62,6.28,31.28
-3.37,1.58,8.75,31.29
1.37,-0.18,10.6,31.27
4.81,0.37,8.9,31.26
5.34,0.67,5.74,31.27
0.82,0.44,5.9,31.3
6.31,-0.13,7.44,31.27
4.8,-0.32,6.68,31.27
1.24,0.26,8.98,31.25
2.25,-0.68,10.85,31.23
6.92,-0.09,9.9,31.27
6.81,-0.09,6.99,31.28
2.7,-1.1,8.63,31.28
-1.65,-2.51,10.69,31.3
0.59,-1.02,11.23,31.29
5.4,-0.75,9.6,31.27
4.47,-0.51,8.24,31.25
1.33,-1.16,8.19,31.28
0.0,-1.4,9.12,31.27
-1.8,-1.62,11.45,31.25
3.04,-0.42,10.56,31.25
7.69,-0.89,8.67,31.29
2.74,-0.93,7.66,31.27
2.7,-0.23,8.19,31.28
3.22,-0.72,10.2,31.28
1.37,1.62,8.98,31.28
5.89,0.86,7.13,31.28
4.04,0.42,6.11,31.23
-1.33,-0.67,8.61,31.29
-1.86,0.59,9.66,31.24
0.6,0.17,10.99,31.24
3.14,-1.28,9.73,31.27
0.82,-0.13,6.78,31.27
-1.24,-0.49,8.85,31.28
-2.32,-0.9,10.65,31.27
0.8,-0.11,11.26,31.29
5.54,0.12,8.15,31.27
1.26,0.18,6.95,31.25
-1.54,-1.07,8.81,31.28
0.03,-1.34,10.89,31.27
1.53,-0.89,10.44,31.28
3.14,0.34,7.72,31.31
0.59,-0.66,7.55,31.27
-3.22,-0.39,9.09,31.27
-1.24,-0.01,10.68,31.24
0.23,1.07,10.14,31.32
2.03,0.65,8.47,31.27
-0.04,-0.24,7.45,31.25
-5.72,-0.42,9.5,31.27
-4.52,0.17,10.98,31.27
-0.37,1.52,10.21,31.23
3.17,-0.76,8.66,31.28
0.45,-0.97,7.96,31.31
-4.21,-1.1,9.91,31.26
-2.49,0.08,11.4,31.24
-0.04,0.03,11.6,31.29
3.06,-0.63,9.1,31.27
0.48,-0.79,8.54,31.27
-4.41,-1.96,11.06,31.24
-2.84,-0.9,12.04,31.26
0.45,0.58,10.78,31.27
2.19,-0.29,8.68,31.23
0.74,-0.33,7.98,31.21
-3.16,-1.6,10.64,31.26
-1.56,-0.8,11.49,31.26
5.72,-0.96,9.93,31.27
6.96,-1.57,8.39,31.28
1.01,-1.36,8.48,31.21
-2.85,-1.49,10.18,31.25
-0.64,-0.52,10.85,31.22
4.13,-1.67,10.48,31.24
6.31,0.16,7.44,31.26
2.07,-1.05,8.4,31.26
-1.97,-1.35,10.69,31.27
1.12,0.85,9.95,31.21
5.84,0.9,9.32,31.28
4.98,0.86,6.62,31.24
0.96,0.06,7.07,31.24
0.19,-0.35,10.4,31.27
-0.18,0.08,10.22,31.21
4.08,1.8,7.13,31.3
5.26,0.19,5.97,31.25
-4.2,-0.01,7.25,31.27
-4.7,-0.21,10.11,31.25
0.8,-0.67,11.32,31.25
0.78,1.83,7.52,31.26
3.49,0.1,6.82,31.28
-2.51,-0.92,7.77,31.27
-7.8,-0.89,11.08,31.3
0.65,-0.5,11.63,31.28
4.05,-0.28,9.96,31.26
3.39,1.05,5.92,31.27
-0.86,-0.26,8.22,31.29
-4.72,-1.42,11.54,31.28
-0.34,-0.31,11.31,31.26
4.34,-0.89,10.71,31.22
5.4,-1.17,7.39,31.25
-0.48,-1.44,9.09,31.28
-0.37,-1.32,11.25,31.28
0.76,-0.66,10.55,31.23
4.38,0.96,7.09,31.27
6.62,-1.14,7.19,31.25
-1.41,0.11,6.71,31.27
-2.6,0.27,9.35,31.25
5.57,-0.65,7.42,31.25
-0.72,-1.7,9.81,31.27
-0.17,-0.77,11.28,31.23
3.25,-0.95,10.72,31.29
5.29,-0.32,7.68,31.27
3.3,0.36,6.99,31.23
-0.51,-0.67,9.17,31.29
0.84,-0.61,10.51,31.28
2.65,-0.02,10.21,31.25
4.35,-0.01,6.92,31.29
1.73,-0.36,8.01,31.25
-3.38,-1.16,9.97,31.28
-0.87,-1.08,10.67,31.3
2.5,-1.19,11.9,31.3
5.92,-1.36,9.7,31.29
4.2,-1.21,8.15,31.27
1.83,-2.34,10.3,31.25
-0.59,-0.48,10.07,31.24
4.17,1.43,8.71,31.27
7.69,0.53,8.76,31.33
4.92,-0.46,7.34,31.25
2.96,-0.8,8.44,31.23
-0.14,-0.74,10.1,31.27
1.61,-0.35,10.98,31.28
5.56,0.1,8.67,31.27
4.8,0.64,6.0,31.24
0.72,-0.06,7.87,31.24
-2.43,0.0,9.51,31.25
1.46,0.58,10.05,31.24
3.98,1.74,8.29,31.26
2.18,0.15,6.85,31.26
-3.48,-0.9,8.95,31.28
-1.53,-0.66,10.36,31.27
1.37,0.51,9.88,31.31
3.0,0.04,9.17,31.29
1.84,-0.91,7.54,31.25
-2.32,-1.9,10.07,31.29
-3.02,-1.98,11.48,31.26
0.11,0.24,10.41,31.25
0.6,-2.32,9.12,31.27
1.65,-1.4,8.44,31.28
1.14,-1.76,10.07,31.25
2.22,-1.28,11.13,31.3
7.26,-1.4,10.02,31.29
6.97,-0.82,6.93,31.28
0.08,-0.62,7.87,31.28
-1.0,-0.75,10.18,31.27
3.96,-0.14,10.01,31.27
5.81,0.28,8.36,31.25
3.82,-0.15,7.66,31.27
-1.91,-0.94,8.69,31.25
-1.11,-0.66,10.39,31.27
0.1,-0.66,10.73,31.29
4.41,-0.28,9.02,31.27
5.67,-0.13,7.3,31.28
-2.88,-1.5,9.13,31.28
-3.39,-1.4,11.32,31.23
2.38,0.22,10.37,31.28
3.11,0.75,8.07,31.31
1.53,-0.35,7.69,31.26
-1.64,-1.39,9.46,31.23
-1.66,-1.59,10.98,31.26
-0.23,0.41,10.36,31.27
4.47,0.22,8.89,31.24
4.0,-0.79,7.99,31.25
-2.15,0.13,8.59,31.27
0.52,-1.06,10.75,31.27
1.58,0.56,10.36,31.26
5.87,1.17,7.34,31.26
4.37,-0.94,7.48,31.29
-1.87,-0.27,8.14,31.24
-0.77,-0.02,9.99,31.29
0.49,0.28,9.83,31.26
1.7,0.92,7.29,31.3
2.95,-0.09,6.45,31.24
-4.63,-0.19,8.77,31.27
-3.94,-0.68,11.32,31.24
3.4,0.22,9.32,31.28
4.18,-0.99,7.58,31.27
-0.86,-0.88,9.55,31.26
1.71,0.99,9.43,31.32
5.42,0.16,9.57,31.26
4.91,-0.86,7.88,31.25
3.61,-0.43,7.11,31.29
-2.3,0.16,8.4,31.27
-1.54,0.01,10.66,31.29
3.36,-0.92,10.06,31.26
3.53,-0.14,7.61,31.28
1.93,-0.46,6.84,31.28
-1.3,0.4,9.03,31.24
-0.26,-1.09,12.05,31.25
4.46,-1.62,10.92,31.26
5.49,-0.68,7.91,31.27
1.81,-0.43,7.42,31.27
-2.36,-1.03,9.67,31.31
-1.55,-0.84,11.2,31.28
2.6,-0.9,9.85,31.23
3.11,-0.23,7.15,31.25
0.81,-1.39,8.48,31.27
-1.29,-0.6,9.59,31.24
1.47,-0.69,11.36,31.27
5.11,-0.69,10.13,31.25
2.61,-0.5,8.02,31.24
0.41,-1.17,7.63,31.24
-3.77,-2.17,10.42,31.26
-1.39,-2.2,11.84,31.19
7.07,-1.89,10.57,31.28
5.44,-2.19,9.0,31.27
2.59,-1.06,8.51,31.29
-0.15,-1.72,10.37,31.29
0.0,-0.39,11.14,31.25
4.14,-0.72,9.83,31.23
5.74,-0.81,8.4,31.24
5.27,0.47,6.44,31.24
2.07,-1.1,8.96,31.27
0.43,-1.04,10.58,31.25
5.07,-1.06,10.4,31.24
7.18,-0.91,8.87,31.29
3.29,-0.7,7.51,31.24
-0.09,-1.46,9.53,31.29
-1.27,-1.59,10.79,31.26
1.61,-1.99,11.81,31.24
6.82,-1.44,9.13,31.25
3.54,-1.33,8.04,31.26
-1.08,-1.38,9.74,31.28
0.11,-1.94,12.13,31.27
3.78,-2.09,11.86,31.24
6.66,-1.78,10.06,31.28
2.4,-1.14,7.86,31.31
-0.41,-1.12,9.3,31.3
-0.19,-1.3,11.93,31.28
2.39,-0.64,10.52,31.27
4.92,-0.68,9.14,31.27
2.18,-1.63,8.7,31.26
-2.28,-3.24,11.07,31.29
0.12,-1.74,11.02,31.3
2.36,0.06,10.99,31.28
-1.1,-0.88,8.39,31.26
-5.73,-1.36,10.96,31.29
-0.33,-1.87,11.76,31.23
3.88,-0.04,10.02,31.26
7.58,-0.28,7.79,31.28
2.21,0.11,6.87,31.28
-2.98,-0.1,9.03,31.24
-0.37,-1.85,12.2,31.28
3.55,-0.73,9.79,31.27
5.2,0.17,6.59,31.22
3.44,-0.96,7.99,31.3
-2.55,-0.22,9.28,31.27
0.09,-0.18,10.38,31.26
4.84,0.61,8.57,31.27
4.96,0.03,6.63,31.27
2.07,-0.13,6.12,31.27
-4.65,0.06,8.44,31.3
-2.97,-0.3,11.22,31.29
2.39,1.8,8.35,31.25
4.11,0.14,6.05,31.24
-0.41,0.72,6.62,31.27
-6.18,-0.33,9.67,31.3
-1.85,-1.01,12.34,31.24
2.4,-0.44,9.86,31.23
2.82,-0.51,7.07,31.28
-0.6,0.37,7.03,31.26
-4.19,-0.86,9.83,31.24
-1.58,-0.6,11.67,31.25
1.69,-0.79,10.41,31.26
3.68,-0.36,7.27,31.27
2.84,-0.56,7.14,31.3
-0.76,-0.1,8.77,31.26
2.12,0.83,10.44,31.29
5.83,-0.95,9.07,31.27
3.38,-0.25,7.66,31.27
1.75,-1.45,8.16,31.23
-0.38,-1.61,10.05,31.27
-0.82,-1.4,11.95,31.24
4.02,-1.31,9.71,31.26
0.09,-0.51,10.82,31.27
0.78,-0.06,10.22,31.22
5.7,-1.5,8.91,31.26
0.92,-1.71,8.83,31.26
-2.9,-1.15,10.19,31.25
-0.25,-0.22,11.45,31.25
3.75,-1.06,11.14,31.28
5.25,-0.71,8.2,31.27
-0.34,-2.42,9.8,31.31
-2.8,-2.79,11.47,31.22
-0.51,-0.86,10.72,31.26
1.45,0.34,9.45,31.24
4.0,-1.02,8.18,31.27
0.03,-2.09,9.3,31.27
-3.95,-1.6,10.54,31.26
-0.18,-1.59,11.16,31.19
2.6,-0.04,9.55,31.28
4.79,-0.18,7.38,31.25
0.76,-1.63,9.57,31.26
-2.93,-2.32,11.68,31.22
0.02,-1.4,11.54,31.29
3.86,-0.69,10.46,31.24
5.34,-1.51,8.3,31.26
-1.06,-1.86,9.57,31.28
-4.12,-2.53,12.39,31.25
0.16,-1.28,11.82,31.29
4.91,0.29,8.77,31.25
5.35,-1.07,8.15,31.24
-2.07,-1.93,9.22,31.24
-2.17,-1.3,11.74,31.27
1.54,-1.32,10.99,31.26
3.65,0.46,8.57,31.29
4.3,-0.67,7.91,31.23
-1.78,-1.0,8.88,31.29
-3.2,-1.27,11.54,31.25
-0.12,-1.82,11.96,31.27
4.04,0.31,9.71,31.25
6.05,0.28,7.51,31.27
1.5,-1.11,8.3,31.27
4.0,0.19,9.12,31.26
5.44,-0.76,8.58,31.28
3.36,0.13,6.57,31.27
0.12,-0.62,8.39,31.24
-2.06,-1.17,10.89,31.28
2.64,-1.79,12.06,31.24
5.33,-1.34,8.96,31.24
3.47,-1.03,7.39,31.24
0.44,-1.15,9.47,31.26
0.36,-1.49,11.02,31.29
5.39,-0.17,11.02,31.22
6.69,-1.22,8.82,31.2
4.77,-0.64,6.74,31.28
1.99,-1.08,9.14,31.27
1.58,-1.46,11.3,31.23
4.51,-0.35,10.34,31.24
7.47,0.2,7.31,31.27
5.61,1.3,5.53,31.3
-0.72,-0.46,8.53,31.29
0.89,-0.05,10.09,31.29
8.61,-1.94,8.5,31.23
4.39,-2.23,9.45,31.25
1.79,-2.25,9.39,31.25
1.86,-1.21,9.92,31.3
3.01,-1.69,11.49,31.27
5.97,-1.0,9.9,31.28
6.39,-0.8,7.98,31.27
-1.13,-0.03,7.38,31.27
-1.01,-0.32,9.49,31.24
4.07,-0.41,10.7,31.32
6.5,-0.13,9.57,31.28
4.85,-0.04,7.85,31.29
1.58,-1.63,8.04,31.22
0.94,-0.63,10.0,31.24
3.85,0.29,10.52,31.31
6.15,-0.04,8.98,31.27
4.91,-0.57,8.24,31.23
-2.55,-1.3,8.94,31.27
-1.93,-0.13,9.54,31.31
3.11,0.29,7.83,31.24
2.94,0.53,7.01,31.25
-2.14,-0.43,8.03,31.27
-1.5,-1.29,11.16,31.27
0.94,-0.19,10.72,31.28
2.51,-0.12,7.86,31.25
3.66,-1.19,7.24,31.27
-2.4,-1.07,9.39,31.29
-1.56,-0.65,11.03,31.3
1.62,0.29,10.24,31.29
1.59,0.64,7.65,31.24
2.29,0.53,6.16,31.27
-2.0,-0.49,8.87,31.23
-2.52,-0.56,11.39,31.27
2.92,0.07,9.37,31.26
4.85,0.25,7.08,31.28
3.65,-0.06,6.4,31.25
-2.31,-0.92,9.25,31.25
-0.47,-0.89,11.68,31.22
5.61,-0.82,9.93,31.24
1.39,-0.79,11.73,31.25
2.6,-0.89,11.99,31.25
4.17,-1.05,9.04,31.27
1.21,-1.68,8.96,31.25
0.86,-0.38,9.58,31.31
1.01,-0.16,10.77,31.25
3.09,0.93,9.15,31.24
6.57,-0.88,8.27,31.22
0.4,-1.64,7.42,31.24
-3.96,-1.03,10.44,31.24
0.46,-1.1,10.91,31.26
2.81,0.92,9.11,31.27
5.4,-0.03,8.35,31.25
1.57,-0.11,7.64,31.25
-3.59,-0.84,9.79,31.25
0.32,-0.16,10.03,31.27
0.94,1.1,10.56,31.29
3.29,-1.03,8.29,31.2
0.74,-1.13,8.23,31.26
-3.56,-1.55,11.31,31.22
-0.89,-0.45,10.81,31.28
1.24,0.45,10.46,31.27
3.07,-0.65,8.33,31.27
-0.08,-0.48,7.25,31.26
-5.01,-1.19,10.76,31.21
-0.22,-0.99,12.11,31.26
3.54,-0.3,10.36,31.26
5.43,-0.79,7.92,31.27
0.53,-1.51,8.36,31.27
-2.16,-1.33,11.22,31.24
0.19,-2.0,12.48,31.29
4.71,0.39,9.24,31.27
6.59,0.42,6.45,31.25
2.28,-0.91,7.65,31.21
-0.62,0.05,9.72,31.27
3.37,-0.9,11.03,31.24
6.12,0.59,8.3,31.28
6.38,-0.01,6.08,31.32
5.29,0.32,5.29,31.23
-2.65,0.28,7.68,31.25
1.44,-0.69,10.35,31.22
2.4,0.53,9.2,31.22
2.83,0.55,7.7,31.27
2.88,0.25,6.47,31.25
-4.33,0.03,7.8,31.31
-3.64,-0.68,11.01,31.27
1.8,0.05,10.12,31.31
3.3,-0.81,8.37,31.24
3.35,-0.25,7.11,31.26
-2.68,-0.66,8.28,31.28
-3.07,-1.26,12.54,31.29
1.23,-1.19,10.88,31.23
4.51,0.05,7.5,31.24
3.75,-0.21,7.02,31.29
-1.6,-0.11,8.48,31.3
0.14,-0.38,11.45,31.27
2.13,-1.27,11.32,31.24
4.54,0.47,7.42,31.2
4.81,-0.98,11.2,31.27
4.2,0.56,8.09,31.28
4.43,-0.28,6.57,31.27
1.99,-0.08,7.89,31.24
-3.91,0.02,8.77,31.27
1.04,0.0,10.84,31.24
5.64,-1.02,9.77,31.24
6.04,0.4,6.71,31.25
2.63,-0.52,8.22,31.29
-2.74,-1.19,11.32,31.23
2.23,0.28,10.66,31.27
5.33,0.51,8.54,31.27
3.98,-0.42,7.71,31.31
-0.92,-1.31,8.49,31.28
-3.05,-1.19,10.34,31.23
0.15,-0.42,10.97,31.3
2.05,-0.38,9.14,31.24
3.7,-0.3,7.2,31.26
0.67,-0.55,7.58,31.28
-3.11,-1.5,10.64,31.29
-0.5,-1.15,11.44,31.3
4.32,-1.54,9.86,31.28
2.36,-1.12,7.51,31.26
-0.8,-1.01,8.34,31.26
-0.89,-1.79,10.96,31.27
1.81,-1.64,11.7,31.27
5.97,-1.19,9.6,31.22
5.34,-0.69,7.41,31.28
1.38,-1.45,8.81,31.28
1.77,-1.65,10.61,31.24
4.6,-1.18,11.83,31.28
6.98,-0.77,8.88,31.25
4.88,-0.43,7.89,31.26
1.45,-1.84,8.93,31.32
-0.47,-1.34,10.51,31.28
4.1,0.14,10.01,31.27
9.48,0.72,8.26,31.27
7.03,-0.31,6.63,31.31
2.41,-0.13,7.93,31.27
0.13,-1.84,10.92,31.26
1.08,-1.42,11.46,31.27
4.39,-0.24,9.07,31.26
4.02,-1.19,8.21,31.28
-1.08,-1.76,9.42,31.27
-0.28,-0.2,9.9,31.25
3.61,0.52,9.86,31.32
2.99,0.25,8.67,31.29
3.18,-0.49,6.7,31.26
0.88,-1.92,9.51,31.29
-2.06,-0.9,10.41,31.29
1.98,0.13,10.07,31.24
5.75,-1.23,9.78,31.25
6.04,-1.55,7.98,31.31
0.51,-1.61,9.3,31.27
-1.52,-0.98,10.44,31.27
0.94,0.63,10.4,31.31
3.57,0.61,8.29,31.22
3.18,-0.86,7.3,31.28
-3.88,-0.85,9.84,31.28
-2.92,-0.55,11.16,31.24
1.3,-0.45,11.16,31.24
2.34,-0.64,9.39,31.24
0.74,-0.31,7.3,31.27
-3.44,0.22,8.75,31.27
-3.53,-1.36,11.23,31.29
-0.75,0.76,10.34,31.26
3.76,-0.51,9.65,31.27
2.24,-1.3,8.3,31.23
-4.05,-1.61,9.03,31.26
-1.3,-1.62,12.11,31.25
1.82,-1.04,12.12,31.23
4.75,0.47,7.65,31.26
3.83,-0.17,6.66,31.21
-0.14,-0.45,8.25,31.22
0.21,-1.06,11.39,31.31
4.59,-0.59,10.62,31.27
4.59,0.26,7.54,31.26
3.5,0.37,6.85,31.27
-4.85,-1.07,9.39,31.3
-0.28,-0.74,9.63,31.26
0.45,0.5,9.61,31.26
2.98,-0.11,7.7,31.27
3.39,-0.62,7.66,31.27
-0.23,-0.86,8.33,31.25
-5.15,-1.33,10.4,31.23
-2.31,-1.8,12.6,31.24
2.89,-0.97,10.15,31.24
4.17,-0.93,7.32,31.3
-0.05,-0.23,7.34,31.28
0.41,-0.32,10.14,31.31
3.42,-0.17,10.55,31.26
6.35,0.28,8.24,31.3
6.62,-0.1,6.89,31.24
1.62,0.15,7.24,31.25
-2.82,0.01,9.4,31.23
2.11,0.45,9.86,31.28
5.93,0.57,8.22,31.2
5.07,0.71,5.88,31.26
1.59,-1.65,8.88,31.24
-1.0,-2.15,10.5,31.27
-2.51,-0.61,10.33,31.28
2.95,-0.04,10.34,31.26
5.34,-1.75,9.49,31.27
1.46,-2.73,8.81,31.28
-2.56,-2.26,10.69,31.26
-2.58,-0.98,11.19,31.27
0.18,1.45,9.75,31.27
4.44,0.77,8.24,31.22
2.77,-0.32,6.86,31.27
-4.27,1.28,8.31,31.29
-1.26,0.85,9.81,31.28
2.39,0.57,9.89,31.24
4.95,0.71,8.07,31.24
2.82,-0.66,7.63,31.24
-4.08,-1.05,9.96,31.25
-0.11,-1.81,11.77,31.24
3.33,-0.99,10.57,31.26
5.98,-0.14,7.54,31.27
4.06,0.13,6.17,31.27
-0.97,0.92,8.29,31.27
0.62,-0.3,9.96,31.25
2.89,2.02,7.76,31.25
5.26,-0.15,7.27,31.25
1.65,-0.26,6.17,31.24
-3.87,-0.25,8.59,31.28
-2.92,-0.71,11.58,31.24
2.07,-0.22,9.39,31.24
3.2,-0.56,7.03,31.24
0.92,0.53,6.63,31.29
-3.81,-0.24,8.4,31.24
-3.06,-0.0,11.3,31.27
3.57,-0.26,9.11,31.25
5.01,0.36,6.82,31.24
2.21,0.72,6.54,31.26
-4.1,-0.59,8.7,31.24
-2.48,0.69,10.57,31.24
3.2,-1.07,9.91,31.28
3.81,-0.17,6.86,31.29
3.25,-0.34,6.67,31.28
-2.53,-1.38,10.15,31.28
-1.83,-0.41,11.66,31.28
5.26,-1.43,10.09,31.27
6.69,-0.75,8.22,31.24
3.21,-1.95,8.28,31.25
0.1,-0.45,10.37,31.27
1.38,-0.88,11.68,31.24
4.63,-0.39,9.95,31.24
5.94,0.91,6.96,31.27
1.72,-1.06,8.38,31.24
-1.56,-0.72,10.34,31.22
-0.31,-1.89,11.45,31.24
3.51,-0.14,9.53,31.24
3.14,0.28,7.39,31.24
2.43,0.42,7.1,31.27
0.41,-0.25,10.37,31.25
2.43,-0.26,10.54,31.28
5.1,1.44,8.8,31.26
3.34,0.2,6.86,31.25
1.56,-0.09,8.02,31.23
-0.56,-0.5,9.56,31.2
1.29,-0.12,10.72,31.24
4.44,-0.46,10.05,31.24
2.16,0.13,7.26,31.27
-2.09,0.14,7.31,31.25
-3.34,-0.45,8.86,31.23
-1.1,0.4,10.56,31.27
5.22,-0.71,10.23,31.25
5.0,-2.01,8.4,31.29
-2.32,-1.21,8.38,31.3
-0.23,-1.91,10.63,31.21
3.76,-0.86,11.16,31.24
5.49,0.04,8.6,31.23
4.11,-0.39,7.6,31.28
-0.17,-1.71,9.01,31.26
-2.34,-1.8,10.24,31.23
0.63,0.52,10.66,31.3
3.9,-0.92,10.19,31.23
3.63,-0.49,8.73,31.27
1.33,-0.34,7.74,31.28
-1.62,-2.02,10.11,31.26
-1.0,-0.88,11.73,31.25
3.49,0.32,9.16,31.29
4.53,-0.7,8.87,31.27
0.43,-1.79,9.12,31.25
-3.41,-2.46,11.32,31.26
-0.07,-2.44,12.21,31.27
1.76,0.67,9.57,31.29
4.07,0.45,8.37,31.24
-0.34,-0.92,8.74,31.26
-5.01,-2.19,11.12,31.25
-0.88,-1.22,11.42,31.27
1.22,0.53,9.45,31.29
4.27,-0.01,8.3,31.32
3.33,-2.36,9.13,31.29
-2.09,-2.0,10.85,31.29
0.33,-0.09,10.22,31.25
0.51,-0.87,7.71,31.29
-1.4,-0.97,9.36,31.27
-0.88,-0.03,11.06,31.25
6.55,-1.1,10.74,31.27
7.76,-0.04,7.91,31.24
3.44,-0.13,7.07,31.26
-0.51,-0.16,9.0,31.25
-2.19,-1.16,11.27,31.24
2.6,-0.32,10.01,31.3
7.15,0.67,6.38,31.27
4.56,-1.37,8.07,31.22
-2.46,-2.03,10.52,31.28
0.9,-0.22,10.47,31.27
3.67,-1.23,10.41,31.28
3.51,-1.13,8.51,31.26
4.79,-1.89,8.11,31.25
0.26,-0.13,8.52,31.25
-0.61,-0.63,10.6,31.27
5.22,-0.08,10.34,31.29
6.12,-1.09,7.98,31.31
-1.24,-0.81,9.75,31.26
-1.2,-1.42,11.89,31.29
1.24,-0.82,11.14,31.23
5.27,-0.94,8.09,31.24
0.66,-1.09,7.54,31.25
-5.15,-1.6,10.34,31.26
0.05,-1.12,11.33,31.24
5.24,-0.89,10.05,31.27
5.17,0.06,7.15,31.24
2.68,-1.04,8.44,31.28
-0.95,-2.5,10.98,31.27
0.45,-0.89,10.74,31.27
3.65,-0.64,10.35,31.28
3.95,-0.29,8.28,31.28
-0.47,-1.85,9.34,31.23
-1.0,-1.82,10.98,31.26
1.11,-0.88,11.25,31.26
4.59,1.38,9.27,31.27
6.59,-0.21,7.65,31.28
2.32,0.06,7.52,31.26
1.93,-0.35,7.15,31.26
0.47,-0.9,9.22,31.27
-0.65,-0.64,10.91,31.27
3.02,-1.09,10.92,31.26
5.18,-1.41,9.02,31.29
1.66,0.21,6.86,31.27
-0.54,-1.79,9.98,31.28
-0.87,-3.04,13.11,31.28
4.09,-1.56,11.41,31.3
8.33,-0.88,8.98,31.25
3.99,-1.16,8.29,31.31
1.73,-1.03,9.44,31.28
3.2,-1.09,11.14,31.24
4.2,0.27,10.39,31.27
6.82,0.09,8.21,31.29
5.0,-0.81,7.62,31.25
-0.09,-1.5,9.2,31.26
0.99,-1.01,10.58,31.22
5.3,-0.5,10.24,31.24
7.05,0.0,8.01,31.26
2.96,-0.05,7.1,31.26
0.28,-0.73,9.4,31.22
0.84,0.04,10.47,31.24
4.47,0.84,9.33,31.26
5.29,0.34,8.49,31.24
1.91,0.17,6.6,31.26
-1.72,-1.03,10.16,31.27
0.17,-1.25,10.45,31.26
4.66,0.41,9.86,31.22
5.44,-0.33,8.24,31.25
0.47,-0.37,7.57,31.27
-1.53,-1.3,9.59,31.23
-0.38,-0.78,10.13,31.26
1.3,0.69,8.98,31.24
5.37,-0.13,7.69,31.23
2.92,-0.81,7.49,31.29
-1.44,-1.52,10.37,31.27
-0.06,-1.3,11.34,31.26
2.91,-0.82,11.43,31.24
5.43,-1.03,8.83,31.31
5.84,-0.92,7.62,31.26
0.75,-0.74,8.35,31.28
-2.66,-0.91,10.21,31.28
1.23,-0.4,11.11,31.24
3.43,-1.05,10.54,31.25
-0.55,-0.36,8.52,31.27
-0.76,-1.8,9.46,31.28
-2.29,-1.37,10.41,31.26
0.72,-0.33,11.25,31.29
5.7,-1.5,11.11,31.25
5.49,-1.61,8.47,31.27
-1.13,-0.04,8.08,31.27
-2.51,-1.65,11.16,31.29
-0.29,-0.0,11.17,31.25
3.87,0.51,8.59,31.28
3.72,-0.1,7.49,31.27
-2.51,0.08,8.12,31.3
-3.41,-0.55,10.46,31.24
2.58,-0.25,6.27,31.22
-3.09,0.28,8.95,31.27
-1.02,-1.34,11.93,31.28
4.23,1.32,7.97,31.27
6.11,-0.25,7.11,31.24
1.32,0.43,6.71,31.24
-0.43,0.82,8.04,31.24
1.87,0.18,10.12,31.26
3.7,1.86,7.36,31.26
3.17,0.05,6.88,31.25
-0.86,0.61,7.21,31.26
-4.98,-0.88,10.17,31.27
-0.43,-0.14,10.89,31.25
2.82,0.0,8.99,31.22
4.21,0.19,6.96,31.27
2.59,-0.43,6.46,31.24
0.52,0.65,8.73,31.27
1.2,-0.19,11.37,31.24
3.27,-1.22,9.19,31.27
4.11,-0.16,7.06,31.27
0.28,-1.1,8.23,31.25
-1.48,0.16,8.45,31.26
2.29,0.33,9.85,31.24
5.7,0.71,7.4,31.25
3.4,0.57,6.53,31.27
-0.03,-0.66,7.9,31.28
-2.15,-0.48,9.66,31.26
-0.89,-1.42,12.19,31.25
3.34,-1.77,10.61,31.29
4.9,-1.19,7.86,31.27
1.03,-1.71,9.38,31.26
0.08,-1.37,10.31,31.26
2.44,-1.73,12.64,31.23
5.62,-3.52,10.85,31.25
6.23,-2.0,8.95,31.26
4.37,-2.89,9.44,31.29
1.51,-0.52,10.17,31.25
3.8,-0.34,11.23,31.25
8.21,-0.15,8.73,31.21
2.08,0.42,9.75,31.28
1.35,0.78,6.3,31.22
-0.15,0.17,7.28,31.25
-3.9,0.04,9.61,31.25
-0.69,0.84,10.1,31.29
4.37,0.21,9.73,31.26
4.52,-0.15,7.28,31.23
3.06,-0.49,7.88,31.25
-1.17,-1.33,10.36,31.25
1.7,-1.06,12.19,31.25
5.12,-1.94,10.59,31.29
5.61,-0.88,8.26,31.24
2.74,-1.65,8.46,31.29
-3.33,-1.99,10.12,31.29
-0.26,-0.84,11.97,31.23
5.52,-2.06,10.05,31.24
5.99,-0.01,7.61,31.28
4.36,-2.03,8.41,31.24
1.09,-1.24,10.24,31.26
2.66,-1.1,11.57,31.25
7.19,0.33,8.69,31.32
7.97,-1.0,7.72,31.24
2.87,-2.03,8.68,31.3
-0.49,-2.09,10.8,31.27
2.17,-1.68,12.12,31.3
5.55,-0.8,9.94,31.29
7.0,-1.2,7.34,31.26
2.53,0.12,6.63,31.24
-0.74,0.23,8.95,31.27
2.99,1.01,9.2,31.26
5.74,1.26,7.79,31.3
5.31,0.88,6.04,31.22
1.28,-0.47,7.4,31.21
-2.44,-0.45,9.47,31.28
1.57,0.31,9.94,31.27
5.74,-1.24,9.65,31.25
5.26,-0.11,6.91,31.24
0.85,-1.58,9.23,31.24
-3.62,-1.75,10.78,31.27
2.67,-1.32,11.24,31.24
5.27,0.25,9.54,31.22
4.88,-0.93,7.18,31.25
1.47,-0.22,7.66,31.27
-2.65,-1.21,9.3,31.23
-0.44,-0.86,10.68,31.23
4.1,0.43,9.8,31.25
3.69,0.4,7.04,31.24
2.86,0.0,7.72,31.24
-0.17,-1.0,8.64,31.23
-0.18,-0.33,10.4,31.24
3.07,-0.34,11.67,31.23
6.83,-0.75,8.77,31.25
5.18,0.02,6.86,31.23
0.06,-1.33,9.24,31.21
-0.9,-1.49,11.48,31.31
2.14,-1.36,11.36,31.26
5.79,-0.75,8.75,31.26
3.14,-0.43,6.68,31.26
-0.3,-1.95,10.02,31.24
2.4,0.18,9.92,31.26
5.6,-1.13,10.72,31.23
3.69,-1.49,8.96,31.26
-0.9,-1.22,9.49,31.27
-0.67,-0.99,10.23,31.22
0.96,-0.35,11.31,31.28
5.32,0.8,8.94,31.24
8.28,-0.68,6.84,31.25
-1.56,0.19,8.0,31.23
-2.88,-0.14,9.44,31.23
0.67,0.05,11.0,31.19
2.82,0.5,8.75,31.22
4.35,-0.26,7.87,31.27
-0.11,-1.71,9.59,31.22
-3.03,-2.06,11.87,31.22
-0.23,-0.1,10.49,31.27
3.7,-0.31,9.92,31.27
3.33,-0.84,8.13,31.28
-2.47,-1.96,9.39,31.24
5.52,-0.15,9.45,31.26
4.68,0.59,7.74,31.29
4.34,0.61,6.23,31.27
-1.21,-0.69,7.82,31.24
-3.26,-0.62,10.85,31.26
1.66,0.73,9.76,31.23
4.39,1.13,8.06,31.23
4.13,-0.63,7.06,31.26
-3.59,-1.35,8.65,31.23
-5.66,-0.57,11.48,31.22
0.83,-0.31,11.06,31.22
2.57,0.89,8.15,31.29
2.94,0.52,6.71,31.29
-2.93,-1.1,8.54,31.27
-1.65,0.27,10.85,31.25
2.21,-0.35,10.27,31.23
3.13,0.61,7.58,31.24
2.26,0.06,7.17,31.28
-2.59,-0.17,8.23,31.23
-0.9,-0.48,11.2,31.26
1.89,-1.39,10.92,31.24
4.5,0.64,7.87,31.25
6.08,-0.11,6.6,31.26
-2.31,-0.41,8.48,31.25
-3.34,-0.19,10.35,31.26
1.55,-1.01,11.29,31.24
3.76,0.4,8.11,31.27
1.49,-0.75,7.18,31.26
-3.07,-0.08,8.95,31.26
-1.15,-0.3,10.0,31.26
3.14,-0.43,10.78,31.24
6.32,0.45,7.49,31.3
4.08,-1.17,6.95,31.24
-4.21,-0.49,9.26,31.27
-2.87,-0.78,11.16,31.28
3.11,-1.5,11.16,31.28
4.67,0.03,8.04,31.26
4.15,-0.88,7.78,31.25
-0.52,-1.13,9.29,31.23
2.11,-1.46,8.79,31.26
-1.58,-2.13,10.44,31.25
-0.15,-2.13,11.86,31.27
2.52,-0.63,10.94,31.22
5.86,-1.28,10.17,31.25
3.89,-1.75,8.81,31.24
-2.43,-1.38,9.46,31.29
-0.01,-0.87,11.43,31.3
3.06,0.25,10.24,31.27
6.49,1.5,7.36,31.28
2.76,-0.22,7.1,31.26
-4.07,0.26,8.93,31.24
-1.39,-0.63,11.72,31.24
0.29,0.97,10.12,31.27
3.05,0.68,8.79,31.28
2.56,-1.12,8.18,31.26
-3.02,-1.5,10.55,31.23
-2.19,-1.47,10.87,31.28
1.57,0.13,10.28,31.22
2.28,-0.33,8.96,31.28
0.79,-1.19,8.23,31.29
-0.9,-1.82,9.23,31.27
-3.33,-1.84,10.53,31.24
-0.01,1.12,8.78,31.28
5.31,1.2,7.35,31.27
6.28,-0.3,7.99,31.24
1.46,-0.02,6.54,31.23
-2.65,-0.29,10.19,31.27
-1.36,-0.27,10.98,31.29
2.34,0.96,9.08,31.25
5.41,-1.33,8.75,31.25
0.34,-1.32,8.41,31.28
-0.96,-1.82,11.41,31.25
1.42,-1.47,11.74,31.25
3.13,0.43,8.95,31.26
4.63,0.13,7.26,31.25
1.01,-0.05,7.14,31.26
-3.6,-0.38,11.18,31.24
1.43,-0.93,11.01,31.29
1.97,0.96,5.81,31.26
-0.43,-0.4,8.09,31.22
-3.51,-1.38,10.89,31.25
1.5,-0.6,11.06,31.25
3.14,-0.29,8.85,31.27
2.54,-0.61,7.42,31.21
-1.94,-1.22,8.46,31.25
-2.37,-0.9,10.56,31.27
1.14,-0.34,10.16,31.26
3.55,0.51,8.81,31.26
4.19,-0.06,6.83,31.24
-1.27,-0.34,8.09,31.23
-2.76,-0.35,10.05,31.26
3.09,0.0,10.6,31.29
5.83,-0.04,8.19,31.24
6.94,-0.43,7.04,31.25
2.14,-0.2,7.44,31.25
-1.58,-0.34,9.92,31.26
3.05,-0.29,10.89,31.26
6.24,0.38,7.24,31.22
5.94,-1.12,7.03,31.26
-1.25,-0.86,7.83,31.26
-3.03,1.06,8.63,31.26
4.19,-0.84,11.76,31.27
5.23,-0.75,8.9,31.25
5.08,-0.47,6.26,31.24
2.61,-0.46,8.19,31.27
0.37,0.1,9.55,31.27
2.78,0.1,10.82,31.24
4.33,-0.31,8.21,31.23
4.59,0.23,6.16,31.21
0.74,-0.99,8.84,31.24
-0.91,-0.67,10.31,31.25
1.45,-0.4,10.59,31.26
2.62,-0.23,8.01,31.29
1.44,-0.52,7.6,31.24
-1.5,-1.49,8.8,31.24
0.24,-1.14,10.39,31.26
3.15,-1.37,11.66,31.27
6.5,-1.81,9.2,31.26
5.68,-0.67,7.42,31.25
0.59,-0.08,7.6,31.27
0.19,-0.11,9.83,31.23
3.65,-0.22,10.72,31.22
8.06,-0.69,8.17,31.24
3.65,0.41,7.34,31.25
-0.11,-1.13,9.13,31.29
1.14,-1.11,11.11,31.24
2.73,-0.54,11.33,31.26
8.18,0.31,7.81,31.26
4.1,0.39,7.04,31.21
-2.43,-2.31,10.38,31.22
-0.52,-1.12,10.76,31.27
2.69,-0.77,10.83,31.26
4.26,-0.71,9.43,31.2
2.53,-1.86,8.13,31.23
-0.3,-2.98,10.17,31.27
-2.36,-1.5,11.07,31.29
1.89,-0.7,11.12,31.24
2.59,-1.83,9.77,31.27
0.63,-1.52,7.74,31.3
-0.78,-1.47,9.92,31.23
-2.48,-0.52,10.35,31.27
1.45,1.77,8.49,31.25
6.56,0.73,7.92,31.2
1.98,0.14,6.78,31.24
-5.16,-0.47,9.54,31.26
-3.73,-0.82,11.28,31.23
-0.07,0.56,11.3,31.26
3.5,-0.7,9.14,31.26
0.21,-1.03,8.1,31.25
-4.99,-2.19,11.36,31.28
-2.6,-1.68,12.73,31.29
0.74,0.35,10.57,31.26
4.39,-0.47,8.5,31.25
0.83,-1.24,8.5,31.27
-3.37,-0.46,9.9,31.25
0.95,-0.51,11.12,31.27
2.16,0.6,10.08,31.28
3.31,-0.11,8.05,31.22
1.45,0.0,7.29,31.26
-4.88,-1.33,10.24,31.26
-5.43,-1.23,11.15,31.26
2.81,-0.12,9.91,31.27
4.23,0.77,7.07,31.28
0.8,-0.68,7.0,31.24
-2.79,-1.36,10.5,31.25
-1.84,-1.44,11.41,31.24
-0.24,0.38,10.58,31.24
1.89,0.75,7.72,31.25
2.47,0.81,6.39,31.3
-3.42,0.09,7.38,31.25
-4.6,-0.12,10.39,31.25
-0.57,-0.95,10.99,31.25
0.53,-0.46,9.68,31.23
1.71,-0.21,6.85,31.31
-3.26,-0.23,8.24,31.21
-3.03,-0.24,10.76,31.29
0.99,-0.1,7.54,31.29
1.94,-0.32,9.99,31.27
3.0,-0.04,10.67,31.26
5.63,-0.48,9.28,31.22
3.69,-1.15,8.08,31.27
-1.79,-0.49,8.0,31.24
-2.47,-0.46,9.78,31.26
1.71,0.27,10.11,31.22
4.48,0.24,8.83,31.23
2.04,-0.06,6.81,31.24
-2.84,-0.36,8.56,31.27
-1.51,-0.27,9.93,31.26
0.76,1.31,9.5,31.23
4.2,0.1,9.0,31.24
2.79,-1.36,8.48,31.27
-3.8,-0.79,8.89,31.27
-2.89,-1.23,10.86,31.2
0.36,-0.08,11.25,31.27
4.48,-0.07,8.92,31.26
3.73,-0.83,7.56,31.28
-2.93,-1.12,11.25,31.24
-1.45,-0.22,11.15,31.25
2.48,0.65,9.24,31.27
3.76,0.55,6.67,31.24
-1.71,-0.31,7.82,31.26
-3.86,-1.13,11.4,31.27
0.25,-1.21,11.11,31.25
1.09,0.39,9.82,31.26
3.33,0.22,7.1,31.24
-1.18,-0.5,7.6,31.27
-4.42,-0.77,11.28,31.25
0.99,-1.62,11.96,31.21
4.3,-0.81,9.62,31.22
4.81,0.27,6.92,31.24
0.47,-0.95,8.64,31.24
-3.62,-0.96,10.8,31.22
0.31,0.19,10.33,31.25
4.26,0.71,8.24,31.23
3.83,-0.58,7.43,31.24
3.89,-2.11,8.37,31.24
4.05,-0.73,7.34,31.29
-0.5,-1.64,9.84,31.25
0.32,-0.69,10.16,31.26
3.73,-1.49,12.06,31.26
5.61,-1.27,8.73,31.25
2.84,-1.12,7.69,31.24
0.2,-1.17,9.78,31.22
-1.07,-1.43,10.82,31.23
4.25,-1.47,11.53,31.24
7.85,-1.17,8.65,31.27
2.47,-0.25,7.66,31.24
-0.01,-1.73,9.9,31.28
0.12,-0.67,10.22,31.26
2.69,0.25,10.11,31.21
6.2,-1.19,9.09,31.27
1.87,-1.74,8.33,31.27
-2.84,-0.11,8.92,31.26
-1.4,0.52,11.17,31.29
0.65,0.71,10.6,31.26
6.45,-0.24,8.25,31.25
3.13,-0.95,8.03,31.27
-4.68,-1.52,10.98,31.3
-1.93,-0.59,11.36,31.24
2.82,-0.99,10.25,31.28
3.45,-0.06,7.96,31.3
-0.14,0.17,6.82,31.26
-4.07,-1.56,10.95,31.26
-2.84,-1.49,11.59,31.24
2.03,0.39,10.59,31.31
3.32,0.39,7.55,31.24
-1.37,-1.34,7.94,31.23
-3.97,-1.15,10.52,31.24
0.73,-0.47,11.22,31.26
4.77,0.17,8.62,31.24
5.07,0.83,6.5,31.26
1.34,-0.2,5.84,31.27
-3.56,0.59,9.31,31.28
-0.52,-1.17,12.43,31.25
-0.46,-0.95,9.97,31.3
2.22,-1.36,11.37,31.19
5.92,-1.19,10.73,31.26
7.12,-1.11,8.57,31.24
1.9,-1.96,9.47,31.24
-0.34,-2.39,11.1,31.24
1.96,-1.73,10.49,31.27
5.15,-1.3,11.44,31.24
9.02,-0.07,8.46,31.24
4.36,-0.63,7.49,31.21
-0.12,-1.36,8.87,31.25
0.59,-0.74,9.8,31.28
2.54,-0.96,11.42,31.25
5.71,-0.9,9.19,31.23
3.43,-1.4,8.43,31.2
-0.27,-1.29,8.79,31.22
-1.2,-1.36,11.69,31.23
2.57,-1.27,11.43,31.23
7.24,0.11,8.19,31.24
3.97,-0.72,7.98,31.26
-1.22,-1.03,9.48,31.25
-1.39,-0.24,10.83,31.24
0.61,-0.18,11.58,31.25
5.0,-0.39,9.44,31.24
3.37,-0.53,7.72,31.23
-3.85,-0.17,9.21,31.27
-2.57,-0.86,11.61,31.27
2.15,-0.25,11.78,31.22
5.07,0.18,8.25,31.29
1.18,-0.99,7.88,31.3
-2.91,-1.2,9.93,31.24
0.35,-1.36,11.1,31.26
0.54,0.4,10.03,31.22
3.33,0.51,8.09,31.25
3.29,-1.38,8.6,31.26
-4.75,-1.68,10.65,31.24
-2.16,-0.13,10.41,31.24
2.78,0.27,9.74,31.26
3.32,0.35,8.2,31.25
-0.28,0.26,11.08,31.27
3.96,-0.74,10.87,31.24
6.0,0.61,7.85,31.26
3.91,-0.25,6.57,31.27
0.99,-0.31,8.41,31.29
0.72,-0.5,10.4,31.28
2.91,-0.77,10.88,31.29
4.05,0.29,7.62,31.27
5.47,-1.03,7.91,31.24
-0.27,-1.42,9.87,31.25
-0.83,-0.38,10.81,31.29
6.03,-1.27,11.51,31.22
7.4,-0.31,7.9,31.24
4.13,0.6,6.77,31.24
1.23,-1.24,9.22,31.24
-0.34,-0.65,10.63,31.27
1.65,-1.3,11.09,31.28
4.14,-1.39,8.79,31.26
3.8,0.24,7.21,31.24
-0.48,0.14,7.92,31.26
1.03,-2.26,8.65,31.26
-2.03,-0.92,9.6,31.21
1.39,-1.41,11.93,31.31
3.78,-0.61,10.23,31.28
6.17,-0.35,7.87,31.24
0.82,-0.93,8.05,31.22
-2.95,-2.14,10.88,31.24
-1.84,-0.25,9.9,31.26
2.6,0.34,10.18,31.27
4.69,-0.85,8.77,31.24
0.02,-1.26,8.05,31.25
-3.51,-0.6,10.28,31.23
-1.95,0.36,10.67,31.24
-0.09,1.13,7.79,31.25
3.7,-0.39,7.91,31.27
-0.12,-1.61,8.58,31.26
-2.63,-0.94,10.36,31.27
-0.49,-1.6,11.97,31.22
2.99,0.28,9.7,31.22
6.14,-0.91,7.63,31.28
0.42,-1.42,8.4,31.2
-1.92,-1.52,10.9,31.26
0.83,-1.0,11.02,31.28
2.62,0.24,9.54,31.29
3.18,0.19,6.92,31.23
-0.82,-0.88,7.92,31.25
-2.31,-2.13,11.65,31.28
1.51,-0.64,11.11,31.26
4.03,-0.16,9.4,31.26
4.51,-0.99,7.79,31.26
-1.85,-1.31,8.25,31.24
-3.63,-1.34,10.74,31.26
-0.98,-0.87,10.98,31.24
3.37,0.88,7.72,31.22
6.11,0.06,7.0,31.26
0.18,0.19,6.51,31.24
-3.62,0.74,8.36,31.29
-0.04,-0.27,10.94,31.22
3.53,0.15,9.3,31.27
3.76,-0.02,6.23,31.25
-0.18,0.02,6.54,31.24
-5.2,-0.29,10.71,31.25
1.33,-0.35,10.28,31.22
4.87,0.11,8.47,31.23
2.34,0.09,6.96,31.25
1.04,0.31,7.06,31.23
-2.72,-1.24,10.5,31.26
-1.24,-0.42,11.11,31.27
3.69,-0.89,9.34,31.25
3.18,-0.8,8.69,31.21
2.86,-0.18,6.82,31.25
-2.47,-0.87,9.01,31.29
-2.45,-0.65,10.95,31.22
0.81,-0.22,10.01,31.28
2.15,0.81,6.95,31.2
1.27,0.14,6.21,31.24
-2.16,0.13,8.1,31.25
-0.64,0.17,10.58,31.22
5.06,-1.1,7.26,31.28
5.73,-0.91,7.33,31.28
-1.05,-1.29,8.67,31.26
0.16,-0.51,11.36,31.23
5.89,-0.94,10.52,31.26
6.14,0.16,7.82,31.29
3.9,-0.15,6.42,31.27
-1.84,0.34,8.04,31.26
-1.19,-0.29,11.35,31.3
1.93,-0.42,10.09,31.29
5.32,1.26,7.08,31.28
3.45,-0.33,6.99,31.26
-3.2,-0.27,8.03,31.24
-1.26,-0.04,10.17,31.27
3.18,-1.25,10.71,31.27
4.24,0.38,7.38,31.25
4.88,-0.29,6.44,31.23
-0.24,-0.68,9.31,31.24
-1.15,-1.27,11.21,31.27
4.61,-0.43,10.03,31.27
5.22,-0.17,7.27,31.26
1.71,0.02,6.85,31.25
-2.57,-0.65,9.01,31.25
-1.06,-1.41,11.22,31.27
2.38,-0.29,9.67,31.23
3.72,-0.02,7.51,31.29
2.23,-0.35,7.26,31.24
-0.86,-1.42,9.71,31.24
-1.09,-1.78,11.8,31.31
4.15,-0.42,10.7,31.24
7.04,-2.06,8.46,31.21
2.93,-0.45,8.04,31.25
-0.22,-1.88,10.05,31.26
0.2,-1.01,11.47,31.26
2.79,1.13,9.11,31.31
3.67,-0.0,7.35,31.24
0.58,-1.42,8.56,31.25
-1.44,-1.96,10.28,31.25
1.98,-0.97,10.74,31.26
4.26,-0.98,10.78,31.22
4.24,-1.06,8.58,31.27
4.04,-2.54,9.35,31.25
0.89,-2.0,9.88,31.23
2.47,-0.82,10.78,31.28
6.43,-2.85,11.48,31.23
7.93,-0.82,8.34,31.26
2.97,-1.13,8.24,31.25
-0.03,-1.02,9.51,31.24
0.02,-0.23,10.63,31.23
3.64,-0.26,9.36,31.27
5.79,0.2,7.17,31.29
-0.15,-1.08,8.37,31.26
-3.66,-1.0,10.47,31.25
1.72,-0.38,10.61,31.28
5.76,-0.44,9.96,31.26
6.81,0.15,6.85,31.3
3.34,-0.85,7.74,31.25
0.79,-1.39,10.48,31.26
0.72,-1.07,10.96,31.25
-0.67,-0.79,7.65,31.28
-2.81,-1.11,11.27,31.27
-0.06,0.05,10.92,31.26
4.37,0.28,8.65,31.26
3.05,-0.25,6.87,31.26
-2.35,-0.56,7.89,31.28
-1.14,-0.65,11.13,31.32
2.95,-0.12,10.74,31.26
4.53,0.24,8.4,31.26
4.77,-1.04,7.5,31.26
-1.14,-0.25,7.24,31.26
-3.28,-0.23,10.07,31.26
-0.3,-0.67,11.23,31.23
4.29,0.91,7.46,31.27
5.98,-1.45,7.0,31.24
-1.78,-0.66,8.47,31.23
-1.76,0.16,10.03,31.27
1.83,-1.58,10.69,31.27
3.28,-0.23,8.27,31.26
-5.91,-1.53,10.08,31.24
-2.23,-0.65,12.2,31.24
5.45,0.87,8.96,31.26
3.8,0.4,6.42,31.26
-1.41,0.34,6.87,31.31
-2.46,-1.26,8.08,31.26
-3.76,-1.5,11.63,31.28
0.05,-0.85,11.93,31.29
4.62,0.09,8.44,31.27
3.56,0.23,6.43,31.26
-3.51,-1.26,8.9,31.3
-4.32,-1.23,11.15,31.24
0.87,-1.37,11.44,31.22
2.7,-0.03,8.34,31.24
3.5,-1.0,7.56,31.23
-0.28,-1.54,9.06,31.27
-3.09,-0.18,10.1,31.27
0.41,-0.29,11.07,31.24
4.26,-0.05,8.52,31.24
3.73,-0.21,6.76,31.24
1.93,0.03,8.16,31.28
-1.74,-0.6,10.62,31.25
1.55,-0.52,10.5,31.22
3.71,-1.36,9.14,31.27
3.17,-0.05,6.68,31.26
0.76,-0.61,8.76,31.25
0.44,-1.23,11.33,31.25
4.31,-1.24,11.28,31.22
5.67,-0.66,8.69,31.23
5.45,-0.18,6.78,31.25
1.07,-0.33,8.26,31.28
-0.86,-2.11,11.17,31.23
3.1,-0.61,11.17,31.24
6.26,-0.24,8.71,31.24
3.11,-0.53,7.23,31.26
-0.03,-1.33,9.39,31.29
-0.07,-1.09,10.55,31.23
3.06,-1.01,11.26,31.27
6.43,-1.63,8.94,31.27
2.55,-0.0,6.67,31.28
-1.11,0.26,8.05,31.28
0.11,-0.82,9.62,31.27
2.8,0.72,10.53,31.24
4.84,0.5,8.19,31.26
2.91,-0.34,7.11,31.28
-1.06,-0.24,8.33,31.24
-2.24,-0.97,10.76,31.27
-0.3,-0.58,11.64,31.26
3.35,-2.0,10.07,31.22
2.0,-1.01,7.6,31.24
-1.23,-1.92,9.37,31.24
0.02,-1.39,11.08,31.25
1.54,-0.85,11.39,31.29
4.95,-0.61,8.54,31.27
4.3,-0.17,7.42,31.27
-1.1,-1.99,9.73,31.22
-1.7,-1.17,10.82,31.25
0.23,-1.65,11.8,31.27
3.27,-1.09,8.46,31.27
2.29,-1.36,8.32,31.23
-0.11,-2.67,10.41,31.24
-0.43,-1.26,10.64,31.27
1.07,-0.17,10.62,31.27
4.73,-1.26,9.24,31.24
1.01,-2.4,8.91,31.32
-2.31,-2.56,9.77,31.24
-1.57,-1.25,11.29,31.24
0.88,-0.84,11.93,31.29
5.92,-1.42,9.66,31.26
4.46,-1.16,7.91,31.23
-0.53,-1.02,9.38,31.28
-2.47,-0.25,10.41,31.27
-0.08,-0.03,10.16,31.26
3.47,-0.85,8.88,31.28
3.46,-1.98,9.5,31.29
0.88,-2.46,10.42,31.25
0.3,-1.37,11.91,31.27
3.56,-0.87,10.81,31.25
-4.74,-0.53,9.59,31.24
-4.84,-0.11,11.33,31.29
-1.77,0.14,10.69,31.2
1.12,0.47,8.01,31.26
2.93,0.14,6.63,31.29
-3.79,-0.6,8.67,31.29
-3.34,-1.05,11.49,31.27
-0.45,-1.39,10.97,31.27
2.8,-0.46,8.64,31.25
1.86,0.14,6.63,31.29
-3.29,-0.13,8.46,31.23
-3.22,0.26,11.11,31.3
0.59,-0.74,10.71,31.29
3.04,-0.81,9.44,31.27
3.17,-0.48,7.4,31.28
-0.02,-1.44,9.16,31.23
-0.74,-0.7,10.93,31.29
4.05,0.38,9.42,31.25
3.15,-0.49,8.46,31.28
1.15,-0.3,6.65,31.29
-1.05,-0.13,7.6,31.29
-0.09,-0.55,10.66,31.27
3.15,0.34,9.44,31.2
4.69,0.56,6.94,31.24
3.04,-0.43,7.04,31.24
0.12,-0.17,8.78,31.28
2.94,-0.27,9.99,31.29
4.64,-1.13,10.75,31.32
4.48,-0.76,8.82,31.25
6.48,-1.89,8.97,31.21
3.77,-1.78,8.74,31.28
1.78,-0.04,9.66,31.28
3.51,-1.34,12.28,31.23
5.93,-1.61,10.01,31.28
7.02,-0.31,7.44,31.24
3.68,-0.89,8.15,31.28
-1.11,-1.24,10.46,31.2
2.83,-0.58,11.06,31.29
8.93,-0.66,9.17,31.27
5.63,-0.27,7.39,31.22
0.83,-1.04,8.83,31.25
0.51,-0.23,9.5,31.3
1.73,-0.26,10.81,31.25
6.76,-0.34,8.98,31.27
6.63,-0.33,6.6,31.27
1.28,-0.62,7.14,31.29
-1.79,-0.19,10.02,31.28
2.96,-0.77,11.21,31.26
5.97,0.69,8.44,31.26
3.26,0.03,6.72,31.26
-1.54,-0.13,8.58,31.29
-1.97,-1.35,10.85,31.24
4.19,-0.36,10.3,31.27
7.73,-0.01,9.02,31.25
3.48,-0.28,7.0,31.26
-0.49,-0.91,8.58,31.27
-2.22,-1.72,10.61,31.3
0.46,0.84,10.77,31.24
5.42,-0.55,9.6,31.25
3.42,-0.95,8.5,31.29
0.77,-1.98,10.17,31.24
0.91,-1.27,10.52,31.26
1.45,0.17,11.15,31.3
5.67,-2.01,10.61,31.24
5.26,-3.0,9.47,31.29
-0.45,-2.21,9.93,31.23
-0.04,-0.8,10.41,31.29
2.99,-0.12,10.36,31.26
5.59,0.74,8.66,31.27
5.99,-0.42,7.43,31.3
-0.55,-1.22,9.39,31.26
-1.29,-0.88,11.15,31.26
3.28,-0.15,9.87,31.24
5.42,-0.04,9.26,31.27
3.11,-1.57,7.69,31.24
-2.21,-0.97,8.94,31.28
-1.06,-1.45,11.16,31.28
1.6,0.3,9.89,31.2
4.99,-0.02,8.32,31.27
5.04,-1.1,7.69,31.26
1.51,-1.7,9.64,31.33
0.5,-1.92,11.65,31.23
3.14,-0.85,11.24,31.24
7.92,-0.42,9.16,31.27
4.98,-1.24,8.51,31.27
-2.62,-1.1,8.97,31.26
0.53,-1.26,11.33,31.28
2.47,-1.3,12.08,31.28
4.82,0.39,8.47,31.28
5.57,-0.15,7.07,31.24
-1.43,-0.95,9.36,31.25
-1.07,-1.02,10.32,31.24
1.47,0.01,9.97,31.25
4.39,0.61,8.32,31.24
2.83,0.23,7.85,31.28
-2.96,-1.16,9.27,31.26
-1.68,-1.37,11.09,31.3
1.01,0.73,10.3,31.24
4.55,-0.37,8.16,31.22
4.22,-0.96,7.73,31.22
-1.71,-1.69,9.62,31.27
-3.62,-1.73,10.83,31.3
-1.06,-0.26,11.49,31.31
2.73,-1.64,10.58,31.27
4.34,0.02,7.17,31.29
-1.51,-1.07,8.66,31.26
-2.94,-1.75,11.75,31.25
1.3,0.4,10.14,31.26
6.25,0.31,8.73,31.23
2.54,-0.96,7.95,31.24
-1.98,-1.82,9.72,31.27
0.08,-2.5,12.05,31.25
1.37,0.25,10.05,31.24
3.82,0.8,7.95,31.22
3.39,-0.84,7.81,31.24
-2.09,-0.7,9.09,31.24
-0.44,-1.69,11.59,31.3
1.76,-0.13,10.56,31.29
4.96,-0.33,8.44,31.27
4.21,-0.75,7.06,31.25
-2.28,-0.63,8.36,31.28
-1.78,-0.92,11.51,31.22
1.94,-1.38,11.39,31.26
5.65,0.61,7.88,31.26
5.2,-0.09,6.44,31.29
-2.92,-1.56,9.17,31.24
-4.45,-0.51,10.34,31.25
2.35,-1.15,10.97,31.3
2.51,1.16,8.76,31.24
5.91,0.31,5.96,31.23
-0.87,-0.16,7.79,31.27
-2.07,-0.11,9.47,31.22
5.44,-0.73,10.11,31.25
4.64,1.32,7.63,31.29
4.34,-0.23,6.42,31.26
-0.25,-0.43,7.13,31.2
-2.94,0.65,8.18,31.29
-1.27,-2.34,11.8,31.25
0.51,-0.7,10.69,31.23
5.88,-1.59,11.01,31.27
4.63,-1.46,8.44,31.27
1.78,-0.17,7.86,31.27
2.14,-1.7,10.61,31.26
1.7,-0.18,10.45,31.27
5.3,-0.14,9.23,31.23
6.35,-0.3,7.83,31.26
-1.33,-0.33,8.17,31.29
-0.88,-0.7,10.24,31.25
1.14,-0.85,11.15,31.29
1.95,0.44,9.27,31.26
3.89,0.22,8.1,31.23
-2.7,-2.22,10.25,31.24
-5.76,-2.38,12.23,31.25
-2.62,-0.73,11.78,31.28
1.13,-0.58,12.31,31.25
2.81,-1.22,8.14,31.22
-2.15,-1.04,9.06,31.21
-3.37,-2.01,11.5,31.23
-0.68,0.04,11.39,31.23
3.84,-0.33,9.39,31.24
6.44,-0.68,7.78,31.23
0.17,-2.13,8.57,31.24
-1.65,-0.52,10.47,31.28
2.08,-0.28,10.33,31.29
3.38,0.51,8.03,31.27
2.29,-0.7,7.82,31.29
-4.14,-1.91,8.99,31.23
-4.06,-0.83,11.35,31.24
2.43,-0.02,10.45,31.25
4.85,0.82,7.96,31.28
3.73,0.31,6.89,31.26
-2.43,-0.69,7.96,31.26
-4.8,-1.52,11.82,31.24
-0.17,-0.48,11.15,31.27
1.87,0.67,8.36,31.26
2.25,0.34,6.35,31.26
-0.38,-2.55,9.33,31.26
-3.56,-1.61,11.59,31.28
-0.65,-0.79,11.47,31.25
2.63,0.06,9.9,31.26
4.26,-0.22,7.42,31.28
-2.1,-0.68,8.26,31.23
-3.95,-1.85,12.33,31.24
1.22,-0.74,11.55,31.25
3.15,0.31,8.71,31.29
4.08,-0.38,7.74,31.25
-0.78,-1.95,8.93,31.24
-1.12,-0.89,10.67,31.24
2.34,-1.04,11.3,31.24
2.77,0.73,8.85,31.27
5.13,0.16,7.2,31.24
-0.23,-0.15,7.53,31.25
-3.01,-0.2,10.07,31.25
2.55,-0.28,10.65,31.25
5.35,0.08,7.85,31.24
4.69,-0.58,6.73,31.28
1.07,-1.19,11.84,31.24
6.01,-0.83,9.01,31.27
6.13,-0.3,7.02,31.24
2.46,-1.36,7.95,31.25
-0.65,-0.76,9.58,31.29
1.58,-1.31,10.92,31.27
4.43,-0.23,8.9,31.26
3.91,-1.49,8.49,31.21
0.61,-2.24,8.97,31.24
-1.31,-0.68,9.62,31.27
2.58,-1.45,11.41,31.26
5.78,-2.42,10.64,31.27
5.75,-1.61,8.3,31.3
2.15,-1.39,8.45,31.24
-0.6,-0.18,9.95,31.26
3.05,-1.74,11.54,31.25
6.38,-1.03,9.57,31.26
3.39,-0.82,7.64,31.27
0.35,-1.31,8.93,31.23
2.51,0.41,7.42,31.22
0.75,0.57,6.84,31.26
-0.78,0.12,8.52,31.27
-1.24,-1.12,12.0,31.24
1.29,-0.0,10.07,31.28
4.58,0.09,7.62,31.22
2.13,0.17,6.82,31.23
-3.44,0.6,8.15,31.27
0.94,0.14,10.69,31.23
3.52,-0.09,10.13,31.24
2.48,1.17,6.81,31.26
4.81,-0.4,6.66,31.29
-0.89,-0.55,7.1,31.27
-4.57,-0.44,9.8,31.24
0.97,-0.65,11.16,31.24
4.09,0.51,7.55,31.27
5.55,1.36,5.85,31.29
-0.29,-0.3,8.65,31.23
-1.87,0.77,9.33,31.24
1.63,0.11,10.54,31.3
1.56,-2.1,8.92,31.24
2.66,-1.55,9.43,31.26
2.55,-0.62,9.62,31.22
3.67,1.1,9.5,31.29
6.64,0.04,8.0,31.2
6.9,0.07,5.29,31.26
1.14,0.06,7.15,31.25
-0.05,-0.03,8.75,31.26
1.91,1.34,9.15,31.27
5.95,0.68,6.85,31.22
4.97,0.5,6.47,31.22
0.65,-0.79,7.8,31.25
0.56,-0.16,9.9,31.24
3.43,-0.78,10.66,31.27
4.69,-0.52,8.07,31.24
4.65,0.93,6.08,31.25
0.61,-1.49,9.24,31.23
-2.02,-0.09,9.61,31.27
3.26,-0.28,9.92,31.27
5.34,-0.68,8.06,31.22
0.92,0.15,7.48,31.27
0.39,-0.45,8.71,31.24
1.35,-0.69,10.23,31.19
2.5,0.3,10.0,31.24
7.02,0.19,8.58,31.25
2.49,-0.85,7.91,31.23
-2.46,-0.34,9.81,31.26
0.65,-1.39,11.09,31.29
2.62,-0.44,10.53,31.23
5.6,0.06,8.45,31.24
0.85,-0.07,7.3,31.24
-3.79,-0.43,8.98,31.23
-3.89,-0.49,10.33,31.25
1.42,1.09,8.97,31.2
5.25,-0.52,9.2,31.25
-0.03,-1.23,8.55,31.27
-4.61,-1.14,10.35,31.21
-1.35,-0.03,10.99,31.27
2.13,0.32,10.81,31.28
1.89,-1.58,8.3,31.27
-3.32,-1.71,9.66,31.27
-4.78,-2.11,12.16,31.28
1.85,-0.76,11.54,31.23
5.12,-0.19,9.0,31.24
4.25,-0.07,7.88,31.28
-2.19,-1.01,9.23,31.27
-2.22,-0.6,10.68,31.24
1.32,-0.39,11.03,31.29
3.93,0.41,9.26,31.26
3.84,0.08,7.69,31.25
-1.41,-0.71,9.3,31.25
-2.4,-1.6,11.62,31.24
-1.31,-0.14,10.09,31.23
1.7,1.51,8.38,31.25
3.18,-0.62,8.2,31.32
-3.72,-1.43,9.0,31.24
-2.47,-0.79,10.65,31.22
1.58,-0.53,11.27,31.24
2.11,0.85,8.42,31.24
1.87,-1.04,11.91,31.26
5.5,-0.57,9.45,31.25
6.67,0.29,6.87,31.28
4.66,-1.05,7.97,31.23
0.69,-0.77,9.41,31.25
1.76,-0.08,10.94,31.27
6.42,-0.15,9.77,31.24
6.75,-0.74,7.65,31.27
3.59,-0.85,8.29,31.23
1.14,-1.22,9.79,31.24
2.79,-1.76,10.97,31.24
3.43,0.05,10.1,31.24
4.69,-1.97,8.67,31.21
4.12,-2.7,9.16,31.29
0.27,-1.05,9.28,31.23
2.59,-1.01,10.51,31.23
5.15,-0.28,10.0,31.28
4.94,-0.71,8.0,31.25
2.1,0.01,7.09,31.27
-0.13,-0.27,8.81,31.24
-0.34,-0.02,10.64,31.24
2.94,0.82,9.09,31.27
5.92,-0.18,7.98,31.27
1.3,-1.26,8.17,31.28
-2.44,-1.21,9.36,31.26
0.68,-0.95,10.6,31.29
3.75,-1.36,10.69,31.28
3.71,-1.29,8.22,31.26
1.14,-2.15,8.18,31.27
-2.32,-1.96,9.87,31.27
-2.5,-1.3,10.15,31.29
4.14,-0.59,10.49,31.28
4.83,-0.32,7.57,31.27
-1.24,-1.07,8.87,31.26
-0.38,-2.48,9.96,31.25
-0.02,-1.53,11.04,31.26
2.92,-0.42,11.19,31.26
6.41,-0.88,9.25,31.28
4.03,-0.9,7.89,31.27
3.59,0.41,7.73,31.24
2.57,0.65,6.51,31.26
0.24,-0.46,7.5,31.27
-2.22,-1.23,10.25,31.27
-0.24,-0.06,10.53,31.26
2.18,1.39,8.23,31.27
3.83,0.1,7.3,31.17
1.66,-0.68,7.5,31.2
-1.81,-1.59,10.23,31.27
0.81,-1.84,12.36,31.27
4.58,-0.96,9.73,31.19
5.9,0.28,7.18,31.22
3.8,-1.34,7.62,31.28
-2.22,0.57,9.37,31.27
2.98,0.13,10.45,31.27
5.54,1.43,7.79,31.22
4.93,0.97,5.48,31.24
2.99,-0.79,7.88,31.27
-3.44,0.01,8.86,31.25
0.14,-0.45,10.62,31.27
4.0,-0.15,8.66,31.23
4.02,0.55,6.71,31.27
2.06,-0.54,7.03,31.29
-2.12,-0.59,9.85,31.26
0.0,0.49,10.07,31.28
5.69,-0.63,9.76,31.24
3.99,-1.1,8.03,31.23
1.36,0.36,6.55,31.24
0.82,-0.4,9.64,31.23
-0.13,-0.34,11.62,31.25
5.3,-0.17,8.85,31.24
4.8,0.78,6.39,31.23
-0.17,0.26,7.12,31.25
-0.79,0.27,9.3,31.24
1.2,0.24,10.19,31.27
4.39,0.71,8.97,31.27
4.23,-0.09,7.14,31.23
1.52,-1.26,8.58,31.24
-0.47,-1.42,10.56,31.25
2.1,0.15,11.05,31.28
4.69,-0.03,10.35,31.23
4.86,-0.35,6.84,31.24
1.85,0.62,6.39,31.24
-1.39,-0.48,8.61,31.28
-0.34,0.3,11.18,31.25
4.48,0.26,9.84,31.24
5.94,-0.51,7.27,31.28
3.53,-0.11,6.66,31.24
-2.51,-0.97,10.07,31.24
-0.64,-0.45,11.26,31.23
3.89,0.43,8.58,31.24
4.2,0.37,6.51,31.26
0.84,0.45,7.09,31.22
-3.39,-0.13,9.61,31.28
0.44,0.44,10.77,31.29
2.86,-0.23,9.47,31.24
4.93,1.12,6.8,31.27
4.32,-1.31,8.08,31.24
-0.96,-0.4,9.5,31.25
2.42,0.71,9.69,31.26
4.45,0.73,8.69,31.27
2.3,0.05,7.28,31.21
1.19,-0.62,7.92,31.26
-2.56,-0.68,10.51,31.27
-2.23,-0.25,10.96,31.26
4.41,-0.13,9.21,31.23
4.34,-1.02,8.68,31.3
1.39,-0.14,7.75,31.27
1.23,-0.34,9.68,31.21
2.18,-1.69,11.88,31.26
5.1,-0.38,9.28,31.22
7.17,0.05,7.28,31.23
2.47,-0.7,8.35,31.25
-0.36,-1.02,9.74,31.21
2.84,-1.52,12.03,31.24
4.52,-0.27,9.27,31.27
4.96,0.11,6.96,31.27
2.17,-0.85,8.26,31.25
3.08,-1.07,11.18,31.27
7.69,-0.64,8.17,31.24
1.5,-1.17,8.69,31.21
-2.26,-1.02,9.78,31.24
-1.51,-0.3,10.87,31.23
1.21,0.05,10.83,31.25
5.99,-0.68,8.99,31.3
1.61,-1.18,8.41,31.26
-3.16,-0.49,9.31,31.25
-3.16,-0.57,10.71,31.27
1.1,0.01,10.64,31.23
4.03,-1.55,9.27,31.28
0.46,-0.57,7.66,31.28
-2.53,-1.55,10.85,31.28
-1.38,-1.11,11.76,31.24
2.61,-0.75,11.22,31.29
5.26,-0.12,9.72,31.24
4.44,-0.3,7.59,31.24
-0.9,-1.58,9.41,31.23
-0.79,-1.39,10.52,31.26
4.69,0.34,9.44,31.31
7.42,-0.75,8.08,31.27
5.66,-1.11,7.92,31.22
-0.55,-1.35,8.6,31.28
-2.22,-0.17,9.9,31.24
2.19,0.84,9.35,31.22
3.51,1.24,7.95,31.27
3.98,0.31,6.72,31.23
-1.54,-1.23,9.15,31.28
-3.65,-2.07,11.4,31.28
0.9,0.71,10.34,31.26
5.23,-0.15,9.56,31.23
3.92,-0.11,6.81,31.3
-1.56,-1.31,9.27,31.25
-1.63,-2.06,11.5,31.25
-0.51,1.11,9.83,31.26
2.7,0.66,7.77,31.22
3.73,-0.13,7.2,31.27
-3.03,-0.54,8.23,31.27
-1.85,-0.62,10.56,31.25
0.15,-1.12,11.43,31.27
3.79,-2.34,11.91,31.29
5.71,-0.81,9.88,31.3
6.94,-0.89,8.15,31.27
3.84,-0.28,7.57,31.25
0.69,-1.35,10.47,31.27
3.01,-0.51,10.5,31.24
5.65,-0.74,10.37,31.29
6.11,-0.57,8.05,31.27
0.39,-1.89,9.16,31.23
-2.37,-1.23,9.97,31.23
-0.85,0.34,10.62,31.28
4.1,-0.51,10.99,31.23
6.24,-1.63,8.72,31.23
-1.07,-1.31,8.79,31.29
-2.81,-1.39,10.81,31.27
-0.06,-0.49,11.94,31.32
3.38,-0.24,10.49,31.25
6.02,-0.74,7.77,31.27
-1.4,-1.06,8.85,31.28
-2.62,-1.0,10.37,31.29
1.22,-0.58,10.65,31.24
3.5,-0.96,10.05,31.29
5.46,-1.51,8.17,31.29
-1.58,-2.3,10.03,31.25
-2.55,-2.24,11.37,31.24
1.1,-0.93,11.21,31.27
4.64,0.62,8.98,31.24
4.79,-1.05,8.29,31.29
-1.77,-1.15,8.99,31.25
-3.22,-1.61,11.12,31.24
0.3,0.02,11.34,31.26
3.34,0.62,8.18,31.26
4.05,0.19,6.56,31.22
-1.62,-0.2,8.15,31.24
-0.73,0.42,9.51,31.25
1.44,2.09,9.16,31.26
2.95,1.1,7.75,31.27
5.5,-1.22,10.49,31.25
6.23,-1.47,8.98,31.26
3.03,-1.38,7.95,31.27
0.26,-0.99,9.34,31.27
1.03,-1.22,11.92,31.28
7.73,-0.62,9.84,31.23
9.05,1.09,5.85,31.26
3.92,0.06,7.51,31.29
0.07,-1.58,9.61,31.25
2.61,-0.05,9.78,31.28
5.64,1.05,8.57,31.27
5.02,-0.45,7.52,31.24
2.39,-0.69,7.95,31.26
1.33,-0.58,8.52,31.24
1.37,-1.33,10.98,31.27
4.34,0.44,9.74,31.25
6.9,0.13,7.28,31.21
2.3,-1.34,8.31,31.24
0.21,-1.41,10.13,31.27
2.45,-1.8,11.43,31.27
4.59,-2.02,11.02,31.26
7.03,-1.83,8.8,31.26
2.9,-1.97,9.16,31.27
-0.34,-1.14,9.56,31.23
2.61,-1.43,10.88,31.27
5.2,-1.74,11.39,31.29
7.66,-1.07,8.47,31.31
2.47,-2.06,8.6,31.25
-1.67,-2.49,10.92,31.23
1.92,-1.38,11.49,31.27
4.26,-0.71,10.5,31.27
4.12,-1.3,8.61,31.27
4.82,-0.57,7.32,31.25
1.86,-0.17,8.77,31.29
-0.26,-0.72,11.26,31.31
2.53,-0.41,10.96,31.27
6.88,-0.88,9.03,31.25
3.32,-0.58,7.69,31.28
-1.45,-1.63,9.52,31.25
-0.91,-1.32,11.12,31.25
4.4,-0.41,7.2,31.22
0.98,-0.22,7.16,31.27
-4.04,-1.29,10.17,31.26
-3.21,-2.01,11.47,31.24
0.11,-0.92,10.62,31.3
3.5,-0.04,8.23,31.24
1.2,-0.67,7.64,31.25
-4.19,0.2,9.1,31.26
-0.5,-1.03,10.61,31.27
3.25,1.17,8.56,31.26
6.19,0.64,6.33,31.28
2.94,-0.19,6.86,31.23
-1.14,-0.57,8.62,31.22
0.6,-1.31,11.47,31.25
2.29,0.31,9.18,31.24
5.52,-0.35,7.84,31.24
3.25,-1.35,7.29,31.22
-2.77,0.07,8.9,31.24
0.3,-2.33,12.92,31.23
-1.87,-0.42,9.65,31.17
-2.55,-1.01,10.73,31.23
-0.19,-0.87,11.81,31.26
5.48,0.19,8.54,31.27
3.68,0.6,6.43,31.25
0.72,-0.92,8.4,31.23
-0.73,-1.37,11.23,31.26
1.16,-0.95,11.33,31.26
5.31,0.87,8.14,31.27
2.01,-1.81,9.13,31.21
-1.55,-1.66,10.05,31.28
1.38,-1.27,10.3,31.27
3.53,0.18,9.82,31.23
4.64,-0.31,8.82,31.26
3.39,-1.71,8.53,31.25
0.91,-2.16,9.5,31.24
-1.74,-0.64,10.26,31.25
1.46,1.33,9.56,31.31
2.28,0.18,9.23,31.3
1.81,-0.94,8.53,31.29
-1.86,-0.85,9.84,31.3
-1.41,-0.3,9.86,31.24
1.09,-1.55,11.64,31.28
5.19,-0.87,9.99,31.24
4.41,-0.28,7.65,31.21
2.19,-0.91,8.11,31.26
-2.5,-0.39,10.48,31.26
0.74,-1.47,11.5,31.28
4.83,-0.32,9.32,31.25
1.46,-0.53,7.39,31.23
-1.32,-0.92,8.71,31.22
-1.51,-1.84,11.5,31.27
-0.5,0.07,10.7,31.25
4.44,0.18,9.81,31.25
2.34,-1.1,8.09,31.22
-1.39,-1.49,9.07,31.24
-1.59,-1.66,11.63,31.25
0.89,-0.95,12.74,31.26
3.55,-0.79,11.29,31.24
4.14,-2.07,8.5,31.22
-2.73,-2.05,10.7,31.27
-1.76,-1.72,11.6,31.22
1.19,0.1,10.85,31.28
2.56,-0.22,9.25,31.22
2.53,-0.75,7.75,31.26
-1.99,-2.12,10.27,31.24
-2.59,-0.75,11.32,31.28
2.84,-0.37,10.8,31.23
5.56,-0.7,9.48,31.27
2.08,-1.88,8.53,31.25
-1.34,-3.62,10.84,31.32
-2.73,-2.69,12.14,31.24
-0.09,0.13,10.12,31.22
4.87,0.08,8.46,31.26
3.55,-2.92,8.73,31.24
-1.13,-1.8,10.18,31.24
1.27,-2.37,11.68,31.25
2.14,-0.6,10.58,31.23
4.87,0.15,7.85,31.25
4.13,1.26,9.09,31.22
5.33,0.21,7.64,31.25
2.71,-1.16,8.18,31.23
-0.59,-1.64,9.77,31.19
0.6,-1.38,11.37,31.29
2.38,-0.1,10.6,31.26
4.97,-0.08,8.03,31.24
5.03,-1.96,8.69,31.25
-0.15,-1.39,8.95,31.27
0.23,-0.15,10.16,31.27
3.43,-0.96,11.39,31.27
4.74,-1.19,9.01,31.26
4.32,-0.95,7.07,31.25
-0.18,-1.32,9.36,31.27
-1.86,-1.66,11.07,31.22
3.5,-0.49,10.89,31.27
5.35,-0.39,9.33,31.24
2.6,-0.55,7.86,31.27
1.22,-0.42,8.03,31.24
0.78,1.1,8.99,31.22
2.14,-1.59,11.73,31.24
4.36,0.14,9.75,31.24
3.31,-0.14,6.7,31.24
-0.04,-0.43,8.55,31.27
-2.24,-1.9,11.46,31.26
0.37,-0.66,10.62,31.23
5.37,-0.12,9.67,31.23
3.06,-0.77,8.1,31.25
-0.47,-2.06,9.97,31.22
0.06,-2.19,10.93,31.25
1.99,-0.78,10.77,31.25
4.2,-0.61,9.78,31.24
4.71,-0.12,7.45,31.25
1.13,-0.92,8.98,31.27
-2.14,-1.74,10.6,31.27
1.27,0.09,10.34,31.24
4.13,1.25,8.07,31.23
3.61,0.99,6.55,31.26
-0.68,-1.31,8.89,31.25
1.45,-0.49,10.59,31.26
3.5,-1.88,9.34,31.24
1.15,-1.63,8.22,31.2
-0.92,-2.08,9.98,31.27
-1.84,-0.64,10.87,31.26
1.34,-0.82,11.31,31.22
6.13,-1.28,9.17,31.26
3.09,-2.55,9.12,31.22
-1.18,-2.5,10.65,31.22
-0.62,-1.49,11.4,31.21
3.24,-0.46,11.57,31.28
6.43,-1.08,9.12,31.21
3.13,-1.47,8.93,31.24
-1.13,-1.65,9.78,31.25
0.0,-1.21,11.34,31.2
4.58,-0.83,10.12,31.25
3.94,-0.59,8.24,31.24
0.79,-0.64,7.18,31.25
-1.45,-1.47,10.34,31.22
-2.23,-0.28,10.38,31.26
1.71,0.18,9.35,31.24
4.96,-2.12,9.06,31.28
-0.94,-2.28,8.74,31.26
-2.88,-2.0,11.49,31.21
2.83,-0.94,10.83,31.28
3.35,-0.28,10.64,31.21
6.47,0.05,7.56,31.25
3.51,-1.61,7.85,31.22
-4.1,-0.18,9.22,31.24
0.2,-0.67,11.37,31.23
3.52,-0.9,10.69,31.2
4.66,-0.52,7.89,31.24
3.38,-0.77,7.24,31.19
0.28,-1.63,11.2,31.23
1.47,-1.07,10.84,31.21
4.81,0.62,8.27,31.27
7.92,-0.87,7.43,31.22
2.92,0.52,6.41,31.28
-0.05,-0.12,9.59,31.22
3.17,-0.47,6.97,31.19
-1.17,0.89,7.23,31.26
-3.67,-0.0,9.77,31.24
0.4,0.63,10.08,31.24
4.24,0.58,8.24,31.24
3.59,-0.01,7.06,31.2
-1.0,-0.22,7.73,31.23
-4.21,-1.75,11.04,31.24
-0.51,-0.46,11.03,31.28
4.29,-1.65,9.63,31.23
4.16,-1.43,7.82,31.22
0.39,-0.08,8.0,31.22
0.06,-1.62,11.16,31.16
3.85,-0.21,11.12,31.26
6.91,0.16,8.6,31.23
6.47,0.07,6.28,31.21
-0.76,0.54,7.28,31.29
-1.81,-0.06,9.28,31.24
3.17,-0.03,11.03,31.29
4.31,0.07,6.96,31.27
0.05,0.36,6.77,31.23
-2.79,-1.06,10.04,31.27
-1.34,-0.6,11.18,31.25
3.79,-1.11,10.35,31.23
3.99,-2.02,9.17,31.27
-0.11,-0.59,7.95,31.26
-1.46,-1.63,11.13,31.24
1.11,-1.8,13.06,31.2
3.51,-0.23,9.85,31.26
4.51,-0.03,7.64,31.22
-0.6,-1.83,9.39,31.22
-2.41,-1.83,11.86,31.24
2.63,-1.14,11.72,31.21
3.94,-0.34,9.79,31.27
5.78,-1.16,8.83,31.24
4.74,-2.29,9.21,31.23
0.01,-1.99,10.27,31.18
1.58,0.3,10.9,31.24
5.24,0.13,10.52,31.25
5.92,-0.25,8.81,31.23
2.76,-0.57,7.82,31.21
-0.51,-1.05,9.73,31.23
-0.53,-0.16,10.01,31.26
2.76,0.41,9.67,31.19
2.42,0.25,8.39,31.26
0.74,-0.43,7.57,31.26
-0.35,-1.63,10.03,31.25
-2.61,0.38,9.23,31.19
1.45,1.16,9.35,31.24
4.01,-0.18,8.74,31.24
0.45,0.28,7.32,31.23
-2.96,-0.99,9.27,31.22
-3.29,-0.38,11.23,31.23
1.53,1.02,10.69,31.25
6.06,-0.73,9.51,31.25
3.31,-1.5,8.02,31.23
-4.03,-1.76,10.07,31.21
-1.39,0.27,10.56,31.25
1.44,0.3,9.95,31.27
6.24,-0.38,10.8,31.27
7.75,-1.89,10.15,31.25
6.29,-0.79,7.37,31.28
3.86,-1.12,7.33,31.25
0.22,-1.17,10.95,31.22
3.5,-1.57,11.49,31.22
9.56,-0.37,8.42,31.24
6.65,-0.0,6.66,31.22
2.76,-0.68,8.31,31.21
2.84,-0.72,10.12,31.25
3.64,-1.08,11.51,31.23
7.47,-0.98,9.07,31.25
6.86,-0.79,7.71,31.21
1.47,-2.36,9.56,31.27
1.69,-0.91,10.27,31.22
5.67,-0.39,10.93,31.25
8.78,0.91,8.01,31.22
4.12,-0.94,7.37,31.24
-2.14,-1.79,9.64,31.19
4.16,1.45,7.98,31.27
5.6,-0.89,8.45,31.25
0.2,-1.92,9.67,31.18
-1.22,-1.25,11.68,31.22
3.49,-0.78,11.19,31.22
5.38,0.31,9.14,31.27
5.2,-0.14,6.61,31.29
-1.58,-1.15,8.95,31.23
-2.55,-2.32,12.13,31.24
1.41,0.03,11.13,31.2
2.62,-0.19,9.55,31.24
3.33,-1.04,8.12,31.23
-1.3,-1.47,9.29,31.25
-3.35,-2.61,12.64,31.26
-0.11,-0.9,10.61,31.28
5.0,0.52,8.1,31.19
4.31,-0.49,7.57,31.26
-2.77,-0.9,7.91,31.23
-2.87,-0.87,10.77,31.26
0.49,-1.31,11.43,31.22
3.55,-0.11,8.05,31.23
5.11,-0.09,6.71,31.19
-2.09,-0.61,8.76,31.27
-3.06,-0.39,11.14,31.23
2.3,-0.86,11.48,31.25
4.16,0.1,7.83,31.22
5.19,-1.11,7.46,31.25
-1.66,-2.05,10.81,31.22
-0.79,-2.88,12.73,31.25
4.26,-1.86,11.73,31.26
5.17,-0.86,8.99,31.26
3.22,-1.48,8.37,31.24
-1.83,-0.34,8.32,31.27
1.2,-0.06,10.17,31.23
3.04,-0.4,12.53,31.25
4.66,0.6,7.3,31.23
5.17,-0.96,7.11,31.25
-1.63,-1.67,9.84,31.24
-0.91,-1.44,10.99,31.26
-1.67,-0.6,10.44,31.22
1.42,-0.71,11.05,31.28
3.33,-1.29,11.29,31.27
4.28,-1.5,9.25,31.24
2.65,-1.68,8.13,31.24
-1.1,-2.1,10.28,31.26
2.12,-1.61,10.9,31.27
5.96,-1.76,11.73,31.27
7.02,-1.23,8.53,31.19
2.45,-1.42,8.23,31.24
-0.91,-1.07,10.44,31.29
2.3,-0.15,9.75,31.24
5.91,-0.37,11.0,31.25
5.62,-2.01,9.33,31.25
0.46,-1.9,9.56,31.24
-1.33,-2.13,10.35,31.26
-0.3,-1.9,10.74,31.22
3.18,-2.02,12.01,31.28
8.18,-1.01,8.39,31.27
3.14,0.0,7.95,31.22
1.09,-0.45,8.52,31.24
0.14,-0.74,10.58,31.27
3.41,-1.92,11.72,31.27
5.3,-2.04,10.17,31.25
3.49,-0.93,8.49,31.23
1.77,-1.9,9.0,31.25
-0.63,-0.76,10.26,31.24
2.97,-0.26,10.61,31.26
4.58,-0.95,10.43,31.25
0.92,-0.84,7.96,31.2
-2.68,-1.1,9.17,31.27
-2.15,-1.14,10.72,31.29
1.46,0.41,9.92,31.26
3.49,-0.81,9.63,31.26
2.31,-0.77,7.64,31.22
-2.77,-1.59,10.34,31.26
-3.05,-0.95,11.87,31.24
0.48,0.52,10.61,31.21
5.0,-0.11,9.54,31.23
8.21,0.34,7.67,31.25
3.18,0.37,6.82,31.27
-2.14,-0.66,9.96,31.24
0.75,-1.56,11.15,31.22
3.63,-0.68,10.89,31.23
4.26,-1.47,8.54,31.22
1.24,-1.08,8.31,31.27
-1.67,-1.86,10.37,31.29
0.13,-2.27,12.05,31.26
2.15,-1.46,11.42,31.24
5.96,-1.9,8.7,31.27
1.43,-1.9,8.84,31.26
-2.12,-1.87,10.41,31.22
0.83,-1.27,11.41,31.22
5.5,-1.39,11.79,31.22
7.24,-1.44,8.78,31.27
2.58,-2.2,9.77,31.24
0.48,-2.41,10.53,31.21
1.08,-0.18,10.36,31.23
6.33,-0.86,10.99,31.26
2.63,-0.25,6.97,31.24
-0.17,-0.37,8.38,31.27
-1.56,-0.78,10.76,31.27
2.45,1.04,8.99,31.27
2.68,1.23,8.51,31.22
1.34,0.61,6.93,31.23
-0.91,-0.17,9.03,31.23
-1.7,-0.89,10.38,31.22
1.52,0.69,10.32,31.24
3.51,-0.8,9.84,31.2
1.51,-0.28,7.56,31.21
-2.5,-1.61,9.93,31.23
0.26,-2.35,11.1,31.28
2.25,-0.77,10.93,31.18
3.91,-1.26,9.69,31.24
2.4,-1.82,8.68,31.26
-2.83,-2.01,9.57,31.24
-1.88,-2.27,11.25,31.24
1.35,0.39,10.17,31.22
6.36,0.23,7.05,31.2
2.52,-0.48,7.9,31.23
-3.86,-1.37,9.87,31.26
-1.57,-2.2,11.73,31.24
2.18,0.03,10.36,31.26
5.82,-0.88,9.35,31.26
3.62,-2.82,8.79,31.26
-0.79,-2.21,10.42,31.23
1.62,-1.87,10.88,31.2
3.69,1.09,8.92,31.27
6.54,-0.05,8.15,31.21
4.45,-1.9,8.08,31.27
0.5,-0.73,8.84,31.24
0.35,-2.38,10.96,31.25
2.79,-0.06,9.87,31.2
6.36,-0.54,8.19,31.22
3.77,-1.27,8.03,31.23
-0.92,-1.23,8.82,31.26
0.47,-1.29,11.09,31.25
3.89,-0.11,9.73,31.2
5.08,1.27,6.64,31.29
4.34,-0.37,5.39,31.3
-2.12,0.1,7.74,31.25
-0.66,-0.7,10.83,31.24
5.23,1.39,8.6,31.23
6.46,-0.42,6.8,31.28
3.66,0.23,5.42,31.28
-2.12,0.33,7.24,31.26
-4.43,-1.14,11.33,31.24
-0.03,1.15,9.08,31.24
4.19,-0.02,7.0,31.24
-0.2,0.51,7.23,31.25
-5.84,-0.05,8.65,31.28
-1.36,-0.47,10.94,31.24
1.64,0.19,10.21,31.25
3.14,-0.08,7.41,31.28
2.0,-0.53,7.58,31.26
-3.41,-0.9,8.95,31.22
-1.01,-1.14,11.56,31.23
-0.45,-0.25,10.14,31.31
1.33,-1.12,10.42,31.26
4.21,0.81,9.07,31.29
6.27,0.48,7.28,31.23
0.57,-0.79,7.8,31.22
-2.96,-1.24,10.21,31.23
0.21,-0.91,9.77,31.27
3.94,0.06,10.45,31.24
4.95,-1.03,8.99,31.22
1.52,-0.76,7.09,31.23
-1.5,-0.84,10.07,31.25
-0.62,-2.51,11.85,31.24
3.11,0.66,9.2,31.26
6.12,-1.45,7.77,31.25
-0.24,-1.47,7.23,31.19
-3.36,-1.03,10.19,31.22
1.71,-2.24,11.14,31.22
4.22,0.78,8.05,31.23
5.93,-0.36,6.6,31.27
1.43,-1.38,9.07,31.26
-2.53,-1.96,10.25,31.24
1.71,-0.54,10.77,31.22
3.46,0.16,10.27,31.25
5.19,0.7,7.16,31.23
1.11,-1.26,7.57,31.24
-2.46,-1.67,11.54,31.21
0.26,-0.96,11.67,31.24
2.93,0.79,9.37,31.23
4.54,-0.44,7.24,31.2
-0.23,-1.07,7.69,31.17
-1.13,-1.05,10.71,31.27
2.33,-1.77,11.67,31.2
2.83,0.89,9.17,31.27
6.43,-0.95,7.92,31.24
-0.28,-1.43,8.8,31.24
-2.35,-1.18,10.61,31.23
3.57,-0.65,11.26,31.26
6.03,1.01,8.4,31.24
6.81,0.37,5.99,31.22
4.1,-0.96,10.71,31.25
4.51,-0.18,7.44,31.29
-0.37,-1.53,8.78,31.23
-3.39,-1.59,11.14,31.25
0.74,-1.26,11.54,31.22
4.9,-1.25,10.5,31.24
4.47,-1.85,8.49,31.22
-0.55,-1.41,8.9,31.27
-3.2,-1.0,10.55,31.25
-0.54,-0.54,10.9,31.22
4.33,-1.14,11.05,31.25
6.47,-2.27,8.65,31.26
-1.28,-2.09,10.05,31.23
-2.56,-1.18,11.13,31.24
1.02,-1.2,11.43,31.27
4.12,-1.75,11.09,31.22
5.05,-2.5,9.01,31.19
-0.79,-2.31,10.21,31.25
-1.03,-2.43,11.76,31.24
3.98,-1.08,11.41,31.27
4.02,-0.11,7.54,31.24
2.32,-1.71,9.41,31.29
-0.53,-2.43,10.58,31.25
2.26,-0.81,10.54,31.28
6.61,0.18,10.92,31.26
7.26,-1.14,8.96,31.29
2.87,-1.35,9.0,31.24
0.42,-2.99,11.34,31.25
-0.45,-1.55,10.61,31.22
1.69,0.41,10.14,31.25
5.22,-1.62,9.21,31.25
0.75,-2.51,9.15,31.21
-2.71,-2.08,11.15,31.22
0.44,-1.67,11.48,31.19
1.32,0.43,10.47,31.23
5.49,-1.18,9.39,31.25
3.45,-2.03,8.87,31.21
-2.33,-2.27,10.79,31.24
0.93,-0.96,12.12,31.28
4.93,-0.49,7.23,31.23
1.58,-0.59,6.32,31.25
-1.24,-1.06,10.3,31.22
1.16,0.71,9.81,31.2
2.75,1.16,7.62,31.25
6.14,0.41,7.32,31.23
0.99,-0.9,6.29,31.27
-5.6,-0.76,10.81,31.21
-0.47,-0.95,10.79,31.19
2.92,0.21,9.48,31.23
3.32,-0.09,7.12,31.22
-0.93,-0.17,6.69,31.23
-3.1,0.18,9.31,31.22
-0.64,-0.58,10.99,31.23
3.15,1.14,8.87,31.26
5.93,-0.66,7.25,31.25
0.05,-0.6,7.14,31.19
-4.72,-0.27,9.93,31.25
0.42,-1.93,12.41,31.19
2.14,0.19,10.52,31.26
5.48,0.03,6.21,31.22
-0.1,-0.97,8.31,31.27
-0.96,-0.32,7.47,31.24
-0.92,-2.15,12.15,31.25
3.24,0.45,10.36,31.21
4.04,0.86,7.74,31.23
2.95,-0.39,6.73,31.24
-3.14,-0.46,8.47,31.21
-3.67,-0.75,11.53,31.23
0.56,0.38,10.11,31.23
4.21,0.57,7.68,31.23
3.35,-0.49,7.49,31.26
-4.37,-0.22,8.6,31.23
-0.57,0.23,10.2,31.24
2.66,-0.75,11.04,31.19
4.12,1.19,7.07,31.25
5.13,-0.15,6.75,31.26
-3.36,-1.93,10.27,31.17
-3.23,-1.1,11.6,31.25
-4.09,-1.03,10.43,31.23
-0.79,-1.42,11.29,31.27
3.07,-0.35,11.64,31.22
6.11,-1.6,10.03,31.23
3.28,-1.04,7.8,31.26
1.6,-1.11,10.08,31.24
1.45,-0.9,10.92,31.27
2.92,-0.24,10.68,31.26
4.74,-1.4,9.54,31.23
1.49,-2.85,8.53,31.22
-2.9,-1.57,10.15,31.24
0.82,-1.16,10.87,31.26
3.66,0.09,10.18,31.26
3.75,0.25,8.3,31.24
0.74,-1.13,8.03,31.29
-4.21,-2.18,10.52,31.24
-2.32,-0.35,10.99,31.21
1.69,-0.16,10.63,31.22
6.37,0.45,7.91,31.26
2.84,-0.89,7.37,31.26
-3.05,-1.84,10.28,31.23
-1.6,-0.72,11.08,31.25
1.93,1.63,8.85,31.24
4.9,0.85,6.88,31.2
0.44,-0.03,7.77,31.28
-4.08,-0.52,10.04,31.29
-0.79,-0.23,10.48,31.23
0.06,0.55,9.5,31.23
0.94,1.08,7.03,31.26
-2.03,0.59,7.18,31.27
-5.76,-0.98,10.39,31.24
-2.45,-1.34,12.2,31.19
1.36,-0.12,10.32,31.2
4.28,0.85,6.99,31.24
-1.84,-0.14,7.95,31.22
-7.64,-1.24,10.86,31.21
-2.01,-0.97,11.21,31.22
2.78,0.72,9.36,31.24
1.97,1.2,6.38,31.26
-2.15,0.44,9.66,31.28
1.62,1.04,9.39,31.22
4.78,0.64,7.33,31.25
5.06,0.56,6.51,31.22
-2.04,0.44,7.73,31.22
-2.38,0.35,9.97,31.24
1.11,-0.44,10.36,31.26
3.18,-0.14,7.72,31.23
1.78,-1.02,7.05,31.29
-4.14,-0.17,9.0,31.26
-5.14,-0.51,11.46,31.21
0.53,-0.27,10.76,31.25
2.65,-1.37,8.9,31.26
-0.14,0.25,6.92,31.21
-2.1,-0.9,9.11,31.27
0.6,-2.02,12.46,31.32
3.47,-0.96,9.97,31.24
4.55,-0.58,7.27,31.24
2.28,-1.74,8.69,31.26
0.87,-0.16,8.69,31.24
1.53,-2.32,12.18,31.25
4.26,-0.04,9.55,31.29
6.17,-0.48,7.68,31.26
1.07,-0.67,7.27,31.24
-3.29,-0.54,9.06,31.26
1.76,-1.83,11.18,31.25
4.03,-0.05,9.84,31.24
5.05,0.27,7.48,31.21
2.78,-0.8,7.42,31.28
-3.34,-2.04,10.26,31.28
-1.39,-1.37,11.4,31.29
3.25,-1.44,11.3,31.27
3.08,-0.45,7.68,31.25
-0.43,-0.09,7.52,31.25
-1.93,-1.81,10.49,31.2
0.16,-1.69,12.05,31.23
2.67,-1.33,11.11,31.27
5.02,-0.46,8.05,31.24
0.29,-1.41,9.09,31.25
5.36,-0.3,6.42,31.24
-1.35,-0.64,7.89,31.27
-4.49,-0.39,9.12,31.28
0.19,-1.16,12.26,31.23
4.08,0.44,9.03,31.27
4.08,0.19,6.7,31.23
1.57,-0.63,7.86,31.24
-3.13,-0.82,9.27,31.28
-0.11,-0.17,11.1,31.24
5.37,0.59,8.53,31.29
5.93,-0.01,6.8,31.23
1.32,0.01,6.84,31.22
-1.66,0.23,8.7,31.24
0.06,-0.57,11.36,31.22
2.39,-0.74,9.85,31.22
3.68,-0.53,7.31,31.25
1.32,-0.51,7.45,31.22
-1.06,-0.39,9.6,31.24
2.33,0.16,10.71,31.28
3.41,-0.08,9.27,31.19
2.44,-0.16,7.35,31.26
2.09,-1.04,8.22,31.23
-1.78,-0.54,9.16,31.23
0.55,0.06,10.35,31.21
5.44,-0.79,9.17,31.22
5.2,0.08,7.13,31.25
0.94,-0.24,7.69,31.23
-0.24,-0.29,9.46,31.24
1.29,-0.49,11.08,31.25
7.26,0.0,8.36,31.2
6.11,-1.37,7.93,31.26
-0.39,-1.05,8.47,31.22
-1.61,-0.58,9.83,31.24
0.31,-1.99,12.72,31.25
4.54,-2.1,10.66,31.26
4.74,0.17,6.84,31.23
-0.14,-0.83,8.14,31.3
-3.38,-1.75,10.79,31.25
-0.5,-1.33,11.34,31.26
4.01,-0.9,9.67,31.23
2.5,-1.5,11.54,31.22
-0.45,1.21,9.66,31.27
3.38,0.2,7.35,31.27
2.34,0.3,6.14,31.24
-2.56,-0.88,8.64,31.21
-2.29,-1.45,11.56,31.26
2.51,0.48,9.79,31.23
4.89,0.5,7.01,31.22
1.46,-0.2,6.76,31.22
-5.11,-0.75,9.24,31.22
-1.92,-0.84,11.39,31.26
3.04,0.91,9.16,31.24
4.1,-0.41,8.17,31.23
0.5,0.88,6.36,31.27
-3.22,0.91,7.23,31.21
-3.36,-1.33,11.78,31.24
2.3,-0.47,9.44,31.25
5.29,-0.45,7.3,31.23
1.21,-0.75,7.49,31.22
-3.13,-0.79,9.37,31.27
-0.59,-1.14,11.04,31.27
1.4,0.54,10.24,31.25
3.74,1.04,8.19,31.27
3.69,0.51,7.55,31.22
-3.76,-1.5,9.77,31.18
-3.76,-1.0,10.95,31.26
0.85,-0.92,12.11,31.24
1.49,0.17,9.21,31.22
0.45,-0.02,7.66,31.23
-3.89,-1.47,9.64,31.22
-3.04,-0.6,11.52,31.22
2.58,-0.35,10.25,31.26
3.58,1.23,7.87,31.2
1.92,-0.52,7.17,31.28
-1.67,-0.14,8.73,31.24
-0.83,-0.95,10.83,31.24
2.16,0.99,9.11,31.22
4.73,0.22,7.98,31.22
3.73,-1.51,7.78,31.26
-2.82,-0.91,9.56,31.22
0.13,-1.5,11.53,31.25
2.33,-0.25,10.04,31.25
2.06,1.05,6.82,31.22
2.68,-0.4,6.68,31.25
-3.58,-0.51,8.34,31.23
-2.95,-0.1,10.38,31.27
1.79,0.58,10.48,31.24
3.62,-0.74,8.68,31.22
1.08,0.23,6.29,31.22
-2.22,-1.35,9.33,31.23
-0.08,-1.06,11.97,31.24
4.25,0.44,9.21,31.24
5.68,0.51,6.9,31.27
3.33,-0.98,7.21,31.22
-2.02,-0.29,8.44,31.24
1.87,1.03,9.89,31.26
4.74,1.07,9.12,31.24
5.62,0.55,6.62,31.26
-2.09,0.06,10.28,31.21
-0.97,-0.67,11.74,31.25
5.72,-1.41,10.37,31.27
6.81,-1.12,7.57,31.27
0.85,-0.72,8.59,31.25
-1.64,-1.21,8.9,31.25
1.76,-0.24,11.28,31.21
4.89,-0.93,10.15,31.25
6.26,-0.02,7.26,31.21
5.54,-1.1,7.14,31.24
0.64,-0.21,8.65,31.25
2.52,-0.01,10.18,31.21
8.15,-0.06,8.7,31.2
7.66,0.15,6.49,31.27
2.94,-0.17,6.89,31.19
-0.84,-0.93,9.51,31.23
1.02,-0.96,10.84,31.24
6.36,-0.77,9.29,31.25
6.25,0.51,6.59,31.25
3.59,-0.51,7.43,31.25
2.81,0.42,6.27,31.22
-2.71,-1.13,8.86,31.22
-3.55,-0.68,10.77,31.25
1.27,0.57,9.43,31.22
3.66,-0.41,8.91,31.25
2.26,0.2,7.0,31.25
-2.21,-1.78,9.46,31.24
0.46,-1.46,12.22,31.19
4.54,-1.53,11.11,31.22
4.4,-0.12,7.75,31.2
3.55,-0.31,7.56,31.21
-2.61,-1.1,8.66,31.25
0.42,-0.33,10.89,31.22
5.18,-0.34,10.51,31.21
5.3,-0.56,8.08,31.26
4.3,-0.91,6.8,31.22
-1.69,-0.76,8.49,31.22
0.53,-1.18,11.7,31.24
5.64,-1.09,10.3,31.23
7.86,0.86,6.33,31.22
6.26,-0.93,7.35,31.24
0.17,-0.98,8.59,31.22
0.95,0.09,10.16,31.22
6.53,-0.74,9.44,31.22
6.16,0.19,6.9,31.19
3.34,0.02,6.32,31.2
-0.55,-0.81,8.37,31.23
-0.78,0.2,10.56,31.24
4.58,-0.2,9.46,31.24
8.6,0.73,6.66,31.23
4.62,-0.58,6.28,31.27
0.61,-0.36,9.01,31.22
1.67,-0.99,10.87,31.27
5.15,0.34,8.68,31.25
5.84,0.43,6.77,31.22
3.48,-1.11,7.96,31.22
-0.76,-2.45,10.04,31.23
-0.56,-2.2,11.35,31.18
4.68,-0.95,10.31,31.25
1.24,-0.44,8.24,31.22
-0.6,-1.55,10.15,31.22
0.96,-0.65,11.43,31.22
4.15,-0.37,9.79,31.22
4.65,0.54,7.28,31.25
-3.67,-0.18,8.19,31.23
-4.54,-1.02,10.3,31.25
-0.66,-0.59,11.53,31.21
1.67,-0.61,10.3,31.25
1.9,-0.73,8.44,31.24
-2.89,-2.18,9.65,31.24
-3.66,-2.57,11.74,31.21
0.41,-0.73,12.05,31.2
3.56,-0.14,9.94,31.3
1.98,-0.95,8.29,31.21
-1.55,-1.97,9.85,31.27
-2.05,-1.89,11.24,31.25
0.16,-0.18,10.58,31.22
2.79,1.27,8.85,31.23
3.12,0.11,8.11,31.23
-3.24,0.6,7.63,31.19
-4.28,-0.0,9.95,31.17
-0.72,1.07,9.89,31.25
2.87,0.07,9.56,31.2
3.9,0.36,7.08,31.24
-1.64,-0.53,7.89,31.22
-4.39,-1.93,11.62,31.24
-0.59,-0.25,10.9,31.22
2.63,0.54,8.6,31.24
3.96,-0.11,7.03,31.23
-1.18,-1.0,8.73,31.26
-1.27,-1.52,11.64,31.23
0.43,0.02,10.31,31.26
2.27,0.32,9.13,31.23
3.2,-0.74,6.89,31.25
-1.89,-1.2,7.7,31.26
-4.61,-1.86,12.03,31.22
1.02,-0.26,10.08,31.22
4.64,1.24,7.16,31.26
3.47,0.81,6.41,31.23
-0.73,-1.06,8.53,31.24
-1.55,-1.06,11.26,31.27
-0.82,-0.79,10.68,31.22
1.8,0.67,10.0,31.24
5.45,0.93,6.81,31.21
4.56,0.24,6.29,31.27
-1.13,0.36,8.44,31.24
-1.35,-1.1,11.25,31.25
2.76,1.49,8.11,31.22
5.26,-0.87,7.4,31.21
0.51,0.07,6.12,31.21
-4.84,0.86,8.44,31.24
-1.92,-0.54,10.82,31.27
1.63,1.18,9.61,31.23
4.78,1.12,6.77,31.22
-0.03,-0.19,7.59,31.24
-6.13,-0.79,9.93,31.18
-1.3,-1.52,11.57,31.24
1.96,-0.62,10.52,31.27
2.92,-0.2,8.21,31.23
0.7,-0.41,7.47,31.22
-6.14,0.96,8.79,31.21
-3.21,-0.57,11.36,31.23
2.01,0.04,10.31,31.21
3.77,-0.31,7.24,31.21
0.56,-0.33,6.75,31.24
-5.64,-1.74,11.13,31.22
-1.56,-2.37,13.09,31.25
4.41,0.1,9.39,31.24
4.96,-0.88,7.29,31.21
1.81,-0.66,7.82,31.26
0.42,-0.78,9.56,31.23
3.6,0.25,10.75,31.21
5.29,0.11,8.94,31.24
5.42,-0.28,6.78,31.21
3.17,-0.59,7.69,31.25
1.49,-0.05,9.11,31.23
4.6,0.01,11.42,31.22
-2.06,-1.59,11.78,31.25
1.02,-0.41,10.97,31.26
3.86,0.01,8.68,31.21
1.61,-1.84,8.89,31.22
-3.14,-2.62,10.42,31.27
1.07,-1.6,11.6,31.25
3.06,-0.47,11.86,31.24
5.72,0.34,8.91,31.28
4.63,-1.54,7.96,31.24
-2.25,-1.33,9.73,31.29
-0.16,-1.03,10.76,31.23
2.9,0.16,10.7,31.26
5.0,0.04,8.66,31.25
3.34,-0.17,7.14,31.22
-1.56,-0.86,9.55,31.24
-1.83,-2.41,12.35,31.23
0.62,-0.02,11.0,31.2
5.28,-0.73,8.39,31.21
1.42,-0.8,8.11,31.21
-2.7,-3.02,11.6,31.25
-1.03,-0.59,9.5,31.19
0.16,-0.91,10.08,31.21
1.92,0.5,10.15,31.29
4.08,0.97,8.92,31.2
0.6,-0.33,7.34,31.23
-3.06,-1.11,8.74,31.2
-2.97,-2.01,10.47,31.21
-0.6,-0.91,11.66,31.22
2.79,-1.26,10.41,31.22
3.02,-0.98,8.1,31.25
-0.57,-1.12,8.78,31.25
-2.82,-0.96,10.43,31.25
-0.66,0.3,10.71,31.26
3.39,-0.17,9.04,31.22
2.19,-0.98,8.32,31.25
-3.29,-1.13,8.66,31.24
-2.23,-0.89,10.47,31.26
0.48,-0.37,11.22,31.25
2.88,-0.29,9.33,31.25
0.32,0.12,10.78,31.24
5.74,0.62,8.55,31.26
6.41,0.66,6.49,31.22
3.05,0.0,5.95,31.24
-1.12,0.03,8.3,31.22
0.95,0.54,10.32,31.2
3.95,1.06,8.11,31.27
3.99,1.71,5.41,31.2
4.02,0.22,5.79,31.2
0.03,-0.43,7.79,31.21
-0.57,-0.02,9.98,31.22
2.38,-0.31,9.66,31.23
3.95,0.09,7.07,31.25
3.12,-1.88,8.04,31.22
-1.36,-0.64,9.68,31.26
1.21,-0.2,10.0,31.27
3.53,-0.46,9.81,31.23
5.15,-0.12,7.54,31.23
2.94,-1.13,7.72,31.23
-0.62,-1.87,10.64,31.23
-0.01,-1.88,12.11,31.29
5.54,-0.61,9.43,31.22
8.45,-0.06,7.57,31.25
4.74,-1.18,7.84,31.2
3.9,1.26,6.11,31.25
0.69,-0.35,10.09,31.22
3.08,-0.26,10.84,31.23
5.55,0.61,6.59,31.22
4.86,-0.52,6.74,31.25
-0.61,0.62,6.63,31.21
-0.1,0.1,9.13,31.28
1.36,0.91,10.43,31.25
2.01,0.26,8.31,31.22
2.23,-0.46,6.99,31.24
-0.99,-1.52,9.07,31.22
-2.06,-1.25,10.31,31.24
1.27,-0.48,10.93,31.24
4.12,-1.1,8.94,31.21
3.26,-0.64,7.43,31.24
-0.11,-1.42,9.38,31.22
-2.37,-1.93,11.42,31.21
-0.63,-1.34,12.58,31.24
5.09,-1.44,8.83,31.27
2.38,-2.03,9.07,31.24
-1.22,-1.29,9.5,31.22
1.46,-0.23,10.41,31.24
3.2,-1.77,12.34,31.25
4.93,-2.87,10.17,31.24
4.29,-1.26,8.49,31.25
0.78,-1.95,9.35,31.27
-1.15,-0.72,11.43,31.22
5.05,-1.89,11.15,31.22
10.18,-1.39,9.1,31.25
2.58,-2.11,8.61,31.22
-1.7,-1.07,9.76,31.24
2.01,-1.29,10.92,31.22
3.93,-1.43,11.51,31.24
7.75,-0.81,9.06,31.24
4.97,-1.49,8.64,31.23
-0.32,-1.09,9.78,31.26
0.96,-1.36,10.92,31.28
5.43,-0.75,11.35,31.19
6.81,-0.11,8.0,31.26
4.12,-1.16,8.14,31.22
-0.96,-2.79,10.77,31.25
-0.5,-0.43,9.75,31.22
3.99,0.11,10.91,31.22
7.59,-0.29,8.74,31.23
2.21,-0.35,6.97,31.24
-0.65,-1.29,9.61,31.23
-1.88,-2.06,12.6,31.23
1.35,-0.08,9.76,31.26
5.04,-0.56,8.64,31.25
1.63,-1.87,8.7,31.25
0.05,-0.91,10.12,31.21
1.32,-1.41,11.04,31.23
3.26,0.83,9.6,31.25
6.41,0.83,7.24,31.21
1.28,0.61,6.78,31.25
5.31,0.15,6.59,31.23
6.1,0.16,6.66,31.18
0.07,-0.22,6.23,31.23
-3.22,0.39,8.25,31.21
-2.09,-1.57,11.98,31.23
3.86,0.45,8.99,31.26
6.68,0.96,5.9,31.22
2.36,0.65,5.82,31.25
-2.99,0.34,9.16,31.22
1.56,-1.07,11.9,31.25
4.56,-0.38,8.55,31.27
1.85,-0.7,7.18,31.26
-2.69,-1.08,9.06,31.25
-3.89,-1.14,10.3,31.21
1.07,1.76,9.25,31.24
3.78,0.8,8.74,31.24
3.59,0.67,6.96,31.22
0.35,0.03,6.22,31.27
-3.71,-1.44,10.59,31.25
-0.28,-0.06,10.62,31.21
4.1,-0.59,8.75,31.23
3.07,-1.15,7.16,31.26
-1.02,-0.02,7.79,31.24
-2.58,0.13,8.77,31.24
0.95,-0.07,11.28,31.22
3.7,-1.64,9.33,31.25
4.75,0.63,6.2,31.24
0.63,-0.79,8.89,31.29
-1.69,-0.7,10.19,31.22
1.66,-1.23,11.59,31.23
3.9,-2.06,9.87,31.21
1.97,0.31,7.09,31.25
-0.23,-2.08,9.06,31.2
-0.35,-1.06,11.31,31.25
3.32,-2.32,12.41,31.2
7.9,-0.7,9.06,31.19
6.99,-0.92,7.44,31.23
1.02,-1.79,9.24,31.22
1.54,0.05,9.62,31.22
4.14,-0.58,7.97,31.24
-1.96,-1.64,9.75,31.18
-4.36,-1.83,10.93,31.25
-0.23,-1.07,11.14,31.27
3.01,-0.84,9.81,31.21
4.14,-0.02,7.37,31.21
1.99,-0.86,7.99,31.22
-2.42,-1.46,10.19,31.22
0.07,0.23,10.94,31.24
2.65,-0.16,10.65,31.25
5.79,0.12,9.41,31.19
1.56,-1.72,9.05,31.22
-3.15,-2.0,10.77,31.23
-0.93,-1.53,11.59,31.24
2.33,-0.18,11.68,31.25
4.24,-0.9,9.36,31.21
2.79,-1.93,8.27,31.25
-4.07,-1.56,10.24,31.22
-1.21,-2.51,11.95,31.19
-1.9,-0.22,8.66,31.21
-3.68,-1.57,11.33,31.25
1.99,-0.53,11.3,31.27
3.76,-0.85,9.9,31.25
4.92,-0.57,7.22,31.22
3.13,-1.74,9.04,31.24
-0.71,-2.39,11.34,31.21
0.2,-1.36,11.98,31.22
4.17,-2.52,10.58,31.22
5.09,-1.39,8.11,31.19
1.39,-0.91,8.35,31.22
-0.84,-0.52,10.09,31.19
1.11,-0.72,11.61,31.2
5.23,-0.52,8.79,31.2
4.54,0.74,6.74,31.27
1.84,-1.22,8.88,31.23
-0.76,-1.21,9.89,31.24
1.22,-0.51,10.31,31.22
3.64,-0.13,8.25,31.19
2.2,0.71,6.59,31.26
1.23,-0.96,7.71,31.22
-1.26,-0.92,9.19,31.2
-1.31,-1.74,11.88,31.24
2.12,-0.81,10.85,31.24
4.23,0.06,7.5,31.23
3.93,-1.01,7.68,31.24
-0.34,-1.3,9.15,31.22
-1.75,-0.76,10.29,31.24
0.25,-1.04,10.82,31.24
5.37,0.99,6.96,31.22
6.47,0.11,5.3,31.24
1.04,0.47,7.52,31.2
-0.42,-0.06,9.65,31.23
3.94,-0.78,10.44,31.22
5.7,0.77,6.81,31.2
4.99,-0.7,6.93,31.23
0.92,-0.91,9.21,31.23
1.67,-0.62,9.66,31.24
6.91,0.05,9.63,31.26
8.48,-0.42,8.12,31.22
-0.07,-0.81,10.65,31.24
2.47,-0.64,10.27,31.21
6.72,0.67,10.21,31.22
6.87,0.6,6.72,31.26
3.48,1.14,5.65,31.24
1.22,-1.15,9.55,31.23
1.68,-0.85,11.36,31.29
6.35,0.77,9.44,31.23
7.51,0.39,6.86,31.25
1.04,0.69,6.8,31.24
0.57,-0.6,8.18,31.29
2.55,-0.52,10.68,31.23
0.7,-0.62,11.3,31.25
2.43,-1.22,8.46,31.25
1.42,-2.47,8.46,31.29
-1.69,-2.49,10.37,31.28
0.95,-1.3,11.8,31.21
5.15,-1.07,10.88,31.26
6.67,-0.53,8.72,31.22
2.14,-1.37,8.15,31.24
-0.85,-0.75,9.65,31.25
1.27,-0.26,10.64,31.19
3.27,-0.17,11.06,31.23
6.28,-0.28,8.26,31.25
3.09,-0.84,8.01,31.23
-3.39,-0.79,9.81,31.26
-1.67,-0.2,10.17,31.28
2.04,-1.39,11.88,31.22
2.47,-0.99,8.29,31.22
-0.47,-1.77,8.77,31.24
-2.25,-1.65,10.54,31.29
-1.01,-0.29,10.82,31.24
3.25,0.23,11.63,31.22
6.71,-1.55,9.58,31.19
1.03,-0.55,8.3,31.26
-0.94,-1.86,10.06,31.26
-0.47,-1.37,12.33,31.2
2.65,0.13,9.87,31.22
5.36,-1.46,8.74,31.23
-3.57,-3.24,11.92,31.22
-2.6,-1.85,11.94,31.23
1.2,0.75,10.07,31.23
3.48,-0.41,8.73,31.22
0.94,-0.58,7.83,31.22
-2.44,-2.32,10.5,31.21
-3.67,-2.18,11.25,31.22
0.91,0.14,9.8,31.24
6.52,-0.91,9.16,31.2
6.69,-0.19,8.12,31.21
2.75,-0.62,7.31,31.2
-0.89,-2.39,11.51,31.24
1.73,-1.73,11.21,31.24
4.95,1.12,9.15,31.24
7.03,0.41,7.18,31.19
0.18,-0.58,7.5,31.2
-1.22,-0.53,9.36,31.26
1.88,0.02,10.04,31.26
3.52,1.36,8.51,31.26
5.77,0.74,7.05,31.27
1.74,0.15,6.05,31.21
-2.33,-0.26,10.04,31.24
-0.45,-0.15,10.19,31.24
2.12,0.12,9.1,31.22
5.0,0.28,7.04,31.2
0.21,-0.1,6.97,31.3
-2.56,-0.58,10.14,31.22
0.26,-0.79,11.34,31.27
2.99,1.01,8.42,31.25
4.61,-0.35,7.11,31.21
-1.31,0.4,6.93,31.24
-4.07,-0.31,9.7,31.24
-0.99,-0.15,11.69,31.21
3.86,0.59,9.06,31.25
5.51,0.03,6.62,31.23
-0.49,-0.06,5.85,31.2
-3.71,0.52,8.55,31.28
0.12,-0.89,10.95,31.24
4.84,1.7,8.01,31.26
2.14,0.26,7.1,31.25
2.55,0.85,9.07,31.24
5.61,0.38,9.28,31.24
6.58,1.21,5.81,31.27
4.16,-1.13,6.26,31.25
-1.72,0.12,8.87,31.23
-0.99,0.65,10.1,31.23
5.23,1.07,9.02,31.22
4.86,0.42,6.57,31.26
1.25,-0.56,7.56,31.26
-0.38,-0.16,9.22,31.26
2.72,-0.14,9.67,31.26
5.4,0.49,9.37,31.26
5.14,0.18,7.21,31.24
1.09,0.11,6.94,31.24
-1.93,-0.18,8.66,31.23
1.59,-0.29,10.62,31.26
5.71,-0.79,10.44,31.25
3.09,-0.16,7.07,31.27
-1.3,1.11,6.64,31.22
-3.47,-0.72,9.2,31.29
-1.03,-0.28,10.82,31.26
4.59,-0.1,9.62,31.2
2.22,0.03,7.28,31.24
-2.05,-0.44,7.78,31.26
-2.06,-1.48,9.89,31.25
0.89,-0.86,11.46,31.25
3.72,-0.4,10.18,31.22
4.3,-1.01,8.51,31.22
0.91,-1.7,7.93,31.24
-3.8,-1.48,10.3,31.26
-1.54,-1.57,12.69,31.26
3.23,-0.57,10.48,31.26
4.51,-0.49,7.4,31.25
0.54,-1.95,8.63,31.22
-3.03,-0.91,9.95,31.24
1.12,-0.9,10.49,31.25
3.7,-1.4,11.29,31.22
3.31,-0.32,7.96,31.21
-0.94,-1.19,8.3,31.26
-2.82,-1.33,11.09,31.22
1.43,0.25,11.3,31.27
6.25,-0.36,10.61,31.25
5.16,0.25,7.68,31.23
-0.76,-0.85,7.74,31.23
-3.41,-2.41,10.7,31.27
-0.45,-0.44,11.65,31.22
4.99,-0.09,10.67,31.23
7.08,-0.84,7.6,31.24
-1.43,-1.36,7.74,31.26
-0.75,-1.78,10.53,31.21
1.69,-0.92,11.85,31.22
2.43,0.0,9.87,31.25
4.5,-0.26,7.78,31.27
-1.09,-3.31,10.08,31.28
-1.73,-2.85,11.37,31.25
2.05,-0.78,11.74,31.23
3.97,0.44,9.18,31.26
-2.0,-2.18,11.48,31.24
1.72,0.5,10.14,31.28
3.24,1.07,8.79,31.2
2.89,-0.38,8.44,31.21
-1.52,-1.52,8.54,31.22
-2.67,-1.23,10.01,31.22
0.46,-0.87,11.27,31.19
3.86,1.22,7.76,31.24
7.34,0.57,8.3,31.26
2.73,-0.23,6.7,31.22
-3.95,-1.22,9.81,31.26
-1.03,-1.71,11.72,31.24
1.37,-0.41,11.95,31.25
3.98,0.88,8.14,31.25
1.22,-1.13,8.62,31.25
-4.51,-1.3,10.03,31.21
1.07,-0.52,11.02,31.22
4.3,0.03,10.74,31.25
3.51,0.42,6.88,31.22
0.81,-2.15,8.25,31.28
-3.26,-2.97,11.29,31.25
0.62,-2.06,11.87,31.27
3.99,-0.41,10.34,31.29
5.04,0.17,7.05,31.23
1.16,-1.17,8.16,31.23
-3.4,-1.7,10.03,31.24
-0.47,-1.74,11.92,31.24
3.28,-0.09,10.42,31.23
5.35,0.83,7.39,31.24
4.25,-1.24,7.22,31.22
-1.16,-1.17,9.37,31.23
0.45,-0.7,10.47,31.27
3.69,1.19,9.25,31.22
4.42,-0.53,8.01,31.27
-0.0,-0.68,7.35,31.26
-4.64,-1.33,9.16,31.25
-1.5,-1.49,12.83,31.24
3.3,-0.17,9.94,31.2
4.77,0.97,6.59,31.26
-0.4,-1.94,11.42,31.23
-1.2,-0.48,10.61,31.26
2.28,0.88,9.48,31.25
5.03,-0.06,8.42,31.24
3.92,0.45,6.2,31.23
-0.36,-0.61,8.64,31.22
-1.94,-0.1,10.82,31.25
5.09,2.1,8.09,31.24
8.08,1.3,7.48,31.22
0.45,-0.37,4.95,31.26
-5.2,0.22,7.55,31.24
-1.09,-0.88,10.93,31.23
0.84,0.53,9.48,31.23
3.32,1.01,6.78,31.21
2.98,-0.51,6.09,31.28
-4.08,-1.07,9.05,31.23
-1.39,-2.83,12.45,31.25
4.0,-0.63,10.4,31.22
4.65,0.06,7.05,31.24
-0.04,-0.52,7.95,31.25
-3.81,-1.62,10.24,31.25
0.9,-1.65,11.74,31.21
4.34,0.7,9.56,31.21
2.26,1.87,5.93,31.24
0.06,0.2,6.98,31.25
-5.44,-1.56,10.15,31.23
-1.83,-0.38,10.97,31.26
1.8,0.53,10.57,31.23
3.92,-0.79,8.48,31.25
1.25,-0.71,6.62,31.23
-1.21,-0.86,9.01,31.22
0.1,-0.8,12.05,31.21
2.44,0.42,9.54,31.24
4.79,-0.4,6.92,31.22
0.96,-0.26,7.04,31.22
-3.09,-0.8,8.79,31.24
0.71,-0.26,11.02,31.24
3.34,-0.61,9.86,31.23
3.11,0.63,6.58,31.27
0.8,-1.36,8.42,31.23
-2.55,-2.27,11.34,31.23
0.74,-0.85,10.98,31.22
3.95,-0.7,10.37,31.25
4.03,-0.24,7.94,31.24
1.8,-1.42,8.31,31.24
-2.28,-1.74,10.63,31.27
-1.12,-0.34,11.17,31.27
4.63,0.18,9.92,31.25
3.61,-0.83,7.95,31.23
-0.97,-2.01,8.23,31.24
-1.43,-2.29,11.18,31.23
-0.43,-1.81,12.18,31.26
4.27,-1.23,10.6,31.21
5.15,-2.64,8.8,31.25
-0.06,-2.09,9.13,31.22
-0.26,-1.48,9.95,31.25
3.49,-1.65,11.83,31.29
4.72,-0.68,10.12,31.24
4.18,-0.26,7.68,31.25
1.53,0.42,9.29,31.19
3.14,0.72,7.86,31.22
-0.32,-1.9,8.9,31.22
-4.07,-2.96,11.92,31.24
-1.05,-1.1,11.66,31.23
-0.15,1.65,9.73,31.25
1.71,-0.11,8.27,31.25
4.64,-1.68,8.81,31.27
-2.89,-2.42,11.5,31.24
-1.37,-0.87,11.0,31.24
1.21,0.91,10.8,31.21
3.41,-0.67,9.92,31.21
2.89,-0.32,7.99,31.22
0.04,-2.29,9.59,31.21
-1.27,-2.16,11.73,31.24
1.17,-0.03,10.26,31.2
6.15,1.24,7.34,31.24
3.21,-1.01,7.9,31.25
-3.76,-2.08,9.92,31.24
-1.1,-2.35,11.87,31.23
2.59,0.44,10.08,31.27
3.97,0.45,7.48,31.19
3.92,-0.92,8.26,31.23
-0.42,-0.8,8.38,31.25
0.31,-0.98,11.03,31.21
2.99,0.39,10.58,31.22
4.38,1.32,7.17,31.21
4.48,0.27,5.71,31.26
-1.42,-0.07,7.87,31.24
-1.7,-0.61,10.91,31.23
2.96,0.74,9.47,31.22
4.27,0.19,7.93,31.25
2.14,-0.28,6.78,31.24
-1.92,-1.22,8.69,31.25
-1.28,-1.72,11.44,31.2
1.77,1.02,9.5,31.2
4.47,0.2,7.77,31.22
2.21,0.55,6.4,31.22
-2.92,-0.88,8.19,31.25
5.55,-0.55,8.07,31.24
5.49,1.38,6.61,31.26
2.01,-0.67,6.61,31.24
-0.83,-0.43,8.75,31.19
-0.0,-0.1,10.78,31.28
4.02,1.23,9.17,31.24
4.36,0.73,7.08,31.24
2.7,-0.33,6.56,31.27
-0.17,-1.84,10.32,31.2
0.85,-1.93,11.65,31.27
4.67,-0.51,9.93,31.24
3.2,-0.29,7.98,31.21
0.69,-0.75,6.75,31.22
-0.85,-0.46,9.07,31.22
0.15,-1.71,12.29,31.21
3.97,-1.37,11.54,31.21
4.01,-1.3,8.21,31.26
1.61,-2.12,8.97,31.25
-0.24,-2.02,10.34,31.21
2.1,-1.71,11.67,31.26
5.49,-1.33,8.42,31.26
-0.68,-1.29,8.7,31.24
-0.6,-2.18,11.33,31.24
1.11,-0.94,11.85,31.25
6.23,-0.01,9.25,31.26
6.27,-0.24,7.58,31.24
-1.48,-1.35,8.57,31.24
-0.9,-1.46,11.05,31.22
2.69,0.44,11.08,31.23
5.71,1.08,8.52,31.25
4.9,-1.03,7.24,31.25
-1.71,-2.36,9.84,31.26
-1.65,-1.76,11.13,31.29
1.58,-0.22,11.04,31.21
1.97,1.18,8.2,31.24
0.49,-0.04,7.31,31.24
-4.35,-1.64,9.54,31.25
-1.52,-1.71,11.25,31.26
3.53,-0.13,10.37,31.23
2.6,0.86,9.01,31.25
4.39,-0.25,8.79,31.24
1.17,-1.57,8.4,31.24
-2.91,-2.36,10.44,31.27
-1.24,0.15,10.36,31.24
2.75,0.83,10.2,31.24
6.61,1.02,7.57,31.21
2.86,-0.56,7.08,31.24
-2.2,-1.41,9.87,31.19
-2.6,0.03,10.57,31.22
0.26,1.91,10.01,31.24
3.07,0.2,8.61,31.26
0.91,-0.57,7.28,31.23
-1.41,-1.28,9.52,31.22
-2.09,-1.06,11.14,31.23
2.0,-0.22,11.04,31.26
4.46,-0.77,8.87,31.24
1.37,-0.73,7.14,31.25
-2.86,-2.35,10.5,31.23
-2.7,-1.35,11.17,31.21
2.69,0.38,5.11,31.3
-0.78,-1.09,7.6,31.26
-6.05,-1.49,10.72,31.24
-0.17,0.35,10.35,31.23
3.82,0.98,9.16,31.19
3.84,0.01,6.59,31.25
0.69,0.23,6.7,31.28
-2.76,-1.51,9.75,31.26
-2.81,-1.2,11.46,31.25
5.34,0.66,8.62,31.26
3.97,0.16,7.29,31.22
2.23,0.64,6.52,31.22
-1.95,-0.78,8.0,31.23
-3.29,-0.63,10.55,31.25
0.13,0.23,10.15,31.25
4.35,0.3,6.74,31.24
1.51,-0.26,7.12,31.24
-4.08,-1.9,9.51,31.23
-0.71,-2.88,12.6,31.23
0.85,-0.28,10.61,31.23
2.72,0.63,10.14,31.19
5.97,0.86,7.4,31.27
3.04,0.87,5.43,31.22
-2.39,-0.53,8.66,31.24
0.53,-0.98,10.32,31.25
2.53,0.93,9.54,31.24
4.54,0.89,7.87,31.21
0.5,0.11,7.17,31.23
-3.01,-0.61,9.31,31.22
-0.72,-0.66,10.61,31.24
1.73,0.49,10.1,31.24
3.96,1.27,7.37,31.22
1.31,-0.2,6.18,31.22
-6.05,-1.77,10.03,31.24
-2.68,-1.73,11.75,31.26
1.1,0.66,11.42,31.23
2.24,0.63,7.7,31.25
-0.21,-0.21,7.62,31.24
-3.55,-2.82,11.11,31.25
6.21,-0.12,8.31,31.24
4.51,0.77,6.0,31.26
1.33,-0.18,6.28,31.21
-4.72,-1.34,10.16,31.25
-1.08,-0.05,11.15,31.19
5.28,-0.4,9.32,31.24
4.68,-0.22,6.68,31.24
2.87,-0.24,6.54,31.18
-0.29,-1.12,10.17,31.21
1.58,-0.07,11.05,31.27
4.07,-0.47,9.14,31.27
5.26,-0.35,6.79,31.24
3.88,-1.03,7.02,31.24
-0.69,-1.18,9.09,31.23
2.09,-1.3,11.73,31.28
7.27,-1.2,9.95,31.24
6.18,-0.3,7.13,31.24
3.51,-1.46,8.75,31.24
0.23,-1.08,9.56,31.23
2.99,1.36,9.81,31.29
7.36,0.69,9.11,31.23
7.98,1.01,6.42,31.25
3.56,-0.28,6.24,31.23
0.16,-0.19,9.95,31.23
2.57,0.0,10.56,31.26
7.72,1.16,8.38,31.28
5.75,0.36,6.87,31.22
1.36,-0.26,7.62,31.26
-0.64,-0.04,8.91,31.25
0.32,-1.17,11.46,31.27
4.82,0.78,8.66,31.19
5.21,0.34,6.64,31.24
2.28,-0.89,8.96,31.25
0.04,-1.27,10.83,31.24
3.41,-1.39,11.2,31.24
4.54,-0.1,9.87,31.24
3.9,-0.77,7.92,31.24
0.49,-2.49,9.75,31.25
-1.29,-1.62,10.2,31.25
-3.56,-0.21,8.42,31.22
-4.08,-0.73,10.26,31.26
1.38,-0.19,11.45,31.26
3.55,-0.53,9.67,31.24
5.0,0.19,5.84,31.22
-0.4,0.06,7.08,31.21
-3.23,-0.06,10.13,31.24
1.94,-0.42,11.3,31.22
7.0,-0.87,9.55,31.24
5.0,-0.75,6.68,31.23
-1.2,-0.51,7.27,31.21
-2.1,-0.17,9.83,31.26
0.56,-0.56,10.87,31.24
3.95,1.27,7.43,31.23
3.89,-1.12,7.06,31.24
-2.23,-1.27,9.09,31.23
-1.77,-2.85,12.34,31.25
1.47,-1.43,12.05,31.22
2.16,1.05,7.79,31.24
4.53,-0.9,7.25,31.27
0.74,-0.96,9.04,31.24
-0.51,-0.62,10.51,31.24
2.56,-0.9,11.43,31.22
3.33,-0.82,8.71,31.26
4.86,-1.34,7.3,31.25
1.41,-1.71,8.92,31.28
-0.67,-1.98,11.11,31.24
3.23,-0.56,11.42,31.23
4.38,-0.68,8.93,31.22
4.02,0.4,6.24,31.24
4.25,-1.07,7.01,31.27
-0.96,-0.18,8.91,31.28
3.16,0.02,10.38,31.22
5.07,1.17,8.91,31.24
3.65,2.3,6.04,31.2
2.88,-0.02,6.11,31.26
-0.45,0.74,7.94,31.26
0.26,-0.18,9.66,31.24
6.87,2.25,7.18,31.26
2.66,-1.59,10.69,31.27
3.22,-0.44,11.37,31.26
7.28,0.01,8.79,31.24
5.94,0.12,7.96,31.22
1.24,-0.86,8.23,31.26
-0.79,0.75,9.09,31.22
2.15,0.74,9.67,31.22
3.38,1.17,8.34,31.22
1.88,0.46,7.04,31.26
-1.61,-0.35,8.33,31.23
-1.03,-0.59,10.13,31.25
2.12,0.67,9.99,31.22
4.39,0.74,9.44,31.23
2.39,-0.86,8.0,31.19
-3.65,-2.04,10.3,31.24
-1.8,-1.93,10.85,31.3
2.1,0.84,10.7,31.22
2.81,0.79,8.69,31.24
2.64,0.0,7.59,31.23
-2.6,-1.91,9.51,31.25
0.36,-0.8,9.56,31.24
1.85,-1.62,11.24,31.23
6.0,0.34,10.48,31.2
7.2,0.08,7.5,31.26
5.8,-1.47,7.19,31.3
3.27,-1.66,9.23,31.23
3.32,-1.6,10.74,31.26
5.72,1.38,9.65,31.25
5.63,0.44,7.66,31.25
3.96,-0.19,6.96,31.24
1.44,-1.07,8.88,31.23
1.46,-1.32,10.61,31.23
5.7,0.58,10.61,31.22
7.52,2.22,6.89,31.23
3.96,1.14,6.77,31.21
0.14,-1.9,9.21,31.26
0.73,-0.57,10.23,31.24
2.17,-1.87,11.56,31.26
4.61,0.75,8.01,31.25
3.97,-0.35,6.94,31.25
-0.82,-0.4,7.85,31.26
-1.58,-0.59,9.97,31.24
1.73,0.06,10.19,31.25
4.34,1.15,8.49,31.24
1.97,-0.34,7.03,31.24
-1.15,-1.09,9.55,31.25
-0.33,-0.54,10.61,31.31
3.53,0.19,10.16,31.24
4.34,0.83,8.3,31.26
0.03,-0.47,7.55,31.23
-4.43,-1.4,9.48,31.24
-2.65,0.01,9.84,31.24
1.71,1.72,10.26,31.27
4.68,0.11,8.78,31.26
1.27,-1.89,8.38,31.26
-4.66,-2.3,10.13,31.24
-3.95,-0.96,10.92,31.25
0.11,0.09,12.31,31.24
4.2,-1.48,9.89,31.24
4.19,-1.18,6.54,31.2
-0.93,0.57,5.88,31.25
-3.24,-0.41,8.66,31.26
1.61,-0.57,11.48,31.25
4.51,1.0,8.07,31.29
5.27,-0.3,6.42,31.27
0.45,-0.92,6.94,31.25
-2.23,-1.06,9.6,31.27
3.21,-1.37,12.13,31.2
5.26,-0.77,9.15,31.28
5.25,0.59,6.05,31.23
1.3,-1.81,8.3,31.25
-2.44,-1.42,10.83,31.25
3.42,-0.44,11.2,31.28
5.17,-0.37,9.8,31.24
3.65,-0.22,7.04,31.25
2.75,-1.96,7.92,31.26
1.21,-0.5,9.56,31.25
3.53,-0.93,11.84,31.26
8.48,-1.03,9.91,31.27
6.3,-1.15,7.7,31.22
2.93,-1.69,8.83,31.23
-1.24,-2.56,11.63,31.26
2.16,-0.96,11.71,31.3
8.09,-0.29,9.54,31.23
3.81,-0.22,7.23,31.27
-1.13,-1.12,8.52,31.27
-0.49,-1.92,10.95,31.25
1.39,-2.17,12.56,31.24
4.41,-1.02,10.14,31.3
6.11,-1.2,8.97,31.25
2.74,-1.84,8.76,31.27
1.33,-2.14,9.96,31.27
3.36,-1.18,11.21,31.23
6.56,1.31,9.57,31.27
7.73,1.23,7.23,31.22
4.49,-0.62,7.34,31.23
-0.02,-1.11,8.9,31.23
2.61,-1.01,10.84,31.24
5.56,-0.13,10.5,31.25
7.01,0.86,7.49,31.24
4.1,-0.6,6.55,31.25
-0.57,-1.22,8.87,31.23
0.06,-0.89,11.15,31.27
3.89,-0.4,9.99,31.24
6.07,-0.64,8.85,31.26
0.26,-0.31,7.12,31.22
-1.33,-1.16,9.94,31.24
0.71,-1.95,11.19,31.26
3.96,-0.82,10.54,31.27
7.57,-1.28,8.75,31.23
2.02,-1.95,8.11,31.23
-2.49,-2.79,10.32,31.27
1.47,-1.76,11.01,31.26
4.25,-0.55,10.56,31.22
5.69,-0.45,8.18,31.25
0.86,-1.51,8.12,31.25
-0.37,-1.46,10.07,31.26
0.93,-0.29,10.35,31.25
4.33,-0.94,10.69,31.28
6.74,-1.36,8.43,31.23
3.0,-2.29,9.36,31.23
0.54,-2.16,10.94,31.26
2.49,-1.4,10.54,31.26
3.88,0.57,9.72,31.22
3.39,-0.44,8.44,31.23
0.11,-1.79,8.68,31.26
-0.78,-2.29,11.01,31.23
0.6,-1.86,11.06,31.25
2.5,1.31,9.79,31.25
5.95,-1.07,9.0,31.24
0.75,-1.85,8.03,31.27
-3.08,-1.59,9.84,31.24
1.57,-0.57,10.21,31.2
2.93,0.71,9.46,31.24
2.1,0.57,7.77,31.24
-0.96,-1.29,7.29,31.23
-4.46,-1.51,10.86,31.22
-0.87,-1.0,10.94,31.23
1.65,1.47,9.02,31.2
3.74,0.62,7.2,31.22
-1.88,0.93,6.32,31.22
-6.53,-1.76,10.74,31.22
-2.52,-1.39,11.48,31.21
2.16,1.07,9.47,31.21
1.91,0.9,6.81,31.24
-4.27,0.53,6.97,31.24
-5.7,-1.7,11.33,31.22
-1.28,-0.98,12.08,31.24
4.13,1.79,8.2,31.23
3.58,0.69,6.56,31.28
-1.69,-0.84,7.04,31.24
-3.55,-2.27,10.68,31.24
-0.47,-1.89,12.15,31.26
1.74,0.8,8.47,31.24
2.94,0.16,7.03,31.24
-1.42,-0.82,7.57,31.22
-4.05,-0.79,9.79,31.24
0.57,-1.69,11.36,31.2
2.62,0.58,9.23,31.23
2.48,0.19,6.79,31.23
0.27,-1.43,7.99,31.25
-1.33,-1.44,10.64,31.24
1.69,-1.83,11.91,31.27
3.89,0.19,9.05,31.28
3.54,-0.8,6.76,31.22
0.47,-1.27,7.75,31.26
-4.4,-1.58,11.28,31.27
1.66,-0.52,11.21,31.24
7.81,0.28,9.39,31.22
7.62,-0.9,6.47,31.24
3.45,-0.66,7.72,31.23
1.51,-1.08,10.53,31.26
4.85,0.24,10.99,31.24
7.9,1.7,7.38,31.27
4.51,0.58,6.47,31.2
0.5,-0.19,8.17,31.22
0.22,-1.19,9.5,31.27
1.44,-0.55,11.22,31.26
1.27,-0.3,8.7,31.27
2.09,0.33,7.21,31.25
0.01,-1.07,8.25,31.21
0.19,-0.09,9.6,31.26
2.71,-0.26,11.08,31.25
3.68,0.34,8.49,31.22
3.12,-0.35,7.35,31.24
-0.14,-1.94,9.47,31.27
-0.79,-1.11,10.39,31.27
2.48,-1.49,11.66,31.24
4.85,-1.0,9.91,31.26
3.49,-1.78,8.96,31.27
4.59,-0.84,7.47,31.28
2.72,-0.39,8.38,31.25
4.1,-1.11,10.99,31.24
7.57,0.99,10.0,31.21
8.19,-1.05,8.64,31.19
1.13,-2.13,9.31,31.24
0.64,-1.27,8.99,31.19
1.65,-0.74,10.35,31.24
4.22,0.04,10.29,31.24
4.75,-0.02,7.79,31.24
1.49,-0.67,7.09,31.25
-1.41,-0.69,8.64,31.24
1.08,-0.59,10.3,31.22
3.4,-0.69,10.9,31.25
5.14,-1.17,8.77,31.18
1.29,-0.57,7.12,31.26
-1.06,-1.67,10.0,31.23
2.31,-2.02,11.61,31.26
4.4,-1.62,11.42,31.26
5.32,-0.4,7.28,31.24
0.61,-2.02,8.95,31.25
-2.35,-2.61,10.72,31.26
2.15,0.04,9.62,31.29
4.36,-0.11,10.35,31.27
4.88,-0.32,8.12,31.24
-0.07,-0.84,8.58,31.27
-1.07,-2.17,10.89,31.22
-0.65,-0.65,11.59,31.27
3.74,0.6,9.84,31.25
6.49,-0.46,8.77,31.21
0.61,-1.32,8.72,31.25
-1.78,-2.18,10.97,31.24
0.26,-1.04,11.12,31.22
1.55,0.92,9.69,31.25
2.48,-0.64,8.84,31.27
-1.03,-2.63,9.4,31.24
-1.87,-1.59,10.09,31.22
0.43,-1.0,10.77,31.19
3.02,1.19,9.07,31.24
5.94,-0.22,7.76,31.23
1.12,-2.05,8.54,31.26
-0.54,-1.5,10.07,31.23
0.98,0.81,10.1,31.26
1.29,1.49,9.72,31.27
5.9,-0.16,7.41,31.23
-5.05,-0.81,8.42,31.26
-1.66,-1.74,11.31,31.24
3.17,-1.29,12.15,31.25
3.97,-0.27,9.08,31.24
1.34,-0.32,7.6,31.22
-2.48,-2.0,9.7,31.22
-0.95,-2.29,12.32,31.26
2.82,-0.47,10.86,31.26
4.38,0.35,8.34,31.24
1.08,-0.76,7.56,31.26
-2.86,-0.75,8.73,31.27
-0.45,-2.15,11.81,31.24
1.68,0.1,10.43,31.27
4.16,1.13,7.58,31.23
3.18,-0.81,7.34,31.26
-2.55,-1.5,9.35,31.24
-0.4,-1.61,11.73,31.24
3.51,1.19,9.77,31.23
3.92,1.49,6.91,31.23
2.98,0.12,5.94,31.21
4.55,0.35,8.37,31.26
4.49,-0.79,7.71,31.26
1.42,-0.87,8.3,31.3
1.09,-2.29,10.41,31.22
2.6,-0.87,11.09,31.25
4.44,-0.03,9.76,31.27
4.87,-1.0,7.77,31.25
3.14,-1.58,8.46,31.23
0.74,-1.38,9.97,31.28
2.38,-0.75,11.16,31.25
4.27,0.14,9.83,31.23
5.87,0.7,7.05,31.23
2.21,-0.62,7.72,31.2
-2.1,-0.15,9.84,31.23
2.02,0.73,9.84,31.21
4.7,0.11,9.44,31.22
2.32,0.02,7.36,31.24
-1.45,-1.52,8.83,31.25
0.25,-1.98,10.01,31.26
0.8,-0.01,10.95,31.22
2.13,0.34,9.45,31.25
3.62,-1.08,8.68,31.22
-1.69,-2.11,8.65,31.28
-0.53,-1.96,10.03,31.24
2.82,-0.56,10.77,31.24
5.55,0.67,8.87,31.28
4.76,-0.42,8.16,31.28
-1.72,-2.29,9.04,31.26
-1.04,-2.07,10.65,31.24
1.14,-0.2,10.09,31.24
3.59,0.55,8.83,31.24
3.91,-0.46,8.12,31.26
-0.46,-0.2,7.62,31.22
-1.65,0.0,10.09,31.21
1.01,-0.52,10.33,31.24
4.84,2.11,7.58,31.18
5.1,0.36,6.95,31.26
2.46,0.31,6.66,31.18
-2.63,-1.16,9.3,31.23
-0.28,-1.05,9.55,31.25
-0.03,-1.47,10.51,31.25
1.66,-0.38,10.75,31.23
4.9,0.17,9.01,31.22
3.22,-0.81,7.86,31.29
-0.47,-1.07,8.73,31.22
0.7,-1.04,10.29,31.25
3.45,-1.62,11.86,31.28
4.96,0.09,8.52,31.21
3.55,-0.28,7.53,31.27
-1.19,-1.7,8.72,31.25
-2.1,-0.0,9.54,31.25
2.63,-1.13,12.33,31.27
4.4,0.91,8.97,31.29
1.12,0.23,6.52,31.24
-1.59,-1.7,9.71,31.2
-1.81,-2.56,11.89,31.23
2.49,-0.9,11.11,31.2
6.2,-0.86,9.91,31.25
3.45,-1.3,8.11,31.26
3.4,0.9,7.21,31.25
4.45,0.14,6.64,31.23
-0.36,-0.56,7.65,31.24
0.45,-0.46,9.83,31.28
3.71,0.12,10.02,31.21
3.84,2.09,8.42,31.24
3.05,-1.13,7.35,31.24
-1.58,-1.08,8.76,31.31
-1.5,-2.15,11.04,31.24
3.95,0.11,10.37,31.24
6.56,1.02,8.08,31.22
4.85,-1.22,7.12,31.24
-0.47,-1.24,8.71,31.23
-0.39,-1.04,11.01,31.26
6.12,-0.27,10.76,31.25
7.0,1.08,7.54,31.26
5.02,-0.11,6.64,31.26
2.34,-0.57,8.48,31.22
1.99,-0.33,10.27,31.23
3.14,-2.78,8.14,31.26
1.79,-0.64,7.12,31.26
0.74,-1.32,9.8,31.26
3.17,-1.02,11.04,31.22
6.63,1.13,8.64,31.19
3.29,0.16,6.93,31.24
-1.13,-0.36,8.97,31.19
-0.39,-1.88,10.24,31.22
3.27,0.78,9.68,31.22
4.7,0.15,9.58,31.24
3.12,-0.02,7.94,31.26
1.27,-1.64,8.66,31.25
-1.77,-1.28,10.63,31.22
-1.15,0.92,10.25,31.21
4.55,1.36,9.22,31.23
3.06,0.29,8.1,31.25
-2.33,-0.13,7.89,31.26
0.16,-1.43,10.65,31.24
3.27,-0.14,10.57,31.22
5.31,0.3,9.12,31.24
-1.79,-0.15,7.84,31.23
-1.72,-1.05,9.48,31.24
-0.71,-2.09,12.2,31.24
2.66,-0.9,11.32,31.28
4.3,-0.25,9.18,31.24
-0.17,-1.46,8.84,31.23
-2.0,-2.88,10.67,31.25
-0.84,-1.85,11.12,31.23
2.67,-0.3,10.79,31.23
4.73,-1.62,9.81,31.25
0.6,-2.6,8.83,31.25
-2.03,-2.28,10.49,31.27
1.27,-1.19,10.96,31.21
3.11,1.94,9.34,31.2
5.5,1.47,7.59,31.24
-0.44,-0.68,7.31,31.27
-4.79,-1.77,10.44,31.28
-0.92,-0.76,11.37,31.24
3.02,0.47,10.23,31.22
3.76,0.17,8.02,31.26
-0.38,-0.68,7.21,31.21
-3.57,-2.56,10.55,31.29
-0.92,-0.92,10.64,31.22
2.09,1.72,8.95,31.23
4.42,0.39,7.47,31.21
-0.66,-0.76,7.33,31.23
-3.54,-1.49,9.72,31.22
-0.2,-0.17,10.02,31.21
-0.18,0.98,9.43,31.26
3.36,-0.03,7.75,31.24
-0.2,-0.57,7.0,31.22
-5.04,-1.14,9.58,31.24
-2.0,-2.15,12.58,31.23
0.33,-1.42,12.03,31.25
5.43,-0.1,7.3,31.26
1.18,0.16,6.11,31.22
-2.76,-1.85,10.53,31.29
-1.29,-1.61,11.83,31.22
5.04,0.35,9.61,31.26
5.39,-0.38,6.74,31.26
2.92,-0.23,6.82,31.28
-3.66,-1.13,8.17,31.21
-2.19,-1.96,11.29,31.24
3.82,0.05,10.19,31.24
5.78,-0.11,7.58,31.27
6.07,-0.07,5.92,31.22
-0.06,-0.81,7.52,31.21
-2.7,-2.06,10.73,31.23
3.24,1.49,8.67,31.27
4.52,1.19,7.42,31.24
2.29,0.46,5.98,31.25
-3.9,-0.29,7.79,31.33
-1.96,-1.0,10.57,31.24
-0.15,-1.35,10.83,31.22
3.0,0.15,7.6,31.22
3.43,0.11,6.23,31.27
-1.41,-0.67,8.28,31.23
-1.41,-0.8,10.4,31.24
3.62,-0.6,9.94,31.25
6.55,0.41,7.82,31.29
3.09,-0.59,7.39,31.22
0.05,-1.19,8.14,31.25
1.48,-1.91,10.76,31.24
4.67,-0.29,10.43,31.23
6.31,0.04,8.21,31.21
3.69,-1.4,7.21,31.23
-0.74,-1.74,8.73,31.22
0.36,-1.82,11.73,31.23
6.46,-1.09,10.79,31.25
7.24,0.84,8.17,31.21
3.94,-0.71,6.83,31.22
0.57,-1.48,9.17,31.23
1.56,-1.56,10.94,31.28
6.68,0.19,10.31,31.24
8.68,2.11,6.83,31.24
4.33,-0.25,5.72,31.26
0.69,-0.08,7.01,31.24
2.65,-1.14,10.74,31.24
0.29,-0.22,7.44,31.24
1.15,-1.15,8.44,31.24
-1.66,-1.5,10.84,31.23
2.51,-0.1,10.41,31.23
8.49,-0.33,9.26,31.24
4.38,0.01,7.53,31.24
0.35,-0.28,8.31,31.24
-1.06,-1.36,10.11,31.28
0.96,-0.85,12.0,31.24
5.24,0.03,9.56,31.22
3.71,0.61,7.24,31.26
-1.08,-1.4,9.37,31.25
-2.41,-1.63,10.84,31.26
0.63,-0.59,11.36,31.24
4.13,0.68,9.84,31.23
1.72,0.27,7.75,31.29
-3.06,-1.55,9.7,31.24
-0.97,-1.76,11.05,31.23
3.27,-0.45,10.83,31.24
6.45,0.7,8.66,31.26
4.69,-0.31,7.41,31.25
-1.84,-2.19,8.95,31.29
-0.59,-1.58,10.81,31.21
1.62,-0.19,10.62,31.26
3.53,0.91,8.98,31.24
1.98,0.89,7.12,31.28
-3.09,-0.46,8.25,31.27
-1.67,-1.01,10.14,31.25
1.15,1.19,9.56,31.24
3.01,1.58,8.82,31.29
2.0,-0.25,8.11,31.24
-5.11,-1.32,8.87,31.27
-4.14,-2.27,12.08,31.24
0.85,0.04,10.82,31.24
3.19,2.1,6.91,31.28
3.19,-0.26,6.72,31.22
-3.25,-0.53,8.7,31.29
-2.54,-1.13,11.25,31.29
3.22,-0.1,10.06,31.26
-0.29,-1.76,9.79,31.23
0.15,-0.29,8.72,31.29
2.1,-0.72,10.67,31.21
3.84,0.54,8.68,31.27
5.07,-0.81,6.48,31.24
2.29,-1.36,6.81,31.29
-0.85,-0.79,8.88,31.2
3.89,0.43,10.32,31.25
9.13,0.61,7.94,31.24
4.85,0.28,6.3,31.27
1.94,0.07,5.94,31.28
-1.32,-1.05,10.22,31.27
1.77,-0.62,11.43,31.21
7.66,0.66,7.39,31.25
8.26,1.17,5.87,31.27
4.7,-0.17,6.27,31.21
0.14,0.88,7.32,31.24
2.12,0.99,8.93,31.29
3.4,1.46,9.38,31.27
3.86,1.65,6.8,31.24
3.02,-1.13,7.26,31.25
-0.08,-0.85,8.25,31.28
0.07,0.07,9.45,31.22
6.25,0.72,9.16,31.23
6.25,1.29,6.92,31.23
0.26,-1.22,8.64,31.22
-0.16,-1.37,9.05,31.24
0.14,-0.56,10.59,31.23
3.39,-0.79,10.9,31.24
6.63,0.12,7.38,31.22
5.2,-0.3,6.15,31.29
1.21,-0.52,8.86,31.24
1.32,-1.36,11.05,31.31
6.39,0.85,9.11,31.25
6.34,1.73,6.72,31.27
2.43,-1.22,7.13,31.23
-1.4,-1.45,9.5,31.25
1.42,-1.42,10.6,31.23
4.07,-0.55,10.46,31.25
4.44,0.56,7.12,31.24
-1.08,-1.42,9.35,31.24
-3.54,-1.34,11.0,31.27
-0.38,-0.77,11.56,31.22
4.09,0.26,9.81,31.25
1.41,0.41,6.82,31.23
-1.54,-1.49,9.31,31.22
-0.56,-1.99,11.04,31.24
1.47,0.19,11.17,31.24
4.76,-0.1,10.57,31.22
3.69,-0.63,8.5,31.3
-1.97,-2.14,9.4,31.23
-2.36,-0.83,10.93,31.27
2.91,-0.32,11.45,31.22
4.65,-1.25,10.83,31.24
3.29,-1.38,8.09,31.2
-1.4,-1.59,9.44,31.24
-3.18,-1.13,11.17,31.24
1.06,1.42,9.73,31.26
4.49,1.01,8.82,31.23
2.71,-0.82,8.24,31.22
-4.41,-2.38,10.22,31.21
-2.94,-1.63,10.86,31.23
0.73,-0.39,11.4,31.22
3.09,1.18,8.47,31.21
3.09,-0.74,8.29,31.26
-2.43,-1.94,9.08,31.24
-1.15,-1.55,11.11,31.28
1.33,-0.23,11.12,31.22
4.91,0.76,7.85,31.24
3.35,-0.93,8.18,31.24
-2.2,-2.19,10.33,31.33
-0.88,-2.28,11.94,31.24
2.29,-0.06,10.09,31.24
4.83,1.57,7.01,31.24
3.95,-1.2,7.12,31.23
-2.02,-0.47,7.84,31.26
-1.36,-1.04,11.07,31.23
1.57,0.34,9.56,31.26
3.68,1.99,7.22,31.26
1.69,0.08,6.59,31.22
-3.63,-1.32,8.66,31.23
-2.64,-2.72,12.39,31.24
2.61,-0.68,10.21,31.21
5.26,1.49,7.22,31.26
4.73,0.14,5.97,31.24
0.12,-0.56,8.24,31.26
-0.35,-1.69,11.53,31.26
2.14,1.57,8.86,31.22
3.4,0.94,7.81,31.24
1.28,0.37,6.25,31.23
-5.64,-0.91,8.2,31.26
-2.86,-0.91,11.19,31.2
1.07,0.35,9.65,31.23
1.91,1.79,7.73,31.28
0.69,-0.46,7.54,31.25
-5.17,-1.39,9.32,31.24
-1.71,-1.4,11.32,31.24
2.56,-1.07,10.99,31.26
-2.08,-0.83,9.59,31.23
0.39,-2.03,11.66,31.29
2.7,-0.36,11.03,31.26
2.98,-0.69,8.62,31.23
0.94,-1.77,8.23,31.26
-1.29,-2.09,10.39,31.22
0.12,-1.31,11.83,31.24
4.27,-0.4,10.55,31.23
4.23,-0.34,8.47,31.25
-0.46,-2.83,9.57,31.24
-2.93,-2.24,11.0,31.26
2.05,-0.59,11.23,31.2
5.06,-1.27,11.53,31.22
5.41,0.36,8.13,31.23
4.87,-0.65,7.03,31.27
-1.43,-1.5,10.76,31.26
1.56,0.08,10.07,31.24
7.21,0.45,9.43,31.27
5.8,0.18,7.37,31.27
1.25,0.15,6.82,31.28
6.13,-1.07,10.58,31.29
4.24,0.06,7.86,31.26
3.71,0.06,5.58,31.24
-1.93,-1.55,9.08,31.26
-1.04,-0.1,9.81,31.23
4.01,0.82,9.36,31.21
4.77,0.88,7.61,31.25
1.85,-0.48,7.13,31.28
-3.84,-2.46,10.31,31.25
-1.3,-0.83,10.38,31.23
1.61,0.92,9.98,31.21
4.04,0.72,7.04,31.25
3.67,-1.06,7.18,31.23
-2.49,-1.25,9.98,31.24
-0.46,-0.89,10.85,31.24
2.99,1.66,8.87,31.25
4.58,2.6,5.89,31.23
1.92,0.12,6.6,31.25
-4.92,-1.3,9.51,31.25
-0.34,-0.85,11.23,31.24
2.83,0.4,9.64,31.23
2.88,1.39,6.7,31.22
2.05,0.18,5.93,31.26
-2.9,-0.1,8.6,31.22
-1.79,-1.4,10.73,31.3
1.9,2.11,8.81,31.25
3.11,0.36,7.34,31.29
-0.4,0.46,5.73,31.24
-2.93,-0.56,8.2,31.24
0.41,-2.02,11.78,31.24
3.17,-0.09,9.69,31.24
4.92,-0.53,7.63,31.24
-0.28,-0.45,7.21,31.24
-4.08,-0.43,8.19,31.22
0.72,-1.18,12.03,31.26
4.58,0.16,9.88,31.21
3.72,1.99,5.62,31.22
1.42,-0.33,6.9,31.27
-4.41,-1.03,9.77,31.29
-1.06,-1.87,11.25,31.21
3.93,0.57,8.83,31.27
5.42,-0.18,7.7,31.23
3.02,-0.63,7.02,31.29
0.6,-0.73,8.28,31.21
2.87,-0.79,11.31,31.22
5.32,0.06,9.85,31.21
6.58,0.42,6.88,31.24
3.63,-1.64,7.08,31.25
-0.95,-0.1,8.92,31.24
2.63,0.34,10.42,31.24
6.89,0.67,9.6,31.24
5.95,0.59,6.9,31.27
2.56,-1.16,7.48,31.25
-1.58,-1.43,10.16,31.23
-1.44,-1.35,11.39,31.26
4.63,-0.88,9.9,31.24
5.57,-0.53,8.16,31.26
3.28,-2.0,8.55,31.21
2.02,-1.3,9.61,31.26
2.82,-0.66,11.12,31.22
6.56,1.08,9.57,31.26
7.34,-0.5,8.24,31.23
3.26,-2.19,9.09,31.23
1.27,-1.65,10.01,31.26
5.66,-2.18,11.34,31.24
8.15,1.24,8.77,31.22
7.53,1.19,6.03,31.21
3.49,-1.25,7.67,31.29
-1.39,-0.56,8.83,31.23
3.22,0.8,9.69,31.23
4.36,-0.44,9.9,31.2
3.1,-0.3,7.52,31.26
0.66,-1.56,8.84,31.22
-3.39,-1.7,10.0,31.28
-0.34,-0.09,10.84,31.21
4.15,0.21,9.73,31.26
3.84,-0.06,8.75,31.23
-0.94,-1.25,8.03,31.24
0.04,0.38,7.01,31.27
-2.8,0.35,8.16,31.25
1.24,-0.19,10.83,31.25
5.42,0.91,8.26,31.26
4.55,-0.24,6.98,31.2
-0.02,-1.51,8.95,31.22
-2.89,-0.92,9.77,31.27
0.73,-0.74,10.53,31.23
2.51,0.59,8.54,31.24
2.76,0.31,6.55,31.26
1.37,-1.14,7.9,31.27
-1.46,-1.5,9.96,31.19
1.64,0.33,10.41,31.27
4.12,0.21,9.27,31.25
3.88,-0.45,7.16,31.26
0.89,-1.21,8.51,31.23
0.08,-2.19,10.55,31.22
1.23,0.03,10.39,31.27
4.83,0.13,8.96,31.27
4.53,1.11,6.81,31.27
-2.26,-1.08,11.49,31.26
2.94,-0.58,10.14,31.25
5.29,-0.51,9.56,31.22
1.77,0.56,6.55,31.29
-1.11,-1.85,8.91,31.24
-2.01,-2.23,11.21,31.23
1.41,-0.05,10.53,31.23
3.99,-0.67,9.42,31.23
1.31,-3.09,9.29,31.22
-3.01,-2.96,10.32,31.23
-0.44,-2.92,10.48,31.22
1.53,0.22,10.13,31.21
4.86,-1.39,10.38,31.22
3.51,-2.06,8.74,31.24
-1.48,-2.04,9.72,31.24
0.42,-1.87,10.75,31.24
3.51,-0.81,11.28,31.22
4.24,-0.9,9.39,31.25
4.3,-1.47,8.35,31.27
3.26,1.45,8.77,31.28
3.34,0.24,8.79,31.27
2.4,0.75,6.23,31.24
-2.53,-1.32,8.0,31.23
-2.04,-1.67,11.47,31.25
1.76,-2.49,12.17,31.25
4.04,0.02,9.0,31.23
3.09,-1.54,7.7,31.24
-1.43,-1.73,9.05,31.2
-0.2,-0.86,10.21,31.23
4.25,-1.69,12.08,31.24
5.27,0.64,8.71,31.22
6.85,-0.39,6.82,31.24
0.74,0.22,7.85,31.23
-1.14,-0.37,10.04,31.25
3.76,-1.17,12.06,31.24
5.94,-0.1,8.72,31.26
3.29,-0.03,6.69,31.24
-0.73,-1.02,9.62,31.25
-1.0,-2.02,11.16,31.21
4.68,-0.66,10.33,31.21
6.56,-0.17,7.67,31.22
2.27,-0.81,7.98,31.23
-0.53,-1.5,10.43,31.24
1.7,-0.72,11.18,31.25
7.1,0.02,9.71,31.21
5.07,0.38,7.24,31.25
0.29,-0.28,7.56,31.21
0.62,-1.0,9.62,31.21
3.1,-1.2,10.89,31.26
5.41,0.36,9.77,31.2
4.7,0.93,7.52,31.27
1.19,-1.98,9.13,31.23
-1.04,-2.38,11.6,31.24
3.81,-0.36,10.74,31.24
6.3,0.75,9.67,31.23
6.4,0.37,7.92,31.25
0.78,-1.7,8.55,31.2
-2.78,-1.17,10.25,31.26
2.14,0.09,10.47,31.24
2.76,0.23,9.97,31.22
0.93,-0.98,8.7,31.27
-0.73,-2.5,9.31,31.28
-3.42,-3.7,11.78,31.19
1.34,-0.3,10.84,31.22
5.93,1.59,8.69,31.22
5.92,0.07,7.41,31.25
-1.82,-0.2,8.12,31.27
-0.72,-0.39,9.47,31.27
0.88,-0.07,10.57,31.22
3.45,1.63,8.27,31.27
4.48,0.4,6.98,31.22
-2.7,-0.89,8.55,31.26
-2.18,-0.9,9.63,31.25
2.91,-0.44,10.8,31.25
4.76,0.22,9.02,31.21
4.53,0.64,6.87,31.27
-0.24,-1.08,8.59,31.23
-2.55,-1.63,10.94,31.24
1.42,0.38,9.89,31.24
5.59,0.04,8.86,31.27
4.81,0.24,7.19,31.26
-0.02,-1.12,8.18,31.27
-0.19,-0.74,10.25,31.26
3.98,-1.04,10.81,31.22
5.02,2.13,8.01,31.27
6.99,0.53,5.04,31.24
0.53,0.37,6.52,31.26
-3.77,-0.85,9.77,31.21
2.22,1.59,9.51,31.28
3.2,0.43,8.3,31.23
1.13,0.7,5.76,31.23
-5.07,-0.86,8.53,31.27
-5.51,-2.55,12.03,31.26
0.89,-0.02,10.61,31.23
2.61,-0.02,9.32,31.21
2.65,0.05,7.19,31.26
-2.93,-1.76,8.85,31.26
-0.81,-2.31,11.65,31.24
2.42,0.52,6.76,31.24
-0.59,-0.87,8.87,31.24
0.78,-3.1,11.85,31.26
1.42,-1.71,11.38,31.28
3.75,-0.49,10.36,31.24
3.9,-0.64,8.72,31.28
0.24,-2.12,8.68,31.27
-0.17,-1.57,9.35,31.24
1.13,-2.1,11.27,31.22
3.75,-0.42,11.58,31.3
6.26,-0.72,8.8,31.26
4.81,-1.06,7.54,31.22
0.42,-1.23,8.65,31.24
3.25,-0.74,10.38,31.21
6.16,0.45,10.7,31.25
7.55,1.42,7.24,31.27
5.91,0.21,6.72,31.22
-0.75,-1.78,9.09,31.23
1.07,-0.12,10.48,31.24
6.65,0.25,8.16,31.28
4.86,0.81,7.07,31.26
-0.62,-2.21,9.78,31.22
-0.5,-1.62,10.38,31.24
3.7,-0.21,11.26,31.27
5.17,0.17,9.25,31.28
4.64,0.93,6.86,31.27
0.88,-1.46,8.76,31.2
-2.03,-1.97,10.81,31.19
-0.06,-0.13,10.52,31.26
3.71,-0.56,9.99,31.22
2.23,-0.55,7.74,31.22
-2.77,-2.07,9.2,31.26
-2.94,-2.52,11.77,31.23
-1.11,-0.08,10.77,31.23
3.7,0.8,8.82,31.24
3.06,-1.16,8.31,31.24
-4.77,-1.78,9.5,31.25
-2.22,-1.18,10.6,31.28
0.77,-0.06,11.32,31.23
1.65,-2.7,11.59,31.26
0.88,0.79,9.97,31.23
8.91,-0.33,10.02,31.26
6.41,-0.22,8.2,31.25
1.14,-0.57,7.31,31.24
0.0,-0.88,9.68,31.24
0.88,-1.06,11.09,31.23
3.97,-0.91,10.51,31.25
6.13,-0.71,8.6,31.24
2.46,-2.64,8.88,31.24
-0.22,-1.76,9.95,31.26
3.08,-3.0,12.62,31.27
4.93,-0.7,10.21,31.23
6.55,1.43,6.7,31.26
4.8,-0.29,7.02,31.25
-1.86,-0.49,9.24,31.3
0.96,0.28,9.79,31.27
5.56,1.73,8.4,31.24
2.72,1.21,6.77,31.3
-0.05,-0.34,7.02,31.26
-2.11,-0.85,7.83,31.23
-4.33,-1.59,10.78,31.29
0.65,-1.62,11.52,31.25
3.26,0.56,9.59,31.2
5.38,-0.42,7.18,31.25
2.59,-1.72,8.96,31.26
-2.06,-1.12,10.0,31.28
2.29,-2.43,12.71,31.24
5.63,-1.24,10.29,31.25
5.6,-0.54,6.87,31.22
4.1,-1.55,8.31,31.24
-0.31,-1.25,10.14,31.24
3.15,0.28,10.2,31.27
6.15,0.38,8.94,31.25
2.85,0.73,6.56,31.24
1.05,-1.49,8.21,31.25
-0.25,-0.95,10.12,31.26
3.0,-0.0,11.06,31.25
5.51,0.43,9.34,31.23
3.8,-0.08,8.02,31.22
1.41,-0.97,8.73,31.22
0.5,-0.09,9.47,31.25
2.63,-0.4,11.18,31.26
5.43,1.7,8.57,31.25
4.3,0.97,6.35,31.25
0.04,-0.69,8.04,31.25
-1.03,-0.57,10.06,31.26
2.94,-1.33,11.57,31.27
4.94,-0.87,9.8,31.23
1.51,0.15,7.59,31.24
0.75,-1.36,8.41,31.24
2.06,-0.7,9.79,31.26
3.82,0.11,10.88,31.28
7.18,1.31,8.37,31.28
3.99,0.09,7.17,31.24
-1.34,-0.35,8.26,31.25
-1.91,-0.46,9.88,31.23
1.48,0.06,10.61,31.25
2.47,0.97,8.56,31.24
0.62,0.41,7.76,31.21
-0.69,-1.3,9.29,31.25
-0.27,-1.49,10.58,31.25
2.34,0.64,9.49,31.27
4.05,1.25,8.6,31.23
2.47,1.21,6.7,31.25
-1.78,0.28,7.94,31.2
-2.01,-1.04,10.25,31.25
-0.52,0.72,9.67,31.27
2.6,-0.75,11.09,31.24
0.8,-0.57,7.53,31.25
-1.41,-1.45,8.57,31.21
-4.76,-2.66,11.31,31.24
-2.53,-1.37,12.1,31.24
1.35,-0.13,10.53,31.22
2.52,-1.16,9.91,31.29
-0.13,-1.86,9.04,31.22
-1.92,-2.37,10.93,31.2
-0.95,-2.47,12.14,31.26
-0.91,-2.06,9.12,31.24
0.06,-2.91,10.39,31.24
0.81,-1.99,10.65,31.26
2.63,0.13,10.9,31.21
6.54,0.03,9.57,31.21
4.04,0.12,7.64,31.27
-2.97,-1.73,8.95,31.22
-3.43,-1.58,11.04,31.24
0.99,0.9,10.18,31.27
4.23,0.81,8.69,31.26
2.38,0.22,7.07,31.28
-3.74,-0.29,8.38,31.2
-3.58,-1.62,11.01,31.26
0.3,0.22,10.55,31.27
3.27,1.43,8.27,31.28
0.67,-0.3,7.71,31.27
-4.69,-1.73,9.4,31.22
-1.82,-2.02,11.23,31.26
1.37,-0.8,11.72,31.24
3.78,0.79,7.98,31.25
3.58,0.14,7.73,31.28
-2.55,-1.41,7.93,31.28
-2.05,-1.09,10.3,31.25
2.32,0.25,10.0,31.22
3.57,0.63,8.22,31.24
2.07,0.13,7.21,31.26
-3.83,-1.36,8.79,31.24
-3.71,-2.52,11.61,31.24
0.01,-0.97,10.74,31.23
3.32,0.54,8.11,31.22
1.51,-0.08,7.03,31.27
-4.17,-0.92,8.13,31.25
-1.07,-1.55,10.86,31.26
3.49,-0.89,10.98,31.21
2.68,1.34,8.06,31.23
3.04,-0.25,7.07,31.28
-2.44,-2.51,9.78,31.27
-1.58,-1.84,11.53,31.26
3.3,-0.26,10.62,31.23
-1.47,-0.81,8.72,31.26
-1.04,-0.69,9.38,31.27
0.72,-0.36,10.52,31.27
2.36,-0.12,9.04,31.26
1.68,0.22,7.16,31.24
-1.55,-2.39,9.34,31.29
-1.22,-2.52,11.09,31.23
3.07,-0.96,11.48,31.24
7.9,-1.92,9.69,31.24
1.48,-0.87,7.97,31.24
-1.07,-2.12,9.13,31.27
0.32,-1.64,10.48,31.23
1.89,-0.4,10.93,31.25
6.51,-0.1,9.72,31.25
3.58,-0.44,7.56,31.22
-1.93,-1.05,8.59,31.26
-2.06,-1.54,10.97,31.26
2.55,-0.4,11.88,31.24
5.4,0.54,9.34,31.24
3.83,0.81,6.17,31.23
2.57,-0.81,11.16,31.24
2.93,0.25,9.5,31.28
1.86,1.59,5.79,31.25
-2.2,-0.37,6.96,31.23
-4.87,-1.67,10.89,31.27
1.5,-0.85,10.81,31.23
5.79,1.19,7.97,31.27
2.85,-0.06,6.83,31.24
-4.76,-1.64,9.36,31.24
-3.9,-2.3,11.77,31.25
2.21,-1.27,11.16,31.24
4.76,1.06,8.3,31.22
4.2,-0.8,7.78,31.23
-1.69,-0.47,7.06,31.27
-2.38,-1.31,10.64,31.2
0.47,-0.92,10.99,31.28
2.51,1.72,8.08,31.2
3.07,-0.16,6.86,31.24
-3.21,-0.11,7.74,31.25
-0.38,-1.3,7.85,31.25
-3.73,-1.72,10.93,31.24
-1.85,-1.53,10.94,31.22
2.31,-1.73,11.35,31.24
3.42,-1.52,8.76,31.21
5.38,-1.78,7.6,31.23
3.36,-1.56,9.02,31.23
-0.46,-1.18,10.65,31.23
4.0,-0.56,11.63,31.27
7.27,-0.11,7.92,31.26
5.41,-1.01,6.37,31.24
0.78,-1.06,8.83,31.17
2.27,-0.85,10.6,31.23
7.16,0.04,10.8,31.26
7.6,0.17,8.09,31.22
5.55,-0.55,6.83,31.24
2.74,-0.31,7.81,31.23
1.91,-0.49,10.36,31.25
6.02,0.49,10.23,31.24
7.68,1.19,7.27,31.24
3.98,-0.23,6.57,31.2
0.94,-1.85,9.66,31.25
1.95,-1.76,10.82,31.23
4.67,-0.26,10.3,31.26
6.67,0.4,7.98,31.26
3.43,-0.68,6.62,31.25
-1.88,-0.57,8.47,31.23
0.8,-1.24,10.33,31.24
1.59,-0.81,10.97,31.24
3.78,-0.32,9.12,31.22
2.34,-1.25,7.99,31.24
-1.45,-1.58,9.37,31.25
0.83,-0.91,10.2,31.21
4.57,-2.23,11.93,31.25
4.75,-1.74,9.91,31.24
3.28,-0.88,7.45,31.23
0.42,-2.22,10.16,31.22
-0.53,-1.03,10.33,31.22
5.85,-0.96,11.52,31.28
-2.94,-2.1,9.14,31.22
-5.04,-1.57,9.45,31.23
-2.86,-1.17,11.56,31.24
1.7,0.82,10.26,31.26
2.5,0.59,7.9,31.22
-2.19,-1.04,7.69,31.23
-6.08,-1.6,11.06,31.26
-1.86,-1.25,11.54,31.21
-0.15,1.08,9.71,31.23
1.89,1.28,6.39,31.27
-1.92,-0.42,6.51,31.22
-6.12,-1.83,10.99,31.23
-0.43,-1.64,12.3,31.22
4.46,0.44,9.82,31.2
3.34,1.25,6.5,31.22
-0.21,-0.19,7.34,31.24
-1.41,-2.11,10.1,31.23
0.95,-1.35,11.7,31.2
4.73,0.86,9.27,31.26
5.27,0.7,6.65,31.23
-0.16,-0.4,9.34,31.22
3.29,-0.06,11.02,31.26
6.74,0.02,8.3,31.27
3.68,0.24,6.49,31.22
-0.22,-0.75,8.37,31.24
-0.87,-1.1,10.59,31.28
3.33,-1.16,11.24,31.24
5.87,-0.16,9.36,31.23
5.05,-0.34,7.96,31.21
2.49,-1.98,9.42,31.23
0.58,-2.75,11.57,31.24
3.62,-1.91,11.92,31.27
7.1,-2.35,11.15,31.22
5.14,-1.25,8.0,31.24
3.45,-1.44,9.44,31.2
2.34,-1.88,10.42,31.23
3.67,0.06,10.9,31.22
8.95,-0.67,9.84,31.2
5.77,1.65,6.29,31.22
2.28,-0.53,7.41,31.24
2.38,-1.14,10.22,31.24
5.71,-1.2,11.63,31.25
7.88,0.12,8.53,31.24
1.96,-0.4,8.3,31.25
-2.7,-2.32,9.59,31.2
-2.29,-0.65,10.0,31.24
0.6,-0.89,11.46,31.25
2.97,0.28,9.22,31.23
-0.35,-1.02,7.77,31.21
-1.84,-2.13,9.2,31.21
-3.28,-3.18,11.44,31.24
-0.21,-0.65,11.24,31.28
4.76,-1.97,11.28,31.23
2.64,-1.42,8.46,31.19
-0.23,-2.73,9.85,31.21
-0.01,-2.19,11.32,31.22
3.02,0.32,10.72,31.24
5.67,-0.32,9.89,31.25
3.28,0.34,7.91,31.23
-2.2,-1.19,9.39,31.24
-0.82,-1.91,10.76,31.25
2.43,-0.94,11.21,31.24
5.87,-0.37,8.94,31.24
4.19,-0.38,7.74,31.27
-1.5,-1.93,9.19,31.26
-0.73,-1.65,10.93,31.22
0.72,-1.54,10.42,31.24
2.65,0.52,9.78,31.24
4.84,-0.27,8.14,31.25
1.49,0.05,7.22,31.25
-0.99,-2.22,10.02,31.3
0.6,-1.71,10.66,31.27
7.1,2.17,7.55,31.24
6.97,0.26,7.8,31.26
-1.05,-0.36,7.77,31.23
-3.0,-2.02,10.7,31.24
-0.02,-1.92,12.04,31.26
1.98,1.07,9.24,31.21
4.89,-0.11,7.58,31.24
0.47,-0.4,10.25,31.29
0.91,-1.36,11.21,31.24
3.71,1.47,8.81,31.22
7.13,-0.34,6.39,31.22
-0.44,-0.85,7.24,31.23
-3.47,-1.55,10.44,31.23
2.09,-1.38,11.03,31.2
3.66,1.04,8.02,31.23
4.01,-0.16,6.7,31.22
1.42,-1.68,8.2,31.24
0.1,-1.37,10.95,31.24
2.11,-1.45,11.92,31.29
4.5,-0.5,9.19,31.26
4.91,-1.49,7.64,31.2
0.89,-0.73,7.43,31.21
-1.9,-0.96,10.45,31.2
2.27,-0.91,11.32,31.23
6.0,0.2,9.14,31.25
5.54,-0.03,7.14,31.22
2.67,-0.54,7.52,31.25
-0.55,-1.09,10.4,31.2
3.09,-1.46,11.81,31.23
5.4,0.52,8.86,31.19
4.47,-0.48,6.78,31.23
2.0,-1.16,8.68,31.25
0.34,-1.37,10.18,31.22
3.46,0.19,10.63,31.25
2.65,0.72,8.37,31.24
2.54,0.75,7.05,31.26
1.13,-0.63,8.18,31.25
-1.3,-0.17,10.13,31.27
2.02,0.17,10.38,31.23
5.54,0.63,8.3,31.27
2.95,0.67,6.53,31.24
-0.83,-0.73,7.95,31.27
-0.11,-0.68,10.45,31.22
3.02,-0.11,10.93,31.27
5.87,1.45,7.65,31.22
3.41,0.96,6.2,31.27
-0.29,-0.97,8.43,31.19
-0.04,-0.39,10.23,31.24
2.31,-0.34,10.16,31.26
4.16,0.8,7.73,31.27
0.36,0.59,6.87,31.22
-0.39,-0.97,8.87,31.22
-0.27,-0.96,10.47,31.2
2.26,-0.17,9.88,31.23
5.71,-0.93,9.22,31.25
2.28,-0.61,7.51,31.22
-0.81,-1.59,9.37,31.25
-0.4,-1.59,10.82,31.22
2.75,0.09,10.12,31.22
4.16,0.4,8.68,31.23
1.71,-0.16,6.8,31.27
-1.17,-1.01,8.89,31.25
-0.85,-1.66,10.36,31.18
1.7,-0.62,11.21,31.22
4.24,-1.63,10.68,31.25
1.47,-1.58,8.11,31.24
-2.42,-2.43,9.79,31.26
-0.96,-2.55,12.16,31.23
1.66,-0.76,11.46,31.24
4.84,0.5,9.17,31.22
3.29,-0.23,7.5,31.24
-1.69,-1.4,9.78,31.27
0.82,-1.71,10.92,31.24
3.28,0.48,10.02,31.23
4.57,2.62,6.88,31.24
1.3,1.0,6.27,31.23
-3.76,-1.09,9.96,31.26
-0.31,-1.44,10.58,31.22
3.98,1.4,9.74,31.24
4.79,1.58,8.18,31.21
1.62,0.53,7.09,31.23
-4.01,-1.63,9.69,31.27
-1.82,-1.56,11.08,31.22
-0.03,1.22,9.76,31.22
2.89,0.56,8.46,31.26
-0.19,-0.67,7.84,31.23
-6.19,-1.31,8.93,31.25
-2.64,-2.47,12.05,31.24
-0.13,-0.57,11.26,31.18
2.59,2.38,6.17,31.25
0.71,0.12,7.08,31.25
-3.79,-2.03,10.01,31.24
-2.87,-2.42,11.13,31.23
0.47,-1.62,11.09,31.24
2.39,0.25,9.86,31.26
4.64,-1.42,8.42,31.2
-2.85,-1.97,10.03,31.2
-0.85,-2.12,10.92,31.29
2.39,-1.93,11.56,31.18
5.45,0.06,9.43,31.22
7.86,-0.09,7.36,31.24
1.77,-1.38,7.44,31.26
-0.68,-0.24,9.99,31.27
5.49,-0.74,10.02,31.22
-1.79,-0.77,8.31,31.23
-4.2,-2.32,9.79,31.24
-2.86,-0.53,10.07,31.25
1.53,-0.89,11.65,31.22
2.61,0.71,8.92,31.24
4.01,0.07,6.3,31.25
-1.8,-0.79,8.18,31.2
-2.82,-2.21,11.44,31.2
2.08,-0.36,10.3,31.24
4.89,-0.03,9.59,31.24
2.32,-0.91,7.82,31.27
-3.06,-1.06,9.03,31.21
-0.72,-1.77,10.89,31.27
3.03,-0.6,11.62,31.23
3.82,0.66,7.92,31.26
4.89,-0.16,6.2,31.2
-0.68,-1.35,8.84,31.24
-0.69,-2.83,12.19,31.26
5.37,0.35,10.69,31.22
5.14,-0.4,8.78,31.23
1.59,0.38,6.89,31.23
-0.62,-1.36,8.37,31.25
-0.69,-1.69,11.26,31.28
2.72,0.67,9.9,31.25
6.47,-0.19,8.19,31.25
4.19,0.08,7.3,31.22
-1.62,-1.86,8.38,31.27
0.58,-0.51,10.45,31.26
5.64,-0.48,10.07,31.23
3.03,0.52,7.67,31.22
3.65,-0.5,7.38,31.2
0.69,-1.39,8.39,31.25
-1.56,-0.81,11.2,31.25
1.91,-0.22,10.07,31.23
6.29,1.56,7.16,31.18
3.17,0.1,6.88,31.21
-4.36,0.47,7.17,31.25
-0.09,-1.78,11.98,31.26
3.48,-1.17,11.07,31.23
2.01,-1.13,11.66,31.23
2.41,1.17,8.37,31.23
4.6,-0.31,7.9,31.22
-1.05,-1.88,9.9,31.24
-1.87,-2.48,10.72,31.24
1.59,-1.18,10.88,31.27
4.28,-0.97,9.18,31.25
3.54,-0.32,7.58,31.22
1.17,-1.56,8.56,31.23
-1.25,-2.81,11.41,31.27
2.36,0.58,9.57,31.19
7.71,1.11,7.9,31.27
6.36,0.56,5.03,31.22
0.29,0.0,5.92,31.27
-0.51,-1.9,10.18,31.2
2.5,-0.44,9.82,31.25
3.85,1.39,7.57,31.24
4.47,-0.35,6.42,31.24
-1.5,-0.79,7.5,31.23
-1.36,-0.78,9.56,31.25
3.2,2.26,7.92,31.26
3.23,0.77,8.11,31.22
3.38,-0.16,6.95,31.24
-1.44,-0.25,7.25,31.26
-2.02,0.03,9.17,31.22
1.8,-0.34,10.64,31.24
4.57,0.16,8.35,31.25
3.28,0.19,5.79,31.23
-2.53,-0.55,7.55,31.22
-2.54,-0.75,10.32,31.25
2.67,-1.36,10.52,31.26
4.75,0.65,8.25,31.24
2.75,-0.63,6.82,31.26
-3.61,-1.52,8.73,31.25
-0.7,-0.59,9.86,31.26
3.39,-0.74,10.78,31.23
4.63,0.99,8.27,31.2
6.42,-0.06,6.62,31.24
1.3,-0.35,6.85,31.25
1.22,-0.69,10.46,31.24
4.95,-0.89,11.34,31.26
7.01,0.78,7.89,31.24
3.28,-0.42,6.97,31.26
0.28,-1.98,9.15,31.27
0.52,-1.36,10.38,31.28
3.5,-1.1,11.36,31.23
3.92,-0.62,9.9,31.24
4.9,-0.08,7.27,31.27
2.39,-1.4,7.72,31.26
-0.45,-0.93,10.84,31.24
0.42,-0.01,10.19,31.25
1.81,0.37,9.54,31.23
3.72,0.09,6.99,31.22
2.06,-0.7,7.33,31.27
-3.16,-0.34,8.12,31.24
-0.98,0.07,10.61,31.19
4.58,0.28,9.29,31.23
6.63,0.16,6.34,31.24
-0.1,0.02,6.84,31.22
-1.68,-3.17,12.72,31.25
0.97,-0.97,11.26,31.28
4.62,0.44,9.67,31.24
4.3,0.27,7.41,31.26
-1.38,-1.01,7.3,31.22
-3.25,-1.33,10.17,31.29
1.03,-0.87,10.35,31.23
3.35,2.87,6.75,31.24
5.4,1.29,6.52,31.24
-1.12,-0.62,7.31,31.24
-3.97,-1.32,10.55,31.22
1.56,-2.1,11.9,31.24
1.82,-0.09,9.44,31.25
4.07,-0.2,7.36,31.25
0.77,-1.09,8.37,31.21
-2.19,-1.94,11.14,31.22
1.58,-1.17,10.64,31.23
5.56,0.68,8.35,31.22
5.6,0.06,7.26,31.23
0.34,-1.39,7.36,31.23
-1.99,-0.2,9.51,31.21
1.23,-1.04,10.45,31.25
3.46,1.63,8.7,31.22
4.64,-0.69,7.48,31.24
1.99,-0.71,6.34,31.25
-4.34,-0.15,7.62,31.23
1.41,-0.81,10.52,31.25
4.66,-1.09,9.87,31.24
3.09,-1.13,7.77,31.23
0.34,-2.02,9.4,31.21
-1.29,-3.33,11.67,31.21
4.18,-1.58,12.16,31.21
10.24,-1.0,10.35,31.24
8.08,1.28,5.86,31.19
3.43,0.32,6.34,31.24
1.21,-1.03,10.39,31.27
5.09,-0.11,10.22,31.22
5.04,2.33,7.05,31.25
3.53,0.16,7.21,31.23
0.58,-0.74,8.31,31.23
-0.81,-0.98,10.3,31.22
3.48,0.53,10.24,31.24
4.9,0.23,8.77,31.25
3.62,-0.12,7.58,31.24
2.24,-1.86,9.25,31.29
2.71,-1.11,9.9,31.26
5.22,0.17,10.89,31.26
7.73,-0.4,9.95,31.27
5.03,-1.3,7.32,31.26
0.58,-1.01,6.76,31.24
0.23,-1.67,10.2,31.28
2.76,-1.81,12.74,31.24
9.2,-0.63,8.91,31.24
9.16,0.2,5.47,31.21
2.26,-1.21,8.54,31.29
0.73,-1.49,10.16,31.25
6.45,-1.37,11.71,31.22
9.26,-1.07,9.65,31.26
5.51,-1.15,8.17,31.27
2.77,-2.44,9.43,31.22
1.61,-0.69,9.78,31.25
4.71,-0.65,10.62,31.23
7.8,0.1,8.42,31.26
4.64,-0.87,7.56,31.23
0.93,-0.53,7.99,31.23
-1.3,-1.21,10.08,31.27
1.37,0.12,10.81,31.21
5.61,0.84,8.54,31.25
3.48,-0.15,6.76,31.26
-1.65,-0.84,8.94,31.21
0.23,-1.9,10.48,31.22
4.35,1.0,9.35,31.2
5.69,0.1,8.28,31.25
2.9,-0.49,8.23,31.23
-1.23,-1.86,9.57,31.23
-0.49,-1.88,10.39,31.25
2.69,0.72,10.58,31.24
6.16,-1.05,9.8,31.23
3.32,-0.64,10.87,31.27
6.45,0.48,8.34,31.24
3.23,-0.46,6.45,31.26
-1.67,-0.81,9.24,31.26
-2.53,-1.07,10.64,31.2
2.49,0.52,9.76,31.24
5.13,0.94,7.94,31.21
2.62,-0.49,7.22,31.23
-1.25,-1.06,8.4,31.2
-2.66,-1.68,11.13,31.24
-1.06,-1.62,12.56,31.25
3.3,0.1,8.72,31.21
4.25,-0.32,7.79,31.22
1.34,-1.53,8.13,31.24
-0.79,-1.13,10.31,31.21
3.22,-0.07,11.23,31.22
6.51,-0.34,9.96,31.27
4.72,0.28,7.02,31.25
3.75,-1.27,7.79,31.2
1.03,-0.56,9.11,31.22
2.44,1.47,9.21,31.23
6.33,0.42,9.76,31.24
7.09,-0.24,7.0,31.2
2.94,-1.13,7.48,31.27
-0.47,-1.34,9.94,31.25
2.17,-0.62,11.12,31.21
5.77,-0.4,8.72,31.27
5.64,0.63,6.57,31.23
3.37,-1.02,7.98,31.26
0.53,-0.96,10.09,31.28
2.39,-1.49,11.43,31.27
5.0,-0.51,9.65,31.28
3.17,-0.78,7.67,31.25
-0.2,-0.74,9.05,31.27
-1.99,-1.31,10.3,31.25
0.3,-0.74,11.6,31.24
5.43,-0.76,10.28,31.25
4.32,-0.48,8.29,31.29
-2.17,-1.29,8.93,31.28
-1.13,-1.0,10.2,31.24
6.5,0.21,9.69,31.24
4.4,-0.19,7.14,31.27
0.87,-0.79,7.67,31.23
1.24,-0.65,9.79,31.26
3.79,-0.99,10.99,31.23
5.42,0.86,9.11,31.21
5.95,1.85,5.96,31.27
2.67,-0.2,7.4,31.23
-1.12,-1.42,9.75,31.22
2.53,-1.14,11.78,31.25
5.42,0.01,8.85,31.22
2.26,0.89,6.53,31.26
-1.51,-1.11,9.1,31.25
-0.88,-0.85,10.33,31.22
1.87,1.47,9.44,31.24
3.48,-0.15,9.28,31.22
2.83,-1.19,8.57,31.23
-0.49,-1.19,8.24,31.21
-2.24,-1.19,10.63,31.26
0.16,-0.46,11.2,31.28
3.11,-0.71,9.41,31.24
3.63,-1.31,8.31,31.25
-1.07,-1.51,9.47,31.21
-0.95,-0.54,9.83,31.21
3.95,1.33,8.71,31.24
4.96,-0.07,8.62,31.24
3.27,0.47,7.13,31.28
-0.01,-1.05,8.81,31.27
-3.08,-1.12,10.88,31.24
-0.36,0.58,9.74,31.21
3.45,0.34,8.99,31.22
3.66,-1.24,8.15,31.26
-3.0,-1.81,9.94,31.22
-2.93,-1.8,11.61,31.3
1.33,-1.18,11.89,31.25
4.5,-1.08,9.19,31.26
4.17,-1.8,8.44,31.23
-0.83,-1.56,9.58,31.28
0.29,-2.32,11.89,31.24
0.64,0.18,6.74,31.21
-2.56,-0.56,10.04,31.21
0.32,-0.83,10.99,31.24
4.65,-0.31,9.85,31.26
3.55,-1.81,9.0,31.25
1.39,-2.0,8.14,31.28
-1.27,-1.77,10.57,31.25
-1.28,-2.17,12.17,31.25
2.07,-0.83,10.3,31.25
4.3,-1.39,8.43,31.24
2.9,-1.77,8.34,31.26
-1.56,-1.83,10.28,31.26
0.42,-1.86,11.86,31.24
5.35,-2.0,11.14,31.23
5.46,-0.78,7.62,31.25
3.61,-2.49,8.43,31.26
-0.26,-1.02,9.98,31.24
1.94,-1.47,11.46,31.25
4.55,-0.24,10.28,31.21
-0.94,-1.42,11.0,31.22
-0.78,-0.95,11.59,31.25
2.77,0.86,9.57,31.22
4.83,0.68,7.95,31.24
1.82,-1.69,7.96,31.27
-1.46,-1.22,10.5,31.25
-0.73,-1.42,11.95,31.24
0.79,0.49,9.64,31.26
5.45,-0.3,8.47,31.25
1.41,-0.28,7.68,31.24
-4.47,-0.05,9.55,31.26
-1.54,-1.41,11.58,31.27
0.83,0.66,10.12,31.27
3.13,0.56,8.41,31.25
4.82,-0.61,7.8,31.24
-3.6,-1.64,9.97,31.22
-3.96,-1.69,11.55,31.26
1.7,-0.0,10.84,31.27
2.73,0.4,8.93,31.26
4.13,-0.53,7.5,31.27
-0.28,-0.92,11.07,31.25
2.31,-1.05,9.75,31.22
1.81,-0.15,6.96,31.27
2.07,-0.45,8.12,31.23
-0.26,-1.59,10.45,31.23
0.78,0.0,10.8,31.25
4.57,-1.48,9.73,31.23
5.18,-1.15,8.46,31.21
2.44,-0.69,8.02,31.26
0.58,-1.85,10.7,31.2
2.29,-0.46,10.99,31.26
7.2,-1.09,9.36,31.22
4.57,-1.01,7.59,31.22
0.68,-1.42,7.87,31.23
0.45,-0.87,9.72,31.24
2.35,-0.72,10.92,31.24
5.15,0.29,8.2,31.22
5.21,0.23,6.56,31.21
1.92,-0.88,8.67,31.21
0.85,-1.02,11.3,31.21
5.61,-0.61,10.05,31.27
6.21,-0.94,7.67,31.23
3.11,-1.3,7.94,31.21
0.37,-1.99,9.78,31.31
1.92,-1.86,11.07,31.22
5.91,-0.93,11.19,31.24
5.48,-2.23,9.48,31.19
5.01,-0.43,7.01,31.25
2.74,-0.57,8.64,31.28
3.38,-0.8,10.65,31.28
6.22,-0.61,11.05,31.24
10.34,-0.61,7.86,31.22
6.49,-1.07,7.29,31.24
1.1,-0.91,9.77,31.27
3.06,-0.79,10.4,31.25
4.76,-1.99,11.51,31.2
6.8,-0.61,7.8,31.23
3.09,-1.48,8.86,31.2
-0.52,-1.32,9.91,31.25
1.81,-1.03,10.49,31.26
5.04,-0.74,10.13,31.21
6.48,0.76,7.4,31.25
2.29,-0.5,7.5,31.29
-1.12,-0.95,9.2,31.23
-0.6,-0.15,10.51,31.24
2.98,-1.28,11.25,31.27
5.19,-0.98,9.23,31.23
0.45,-1.39,8.04,31.25
-4.1,-1.82,10.18,31.27
-1.85,-1.57,11.68,31.23
1.68,0.02,10.32,31.24
4.88,-1.54,9.63,31.25
1.49,-2.14,8.86,31.23
-2.05,-1.09,10.47,31.22
-0.58,-2.33,12.37,31.25
2.68,-0.19,9.88,31.22
7.54,-0.23,8.26,31.26
0.4,-1.89,9.09,31.26
3.15,0.25,6.66,31.24
3.22,-0.08,7.5,31.29
-2.21,-1.33,10.96,31.22
0.54,-0.35,10.46,31.26
6.36,0.51,7.61,31.24
6.19,1.03,5.38,31.24
1.02,0.06,7.77,31.27
0.11,-0.69,10.44,31.26
3.99,0.46,9.99,31.24
4.01,-0.03,8.06,31.24
3.34,-1.26,8.02,31.24
0.91,-1.2,8.39,31.26
-2.39,-1.17,10.55,31.24
-0.2,0.13,11.29,31.23
4.58,-1.45,9.93,31.21
2.98,-0.29,6.85,31.24
-1.11,-0.58,8.95,31.17
-1.28,-1.2,11.2,31.24
2.36,-0.61,10.89,31.22
6.74,-0.47,8.27,31.19
3.88,-0.62,7.43,31.22
-0.18,-0.81,9.18,31.25
0.41,-0.7,10.02,31.22
2.91,-1.76,11.12,31.23
5.81,-2.27,9.36,31.2
3.79,-1.72,8.7,31.26
-0.22,-1.96,8.98,31.24
-0.88,-0.67,10.99,31.2
1.47,-2.2,11.71,31.29
6.86,-0.33,8.62,31.22
4.24,-1.4,7.92,31.2
-2.83,-2.2,10.29,31.2
0.16,-2.05,10.24,31.22
1.12,-2.56,12.59,31.25
5.38,-0.17,9.44,31.23
7.9,-0.72,8.03,31.24
5.18,-1.67,8.28,31.21
0.04,-1.82,10.1,31.24
2.69,-0.3,10.55,31.25
2.01,-0.05,10.66,31.22
2.16,1.13,8.68,31.23
3.09,0.68,6.89,31.24
2.0,-0.68,7.01,31.27
-0.72,-0.87,8.51,31.23
0.73,-0.37,9.3,31.26
3.37,-0.56,11.06,31.3
5.45,-0.71,8.31,31.24
5.04,-0.28,6.62,31.24
-0.18,-1.92,10.0,31.22
-0.9,-0.93,11.0,31.24
6.07,-1.21,10.96,31.24
5.69,-1.32,8.37,31.23
2.96,-0.53,7.05,31.29
-0.29,-0.39,9.06,31.2
-1.37,-0.74,11.66,31.27
2.06,-0.77,10.27,31.24
4.63,-1.41,9.17,31.28
3.42,-1.72,8.33,31.22
-0.73,-0.48,9.32,31.25
1.71,-0.26,10.13,31.25
3.67,0.52,9.75,31.27
4.23,-0.24,7.9,31.26
1.33,-0.84,7.7,31.21
-2.66,-1.97,10.17,31.25
-1.23,-2.2,12.43,31.26
2.72,-1.02,11.37,31.25
6.77,-1.41,8.71,31.24
3.78,-1.19,8.24,31.23
-0.43,-1.61,10.6,31.23
1.13,-1.9,12.28,31.22
3.51,-1.39,11.1,31.23
5.34,-0.45,7.8,31.24
1.06,-1.07,8.64,31.26
-1.49,-1.53,10.33,31.25
0.4,-0.68,11.32,31.27
4.03,-0.71,10.77,31.21
6.35,-0.91,8.56,31.24
2.09,-1.07,8.23,31.26
3.17,0.3,6.77,31.23
2.84,0.08,6.69,31.29
-1.28,-0.36,7.74,31.22
-2.59,0.79,9.34,31.23
0.07,-0.69,11.22,31.25
4.36,0.23,8.26,31.26
6.13,0.23,6.32,31.27
-1.14,-0.24,7.3,31.25
-3.24,-0.43,10.02,31.25
1.07,-1.99,11.49,31.27
2.75,0.09,7.7,31.23
4.52,-0.48,6.8,31.27
0.71,-0.34,7.75,31.24
-2.63,-0.17,9.42,31.24
3.34,-0.47,10.24,31.28
6.07,0.92,7.04,31.27
4.22,0.46,6.2,31.24
-0.65,0.2,7.42,31.28
-2.54,-0.21,10.0,31.25
1.09,-0.87,11.44,31.24
4.87,0.24,7.9,31.24
4.67,-0.85,6.93,31.27
-0.45,-0.26,8.51,31.25
-2.21,-0.48,10.54,31.22
2.48,-0.91,11.54,31.22
3.64,-1.34,9.39,31.21
2.12,-0.71,7.26,31.25
0.74,-1.54,9.65,31.24
-0.03,-2.48,11.9,31.27
2.59,-0.39,10.99,31.25
7.55,-0.83,8.51,31.27
4.78,-0.28,6.85,31.19
-1.63,-0.67,8.92,31.22
-0.08,-0.85,10.51,31.21
2.15,-0.57,10.82,31.25
4.34,-1.17,8.69,31.27
2.96,-0.05,6.99,31.24
-1.42,-0.97,8.79,31.21
-1.64,-1.52,10.73,31.25
2.51,-0.81,11.43,31.22
6.65,-1.86,8.83,31.23
1.64,-1.37,8.29,31.26
-1.0,-1.13,8.8,31.23
-0.59,0.01,10.21,31.21
2.29,-1.04,11.07,31.28
6.19,0.02,7.88,31.25
2.81,-1.12,8.17,31.24
-1.11,-2.48,10.31,31.24
-2.04,-1.97,11.09,31.26
1.98,-1.28,10.96,31.23
5.84,-1.88,10.09,31.23
2.1,-1.01,8.35,31.23
3.24,-1.18,8.57,31.23
0.37,-0.75,11.23,31.24
4.22,-0.72,11.27,31.24
6.77,-0.94,10.4,31.24
8.74,-1.13,7.69,31.25
3.61,-0.82,8.38,31.25
1.26,-1.48,11.17,31.24
7.19,-1.01,7.26,31.2
5.1,0.05,6.49,31.27
0.75,-0.43,8.45,31.25
-0.63,-1.49,11.12,31.24
3.56,-0.16,10.32,31.25
6.68,0.74,7.41,31.27
2.56,0.62,6.06,31.27
-1.38,-0.76,9.23,31.21
-0.69,-1.59,11.14,31.27
0.34,0.31,10.01,31.28
3.52,-0.45,9.17,31.27
1.85,-1.54,7.97,31.28
-3.04,-1.51,9.85,31.25
0.14,-2.21,11.69,31.22
4.65,-0.26,9.87,31.22
5.77,0.92,7.68,31.22
2.25,-0.16,6.37,31.19
-1.19,-0.32,9.42,31.22
-0.26,-1.49,10.92,31.22
2.1,2.48,7.77,31.26
3.94,0.53,7.27,31.22
0.9,-0.2,7.21,31.25
-4.64,-1.1,10.16,31.24
-1.49,-2.31,11.45,31.26
-0.14,-0.35,11.61,31.24
4.28,-0.0,7.77,31.25
2.65,-1.43,8.37,31.21
-2.44,-2.85,11.37,31.25
0.32,-1.6,11.43,31.25
3.08,0.85,9.77,31.26
5.4,-1.12,8.83,31.23
3.07,-1.56,8.27,31.27
-1.07,-1.42,9.98,31.23
0.53,-1.57,12.21,31.24
3.26,-0.77,10.27,31.23
6.03,-0.27,8.01,31.24
3.08,-1.49,7.65,31.23
-2.04,-0.45,9.79,31.22
-0.29,-1.58,11.64,31.22
2.21,1.9,8.14,31.24
3.04,-1.18,10.62,31.23
1.96,0.04,7.62,31.26
-2.34,-0.54,8.66,31.23
-2.55,-1.31,12.63,31.24
-0.28,0.23,10.72,31.25
3.55,0.26,8.51,31.23
2.01,-2.47,8.82,31.26
-3.42,-2.99,10.49,31.25
-1.1,-2.48,12.39,31.22
1.26,-0.91,11.81,31.22
3.11,-0.62,9.7,31.25
2.96,-2.56,9.76,31.2
-2.52,-3.17,10.84,31.24
-1.7,-2.98,12.0,31.26
1.88,-0.94,10.88,31.25
5.74,-0.89,9.26,31.21
3.31,-0.92,7.6,31.25
-2.01,-0.56,8.56,31.24
-0.64,-0.8,10.89,31.25
2.22,-0.17,10.92,31.22
4.78,0.02,8.62,31.22
2.65,-0.23,7.5,31.23
-2.97,-0.87,9.03,31.24
-2.92,-1.7,11.96,31.21
0.77,-0.03,10.19,31.27
4.51,0.45,7.81,31.21
4.81,0.36,7.03,31.24
-1.06,0.24,8.17,31.21
-0.62,-0.11,10.63,31.25
2.12,0.04,9.88,31.29
3.64,1.25,7.12,31.25
3.38,0.87,5.67,31.24
-5.55,0.74,7.69,31.27
-4.97,-0.2,11.05,31.21
0.53,-0.75,11.57,31.25
2.32,0.15,7.58,31.24
2.55,0.15,6.3,31.29
-4.27,-0.42,8.6,31.23
-3.2,-0.93,11.83,31.23
3.55,-1.46,11.04,31.29
4.24,0.07,7.4,31.24
1.46,0.38,6.26,31.26
-3.39,-1.56,8.94,31.22
-2.98,-1.6,12.22,31.21
1.02,-1.33,10.72,31.21
4.08,-0.2,7.52,31.21
2.01,-0.95,7.41,31.26
-1.06,-1.09,8.75,31.28
2.65,-0.47,11.04,31.25
5.71,-0.92,10.02,31.24
4.35,1.0,6.66,31.24
5.01,-0.69,6.98,31.22
2.84,-0.17,7.0,31.25
-1.69,-0.52,9.33,31.19
1.48,0.42,10.14,31.27
4.62,1.37,7.24,31.22
5.55,0.77,6.42,31.24
4.5,0.03,7.37,31.24
0.37,0.69,8.02,31.23
1.43,1.0,10.16,31.24
3.87,0.46,8.35,31.26
4.83,-0.3,6.89,31.21
1.31,-1.27,8.23,31.24
-0.99,-0.05,8.71,31.22
1.53,-0.49,11.08,31.23
3.22,0.11,8.35,31.25
3.83,1.08,5.74,31.22
0.53,-0.5,7.24,31.27
-2.33,-1.13,10.52,31.24
2.75,-0.92,11.28,31.23
5.95,-1.74,9.36,31.27
4.01,0.11,6.74,31.24
1.56,-1.95,9.21,31.23
-0.09,-2.35,11.39,31.31
2.3,-0.91,10.75,31.22
6.2,-1.53,9.46,31.27
3.78,0.09,7.71,31.25
-1.18,-0.74,8.52,31.22
-4.06,-0.06,9.7,31.2
-0.4,-0.37,10.98,31.22
0.66,-1.74,11.26,31.24
2.45,-0.35,8.54,31.28
2.8,-2.38,8.71,31.28
-0.4,-1.53,9.91,31.25
-0.47,-1.93,11.61,31.28
2.14,-0.77,10.18,31.24
4.45,0.57,7.09,31.21
4.98,-0.75,7.09,31.23
0.25,0.47,7.98,31.27
-1.28,-1.42,11.58,31.27
3.92,-1.31,11.19,31.24
6.06,-1.7,9.38,31.23
5.03,-1.55,7.44,31.26
1.42,-1.09,9.6,31.21
2.17,-1.79,11.99,31.21
5.79,-0.84,11.03,31.25
7.91,-0.49,8.03,31.26
5.55,-0.64,7.63,31.23
-0.5,-0.12,8.68,31.22
2.29,-0.19,9.58,31.23
6.62,0.21,9.65,31.25
5.94,0.57,7.02,31.24
2.84,0.83,6.6,31.25
0.66,-2.1,10.34,31.27
0.82,-1.55,11.36,31.24
4.76,-0.34,10.32,31.24
7.16,-0.09,7.8,31.27
2.81,0.15,7.19,31.2
-0.61,-1.27,10.05,31.21
0.4,-0.65,9.84,31.23
2.96,0.42,9.67,31.26
4.56,0.02,7.92,31.25
1.94,0.53,6.99,31.29
-0.24,-0.71,9.33,31.25
-0.24,0.36,9.52,31.24
2.54,1.11,9.14,31.26
3.91,-0.66,8.41,31.26
-0.39,-1.14,8.01,31.24
-3.02,-1.79,10.21,31.21
-0.36,-1.37,11.54,31.22
1.27,-0.73,10.89,31.27
4.35,-1.2,8.49,31.28
-0.16,-2.36,9.06,31.23
-3.24,-2.18,10.68,31.25
-0.3,-0.28,10.47,31.23
2.22,0.23,10.12,31.27
3.47,-0.46,8.02,31.21
0.83,-1.54,8.78,31.23
-1.17,-2.96,11.7,31.3
-1.24,-1.14,11.88,31.24
2.09,0.18,9.78,31.25
2.89,-0.43,8.08,31.26
-2.15,-1.53,8.32,31.26
-3.57,-1.82,11.95,31.2
0.63,-2.17,11.78,31.22
1.35,1.11,8.82,31.21
-3.83,-0.99,10.03,31.23
0.8,-0.56,10.1,31.26
2.62,-0.57,9.88,31.24
3.91,0.16,7.08,31.24
0.13,-0.98,8.4,31.26
-3.91,-1.79,11.09,31.26
0.17,-1.77,11.66,31.25
4.31,0.75,8.89,31.23
6.12,0.44,6.21,31.27
1.53,-0.33,6.61,31.23
-2.94,-0.35,9.63,31.22
-2.09,-0.77,10.53,31.23
1.6,0.61,10.48,31.22
3.89,-0.27,8.35,31.24
3.77,-1.59,7.97,31.23
-2.9,-2.08,9.96,31.22
-1.53,-1.26,11.87,31.24
2.75,-0.54,10.71,31.24
4.66,-0.17,8.42,31.24
4.47,-0.93,7.41,31.29
0.24,-0.26,7.47,31.24
0.62,-0.04,10.52,31.28
3.72,-0.71,10.54,31.22
6.78,0.6,6.64,31.22
7.99,-0.64,6.05,31.26
2.06,1.57,6.13,31.24
2.12,0.4,9.67,31.23
4.32,0.25,9.35,31.24
5.25,1.0,6.2,31.26
4.91,0.11,6.03,31.27
-0.01,-0.85,8.76,31.24
-2.51,-0.03,9.95,31.21
1.48,-0.44,10.1,31.22
2.59,0.06,7.99,31.25
1.24,0.17,6.93,31.26
-1.18,-0.39,9.2,31.23
-0.98,-1.29,11.61,31.27
2.75,-1.1,10.9,31.24
4.03,-2.09,9.48,31.22
2.92,-1.45,7.79,31.22
-0.44,-1.02,8.79,31.24
0.82,-0.72,11.32,31.22
3.85,-0.05,9.72,31.25
5.36,-0.46,8.11,31.23
4.28,-0.31,6.5,31.22
1.76,0.21,7.47,31.21
0.95,0.98,9.1,31.28
4.28,1.22,9.31,31.27
5.6,-0.73,8.33,31.25
1.4,0.51,6.42,31.25
-1.06,-0.29,9.05,31.24
0.64,-1.18,10.59,31.2
3.26,0.67,9.94,31.23
6.45,-0.15,7.86,31.25
2.08,0.31,6.39,31.29
-2.12,-0.28,8.79,31.26
-0.97,-1.3,11.64,31.22
1.97,-0.93,10.97,31.25
5.32,-0.52,7.91,31.25
0.73,-1.08,8.08,31.23
-2.69,-1.32,10.49,31.26
0.65,-1.11,10.93,31.24
3.85,-1.47,11.31,31.22
4.94,-0.85,8.31,31.25
1.17,-0.55,7.7,31.22
-1.95,-1.82,10.78,31.22
-0.89,-0.44,10.51,31.28
4.48,0.5,9.29,31.27
4.75,0.39,8.0,31.21
-1.29,0.09,7.51,31.25
-0.24,-0.77,9.35,31.24
-1.4,-0.6,11.5,31.24
-0.69,1.86,8.66,31.25
3.4,-0.13,8.6,31.22
-1.29,-1.71,9.17,31.25
-3.89,-1.87,11.37,31.24
-1.75,-1.2,11.9,31.24
1.03,1.54,8.8,31.2
4.47,-0.34,8.16,31.24
0.59,-1.79,8.48,31.25
-2.54,-1.3,10.29,31.21
-0.87,-0.88,11.09,31.23
0.67,0.46,9.47,31.26
3.44,-0.94,8.27,31.24
1.26,-0.33,7.93,31.24
-2.08,-0.82,10.74,31.22
-0.02,0.45,11.54,31.24
2.55,1.28,8.48,31.25
4.42,0.55,6.93,31.25
-0.06,-0.93,8.06,31.23
-3.56,-0.13,9.92,31.26
0.97,0.1,10.58,31.24
1.74,-0.57,10.18,31.24
3.75,0.94,6.48,31.22
1.85,-0.02,7.32,31.24
-3.7,-1.06,10.45,31.24
0.62,-1.02,11.11,31.23
4.26,1.27,7.84,31.22
3.02,0.94,6.38,31.23
-1.23,0.95,7.15,31.25
-3.44,0.13,9.6,31.27
-1.82,-0.43,11.3,31.22
3.35,-0.0,9.61,31.29
4.93,-1.18,8.19,31.27
-0.03,-0.17,7.42,31.3
-4.67,-0.94,10.19,31.27
-1.35,-1.26,11.73,31.27
1.08,-1.02,11.04,31.24
2.98,0.24,6.94,31.25
4.48,-0.13,7.02,31.27
-3.22,-0.58,8.58,31.26
0.25,-0.21,10.71,31.27
5.72,0.59,8.27,31.28
4.46,0.03,7.51,31.24
1.5,1.29,6.14,31.22
-3.81,-0.58,8.39,31.24
-3.22,-0.67,10.78,31.29
-0.14,-1.15,11.76,31.22
4.81,-1.67,8.96,31.22
4.34,-1.2,7.46,31.27
-3.14,-0.84,8.94,31.25
-3.28,-0.45,11.25,31.25
0.48,-1.0,10.84,31.2
4.22,-0.97,8.69,31.27
4.37,-0.67,7.87,31.23
-0.4,-0.45,8.75,31.19
-1.36,-0.44,11.81,31.24
3.36,-1.69,11.48,31.23
6.92,-0.43,7.49,31.2
3.12,-1.71,8.67,31.24
-2.07,-1.78,10.23,31.26
-0.57,-1.21,11.41,31.22
6.73,-1.32,10.4,31.26
6.45,-0.62,8.34,31.3
5.76,-1.5,7.61,31.26
3.69,-1.1,9.77,31.2
1.95,-1.99,11.83,31.27
5.3,-0.56,11.01,31.23
6.88,-1.49,8.33,31.25
3.53,-1.87,8.47,31.25
-0.19,-0.85,9.64,31.27
1.75,-1.69,11.27,31.26
3.9,-0.12,10.68,31.22
5.05,-0.62,8.2,31.25
1.68,-0.75,7.22,31.25
-4.16,-1.62,10.59,31.24
1.2,-1.07,11.07,31.26
5.19,-1.07,11.56,31.22
6.15,-1.22,8.35,31.26
2.47,-0.17,8.15,31.24
0.48,-0.84,9.3,31.24
0.36,-0.56,10.82,31.23
3.8,-1.51,11.43,31.27
7.36,-1.09,8.7,31.24
2.22,0.25,7.63,31.22
1.91,-0.52,11.03,31.2
3.5,-0.85,8.31,31.23
1.61,-0.91,8.03,31.22
-4.79,-1.72,10.35,31.26
-2.45,-2.75,12.35,31.26
1.23,-0.29,10.04,31.24
5.94,1.03,6.8,31.24
4.21,-0.43,6.69,31.28
-2.84,0.4,7.52,31.25
-2.54,-2.15,12.1,31.21
2.64,0.5,10.12,31.24
3.16,0.93,6.3,31.25
2.74,-0.12,7.58,31.24
-1.26,-0.67,8.91,31.24
0.8,-0.13,10.81,31.22
5.72,0.27,9.07,31.27
4.26,0.06,7.69,31.27
4.47,-0.05,6.88,31.24
-1.46,0.14,8.56,31.24
-0.57,-0.15,10.42,31.25
5.96,0.41,9.62,31.24
8.25,-1.35,7.9,31.26
5.35,-0.52,6.4,31.26
0.7,0.61,8.33,31.24
1.31,-0.23,11.2,31.24
2.88,-1.42,10.83,31.2
4.48,0.2,6.84,31.27
3.48,-0.46,7.36,31.23
-1.71,-0.42,9.2,31.25
0.38,0.25,9.85,31.19
2.98,0.75,9.2,31.22
4.85,-0.58,7.51,31.23
2.76,-1.15,8.48,31.26
-0.28,-1.92,10.03,31.23
2.02,-0.74,10.95,31.24
5.38,-1.17,9.91,31.29
5.97,0.67,5.92,31.23
5.43,0.35,6.57,31.21
1.62,-1.2,9.19,31.24
1.95,0.91,10.36,31.23
7.18,-0.42,8.58,31.22
7.1,0.13,6.32,31.23
1.98,-0.47,7.78,31.22
0.86,-0.21,9.23,31.24
3.24,-1.69,11.32,31.25
4.74,0.16,9.12,31.27
5.8,-1.28,8.73,31.22
2.56,-1.34,8.83,31.25
-0.13,-0.74,9.34,31.21
1.53,-1.33,11.52,31.2
5.39,-1.91,11.38,31.25
5.88,-1.87,8.54,31.22
3.94,-1.22,7.95,31.23
-0.09,-1.3,9.97,31.19
1.77,-1.17,11.2,31.22
4.09,-1.02,11.56,31.25
6.61,-2.35,9.18,31.24
4.96,-1.67,8.42,31.23
-0.55,-1.13,10.36,31.23
2.15,-0.54,10.68,31.23
3.63,-0.79,11.74,31.26
4.29,0.66,6.74,31.23
3.77,-0.22,7.27,31.22
-1.51,-1.31,9.38,31.22
-0.95,-0.3,10.71,31.23
3.37,-1.02,11.05,31.22
6.77,-0.85,9.21,31.23
3.45,-0.6,7.86,31.25
-1.02,-0.89,9.24,31.25
-2.17,-0.74,10.97,31.22
2.3,-0.83,11.81,31.26
5.09,-1.41,9.35,31.25
2.17,-1.69,8.73,31.2
-2.59,-1.31,10.35,31.27
-0.82,-0.55,10.18,31.23
2.18,-0.34,10.54,31.25
5.73,-0.73,8.68,31.23
3.68,-1.3,8.17,31.24
-2.02,-1.83,10.25,31.25
2.33,-1.65,11.26,31.22
3.66,-0.37,10.61,31.21
5.51,0.04,8.03,31.26
2.65,-0.52,7.4,31.26
-3.07,-0.51,9.82,31.26
-0.95,-1.15,11.65,31.25
2.14,-0.98,11.01,31.3
3.55,0.24,8.09,31.26
2.79,-0.69,8.2,31.24
-2.51,-1.93,11.12,31.27
0.58,-1.85,11.96,31.27
3.06,0.07,9.95,31.25
3.55,0.5,7.64,31.21
1.39,-1.84,8.78,31.26
-3.42,-1.23,9.84,31.24
0.48,-1.63,11.06,31.18
4.02,-0.14,10.22,31.2
5.59,-0.5,7.62,31.26
3.74,-0.45,6.69,31.25
-0.61,0.81,7.29,31.22
-0.97,-0.59,10.72,31.19
2.84,1.35,9.28,31.22
6.64,-0.23,7.45,31.24
2.98,-0.62,6.3,31.2
-4.02,-0.11,7.79,31.19
-0.22,-0.19,10.93,31.27
3.67,0.56,9.03,31.25
3.69,1.51,6.29,31.24
4.7,0.29,6.69,31.24
-0.98,0.06,8.15,31.24
-0.93,0.19,9.7,31.29
4.44,1.21,8.61,31.25
4.14,0.51,7.22,31.26
2.63,0.14,6.64,31.24
-1.64,0.04,7.89,31.27
-0.15,-0.53,10.72,31.23
1.49,-0.4,10.25,31.26
5.04,0.37,6.79,31.26
5.53,-0.71,6.66,31.24
3.22,-1.08,10.16,31.24
3.74,-0.26,7.36,31.25
4.4,-0.15,6.23,31.21
-1.92,-0.26,8.97,31.21
-1.72,0.61,10.71,31.24
4.9,-0.6,9.72,31.24
3.98,0.0,7.48,31.25
-0.59,-0.51,7.64,31.27
-1.52,-1.46,10.33,31.26
-0.86,-1.06,11.72,31.22
3.95,-1.56,10.31,31.22
5.56,-1.37,8.6,31.29
1.23,-1.9,8.46,31.26
-1.79,-1.33,10.34,31.23
1.05,-2.09,11.85,31.26
4.2,-0.55,10.11,31.21
4.05,-1.58,8.72,31.24
0.88,-1.35,8.96,31.24
0.06,-0.48,9.31,31.23
2.22,-0.29,11.17,31.24
-3.31,-1.68,10.04,31.2
-4.88,-2.03,12.16,31.25
2.58,0.08,11.0,31.25
4.39,-1.11,9.22,31.25
2.34,-0.47,7.36,31.23
-2.49,-0.91,8.73,31.27
-2.24,-1.7,11.99,31.2
1.45,-0.79,11.29,31.23
3.89,-0.59,8.23,31.24
3.8,-0.97,7.61,31.23
-3.22,-1.38,9.67,31.2
-1.92,-1.15,11.56,31.23
2.74,-0.5,10.41,31.25
5.13,0.02,7.7,31.24
5.96,-0.45,6.9,31.2
-0.26,0.02,7.54,31.28
0.06,0.47,9.92,31.25
1.19,-1.1,10.82,31.27
4.63,0.35,8.81,31.23
-3.31,0.53,8.26,31.26
-3.94,-1.18,11.23,31.24
0.36,0.49,10.85,31.22
2.01,0.65,7.83,31.27
2.82,-0.71,7.51,31.24
-0.93,-0.67,8.43,31.24
-0.16,-0.45,10.74,31.24
3.79,-0.48,10.94,31.24
5.63,0.42,7.59,31.27
5.35,-0.37,7.08,31.27
-0.83,-0.45,8.78,31.2
-1.05,-0.82,10.8,31.22
1.19,-1.23,10.78,31.28
3.99,-0.2,8.6,31.24
4.86,-0.21,6.48,31.27
-0.42,0.44,7.36,31.21
-0.41,-0.93,10.98,31.19
2.26,-0.34,10.27,31.23
5.66,0.51,7.4,31.25
2.54,0.07,6.74,31.24
-3.89,0.07,8.64,31.21
-2.06,-1.91,11.33,31.19
1.63,-0.98,11.49,31.28
2.87,-0.93,8.74,31.26
3.02,-0.65,7.61,31.23
-0.85,-1.03,9.29,31.22
-2.13,-0.62,10.63,31.24
2.75,-0.24,10.86,31.28
5.07,-0.8,8.5,31.22
5.49,-0.36,7.13,31.22
2.23,-1.3,9.17,31.27
1.37,-0.86,11.13,31.25
5.47,-0.56,10.65,31.24
5.71,1.17,7.68,31.23
3.32,0.08,6.76,31.22
0.12,-0.3,8.3,31.27
-0.28,-0.63,10.03,31.26
2.11,0.16,10.8,31.3
5.44,0.21,8.03,31.27
1.95,-1.25,7.72,31.23
-3.24,-0.44,9.12,31.24
-0.0,-1.83,11.4,31.23
0.87,-1.53,11.97,31.24
4.94,-1.14,8.54,31.27
2.76,-0.2,7.47,31.25
-1.11,-1.31,9.08,31.27
-0.74,-0.75,10.47,31.23
3.58,-1.89,11.61,31.24
6.91,-1.14,8.44,31.25
2.89,-0.47,7.46,31.22
-1.45,-1.14,9.58,31.2
-1.24,-0.33,10.45,31.26
2.65,-1.58,11.63,31.26
4.67,-1.4,8.84,31.24
2.3,-1.62,8.69,31.27
-1.83,-3.69,11.53,31.22
-1.25,-0.89,10.93,31.24
3.54,-0.16,9.79,31.24
5.43,0.86,8.31,31.27
2.42,-1.41,8.09,31.24
0.1,-1.61,10.14,31.24
0.33,-0.88,10.7,31.25
3.57,1.12,9.5,31.25
4.9,-0.17,8.88,31.25
0.68,-1.54,8.73,31.24
-4.02,-1.3,10.99,31.21
-2.08,0.21,10.93,31.22
1.8,1.61,8.76,31.27
5.18,0.1,7.72,31.24
1.03,-0.12,7.37,31.29
-4.13,0.01,8.86,31.24
-1.93,0.81,9.6,31.27
-0.34,0.84,9.67,31.24
3.54,-1.23,8.83,31.27
-0.2,-0.7,6.78,31.23
-6.73,-0.38,10.22,31.23
-3.87,-0.53,10.83,31.24
0.81,0.38,9.49,31.23
1.48,0.69,7.61,31.25
-0.51,-0.06,7.13,31.22
-3.36,-0.64,9.81,31.25
-0.53,-0.05,9.88,31.25
4.74,0.22,9.74,31.22
4.28,-0.17,8.11,31.29
1.01,0.75,6.97,31.25
-1.74,-0.3,9.28,31.21
-0.97,-0.58,11.1,31.21
2.64,0.68,9.33,31.27
7.07,-0.36,7.58,31.24
4.72,-0.76,6.77,31.25
-0.86,0.05,8.51,31.28
0.46,-0.43,11.16,31.29
4.19,1.43,8.13,31.26
4.36,-0.27,6.88,31.23
1.7,-0.0,6.89,31.23
-3.36,0.17,8.73,31.17
-0.6,-0.5,11.4,31.22
1.86,-0.53,10.73,31.24
-1.19,-1.0,10.55,31.26
-2.15,0.3,9.9,31.17
2.38,-0.15,9.78,31.23
3.32,0.97,7.3,31.23
2.06,-1.41,8.88,31.25
0.63,-0.62,9.28,31.24
1.38,-0.37,10.37,31.24
5.56,0.83,9.24,31.25
5.28,-0.86,8.43,31.21
2.94,-2.16,8.02,31.26
-0.37,-1.18,9.24,31.28
-0.59,-1.02,11.15,31.24
4.02,0.06,10.04,31.28
6.28,-1.63,8.83,31.26
1.16,0.27,7.42,31.27
-3.01,-0.88,9.13,31.22
-3.06,-2.51,12.03,31.21
0.2,-1.5,11.53,31.3
6.65,-0.81,8.32,31.22
0.35,-0.69,7.86,31.23
-5.24,-0.82,9.98,31.22
0.76,-1.2,10.92,31.23
4.48,-0.05,9.78,31.24
5.13,-0.3,7.91,31.2
1.56,-1.37,8.6,31.2
0.62,-0.93,9.6,31.24
1.83,-0.52,10.14,31.25
3.57,0.53,9.38,31.26
5.33,-0.3,7.63,31.26
0.69,-0.68,7.79,31.24
-2.38,-1.44,10.35,31.17
0.18,-1.71,11.41,31.21
4.11,-0.02,9.88,31.22
5.04,-0.38,8.55,31.2
1.58,-1.62,8.36,31.2
0.63,-1.2,9.73,31.23
1.54,-0.96,10.83,31.25
2.41,0.2,10.25,31.25
4.8,-2.4,9.64,31.25
-1.72,-1.97,9.29,31.2
-3.91,-1.79,10.03,31.24
-0.85,0.32,10.99,31.24
1.57,-0.28,11.39,31.27
5.93,-1.01,8.56,31.24
1.8,-1.04,7.29,31.22
-3.35,-1.26,10.86,31.21
1.12,-1.39,11.86,31.23
4.06,-0.9,9.49,31.21
5.17,0.17,7.33,31.25
0.78,-0.27,7.13,31.2
-4.38,-1.54,10.76,31.23
-0.09,-1.68,11.76,31.25
2.36,-0.38,9.86,31.22
4.06,-0.94,7.67,31.21
-0.09,-1.0,9.01,31.23
-1.16,-1.96,11.27,31.19
2.39,-1.45,11.29,31.22
4.45,0.75,7.62,31.22
7.18,0.41,7.36,31.24
3.34,-1.47,7.59,31.23
-0.54,0.16,8.33,31.23
1.26,-0.23,10.18,31.24
3.78,0.12,8.24,31.22
4.57,0.47,6.42,31.23
0.33,-1.42,6.83,31.24
-5.11,-0.54,10.12,31.22
-2.7,-0.74,10.34,31.27
2.51,0.52,9.1,31.29
3.02,-1.17,8.05,31.23
-0.78,-1.53,8.83,31.24
-4.57,-1.2,11.08,31.23
-0.31,-1.71,12.27,31.25
3.32,-0.87,9.55,31.22
3.82,0.44,6.8,31.23
2.88,-0.57,7.17,31.25
-2.35,-0.6,10.34,31.23
0.92,-0.94,11.16,31.23
4.62,-1.04,10.05,31.24
3.68,-0.68,7.35,31.22
2.71,-0.99,8.52,31.21
0.12,-0.89,10.62,31.27
3.22,-1.51,12.47,31.24
5.64,-1.67,9.98,31.25
6.2,0.1,6.41,31.25
4.53,-1.17,8.24,31.23
1.53,0.4,9.23,31.23
5.75,1.67,9.91,31.26
7.21,-0.77,9.07,31.21
4.94,0.64,5.91,31.24
3.73,-0.7,7.68,31.21
1.63,-1.02,9.88,31.26
2.67,-0.6,10.76,31.25
5.87,0.46,8.15,31.24
4.87,0.09,6.56,31.22
0.21,-0.21,7.3,31.27
1.57,0.46,8.93,31.22
3.43,-0.82,10.69,31.21
4.12,0.29,8.52,31.24
3.84,-0.06,7.45,31.22
0.96,-0.72,7.76,31.18
-1.3,-1.93,9.71,31.23
0.96,-1.82,11.31,31.2
6.97,-1.07,9.09,31.19
5.68,-1.49,8.76,31.23
4.81,-2.95,8.99,31.21
-0.82,-2.28,9.89,31.22
-1.07,-1.59,11.66,31.26
4.83,-1.75,11.71,31.25
7.15,-1.98,9.37,31.27
5.36,-2.02,8.43,31.25
1.57,-1.4,9.7,31.27
1.8,-0.32,10.51,31.22
6.03,-1.54,11.58,31.26
9.44,-1.89,8.71,31.2
4.0,-0.79,7.77,31.28
1.14,-2.1,10.52,31.27
0.59,-0.29,10.41,31.27
4.22,-0.36,10.26,31.25
7.57,-0.19,8.08,31.2
0.99,-1.3,8.28,31.29
-2.18,-1.37,10.05,31.26
0.29,-1.07,10.24,31.28
3.58,-0.89,10.73,31.24
5.83,-0.8,8.13,31.2
2.14,-1.1,7.29,31.25
-1.93,-1.29,9.77,31.24
-1.15,-0.38,10.2,31.26
3.51,0.32,9.46,31.23
5.44,-0.04,7.51,31.22
0.97,-1.22,8.59,31.23
-2.65,-1.72,10.98,31.28
-0.11,-1.27,11.28,31.26
4.18,-0.51,10.19,31.23
4.95,0.24,6.86,31.25
0.58,-0.31,6.43,31.21
-2.65,-2.23,11.26,31.22
0.3,-0.34,11.14,31.2
3.07,0.87,8.03,31.25
5.73,0.14,7.47,31.26
1.3,-0.87,6.62,31.25
-3.57,-0.3,9.17,31.22
0.14,-1.07,11.44,31.22
2.22,0.11,9.37,31.21
4.06,0.06,6.67,31.26
1.35,-1.43,8.08,31.23
-2.73,-0.82,10.47,31.27
0.91,0.06,10.05,31.2
4.66,0.27,8.89,31.21
3.54,-0.37,6.97,31.22
-0.57,-0.15,7.69,31.28
-2.46,-1.48,10.49,31.23
-0.3,-2.13,12.57,31.25
3.4,-1.28,10.0,31.23
5.92,0.09,6.68,31.23
2.05,-1.23,7.23,31.25
-3.48,-0.27,10.07,31.22
-1.12,-0.43,9.64,31.22
0.72,-1.35,11.53,31.29
4.87,0.38,10.36,31.22
6.81,-0.59,8.27,31.25
3.17,-1.36,8.65,31.24
-1.92,-0.54,10.04,31.19
1.34,0.31,9.81,31.25
3.22,-0.43,9.81,31.25
4.46,-0.95,8.95,31.24
1.86,-0.58,7.39,31.21
-2.92,-0.74,9.48,31.24
-2.13,-1.04,11.67,31.22
1.71,-1.3,10.97,31.26
4.77,-0.78,8.08,31.24
-0.42,0.3,7.31,31.2
-2.05,-1.77,10.69,31.22
0.62,-1.03,11.19,31.24
5.66,-0.3,9.5,31.27
6.13,-1.11,7.95,31.24
-0.95,-0.79,8.57,31.25
-1.56,-1.71,10.3,31.2
0.68,-1.16,10.52,31.25
3.22,-1.06,10.48,31.25
5.51,-0.88,8.18,31.25
1.34,-1.43,8.09,31.24
-1.05,-1.51,10.85,31.26
0.19,-1.29,11.17,31.22
3.42,0.1,10.07,31.2
4.48,-0.75,8.19,31.25
0.27,-1.47,9.48,31.19
-0.63,-2.37,10.54,31.23
1.77,-0.21,10.72,31.2
3.81,-1.02,10.67,31.22
4.78,-1.59,9.08,31.23
0.87,-1.96,8.84,31.22
-1.6,-1.71,10.96,31.23
0.2,-0.05,10.84,31.24
5.15,0.2,8.82,31.25
4.5,-0.56,7.9,31.2
0.28,-1.04,11.84,31.23
5.56,-2.0,11.07,31.23
4.19,-0.39,7.96,31.22
5.51,-0.55,7.17,31.24
1.13,-0.98,7.67,31.25
-0.75,0.78,9.53,31.27
2.6,0.81,10.15,31.21
5.47,2.04,6.67,31.25
4.8,0.25,6.97,31.29
-0.92,-1.06,8.69,31.24
-0.55,-0.57,10.64,31.22
4.2,-0.48,10.72,31.26
4.51,0.74,7.04,31.22
4.73,0.01,6.44,31.23
0.57,-0.82,8.78,31.28
-2.4,-0.64,10.42,31.23
3.45,-0.5,10.42,31.26
6.77,0.26,7.91,31.23
6.01,0.83,5.69,31.22
1.94,1.38,6.93,31.22
0.11,-0.35,10.7,31.23
2.9,0.75,9.61,31.27
4.83,1.19,6.72,31.24
3.99,0.14,6.56,31.24
-3.18,-0.24,8.75,31.26
-2.76,0.03,9.7,31.22
1.68,0.44,10.07,31.28
4.0,0.41,7.21,31.24
2.6,0.06,7.72,31.25
-0.36,-2.22,9.48,31.25
0.26,-1.23,11.33,31.27
3.0,-2.4,11.52,31.24
5.59,-1.89,9.06,31.25
4.64,-1.9,8.49,31.26
1.24,-1.74,9.31,31.24
0.87,-1.2,11.09,31.21
3.41,-1.01,10.88,31.25
6.87,-1.44,8.77,31.26
2.8,-0.49,7.64,31.27
-0.55,-1.02,9.05,31.23
-2.03,-0.52,10.45,31.24
1.81,-0.64,10.19,31.25
7.35,-0.05,8.28,31.25
3.93,-1.64,7.79,31.25
-1.34,-1.94,10.03,31.22
-0.61,-1.31,11.03,31.23
2.93,-0.56,10.62,31.22
4.8,-1.81,9.5,31.24
1.61,-2.0,8.96,31.19
-2.08,-1.7,9.8,31.29
-1.26,-1.46,10.98,31.23
3.03,-0.21,11.17,31.28
6.7,-1.94,9.43,31.2
3.36,-1.56,8.4,31.26
-0.2,-1.82,10.01,31.22
-0.11,-1.28,11.0,31.22
1.76,-0.2,10.43,31.24
4.92,-0.18,8.54,31.24
1.57,0.1,7.86,31.24
4.31,0.14,6.29,31.29
3.61,0.18,6.69,31.25
0.24,0.28,9.2,31.24
2.87,0.07,11.02,31.18
6.6,0.14,8.15,31.25
6.15,-0.16,6.52,31.21
2.03,-0.75,6.95,31.24
-1.4,0.15,8.58,31.27
1.57,-0.47,11.08,31.26
3.21,-0.44,8.81,31.2
3.86,1.02,6.36,31.28
3.51,-2.23,8.5,31.24
-0.66,-0.72,9.82,31.25
2.09,-0.22,10.92,31.27
4.43,-1.36,9.68,31.25
5.46,-0.67,7.62,31.23
3.74,-2.36,8.74,31.25
2.04,-0.49,10.26,31.21
4.42,-0.08,11.01,31.23
7.89,0.0,8.83,31.26
7.47,0.45,6.64,31.24
2.76,-1.44,8.11,31.24
-2.2,-0.09,9.5,31.26
1.82,-0.88,10.79,31.28
4.59,-0.76,9.76,31.24
2.6,0.56,6.55,31.28
0.48,-0.42,8.61,31.31
-2.51,-1.09,10.39,31.24
-0.51,-0.02,10.61,31.26
6.21,-0.76,9.44,31.24
4.66,-1.67,8.77,31.22
-0.97,-1.92,9.53,31.21
0.7,-1.29,10.61,31.22
3.77,-1.09,11.23,31.27
5.8,-0.47,9.17,31.25
5.52,-0.9,7.35,31.24
-0.77,-0.33,7.6,31.27
-2.1,-0.98,10.37,31.26
1.19,-0.52,11.41,31.23
4.28,-1.86,9.0,31.28
3.93,0.9,6.39,31.26
2.86,-1.44,7.9,31.29
-0.29,-1.11,11.06,31.23
4.78,-1.37,11.76,31.26
8.75,-2.86,9.88,31.25
6.43,-0.6,7.4,31.25
1.18,-1.83,9.54,31.26
1.45,-0.36,9.74,31.22
2.59,-0.9,11.36,31.25
6.46,0.58,8.48,31.22
6.67,0.39,6.39,31.26
3.21,-1.0,8.82,31.22
-1.02,-0.93,9.39,31.22
1.97,-1.12,11.34,31.25
4.72,-0.78,9.64,31.2
4.73,-0.4,7.23,31.25
1.28,-0.94,8.02,31.26
-0.58,-0.57,9.57,31.25
3.68,-1.49,11.22,31.27
5.53,-1.31,10.15,31.23
3.71,-0.69,7.62,31.24
-0.01,-1.1,8.64,31.26
-2.21,-1.64,10.97,31.24
1.55,0.92,9.17,31.26
5.85,-0.42,9.74,31.3
3.11,-1.67,8.71,31.23
-0.53,-1.4,8.18,31.28
0.52,-1.86,10.54,31.29
2.41,-0.84,10.68,31.25
5.39,-0.09,9.39,31.27
4.57,-1.23,8.5,31.24
-2.31,-1.24,8.94,31.25
-3.11,-1.24,10.5,31.23
-0.6,-0.89,11.95,31.26
2.18,0.21,9.42,31.22
4.15,-0.32,7.58,31.23
-2.5,-0.09,8.5,31.25
-3.22,-1.17,10.78,31.23
1.05,-0.74,10.33,31.22
3.54,-1.52,11.59,31.22
6.51,-0.7,10.28,31.23
6.06,-0.71,8.09,31.26
3.58,-1.29,7.92,31.21
-1.23,-0.49,9.67,31.27
-0.01,-1.16,11.22,31.26
3.8,-0.35,9.86,31.24
2.1,-1.13,8.23,31.27
-0.38,0.22,7.72,31.28
-1.81,-0.85,9.51,31.31
0.55,-0.08,10.63,31.26
5.1,-0.99,10.83,31.27
5.13,-1.79,9.16,31.27
1.14,0.37,7.34,31.28
-1.84,-0.87,10.24,31.25
-0.22,-1.7,11.8,31.25
5.01,-1.69,11.19,31.23
6.46,-1.11,8.03,31.27
0.0,-0.43,8.44,31.21
-0.66,-1.45,10.5,31.29
1.79,-0.94,10.28,31.28
4.29,0.05,8.89,31.24
4.82,-0.37,7.65,31.29
-1.5,-1.78,9.23,31.28
-3.34,-1.21,10.31,31.22
-0.6,-0.49,11.55,31.26
3.35,-0.11,9.71,31.29
7.02,-0.98,8.67,31.24
0.96,-2.45,9.97,31.29
-1.46,-1.84,10.44,31.25
-0.35,-0.68,10.93,31.26
3.43,-1.56,10.45,31.28
7.06,-2.89,9.52,31.24
1.67,-3.14,10.58,31.25
1.36,-1.38,10.49,31.27
2.55,-0.65,10.41,31.28
3.8,-0.61,10.0,31.27
6.68,-1.04,8.09,31.26
-2.47,-1.3,10.28,31.29
-1.57,-1.42,12.04,31.27
4.32,0.49,9.69,31.27
7.22,-0.0,7.43,31.24
3.01,-0.12,6.57,31.27
-3.53,-0.34,8.55,31.29
-2.34,-0.36,10.93,31.27
3.13,1.32,8.54,31.26
3.72,-0.02,7.38,31.24
1.2,1.23,6.43,31.26
-3.87,-0.33,8.49,31.24
-2.88,-0.09,11.51,31.24
3.22,-0.6,9.76,31.29
4.96,-0.36,7.66,31.24
1.9,-0.51,6.95,31.25
-2.64,0.04,8.37,31.24
0.23,-0.92,11.49,31.26
2.96,-0.57,9.5,31.26
4.19,0.09,7.13,31.29
3.31,-0.91,7.55,31.23
1.92,-1.01,8.25,31.26
1.13,-0.73,9.7,31.26
2.62,-0.24,10.35,31.22
4.32,0.98,8.61,31.22
7.55,0.06,7.41,31.27
2.34,-1.09,7.13,31.22
-4.07,-0.35,10.01,31.24
-1.94,-1.71,11.27,31.22
1.92,-0.55,11.46,31.25
4.87,-0.62,9.12,31.25
3.64,-0.15,7.25,31.19
-3.26,-1.64,10.24,31.24
-3.19,-1.44,11.89,31.25
1.52,-0.62,10.25,31.26
4.43,-0.91,9.2,31.27
2.82,-0.55,8.12,31.26
-1.31,-1.95,10.17,31.29
-0.07,-1.83,10.8,31.21
2.4,-0.3,10.75,31.23
4.09,-0.35,9.38,31.27
5.12,-0.5,7.84,31.25
-0.11,-2.09,9.23,31.27
-2.53,-1.45,10.67,31.25
-0.81,0.03,10.87,31.27
2.96,-0.51,10.3,31.28
5.08,-1.0,7.96,31.26
-2.09,-0.92,9.13,31.23
-1.77,-1.68,11.29,31.2
1.27,-1.04,11.58,31.27
3.81,0.62,8.45,31.24
3.91,0.8,7.47,31.25
-2.66,-0.43,9.1,31.29
-2.91,-0.84,11.2,31.29
2.21,-0.53,10.72,31.22
3.24,0.08,8.76,31.28
3.02,0.17,7.5,31.23
-2.81,-0.51,8.23,31.26
-3.35,-1.82,11.56,31.25
1.57,-0.86,11.13,31.24
4.24,0.3,8.51,31.28
4.82,-0.94,7.53,31.27
-0.67,-0.49,8.27,31.3
-2.06,-2.68,12.06,31.26
0.8,-0.23,10.75,31.26
3.6,-0.47,8.4,31.25
3.29,0.15,6.9,31.28
-2.81,-0.54,8.22,31.23
-1.93,-0.48,10.54,31.27
0.96,-0.51,10.93,31.25
2.28,-0.34,9.08,31.31
4.11,-0.72,7.35,31.23
-0.67,-1.26,8.52,31.24
-1.32,-0.78,10.97,31.25
0.72,-1.41,11.99,31.24
2.3,0.36,7.93,31.23
3.48,0.2,6.66,31.28
-0.08,-0.53,8.28,31.25
-1.53,0.1,10.62,31.25
5.84,-1.56,8.35,31.27
1.43,-2.12,8.95,31.27
-0.06,-2.28,11.55,31.22
1.1,-0.92,11.51,31.25
5.01,-0.45,8.94,31.29
2.44,-1.06,7.65,31.25
-1.39,-1.3,9.59,31.23
-0.4,-1.29,10.49,31.25
2.55,-1.67,12.09,31.22
6.43,-0.47,9.29,31.23
5.57,-0.22,7.91,31.27
1.76,-0.74,9.11,31.21
1.2,-1.05,9.92,31.25
5.29,0.06,10.72,31.26
8.95,-1.01,9.34,31.24
5.05,-1.6,8.8,31.24
0.04,-1.7,9.08,31.25
-0.72,-1.52,10.68,31.22
1.56,0.88,10.0,31.2
4.42,-0.24,9.08,31.26
2.94,-2.13,9.05,31.25
-3.82,-1.48,9.42,31.22
-1.65,-0.42,10.34,31.28
1.25,0.21,10.79,31.26
3.39,-0.26,9.16,31.27
4.0,-1.65,8.86,31.24
-0.4,-1.93,10.75,31.28
-0.13,-1.42,11.46,31.24
1.92,-0.32,11.09,31.22
5.21,0.27,8.81,31.22
4.97,-0.34,7.56,31.25
-1.17,-0.47,8.83,31.27
0.64,-1.18,11.2,31.26
1.9,-0.34,10.23,31.27
5.57,0.21,7.99,31.26
4.32,-0.55,7.13,31.26
-2.94,0.05,8.18,31.22
-2.76,-1.08,11.39,31.27
1.63,0.31,9.66,31.25
3.74,-0.63,9.75,31.22
4.09,-0.69,7.94,31.24
0.49,-1.08,8.79,31.23
-1.56,-0.63,10.69,31.27
-0.51,-0.93,10.77,31.29
4.38,-1.24,11.22,31.26
6.44,-1.13,8.62,31.24
2.88,-0.62,6.96,31.22
-0.22,-1.49,9.94,31.24
0.08,-0.89,10.66,31.23
4.75,0.35,9.45,31.28
6.45,0.38,7.92,31.24
0.65,-0.47,8.17,31.24
1.62,-0.87,9.45,31.26
-0.19,-1.04,10.55,31.25
3.18,0.79,9.54,31.25
6.25,0.45,7.84,31.27
1.79,0.57,7.64,31.24
-0.52,-1.71,9.77,31.26
-0.23,-0.15,10.67,31.23
2.56,1.03,8.72,31.28
3.91,0.17,8.33,31.24
0.77,-2.83,9.57,31.26
-2.65,-1.49,10.03,31.27
-1.3,-0.2,10.2,31.25
0.34,1.4,8.47,31.22
5.94,0.89,7.53,31.26
4.04,-1.0,7.44,31.22
-3.65,-1.72,9.81,31.27
-1.88,-0.74,10.53,31.26
1.06,-1.35,12.07,31.24
3.69,0.37,7.93,31.22
1.78,0.42,6.21,31.27
-5.14,-1.21,10.45,31.24
-1.37,-1.24,12.33,31.28
4.78,-0.08,9.73,31.28
4.68,-0.0,7.66,31.24
-0.47,-1.46,8.2,31.26
-1.8,-0.85,10.3,31.22
1.98,-1.17,11.84,31.3
5.09,0.28,7.46,31.25
5.25,1.11,6.51,31.26
2.87,-0.81,6.8,31.24
-1.59,-0.39,8.76,31.25
1.41,-0.32,10.56,31.26
3.03,1.04,8.58,31.25
2.29,0.38,6.83,31.21
0.07,0.06,7.24,31.25
-2.07,-1.12,9.99,31.21
-0.32,-0.98,11.42,31.27
3.65,-0.2,9.35,31.29
3.98,-1.21,8.54,31.21
1.69,-0.22,7.21,31.25
-2.96,-1.3,9.9,31.24
0.75,-1.01,11.16,31.27
4.16,-0.87,10.61,31.28
4.97,-1.09,7.98,31.27
3.8,-2.03,8.95,31.27
-0.68,-0.75,9.66,31.28
6.77,-1.38,10.31,31.25
6.96,0.46,8.27,31.26
7.64,-0.79,6.51,31.2
0.95,0.4,7.45,31.28
-1.84,-0.41,9.4,31.26
2.97,0.01,9.94,31.29
4.75,0.56,7.69,31.24
3.63,0.94,5.98,31.3
-1.95,-0.23,7.91,31.26
-4.54,-2.12,12.42,31.27
1.91,-0.76,10.58,31.25
7.06,0.99,6.85,31.21
2.86,-0.96,7.75,31.23
-2.09,-1.66,8.97,31.27
-0.57,-0.89,10.91,31.25
2.2,-1.02,10.24,31.22
4.02,-1.02,9.23,31.25
3.11,-1.44,7.63,31.31
-0.78,-1.3,9.15,31.26
-0.06,-1.1,10.72,31.25
4.21,-0.2,10.36,31.25
4.83,-0.56,8.49,31.24
3.65,-0.64,7.59,31.24
1.24,-1.5,9.35,31.25
0.47,-0.8,10.48,31.21
3.97,0.19,9.92,31.25
6.2,-0.01,7.95,31.26
4.06,0.0,6.93,31.28
0.4,-0.9,9.01,31.26
0.24,-0.58,9.98,31.24
1.62,-0.17,10.73,31.26
4.37,-0.22,8.21,31.27
0.51,-0.49,7.7,31.25
-2.9,-1.81,9.56,31.29
-1.36,-0.71,11.24,31.24
3.21,-0.87,10.7,31.23
5.75,-0.15,8.54,31.24
2.79,-2.13,8.64,31.25
-1.34,-2.15,10.22,31.27
4.31,1.36,7.12,31.25
3.64,-0.13,6.93,31.26
-1.99,-0.55,8.32,31.27
-3.78,-1.1,11.21,31.29
1.4,0.65,10.1,31.24
3.15,0.13,7.41,31.26
3.53,-0.37,6.39,31.26
-1.04,-0.21,7.26,31.29
-0.6,-0.44,10.92,31.25
-0.89,-1.36,11.43,31.19
1.45,1.1,7.92,31.27
2.63,0.08,7.15,31.28
-1.29,-1.84,8.84,31.28
-3.73,-2.33,11.6,31.28
-0.1,-1.17,10.92,31.24
2.19,1.33,7.79,31.27
2.28,0.23,7.49,31.25
0.61,-0.15,7.22,31.29
-3.74,-0.62,10.05,31.26
-2.37,-0.77,11.37,31.27
-2.07,-0.9,9.47,31.27
-1.02,-1.29,10.25,31.22
0.91,-1.43,12.24,31.26
4.8,-0.65,8.64,31.27
4.07,-0.75,7.94,31.22
-0.21,-1.71,9.43,31.23
-0.78,-0.62,10.33,31.29
1.91,-1.75,11.74,31.23
4.79,-1.22,9.32,31.26
2.66,-0.87,8.55,31.23
-0.02,-1.97,9.79,31.26
-2.13,-0.29,10.7,31.27
1.47,0.1,10.5,31.27
6.32,-0.03,9.0,31.27
3.67,-0.71,8.03,31.26
-0.92,-1.98,9.7,31.27
-1.73,-0.46,10.11,31.27
3.22,-0.18,10.82,31.21
5.08,-1.29,10.01,31.2
4.31,0.51,7.84,31.23
4.17,1.18,6.54,31.23
2.59,-0.35,6.76,31.24
-3.79,0.56,7.92,31.23
-3.85,-0.62,11.02,31.27
2.83,0.77,8.73,31.29
5.19,-0.13,7.33,31.31
1.97,-0.26,6.93,31.28
-2.25,-0.22,8.65,31.26
-1.22,-1.2,11.53,31.26
0.97,1.01,9.0,31.25
3.19,-0.51,7.92,31.27
1.0,0.48,6.39,31.24
-5.01,0.13,7.88,31.25
-2.42,-0.32,11.43,31.23
3.44,0.28,9.24,31.24
4.57,0.3,6.9,31.24
1.68,0.65,6.61,31.23
-3.55,-1.31,9.71,31.26
-0.79,-1.07,11.96,31.22
3.81,-1.09,10.41,31.24
8.64,-1.38,8.32,31.25
4.01,-0.96,7.58,31.23
-0.28,-0.03,8.6,31.24
2.92,0.31,10.01,31.24
4.8,0.51,9.14,31.29
3.63,-0.02,8.07,31.29
3.22,-0.82,7.59,31.27
-1.73,-0.9,9.73,31.28
-0.68,-0.41,10.8,31.23
5.38,-1.15,9.84,31.28
6.53,-0.51,7.61,31.3
0.88,0.1,7.23,31.26
-1.25,-0.62,9.65,31.26
1.06,-0.54,10.88,31.29
3.88,-0.62,9.35,31.26
4.18,-0.56,7.75,31.23
1.97,-1.51,8.42,31.28
-0.77,-1.82,10.05,31.21
0.66,-1.72,11.62,31.27
4.77,-1.77,10.35,31.24
4.16,-1.41,8.84,31.27
3.08,-2.32,8.83,31.28
1.3,-0.86,9.84,31.26
3.72,-0.86,10.71,31.28
6.39,1.14,9.26,31.26
6.34,-0.91,7.9,31.29
1.25,0.1,7.87,31.28
-0.42,-0.8,9.5,31.26
0.87,-0.91,10.91,31.27
2.82,0.04,9.65,31.22
3.73,-0.19,7.66,31.24
1.35,-0.21,7.92,31.26
-0.81,-0.62,9.59,31.23
1.42,-0.28,10.68,31.24
4.36,-0.52,10.47,31.23
5.91,-0.01,6.79,31.19
-0.44,-0.14,7.83,31.22
-3.96,-2.16,10.8,31.27
0.86,0.17,10.48,31.26
5.13,1.34,8.74,31.21
3.8,0.69,7.01,31.23
-2.99,-1.07,9.0,31.23
-1.54,-1.24,10.62,31.26
1.05,0.05,11.02,31.24
2.25,0.23,9.08,31.26
3.87,-0.83,7.92,31.22
-0.76,-0.15,7.98,31.28
-3.28,-0.68,9.75,31.25
-1.55,-0.54,10.89,31.31
3.18,1.04,10.5,31.23
4.65,1.25,8.52,31.24
4.07,0.29,6.48,31.27
-2.34,-1.94,9.98,31.23
-0.89,-1.62,10.55,31.25
3.1,0.23,8.55,31.25
5.79,0.86,6.08,31.23
4.38,0.98,5.54,31.27
-3.95,-2.26,10.42,31.24
4.66,-0.12,8.24,31.23
2.16,-1.85,10.65,31.25
0.12,-0.12,5.36,31.27
-2.38,-1.68,9.4,31.25
-3.95,-0.11,11.37,31.24
0.24,0.08,11.32,31.29
3.56,-3.74,12.0,31.22
3.45,-2.46,7.35,31.25
-2.66,-1.13,8.48,31.26
-0.05,0.84,11.31,31.27
1.67,-0.9,11.47,31.29
5.28,-0.28,6.72,31.27
1.69,2.03,5.2,31.27
-1.7,1.4,8.28,31.24
0.96,1.17,11.19,31.27
1.97,3.4,6.72,31.25
2.77,3.43,5.45,31.22
3.09,-0.44,7.65,31.27
-1.14,-1.44,8.87,31.26
3.1,-0.89,11.36,31.23
1.32,-0.34,8.85,31.26
1.42,-0.83,5.41,31.27
0.7,-1.6,9.51,31.24
0.83,-1.27,11.99,31.24
5.37,-1.91,11.45,31.24
5.06,-2.33,10.16,31.24
3.35,-2.29,8.36,31.29
1.01,1.29,6.17,31.24
2.32,-2.35,11.34,31.25
4.64,-1.86,9.63,31.23
5.89,-2.92,7.96,31.25
1.22,-1.2,7.28,31.25
-0.84,-0.66,8.0,31.26
-0.03,1.17,9.65,31.24
7.45,-0.96,10.91,31.22
4.88,-2.89,9.81,31.27
1.27,-2.16,11.03,31.25
2.08,1.68,9.81,31.26
2.82,0.95,10.75,31.27
4.97,-0.52,9.34,31.25
4.35,6.06,8.62,31.2
-5.21,-7.17,10.91,31.22
-2.51,-3.76,10.54,31.28
2.54,3.08,8.84,31.27
2.88,2.31,7.53,31.23
3.34,-0.6,7.16,31.21
1.23,-1.63,6.95,31.27
1.64,-3.44,12.99,31.25
0.95,1.39,8.41,31.24
3.4,3.18,10.01,31.26
1.55,0.03,10.9,31.25
-0.53,-4.96,11.9,31.25
-1.11,-3.48,11.48,31.21
2.93,-0.0,10.84,31.21
5.43,0.78,10.98,31.25
3.62,-0.4,8.57,31.22
-2.78,-2.48,8.39,31.28
-1.82,-4.63,12.1,31.23
-1.56,-1.33,9.97,31.29
4.36,2.34,7.53,31.27
3.25,0.88,6.52,31.22
-2.69,-0.64,6.97,31.22
1.28,-1.17,9.68,31.28
1.21,-0.69,10.94,31.24
3.07,0.71,10.02,31.25
6.16,-1.74,10.87,31.22
-0.9,-2.25,8.1,31.21
-3.54,-2.02,11.85,31.27
2.36,0.18,12.62,31.24
5.57,-3.27,14.45,31.23
5.37,7.54,1.88,31.22
0.89,-0.31,5.5,31.28
-0.98,-1.06,9.64,31.27
0.4,-1.17,8.25,31.26
2.57,1.8,4.69,31.27
1.84,1.65,4.38,31.23
-1.69,0.34,7.94,31.28
-1.63,-1.1,9.92,31.27
2.85,-3.71,10.35,31.27
3.97,-2.55,7.43,31.29
-4.55,-1.45,9.0,31.27
1.51,1.04,12.16,31.27
4.22,-1.46,11.59,31.24
6.83,-4.3,11.21,31.27
6.51,-1.3,3.84,31.24
-2.3,0.47,7.8,31.24
-0.19,0.17,10.46,31.23
3.32,-0.09,8.66,31.24
5.62,-2.25,6.14,31.24
4.87,0.64,3.45,31.25
1.1,2.01,4.89,31.28
-4.09,3.22,5.21,31.24
1.84,1.6,7.49,31.28
1.38,0.46,9.21,31.22
4.11,-0.84,8.21,31.26
-2.86,-1.91,7.11,31.24
-6.19,-1.06,10.69,31.23
2.26,-2.55,13.99,31.27
-0.19,-2.0,9.88,31.24
0.37,-1.95,11.35,31.23
2.32,2.58,7.46,31.29
2.26,-2.09,8.54,31.25
0.62,-0.43,7.41,31.27
0.58,1.79,8.34,31.26
-1.02,0.54,10.5,31.21
3.59,1.34,9.55,31.28
3.59,-4.58,10.44,31.21
1.9,-2.32,8.95,31.27
-2.44,0.5,11.7,31.26
1.57,0.91,9.92,31.24
4.15,1.49,9.18,31.18
4.3,-0.84,8.44,31.21
-0.22,-2.96,8.02,31.28
-1.6,-0.62,9.61,31.22
2.0,1.53,9.46,31.26
3.62,1.7,8.37,31.24
4.75,0.63,6.85,31.26
-2.5,-1.4,9.36,31.22
-1.29,-0.58,9.84,31.2
1.21,1.15,9.99,31.23
4.21,1.15,9.77,31.24
5.75,-1.21,8.87,31.26
1.73,-2.39,8.64,31.28
-1.53,-2.04,10.45,31.21
1.27,-0.85,11.15,31.24
4.14,0.57,10.8,31.24
6.06,-0.58,8.18,31.24
2.3,-2.03,7.92,31.22
-3.31,-2.98,10.83,31.25
0.29,-1.23,11.15,31.24
2.13,0.23,10.28,31.23
3.99,1.32,7.05,31.24
-1.1,0.3,6.81,31.25
-5.33,-0.89,10.12,31.29
0.07,-1.28,10.13,31.25
2.66,-0.36,9.56,31.27
4.45,0.39,7.78,31.22
5.76,-1.71,8.58,31.26
2.88,-1.05,7.29,31.24
0.37,-0.72,9.41,31.26
2.65,0.1,11.05,31.29
5.18,0.79,9.71,31.26
7.12,0.34,6.9,31.25
3.17,-1.5,7.76,31.26
1.07,-0.82,9.94,31.27
4.91,-0.11,10.05,31.27
6.96,0.7,9.74,31.25
7.87,0.63,6.79,31.26
2.79,0.65,7.06,31.27
-0.68,-1.94,10.33,31.26
0.09,-1.32,10.85,31.25
3.89,-1.41,9.5,31.22
5.96,-0.91,7.43,31.27
-0.85,-1.32,8.68,31.23
-2.46,-2.56,11.42,31.26
0.3,-0.11,10.86,31.27
4.8,-1.09,9.94,31.26
3.39,0.52,4.23,31.31
-3.86,-2.27,8.88,31.27
0.28,-1.32,9.18,31.24
2.72,2.18,4.93,31.22
3.77,4.55,2.31,31.26
2.74,2.19,3.18,31.24
-2.53,0.58,7.43,31.27
1.43,-2.81,12.99,31.26
-0.84,-1.02,11.09,31.21
5.86,-2.4,11.7,31.29
3.27,1.1,7.85,31.23
-0.8,-3.18,10.07,31.27
-1.51,-2.93,10.94,31.25
1.21,0.6,11.43,31.23
4.93,-2.36,12.63,31.24
9.05,4.19,4.12,31.26
-1.08,1.75,2.4,31.29
-3.99,0.71,7.58,31.27
3.29,-0.29,7.46,31.22
4.79,1.08,5.23,31.3
4.94,1.07,4.77,31.27
-1.45,3.31,5.16,31.23
-3.26,1.95,7.96,31.26
2.48,-0.16,11.81,31.23
4.42,-3.59,11.85,31.19
4.65,-3.57,9.3,31.26
-1.2,-0.64,7.96,31.25
-1.41,-0.75,8.91,31.22
3.02,-0.86,13.07,31.26
5.83,-0.57,10.49,31.28
6.6,-3.27,8.65,31.26
2.41,-2.33,8.0,31.24
2.28,0.56,8.45,31.27
6.74,0.49,9.62,31.22
6.55,1.14,7.68,31.25
2.59,-0.46,5.77,31.28
-0.56,-1.03,8.46,31.24
-1.05,-1.08,9.33,31.26
3.39,-1.12,11.35,31.27
5.05,-0.07,9.12,31.25
3.82,-1.2,7.47,31.22
1.96,-0.97,7.73,31.26
0.85,-1.02,10.73,31.26
1.97,1.46,10.58,31.25
5.17,-0.34,10.62,31.27
3.06,-2.52,8.78,31.2
-0.51,-1.04,9.27,31.29
2.01,0.25,11.56,31.24
5.01,-3.7,14.68,31.25
5.0,7.34,1.47,31.26
4.58,3.15,4.35,31.27
-1.5,-2.04,9.98,31.27
-4.76,-3.71,9.79,31.26
-1.31,-3.16,11.72,31.23
0.77,-2.65,9.05,31.22
3.88,2.2,5.51,31.29
-5.14,0.24,8.64,31.25
-0.76,-1.93,10.1,31.27
-0.59,-1.08,12.95,31.29
4.74,-2.49,10.61,31.28
0.11,-2.04,9.68,31.28
0.53,-1.79,13.86,31.22
-2.66,-1.59,11.41,31.27
1.61,-1.82,11.56,31.22
4.58,-2.24,6.21,31.22
-0.46,-4.36,10.27,31.29
-8.91,-0.71,7.98,31.22
2.15,-0.12,11.77,31.23
2.08,0.12,9.31,31.25
3.34,1.25,6.65,31.24
-0.63,-1.2,5.65,31.27
-5.41,-2.47,9.53,31.27
-0.97,-0.63,10.14,31.27
6.56,0.07,12.04,31.29
4.96,0.33,11.7,31.26
0.33,-1.12,11.16,31.25
-3.79,-5.57,14.94,31.29
2.05,-0.77,9.8,31.23
-0.11,1.82,6.09,31.24
0.58,4.26,2.75,31.24
1.06,2.94,4.01,31.27
-2.09,1.38,6.89,31.26
0.27,1.51,9.33,31.26
1.12,1.21,9.16,31.27
4.11,-2.59,9.84,31.25
2.79,-2.98,7.3,31.23
-1.56,-1.88,8.75,31.24
-3.93,1.46,10.39,31.25
0.64,0.61,13.25,31.28
3.22,0.62,8.08,31.23
2.06,-4.53,10.28,31.29
-2.51,-1.44,7.2,31.24
-4.07,-0.63,9.79,31.24
2.18,-3.46,14.36,31.26
4.72,7.82,1.23,31.25
4.21,-2.26,6.73,31.25
-4.69,1.38,7.31,31.21
0.72,0.58,8.71,31.23
-1.31,2.97,6.34,31.25
-0.77,-0.73,6.87,31.26
1.91,-3.4,8.98,31.27
-1.43,0.73,7.8,31.23
-1.59,1.27,11.58,31.24
4.64,0.7,10.87,31.29
4.48,-2.41,10.44,31.21
1.25,-2.14,8.87,31.24
2.2,-0.6,9.64,31.25
0.26,-0.82,11.41,31.24
3.2,0.64,10.18,31.28
1.16,-1.1,8.1,31.22
3.45,-3.18,5.38,31.27
-0.18,-0.98,7.66,31.24
2.37,-0.16,9.31,31.27
2.48,1.01,8.22,31.27
3.47,-0.8,8.48,31.25
2.68,-3.3,8.47,31.24
2.96,-0.83,8.25,31.25
0.96,-0.98,10.23,31.28
2.04,0.58,10.6,31.22
4.33,0.23,9.13,31.27
4.17,-3.56,10.89,31.27
2.43,-3.12,8.91,31.23
1.33,-0.19,8.9,31.26
4.08,0.46,12.4,31.24
7.21,1.83,9.13,31.23
7.42,-1.07,9.29,31.26
-1.31,1.71,5.44,31.26
4.25,-0.01,9.5,31.24
5.74,2.32,8.44,31.26
3.86,1.55,4.83,31.22
-0.34,-1.96,8.32,31.22
-1.73,-2.49,8.43,31.24
-2.44,1.53,7.99,31.27
1.24,2.41,10.01,31.24
-0.66,0.69,11.17,31.27
0.73,-2.26,9.42,31.26
-0.23,-3.44,11.44,31.25
0.59,-1.85,13.78,31.24
7.3,2.09,10.84,31.27
3.28,0.37,10.24,31.24
-2.49,-2.26,8.95,31.26
-5.17,-5.92,11.82,31.3
1.55,-6.27,12.28,31.25
6.99,-1.67,10.19,31.24
3.79,-0.58,9.01,31.26
0.48,-1.27,7.11,31.23
-2.94,-2.45,10.17,31.22
1.62,-0.8,9.72,31.23
3.46,-1.12,12.27,31.23
4.68,0.32,9.05,31.27
2.69,-0.48,9.3,31.27
-3.81,-3.32,9.81,31.22
-2.59,-2.94,11.44,31.24
5.35,-1.38,11.56,31.21
6.7,0.49,8.54,31.27
3.43,-2.78,11.34,31.26
-5.52,4.01,2.72,31.24
1.46,-3.17,9.97,31.25
-0.29,0.94,5.71,31.25
-2.05,0.48,7.61,31.26
-0.76,0.45,9.25,31.28
2.3,1.1,10.05,31.23
3.11,-0.4,7.52,31.24
3.97,-5.14,9.93,31.29
1.55,-2.02,7.57,31.26
-2.8,-0.76,7.91,31.3
1.65,-0.24,12.28,31.2
6.68,0.47,10.67,31.21
6.84,-3.59,10.46,31.26
4.52,-5.09,9.29,31.3
2.17,2.46,5.3,31.27
5.61,-2.83,16.98,31.27
4.42,1.41,7.05,31.26
2.62,1.17,4.25,31.22
2.55,-3.21,9.2,31.29
0.5,-0.78,10.6,31.29
0.24,-0.81,10.06,31.3
4.65,2.12,5.15,31.26
5.11,-1.27,6.25,31.32
-0.82,-0.03,7.74,31.29
1.28,1.3,10.21,31.26
1.48,0.15,11.7,31.28
6.44,-0.1,11.05,31.27
2.26,-2.21,10.93,31.28
1.1,-3.33,11.56,31.24
3.22,1.08,7.5,31.27
2.43,4.07,7.76,31.27
0.82,1.29,6.55,31.29
-2.55,-1.27,7.37,31.24
-3.66,-4.21,10.68,31.24
-1.5,2.41,7.33,31.27
2.36,3.22,7.95,31.28
2.9,0.2,9.13,31.28
0.51,-2.96,7.26,31.27
-0.58,-4.02,9.17,31.27
1.0,-2.62,10.13,31.28
2.29,-0.96,12.76,31.26
2.68,3.27,8.92,31.26
3.9,-0.85,12.38,31.3
2.44,-5.59,12.57,31.27
3.64,-3.04,10.05,31.23
7.28,1.36,10.12,31.24
6.59,3.31,7.93,31.29
3.98,-0.46,7.48,31.26
1.64,2.44,8.8,31.25
2.89,1.75,9.09,31.28
4.07,-1.2,9.87,31.24
2.89,-3.33,7.93,31.29
1.19,-2.21,7.11,31.26
1.0,-0.74,10.1,31.24
1.25,0.89,10.75,31.28
4.89,2.57,9.82,31.26
4.26,-1.58,11.33,31.27
1.98,-4.87,11.63,31.28
1.05,-2.49,10.99,31.27
4.36,2.94,8.9,31.26
6.7,3.29,10.96,31.3
3.63,-1.77,7.81,31.25
2.21,-6.63,12.52,31.27
2.62,-2.3,11.48,31.27
1.11,3.08,6.88,31.25
-1.57,2.34,5.13,31.22
-1.56,0.13,7.72,31.27
-0.04,-2.66,10.91,31.26
-1.49,2.5,7.47,31.29
1.78,-0.37,11.2,31.3
2.51,-1.81,11.02,31.24
2.22,-2.12,9.31,31.29
-0.53,-4.15,10.81,31.26
-2.53,-0.92,11.81,31.23
3.18,1.09,12.46,31.28
6.71,-1.5,14.34,31.3
1.55,1.59,7.07,31.27
-4.76,-3.82,10.81,31.24
-2.59,-6.0,11.53,31.24
1.77,1.21,7.77,31.3
2.62,-0.57,8.4,31.26
0.93,1.79,6.03,31.27
-1.98,-0.87,8.77,31.27
0.26,0.61,9.7,31.26
3.35,-2.03,11.29,31.29
5.05,-2.91,10.14,31.24
3.25,-3.18,8.78,31.31
0.18,-2.29,10.35,31.28
0.44,-1.2,13.09,31.23
1.79,0.69,11.71,31.27
5.67,-1.64,9.89,31.23
4.89,-1.64,8.89,31.27
-3.9,1.05,7.33,31.25
-1.5,-0.01,9.68,31.21
4.32,1.57,7.04,31.26
5.47,2.99,3.36,31.3
2.96,3.66,4.05,31.27
-2.18,0.0,9.43,31.29
-0.39,-0.35,11.18,31.27
2.75,0.48,8.51,31.27
3.48,-2.73,10.11,31.25
3.45,-0.55,7.7,31.26
-1.91,-1.94,9.92,31.26
-4.15,0.88,10.52,31.27
2.85,-0.19,11.71,31.19
5.36,-0.72,8.54,31.27
3.67,-2.33,7.38,31.21
-0.72,-0.38,9.42,31.26
0.11,2.38,7.96,31.28
6.39,-1.37,10.24,31.27
4.65,0.89,4.6,31.27
0.03,3.11,3.82,31.26
-2.12,1.14,7.88,31.27
0.25,-0.67,9.7,31.31
2.33,1.32,8.8,31.27
4.34,0.92,5.78,31.27
2.08,-3.93,10.62,31.25
-2.42,-0.32,6.99,31.24
1.51,0.06,11.6,31.27
4.12,0.13,11.94,31.27
5.41,-1.5,9.88,31.27
4.48,-3.54,8.01,31.2
2.18,-0.51,8.32,31.27
0.13,0.84,10.63,31.27
5.08,-2.06,11.45,31.26
6.45,-3.35,6.95,31.26
0.35,1.1,5.3,31.3
-3.03,-1.63,11.39,31.23
-0.47,-2.15,11.44,31.23
3.89,-2.33,9.79,31.26
5.19,-0.98,7.95,31.26
2.28,0.97,5.37,31.26
-0.23,-2.29,10.46,31.28
2.97,-0.2,10.75,31.24
5.2,0.33,10.83,31.27
6.61,-3.69,11.07,31.26
0.44,-0.37,8.91,31.26
-0.8,-1.0,7.44,31.24
-0.91,-0.17,10.69,31.26
4.38,-1.51,10.83,31.24
3.77,0.51,5.05,31.26
1.92,1.43,4.51,31.25
-1.2,0.49,6.91,31.24
0.55,0.24,9.13,31.25
3.57,-2.77,10.6,31.25
4.79,-2.35,8.54,31.25
1.73,-2.2,7.26,31.25
0.8,-3.14,10.15,31.24
1.05,-0.3,10.82,31.25
0.96,1.24,10.24,31.26
4.53,-0.96,9.87,31.3
3.07,-3.38,9.65,31.28
-1.38,-6.0,11.28,31.23
-0.98,0.27,10.1,31.28
4.16,0.95,11.04,31.29
5.67,-1.69,11.75,31.23
2.43,-1.28,7.39,31.24
-2.11,-2.37,9.29,31.23
-0.63,-0.63,10.01,31.23
3.83,2.01,7.46,31.27
6.25,0.76,6.11,31.24
1.39,-1.69,10.95,31.27
-0.57,-2.68,13.03,31.26
1.87,-1.07,12.53,31.26
3.89,-0.02,10.17,31.21
2.94,0.81,9.06,31.24
-1.54,-3.65,10.51,31.24
-5.41,-4.52,13.35,31.24
1.34,-1.24,12.04,31.26
4.09,1.59,9.27,31.21
4.1,-0.64,9.02,31.24
1.11,-1.82,7.84,31.29
-2.85,-3.82,12.07,31.27
-0.56,-1.6,10.72,31.27
2.36,0.92,12.41,31.23
4.75,1.03,8.61,31.28
2.84,-1.21,8.42,31.24
-2.96,-5.06,11.82,31.22
2.44,0.36,9.13,31.25
6.19,-2.03,11.79,31.25
8.56,2.18,5.5,31.25
3.98,2.33,2.56,31.23
-1.78,-1.98,10.65,31.24
3.4,-1.75,10.16,31.26
5.82,3.24,5.16,31.27
5.13,2.75,4.99,31.27
2.74,4.58,3.99,31.24
-2.3,2.38,7.39,31.26
-0.29,0.09,9.99,31.27
4.41,0.26,6.39,31.25
3.93,0.24,4.67,31.24
0.18,3.09,4.52,31.24
-3.02,0.89,7.62,31.26
0.48,-0.38,11.61,31.24
6.21,-2.13,11.34,31.29
4.61,-2.06,8.71,31.24
4.76,-2.83,8.11,31.29
-1.95,-0.56,7.35,31.25
-2.43,-0.26,10.36,31.23
1.79,-1.76,12.1,31.25
5.35,-1.78,7.04,31.32
4.47,-2.56,8.91,31.23
-2.17,2.46,7.31,31.28
4.1,-0.49,10.99,31.24
-1.27,-3.45,11.09,31.2
-3.03,-2.57,10.03,31.25
-2.41,0.18,9.72,31.25
3.06,1.53,8.08,31.25
5.63,0.36,7.35,31.24
-1.92,-0.45,7.31,31.2
1.07,-2.62,10.86,31.23
1.58,-1.8,11.85,31.25
2.08,0.56,12.02,31.21
7.16,-3.24,13.11,31.23
3.15,0.14,8.36,31.25
-2.37,-1.97,10.73,31.25
4.06,0.44,11.05,31.25
2.44,-0.83,8.19,31.28
2.65,-1.42,6.83,31.25
0.12,-1.12,7.38,31.25
-2.94,-2.18,10.11,31.26
1.75,0.12,10.32,31.24
2.1,-1.47,10.58,31.22
6.25,-4.97,12.11,31.28
1.02,-3.2,10.51,31.2
-0.54,-1.58,9.64,31.29
2.13,-0.57,10.02,31.21
3.24,0.42,11.38,31.21
5.24,-0.17,10.03,31.26
2.11,-3.23,9.4,31.28
-0.87,-1.65,8.86,31.23
1.78,-3.71,13.08,31.25
7.42,2.44,8.17,31.3
10.99,-2.79,9.1,31.26
0.52,-2.49,8.76,31.27
-0.72,-1.3,9.37,31.28
0.33,-0.15,9.7,31.23
1.47,1.31,11.43,31.29
4.83,-1.21,11.32,31.24
2.57,-2.49,8.96,31.28
0.61,-1.53,8.45,31.24
-1.21,-2.06,11.87,31.24
3.12,0.18,12.2,31.27
5.72,-0.03,12.07,31.28
1.81,-0.37,9.45,31.22
-4.41,-4.38,10.89,31.24
1.43,-3.34,10.7,31.22
2.74,-1.45,9.41,31.22
6.29,0.37,6.9,31.26
2.77,2.31,4.5,31.28
-3.17,1.45,5.67,31.25
-1.48,-1.49,10.32,31.25
1.94,-0.96,10.55,31.26
5.65,-3.58,10.11,31.27
2.26,-1.27,8.25,31.22
-4.13,-1.34,8.01,31.22
-2.73,-1.87,12.13,31.25
1.93,1.5,8.99,31.24
6.17,0.6,7.94,31.23
4.62,-1.83,8.07,31.24
-1.81,-0.08,9.03,31.25
-2.84,-0.89,10.32,31.27
2.99,-2.35,11.88,31.25
8.34,2.32,5.67,31.25
2.83,0.69,5.81,31.24
-3.88,-0.21,7.82,31.3
0.13,-1.31,10.81,31.24
3.99,1.79,8.57,31.22
3.85,1.48,8.3,31.27
4.1,-1.99,7.89,31.25
-3.22,-1.25,7.27,31.25
-1.92,-0.55,11.21,31.27
4.81,0.15,10.6,31.25
5.37,0.51,9.24,31.24
2.25,-0.96,6.38,31.29
-3.04,-1.35,8.39,31.24
-2.99,0.78,9.91,31.25
1.26,0.1,11.2,31.24
2.02,-0.2,9.78,31.31
1.79,-1.58,7.69,31.27
-2.75,-0.42,9.38,31.28
-1.25,-0.26,11.3,31.24
2.57,1.45,9.28,31.27
3.55,2.93,4.91,31.28
1.22,-0.02,5.85,31.24
-5.25,-1.8,9.45,31.25
-1.66,-1.92,9.21,31.26
4.48,2.17,9.43,31.25
1.89,0.76,6.34,31.26
2.87,-3.3,8.98,31.28
0.69,-2.99,8.39,31.25
-0.89,-0.8,10.16,31.22
2.22,-0.0,10.8,31.25
6.72,-1.49,10.35,31.22
3.95,-2.31,8.2,31.22
1.79,-1.86,7.82,31.26
0.11,0.04,10.01,31.28
4.99,1.49,10.88,31.25
5.93,-3.51,10.12,31.23
1.62,-1.37,7.77,31.25
-0.71,-0.12,8.43,31.23
1.36,-1.38,11.11,31.26
1.62,-0.96,8.39,31.27
3.34,-2.55,8.31,31.29
3.3,-0.42,5.98,31.26
-2.04,3.2,5.14,31.29
3.24,-0.8,11.87,31.31
3.86,-0.65,11.65,31.24
5.01,-1.61,7.83,31.27
5.31,-3.61,9.33,31.28
1.08,-0.78,10.89,31.24
2.17,0.78,13.07,31.25
6.62,2.72,9.48,31.29
7.81,2.78,5.91,31.29
2.74,-3.25,8.81,31.28
-1.95,-2.94,11.4,31.26
-0.84,0.29,9.79,31.28
3.44,1.42,7.13,31.31
3.35,-0.59,6.79,31.28
-0.63,-1.68,8.14,31.28
-0.76,-1.77,9.9,31.25
3.81,-4.75,10.21,31.23
-1.06,-1.55,7.86,31.24
-0.52,-2.12,10.2,31.22
-0.6,0.58,10.93,31.21
0.66,-0.38,10.98,31.22
6.22,-1.17,8.1,31.23
3.52,-3.11,6.8,31.24
-1.98,-1.19,8.78,31.24
2.03,0.23,12.66,31.27
5.51,0.33,9.13,31.23
11.88,-3.04,7.25,31.22
0.43,0.41,6.62,31.24
-0.79,0.99,9.05,31.24
2.35,0.77,8.81,31.22
1.34,0.94,6.65,31.2
4.04,1.58,5.63,31.25
2.72,0.16,6.55,31.27
-3.54,0.89,9.27,31.29
2.05,-0.73,10.79,31.22
2.83,-0.63,10.69,31.27
3.11,-0.2,6.71,31.26
2.7,-1.38,8.29,31.33
-3.7,0.29,8.41,31.24
-0.12,1.3,10.34,31.29
4.78,-1.0,11.68,31.25
5.47,-0.27,8.91,31.21
2.76,-0.53,7.45,31.28
0.31,-1.22,10.0,31.25
0.65,0.15,10.06,31.26
3.09,2.34,7.11,31.25
1.95,0.69,5.82,31.26
-0.87,-0.55,7.16,31.27
-1.22,-0.42,8.15,31.25
-0.48,2.0,9.3,31.24
2.62,0.31,10.09,31.25
2.05,-1.06,7.09,31.26
2.28,-3.74,8.55,31.23
-0.52,-1.74,9.42,31.29
0.58,0.71,9.64,31.27
5.51,0.72,12.0,31.27
2.81,-1.24,9.47,31.27
1.41,-4.3,9.74,31.23
-0.71,-2.94,11.76,31.27
2.55,-0.17,9.35,31.29
5.24,-1.25,13.37,31.26
0.99,-1.12,7.98,31.26
0.0,-3.34,9.62,31.26
-0.91,-3.82,12.51,31.29
-0.6,-0.91,10.86,31.28
6.05,1.4,7.63,31.24
2.85,-0.28,7.64,31.27
0.77,-1.3,8.79,31.25
0.07,0.52,8.53,31.27
0.51,0.18,10.04,31.21
3.48,0.47,10.63,31.24
5.06,-1.64,8.23,31.28
-0.32,-2.58,9.55,31.22
-1.63,-0.99,10.58,31.25
2.31,1.16,11.98,31.26
0.45,-1.22,11.23,31.26
1.59,0.44,8.55,31.28
2.54,3.68,4.05,31.24
0.25,0.86,5.88,31.24
-2.37,4.14,5.81,31.25
0.82,1.06,6.99,31.25
-0.48,3.0,8.05,31.24
3.34,0.59,6.82,31.26
0.89,-5.31,10.33,31.22
-0.17,-1.01,8.58,31.25
1.71,-2.41,11.03,31.24
-0.56,2.26,10.13,31.28
3.6,-0.67,11.61,31.25
4.09,-2.64,9.05,31.25
1.15,-3.31,8.85,31.25
-1.03,-0.08,9.06,31.24
2.58,1.21,10.41,31.24
6.51,-2.26,8.8,31.27
2.14,2.07,9.23,31.26
-2.8,-1.93,9.14,31.24
1.52,0.47,9.88,31.24
1.71,0.75,7.62,31.27
0.06,1.22,6.11,31.23
2.73,0.53,5.11,31.26
-1.89,2.73,5.79,31.26
2.03,-0.96,12.1,31.25
3.73,-0.83,12.0,31.21
2.46,-3.05,10.02,31.23
2.81,-1.61,9.51,31.23
-0.11,-1.42,10.74,31.22
0.83,0.9,10.13,31.21
4.34,-1.45,12.46,31.27
4.56,-2.79,10.19,31.29
1.82,-1.3,7.37,31.31
-1.38,-0.73,9.79,31.25
2.24,1.6,8.86,31.29
4.51,-0.94,10.71,31.24
4.44,-3.32,10.35,31.28
-0.27,-3.39,11.67,31.24
2.25,-1.67,10.86,31.24
3.64,-2.28,8.58,31.29
-0.31,-2.05,8.94,31.23
-0.93,-0.7,9.49,31.2
0.65,2.29,8.31,31.25
3.63,-0.6,10.49,31.26
5.0,-3.27,10.06,31.24
-0.7,-2.37,8.48,31.22
0.62,-2.12,10.72,31.27
1.3,-0.34,10.7,31.25
3.12,2.34,8.95,31.29
4.02,-2.01,9.9,31.25
-1.28,-4.07,9.84,31.29
-3.91,-1.65,9.89,31.29
1.16,-0.88,11.83,31.22
2.54,-0.1,9.22,31.21
3.84,-0.24,9.64,31.26
-0.53,-2.78,8.92,31.24
-2.87,-2.31,11.2,31.29
3.62,-1.21,10.81,31.2
2.86,1.31,8.4,31.29
4.2,0.92,8.34,31.24
2.2,-1.86,8.58,31.24
-3.56,-0.62,9.64,31.28
-0.06,-0.76,11.49,31.24
2.25,1.55,10.61,31.26
3.38,0.17,8.45,31.24
1.02,-1.8,8.24,31.24
-3.41,-1.0,9.16,31.24
-1.78,0.31,10.75,31.24
1.69,1.99,9.98,31.25
2.52,0.88,7.75,31.24
0.71,-1.07,7.43,31.24
-4.25,-1.47,9.44,31.25
-1.23,-0.38,10.6,31.29
2.46,-0.57,11.08,31.27
4.58,-0.83,10.4,31.27
3.63,-2.56,8.5,31.25
-2.07,-0.11,8.57,31.22
3.69,-0.94,12.07,31.24
4.4,-1.19,9.41,31.26
4.59,0.67,5.75,31.25
0.39,-0.3,6.96,31.24
-3.85,0.73,7.95,31.26
-1.53,-0.47,10.02,31.22
3.13,-0.53,10.01,31.23
5.43,-0.97,7.95,31.26
4.87,-3.69,8.5,31.28
-3.43,-0.66,7.45,31.24
1.41,-0.85,11.26,31.27
5.72,-0.49,10.83,31.29
5.48,0.13,6.89,31.24
4.33,-1.0,6.82,31.25
-0.94,-0.51,8.15,31.27
2.21,0.03,10.66,31.24
6.04,1.71,9.39,31.24
7.06,-0.21,6.65,31.25
2.19,-0.27,6.94,31.24
-2.35,-0.67,8.64,31.25
0.61,-0.75,10.62,31.24
4.65,-2.01,9.86,31.27
6.47,1.67,5.92,31.24
3.46,-2.46,8.22,31.18
0.43,1.17,7.83,31.23
3.77,-1.52,11.24,31.21
5.56,-1.51,12.05,31.27
5.44,-1.04,8.4,31.22
3.04,-1.57,8.16,31.24
-1.81,-0.77,9.92,31.24
-0.54,0.23,10.78,31.24
3.87,-1.64,12.18,31.23
5.9,-0.67,7.76,31.28
1.5,0.36,5.65,31.2
-2.73,-0.62,10.57,31.24
1.58,-1.29,11.06,31.21
1.75,-1.68,9.17,31.25
0.7,-2.07,8.75,31.27
1.96,-1.83,8.75,31.23
-2.0,1.06,8.42,31.24
-0.54,2.7,8.12,31.27
2.31,-1.38,11.92,31.23
3.39,-2.58,8.03,31.25
1.19,-3.86,9.45,31.26
0.02,-0.38,10.01,31.27
-0.04,1.37,10.47,31.24
3.41,1.37,11.06,31.27
3.83,-2.66,10.87,31.26
0.92,-3.27,9.98,31.26
-0.89,-1.68,10.24,31.24
3.58,1.05,10.43,31.26
6.25,2.69,7.6,31.27
2.67,-1.15,6.33,31.27
-0.99,-3.6,9.42,31.28
1.93,-2.45,11.24,31.24
2.59,0.44,11.68,31.24
4.56,1.14,8.0,31.22
4.78,-1.98,8.32,31.24
0.54,-2.29,8.69,31.28
3.77,-1.98,8.49,31.27
1.78,-2.37,9.23,31.23
-1.76,-0.47,8.64,31.25
0.07,-0.35,11.91,31.26
4.01,-1.41,11.59,31.28
4.75,-2.27,8.46,31.27
1.27,-2.04,8.69,31.29
-0.4,0.83,8.91,31.27
6.67,1.61,11.65,31.24
3.3,-1.88,8.1,31.32
1.33,-0.23,6.16,31.26
-1.28,-4.23,10.13,31.24
-1.98,-1.14,8.46,31.3
0.82,2.29,9.06,31.29
1.76,1.62,7.91,31.29
1.94,-2.78,8.07,31.22
0.15,-1.85,9.42,31.23
0.64,-1.68,10.98,31.29
0.69,0.23,11.29,31.27
0.8,0.67,11.1,31.27
-3.7,-3.16,11.33,31.28
-2.79,-1.9,11.11,31.29
2.14,0.2,10.16,31.24
7.13,-0.44,10.5,31.22
5.21,1.5,5.95,31.19
-2.14,0.53,7.79,31.29
0.52,-1.38,11.14,31.3
4.97,-1.33,9.58,31.28
6.39,0.97,6.08,31.24
2.36,0.65,6.86,31.29
-1.99,-1.0,9.71,31.25
-0.17,0.01,10.48,31.26
2.48,-0.11,10.16,31.25
2.92,1.07,7.54,31.24
0.15,-1.41,8.06,31.25
-2.9,-1.38,10.37,31.22
-0.58,-0.68,11.85,31.24
2.93,0.41,10.63,31.26
6.02,1.05,8.77,31.27
-1.52,-2.29,8.51,31.26
-4.02,-0.38,9.9,31.25
1.54,-1.93,12.22,31.23
3.88,0.94,9.33,31.24
5.37,0.1,7.18,31.23
-0.79,-1.66,8.15,31.29
-4.73,-0.95,10.63,31.27
1.28,0.52,10.42,31.24
3.99,1.23,8.96,31.24
4.04,0.53,6.53,31.27
-2.27,0.12,7.07,31.29
-2.62,-1.25,9.95,31.3
3.88,-0.97,8.8,31.24
4.32,0.28,8.46,31.27
3.92,-1.21,7.32,31.28
-0.4,-0.35,8.17,31.26
-1.82,-0.14,9.8,31.31
1.69,-1.73,13.05,31.23
5.94,-2.87,10.3,31.26
6.06,0.12,6.38,31.28
-1.85,-0.91,10.73,31.29
-0.86,-0.1,11.18,31.27
3.99,-1.27,11.18,31.27
6.01,-0.98,9.19,31.29
1.79,0.54,5.08,31.27
-0.51,1.31,7.34,31.26
1.81,0.14,9.88,31.2
4.41,0.24,6.85,31.21
3.16,1.28,4.23,31.25
1.22,-1.54,6.9,31.29
0.34,-0.07,9.73,31.23
-0.85,3.13,8.38,31.24
4.06,-1.36,12.32,31.23
4.31,-5.18,11.31,31.27
1.94,-2.85,7.15,31.24
0.6,-3.07,10.57,31.22
-0.11,1.41,10.36,31.27
4.24,1.63,10.99,31.25
4.91,-1.53,10.67,31.25
4.0,-3.23,7.0,31.28
7.23,3.59,4.81,31.29
2.89,-3.39,9.43,31.24
-0.43,-3.74,12.29,31.26
-1.79,-2.0,12.45,31.27
1.33,-0.28,10.61,31.27
3.65,-1.33,8.54,31.26
-1.81,-1.59,9.38,31.24
-3.68,-2.91,10.64,31.3
0.83,-0.44,11.03,31.24
2.36,1.65,10.23,31.22
3.46,-0.34,9.23,31.27
0.76,-1.49,7.74,31.28
-3.47,-1.75,8.3,31.25
-0.51,0.18,11.57,31.29
3.05,-0.37,9.47,31.27
4.12,0.38,8.76,31.26
1.18,0.04,6.13,31.28
-6.17,-2.24,7.99,31.26
-2.54,-2.43,10.88,31.21
3.82,0.86,10.08,31.31
4.49,-0.4,8.59,31.27
2.02,-2.91,9.53,31.28
-3.07,-0.24,9.03,31.3
2.11,-3.08,12.52,31.24
4.06,0.62,9.06,31.27
7.45,1.64,5.46,31.27
0.87,-0.83,8.74,31.24
-3.12,-0.53,11.02,31.28
2.26,-0.9,11.99,31.26
4.96,2.09,7.52,31.27
2.94,2.07,4.58,31.24
1.11,-0.12,7.03,31.29
-3.33,-1.35,9.97,31.25
1.0,1.07,10.49,31.26
3.02,1.6,8.22,31.28
2.03,-0.06,6.17,31.27
2.73,-3.58,8.85,31.31
0.53,-3.04,8.75,31.22
-0.88,0.58,11.29,31.26
4.09,-0.99,8.66,31.2
3.64,-1.65,8.19,31.23
1.2,-2.09,7.47,31.27
-3.66,-2.11,10.09,31.25
2.6,0.72,11.27,31.26
6.37,-2.07,10.82,31.26
3.68,0.43,5.69,31.22
-0.34,-2.46,9.02,31.27
-0.61,-1.82,12.02,31.3
5.01,-0.74,8.47,31.27
1.6,-0.04,7.48,31.28
1.88,0.44,7.01,31.29
-0.51,-1.76,9.71,31.26
-0.82,-1.31,10.86,31.29
1.95,-1.83,10.84,31.27
3.8,-2.82,8.48,31.25
3.13,-0.78,6.49,31.25
-1.18,1.19,6.73,31.28
-0.44,0.45,10.61,31.27
-3.69,0.41,9.36,31.29
-2.36,-2.08,12.01,31.24
1.05,-0.47,10.47,31.24
4.75,0.68,8.55,31.29
4.71,0.67,6.11,31.27
-0.43,-2.26,8.34,31.26
-0.17,-1.17,11.27,31.26
5.48,0.45,10.06,31.27
6.18,-0.17,7.59,31.24
3.35,1.54,3.96,31.21
-1.2,0.56,7.14,31.25
1.14,-0.83,11.55,31.28
3.28,-0.21,7.95,31.28
5.45,0.7,4.8,31.27
0.87,-1.33,7.91,31.22
-0.53,0.97,8.51,31.28
-0.51,-0.33,12.35,31.23
2.24,-1.15,12.18,31.27
6.07,-0.95,8.27,31.26
3.56,0.02,6.09,31.26
-2.16,-0.74,8.85,31.21
0.52,-1.59,11.32,31.25
5.54,-1.92,9.38,31.28
6.41,0.08,6.0,31.25
1.74,0.25,6.48,31.24
-1.52,-0.27,9.12,31.23
-0.22,1.0,10.75,31.23
3.21,-2.69,11.31,31.25
3.89,-2.15,8.32,31.27
1.72,-2.21,8.22,31.29
-0.83,-0.46,9.55,31.22
1.4,-0.54,11.9,31.26
6.42,-0.95,11.18,31.26
4.5,-3.31,9.61,31.26
1.99,-2.54,8.78,31.24
0.46,-0.25,8.58,31.26
1.18,1.48,10.01,31.22
5.21,-1.48,10.71,31.21
5.04,-1.13,7.41,31.24
0.33,-2.77,10.43,31.25
-0.51,-1.82,12.0,31.25
2.15,-0.19,13.08,31.27
5.8,-0.27,9.71,31.24
2.92,0.63,5.86,31.24
-3.75,-5.07,10.51,31.22
-2.47,-5.33,12.74,31.23
2.86,0.55,10.54,31.27
3.73,2.9,8.87,31.22
3.82,0.6,8.16,31.24
-1.75,-3.73,9.35,31.25
1.54,-3.68,11.19,31.25
1.78,0.49,10.35,31.25
3.59,2.12,10.3,31.25
6.52,1.74,7.72,31.27
0.99,-2.94,9.67,31.23
-1.94,-3.61,10.15,31.23
2.13,-0.96,10.39,31.32
4.12,-0.24,10.63,31.24
4.29,-0.24,8.27,31.25
3.92,0.11,8.52,31.24
4.01,2.03,7.99,31.25
5.53,2.15,5.56,31.28
2.08,0.96,5.89,31.27
-1.96,-2.47,9.39,31.26
0.44,-0.9,10.21,31.25
2.97,-0.85,12.06,31.26
5.53,-0.38,9.54,31.21
2.55,-2.34,8.51,31.26
-3.87,-2.64,10.9,31.24
-1.05,-1.5,12.35,31.27
4.39,0.11,11.32,31.25
5.23,1.01,8.66,31.25
2.3,-2.64,9.09,31.25
-0.42,-3.03,10.69,31.23
3.27,1.88,9.78,31.26
8.86,-0.13,10.75,31.24
6.94,1.01,7.09,31.27
1.33,-0.04,5.91,31.27
-1.38,-0.97,7.77,31.24
-3.97,-0.57,8.85,31.28
-2.73,-0.16,9.16,31.24
1.69,0.66,9.14,31.26
5.32,-0.38,10.69,31.27
3.2,-2.76,8.78,31.23
-0.59,-2.05,9.23,31.25
0.28,-2.86,11.65,31.25
3.49,0.5,10.77,31.24
5.72,1.14,11.26,31.24
5.71,-0.75,9.38,31.23
2.05,-3.24,10.21,31.26
1.11,-0.99,12.36,31.26
2.6,-1.63,12.34,31.25
7.18,3.07,7.5,31.23
1.52,2.78,3.94,31.28
-7.24,-1.44,9.03,31.24
-2.84,-3.51,12.41,31.26
2.94,-0.66,11.47,31.21
6.96,-0.5,9.85,31.28
2.09,-1.29,6.42,31.24
-2.45,-1.7,8.71,31.23
0.19,-2.62,12.11,31.25
2.36,0.56,11.88,31.29
5.25,1.41,10.22,31.29
6.81,-1.28,8.61,31.24
-2.64,-2.09,8.2,31.24
-4.71,-3.71,12.16,31.24
2.16,0.48,10.51,31.27
5.81,-0.76,10.04,31.21
2.81,-1.18,8.61,31.26
-1.78,2.75,5.64,31.22
2.1,1.35,12.31,31.26
1.65,0.4,8.83,31.25
3.92,1.78,5.7,31.27
1.76,-0.5,7.34,31.25
-4.51,-0.4,8.44,31.27
-0.8,1.1,9.65,31.31
0.72,1.07,9.63,31.29
2.72,-1.58,8.89,31.24
4.37,-2.38,8.0,31.26
-3.85,-2.51,8.05,31.24
-0.67,0.44,11.02,31.31
3.44,1.33,11.5,31.22
1.57,-0.16,8.59,31.27
1.12,-2.13,8.32,31.27
-1.17,-1.39,9.34,31.2
-0.96,2.58,7.71,31.28
3.03,-1.23,10.58,31.27
2.19,-2.12,6.39,31.26
1.09,0.13,5.47,31.3
-3.8,-0.03,8.88,31.24
-0.11,0.05,10.77,31.26
4.15,-1.26,11.37,31.28
4.08,-1.35,7.94,31.28
0.97,-2.14,8.2,31.29
0.76,-1.3,9.16,31.29
-0.11,-0.71,10.51,31.22
4.0,1.96,10.7,31.26
-4.55,-1.96,12.28,31.28
2.44,-0.09,10.15,31.26
5.01,-0.76,8.67,31.26
1.69,-1.51,7.73,31.24
-2.29,-1.23,12.74,31.25
-0.2,2.16,7.93,31.23
8.2,1.11,10.12,31.25
8.98,1.56,6.9,31.26
1.35,1.5,5.27,31.28
-3.45,-3.06,10.69,31.24
-1.06,-4.02,11.41,31.21
0.34,1.68,7.88,31.29
4.75,2.94,6.56,31.25
1.67,1.18,5.6,31.22
-6.51,1.27,7.16,31.27
0.17,-2.1,12.01,31.28
5.31,-2.3,12.57,31.27
5.84,-3.6,9.86,31.25
3.17,0.08,7.61,31.21
-3.88,-2.17,11.74,31.24
-5.27,-3.31,12.95,31.24
3.96,-1.81,12.16,31.26
7.52,-0.82,7.87,31.27
4.17,-1.95,7.34,31.26
-2.45,-1.66,8.82,31.22
2.02,1.0,6.1,31.21
4.74,0.02,8.15,31.31
6.2,-0.31,4.47,31.26
1.4,-0.18,7.51,31.28
-1.4,4.23,5.55,31.19
-0.68,6.34,7.16,31.26
1.37,-0.71,7.94,31.25
-0.07,4.01,3.79,31.26
-0.07,-2.75,9.41,31.28
-4.26,-2.21,11.11,31.28
-2.34,4.05,7.23,31.25
1.15,1.06,11.52,31.26
2.73,-3.84,9.75,31.23
-1.37,-2.08,6.55,31.26
6.71,-0.01,7.05,31.22
-0.22,-1.35,7.9,31.27
-1.23,-2.49,8.49,31.22
-0.14,-1.18,12.1,31.27
0.27,0.08,11.3,31.22
4.43,1.4,6.65,31.27
5.19,-2.39,12.76,31.28
-7.62,3.85,4.51,31.22
-1.99,1.6,7.15,31.23
5.64,1.23,7.38,31.26
5.65,4.09,2.3,31.29
2.71,1.94,4.22,31.27
-2.38,-1.36,9.88,31.31
-0.28,0.58,9.81,31.25
4.6,0.35,9.72,31.29
0.77,1.92,8.67,31.28
5.62,-2.89,8.53,31.28
-2.67,-3.09,9.7,31.27
-1.4,-1.82,10.82,31.26
2.27,0.16,10.88,31.25
4.95,0.08,7.64,31.27
1.6,0.46,5.17,31.24
-4.83,-1.64,6.75,31.27
-1.57,-3.79,11.53,31.27
3.37,-1.07,10.09,31.26
7.98,0.36,6.89,31.22
3.02,-0.79,4.93,31.23
-5.15,-2.01,9.14,31.23
-0.57,-1.8,12.33,31.27
3.03,0.36,8.82,31.29
5.01,-0.19,6.64,31.21
4.0,-0.98,7.09,31.28
0.01,0.06,8.12,31.26
-0.06,-1.53,13.64,31.26
5.69,-2.74,13.83,31.26
5.26,1.42,7.17,31.27
0.22,-0.17,6.85,31.33
-5.09,-1.88,9.5,31.27
-1.33,-2.92,11.1,31.25
1.72,-0.34,9.28,31.24
4.39,2.86,5.52,31.26
-0.53,2.33,4.41,31.26
-2.2,-1.69,8.8,31.25
2.64,-0.76,11.05,31.23
3.59,-1.33,12.23,31.25
4.56,-1.48,9.99,31.26
2.25,-1.12,8.43,31.26
-1.06,-1.45,8.37,31.29
-0.22,-3.15,11.83,31.27
3.86,-0.48,11.12,31.22
7.3,-0.14,8.28,31.27
3.78,-2.97,11.07,31.27
0.85,2.37,4.56,31.18
5.02,-1.19,11.53,31.24
6.0,0.47,10.35,31.26
3.41,2.0,5.62,31.24
0.64,-1.49,7.42,31.27
-2.64,-0.11,7.91,31.23
-0.31,1.09,8.89,31.21
3.42,-0.78,10.81,31.26
4.75,-1.26,7.99,31.25
-0.19,-1.71,7.0,31.23
-0.08,-1.5,10.76,31.28
0.09,0.8,9.96,31.22
3.28,1.55,12.13,31.24
5.04,-0.56,10.18,31.23
-0.18,-4.91,12.21,31.28
0.34,-8.14,16.58,31.28
4.49,1.75,7.14,31.24
9.17,1.59,8.03,31.29
-1.51,-0.53,6.76,31.24
-6.24,-5.21,9.93,31.28
-1.38,-4.32,12.41,31.24
0.83,-0.74,10.55,31.26
6.88,0.86,8.19,31.29
3.77,-1.19,8.09,31.29
-1.13,-1.99,5.4,31.26
0.4,-4.76,13.41,31.26
3.71,-1.04,7.07,31.24
0.85,-2.39,9.7,31.27
-2.47,-0.95,8.0,31.27
2.71,-1.29,11.6,31.24
6.01,-3.93,11.77,31.25
6.74,-3.83,8.71,31.26
3.87,-1.68,8.07,31.29
-1.21,1.57,4.8,31.25
1.42,-2.72,14.82,31.24
5.12,3.41,4.5,31.28
3.38,-2.49,5.29,31.25
-1.13,-1.91,9.5,31.27
-0.88,2.19,8.21,31.27
2.8,1.83,7.93,31.25
2.53,0.83,7.89,31.22
1.92,0.78,4.53,31.27
-1.67,1.27,5.55,31.29
0.45,-0.8,10.83,31.22
3.36,1.25,11.3,31.23
3.11,-0.33,10.53,31.34
1.3,-3.17,10.99,31.27
3.59,1.32,10.06,31.26
4.94,1.94,10.96,31.23
2.37,-0.04,8.97,31.2
4.08,-1.93,10.78,31.28
-0.51,0.56,8.44,31.23
-0.64,-2.94,7.79,31.27
5.59,-0.23,11.16,31.28
1.88,-1.7,7.48,31.28
-0.86,-1.62,7.14,31.24
-1.83,-0.04,8.87,31.29
0.23,0.11,10.71,31.27
2.6,1.88,9.79,31.28
4.32,-2.49,9.2,31.27
-0.34,-3.35,9.61,31.24
-0.1,-1.28,9.93,31.24
0.8,-0.47,11.91,31.26
2.63,1.93,10.85,31.26
5.77,-1.04,9.56,31.25
-1.52,-1.98,10.09,31.23
3.92,-2.39,10.83,31.24
4.74,2.13,9.62,31.3
4.14,1.76,8.93,31.24
3.11,-1.12,7.09,31.26
-1.42,-4.03,10.5,31.26
0.59,-2.73,11.39,31.27
2.53,1.45,8.83,31.25
4.97,1.38,8.41,31.25
3.99,-2.78,8.13,31.24
-1.21,-1.2,8.36,31.25
-0.61,-1.95,10.61,31.21
2.26,0.64,10.55,31.27
5.51,0.88,9.23,31.24
2.34,-1.3,8.81,31.27
-4.72,-2.6,9.86,31.3
-2.3,-1.37,11.35,31.29
1.78,-0.21,11.12,31.25
3.0,-0.17,10.78,31.22
2.38,-1.93,8.96,31.26
6.24,1.53,7.71,31.23
5.17,1.15,6.31,31.27
0.42,0.76,5.6,31.28
-3.32,1.05,6.71,31.28
-1.28,0.78,8.96,31.24
3.21,1.93,8.55,31.26
4.6,-1.09,9.12,31.22
0.5,-1.08,7.05,31.22
-1.77,-1.21,9.18,31.21
0.95,-1.3,12.61,31.23
5.93,1.1,9.9,31.24
6.88,-1.0,8.62,31.22
0.99,-2.77,8.76,31.25
-2.58,-1.66,9.62,31.26
2.53,0.5,10.72,31.22
7.29,0.55,9.85,31.24
6.74,-0.78,8.07,31.23
1.46,-2.06,8.45,31.21
-2.02,-1.08,9.74,31.23
4.05,-0.68,11.23,31.23
7.07,-0.43,9.71,31.23
3.71,-1.04,6.7,31.22
1.36,-1.06,6.9,31.26
-2.84,-1.45,10.78,31.26
2.09,-0.33,11.02,31.26
8.58,-1.68,10.66,31.23
5.72,-1.52,7.52,31.25
0.78,-2.44,8.87,31.24
0.19,-0.88,10.66,31.23
4.11,0.53,10.84,31.23
6.05,-0.44,10.67,31.25
5.82,-2.2,7.37,31.23
0.34,-2.54,8.92,31.3
-0.67,-1.74,11.12,31.24
2.3,-0.31,11.14,31.23
4.28,0.33,10.5,31.22
4.5,-1.64,8.57,31.21
-0.49,-2.14,8.29,31.22
-0.31,-0.58,9.68,31.19
5.86,-0.15,6.7,31.22
-0.9,-1.87,7.46,31.25
-3.05,0.0,9.94,31.25
1.85,-0.56,11.55,31.26
4.0,-0.27,8.3,31.24
4.26,0.11,7.11,31.27
0.01,-1.33,7.55,31.25
-2.75,0.33,8.79,31.27
1.44,0.31,11.91,31.24
3.42,-0.05,8.64,31.25
4.46,0.3,6.48,31.25
0.54,-1.61,7.93,31.26
-3.79,-0.6,9.62,31.22
1.3,-0.96,11.52,31.25
5.72,-1.18,10.48,31.24
4.34,-0.73,7.22,31.22
1.2,-1.13,7.82,31.26
-2.96,-0.74,10.87,31.24
3.17,-0.31,12.17,31.27
7.09,-0.82,10.12,31.25
3.96,-0.08,6.2,31.26
0.16,-0.79,7.27,31.23
-0.37,-0.13,9.7,31.25
5.01,1.65,10.01,31.24
4.44,1.0,10.35,31.25
4.42,-0.94,5.86,31.25
0.93,-1.1,7.69,31.24
-1.12,-0.9,9.88,31.26
-1.0,0.76,9.4,31.22
3.15,-0.04,10.6,31.28
3.6,-0.17,7.54,31.26
4.42,-2.24,6.97,31.24
-1.64,-0.82,8.61,31.26
-2.24,-0.54,11.72,31.26
3.66,-0.83,11.05,31.29
5.62,-1.06,7.72,31.27
3.91,-1.64,7.26,31.27
0.82,-0.93,9.07,31.23
2.72,-0.45,10.64,31.26
-5.4,-1.12,11.43,31.26
1.63,0.49,10.61,31.22
2.4,0.57,8.22,31.27
1.91,-0.91,6.75,31.26
-4.72,-2.33,7.96,31.25
-4.25,-1.05,11.66,31.3
2.57,-0.52,11.14,31.3
4.72,-0.43,8.53,31.24
4.09,-0.94,6.03,31.27
-2.19,-1.12,7.93,31.2
-3.07,-0.41,11.22,31.25
1.47,0.43,10.38,31.29
5.37,-0.72,7.98,31.24
4.25,-1.81,6.54,31.29
-1.3,-2.18,9.0,31.27
0.41,0.36,9.86,31.28
3.85,-0.61,10.5,31.22
4.64,0.98,7.55,31.22
4.42,-0.73,6.95,31.28
0.37,-1.36,8.24,31.26
-3.96,-2.52,8.88,31.23
-5.97,-1.92,9.36,31.26
-2.11,-0.12,11.25,31.27
0.5,0.48,11.09,31.25
3.19,0.68,7.95,31.24
0.53,-2.15,8.45,31.26
-5.1,-1.55,9.14,31.24
-1.78,0.41,10.68,31.23
1.74,-0.33,11.18,31.21
3.96,0.63,8.7,31.27
1.7,-1.95,8.43,31.26
-4.39,-1.3,9.68,31.25
-0.91,-0.76,11.22,31.26
1.88,0.11,11.5,31.29
4.33,0.36,8.23,31.2
2.91,-0.71,6.74,31.27
-3.49,-0.83,8.08,31.24
-0.32,-0.02,10.49,31.27
4.64,0.4,9.76,31.24
4.17,0.15,7.84,31.24
1.74,-0.99,7.17,31.23
-2.59,-1.7,10.35,31.24
-0.42,-1.66,12.02,31.24
2.5,1.15,9.74,31.25
3.93,-0.85,8.54,31.23
0.53,-2.15,7.72,31.25
-3.6,-1.68,9.84,31.25
1.08,-0.14,11.49,31.26
5.73,-0.04,9.88,31.24
5.68,-0.71,7.27,31.22
1.0,-0.85,6.03,31.27
-5.99,-0.88,9.01,31.28
-2.07,0.05,11.76,31.27
4.42,-0.51,10.46,31.29
5.53,0.68,6.45,31.24
2.41,-1.22,7.46,31.27
-4.17,-0.75,9.47,31.23
-0.28,0.82,10.96,31.24
5.57,-0.31,10.64,31.26
3.32,0.15,10.6,31.21
4.0,0.71,9.68,31.25
4.82,-0.24,7.79,31.28
0.51,-1.88,8.29,31.26
-2.6,-1.31,10.29,31.25
-1.02,0.71,11.35,31.31
3.99,0.08,10.06,31.23
4.68,-0.35,8.29,31.27
0.55,-2.42,7.84,31.28
-2.15,-1.9,11.17,31.29
1.17,-0.57,10.76,31.28
3.23,1.34,8.68,31.26
5.78,0.68,6.84,31.29
1.62,-1.65,7.15,31.26
-1.87,-2.02,10.58,31.25
2.72,-0.91,11.28,31.28
3.08,0.32,9.86,31.27
3.61,-0.64,7.24,31.27
0.93,-1.89,7.75,31.25
-3.63,-1.28,9.32,31.27
3.58,0.45,7.92,31.3
1.09,-0.4,6.33,31.25
-3.65,-0.85,8.42,31.25
-0.29,0.09,10.41,31.25
2.32,0.22,11.17,31.26
3.76,0.59,7.12,31.28
1.55,-0.06,6.52,31.24
-1.52,0.1,7.64,31.22
-1.9,-0.65,9.84,31.24
-0.94,-0.18,11.33,31.27
4.51,0.84,7.74,31.25
3.79,-0.13,6.37,31.27
-2.06,-1.06,7.2,31.22
-1.43,-1.47,10.02,31.22
0.95,-1.42,12.28,31.22
1.47,0.35,8.02,31.32
3.64,-1.81,7.67,31.26
1.45,-2.13,8.26,31.25
-0.53,-1.23,9.11,31.26
3.24,0.33,10.17,31.24
6.79,0.0,7.97,31.27
5.09,-1.26,7.18,31.19
3.36,-2.23,7.96,31.26
2.59,0.38,9.0,31.17
6.25,0.66,9.38,31.18
7.61,-0.01,8.98,31.29
7.63,-2.55,8.33,31.27
4.33,-1.09,8.29,31.23
-0.03,0.6,8.56,31.24
3.7,0.23,11.02,31.22
8.66,-0.51,10.16,31.23
6.21,-1.32,6.89,31.24
0.36,-1.14,8.06,31.23
-1.47,-0.73,10.22,31.25
2.64,-0.01,11.36,31.24
8.15,-0.69,9.11,31.28
6.18,-0.14,6.06,31.27
0.31,-1.33,8.0,31.27
-1.26,-0.96,10.7,31.26
0.34,-2.27,8.29,31.25
-1.78,-2.11,8.23,31.26
-0.16,-1.34,11.22,31.27
0.04,0.23,11.18,31.32
2.86,1.39,8.8,31.23
4.73,-1.55,8.52,31.24
-2.32,-1.43,7.62,31.22
-2.61,0.33,10.01,31.27
2.2,0.64,10.87,31.27
5.72,1.15,8.99,31.3
6.07,-1.3,6.66,31.24
-1.93,-0.11,5.87,31.26
-4.4,-1.94,11.49,31.23
-0.48,1.36,10.44,31.28
2.65,0.63,8.79,31.27
3.25,-1.51,7.62,31.23
-3.12,-0.86,7.13,31.28
-4.22,-1.04,10.45,31.22
-0.76,0.33,11.2,31.26
-6.34,-1.3,8.38,31.25
-6.35,-1.47,11.9,31.23
1.3,-0.47,11.67,31.33
2.81,-1.23,9.84,31.28
1.7,0.26,5.97,31.25
-2.74,-1.5,8.27,31.26
-3.2,-1.7,11.43,31.25
1.28,0.37,11.42,31.29
4.32,-0.7,9.76,31.24
4.77,-0.39,6.88,31.23
-0.8,-0.91,7.05,31.2
-1.56,1.34,9.52,31.25
1.29,-0.45,11.53,31.27
3.28,0.02,9.1,31.24
3.02,-0.5,5.83,31.24
-0.38,-0.94,7.65,31.27
-2.25,-0.2,9.64,31.27
3.67,0.23,11.22,31.25
3.67,-1.22,9.38,31.24
0.79,-0.38,6.29,31.25
0.45,-1.73,8.08,31.23
-1.17,-1.53,11.32,31.26
3.08,0.0,10.69,31.29
7.33,-0.56,8.39,31.27
4.23,-1.22,7.09,31.28
0.95,-0.22,6.85,31.29
2.8,-0.12,10.57,31.25
6.82,0.23,10.57,31.22
6.9,-0.55,9.17,31.29
4.29,-2.58,7.78,31.24
1.0,-1.31,9.21,31.28
1.25,-0.16,10.42,31.27
7.28,1.37,9.61,31.28
8.15,0.0,8.14,31.28
5.26,-1.25,6.23,31.24
2.53,-0.98,8.99,31.28
1.89,-0.66,10.29,31.28
4.29,0.4,10.55,31.22
7.98,-0.84,8.21,31.26
5.16,-2.15,7.17,31.29
0.35,0.34,9.33,31.27
5.36,-0.52,11.4,31.29
4.21,-0.08,10.43,31.26
4.07,-1.95,8.13,31.32
2.17,-1.66,8.66,31.27
0.89,-1.25,10.53,31.29
4.57,0.36,10.12,31.32
5.09,0.64,9.44,31.29
7.52,0.16,7.19,31.27
2.19,-1.61,7.57,31.28
-0.16,-1.28,8.94,31.24
0.87,-1.13,10.66,31.27
3.27,-0.0,11.07,31.26
6.66,-1.39,9.9,31.23
1.95,-2.26,8.13,31.24
-0.63,-2.25,9.74,31.27
0.63,-0.72,11.42,31.23
4.87,1.76,9.5,31.22
6.02,-1.42,8.83,31.22
-0.21,-1.19,6.99,31.28
-3.01,-1.13,9.17,31.29
-1.15,0.33,10.43,31.26
1.12,0.43,9.88,31.28
4.94,0.31,8.19,31.28
0.24,-2.59,7.49,31.27
-5.44,-0.35,9.09,31.28
-0.09,-0.51,11.48,31.22
3.13,0.1,10.23,31.24
4.32,0.18,8.14,31.27
-1.07,-2.09,8.24,31.24
-4.9,-2.4,10.5,31.22
-0.78,-0.67,11.44,31.24
2.52,-0.32,10.49,31.22
3.1,-0.87,9.45,31.25
-0.25,-3.58,9.08,31.25
-3.29,-1.85,10.81,31.27
1.35,-1.03,12.64,31.24
3.9,1.02,10.15,31.25
5.02,0.4,7.88,31.29
-3.12,-1.41,10.06,31.22
-1.73,-0.22,11.4,31.23
3.66,-0.38,10.41,31.24
5.36,-1.42,9.6,31.26
3.82,-1.1,6.05,31.25
-1.69,-0.21,7.35,31.28
-0.57,-0.01,10.61,31.24
4.19,1.46,9.64,31.22
6.12,-0.92,8.49,31.26
3.8,-1.12,6.71,31.28
-1.79,-0.23,7.17,31.25
-0.62,0.4,9.56,31.27
3.52,0.07,10.35,31.27
5.46,-0.04,7.04,31.26
3.68,-1.77,6.42,31.28
-2.65,0.04,7.98,31.28
-1.18,0.71,9.76,31.25
5.58,-0.09,10.94,31.32
4.83,-0.55,6.48,31.21
2.19,-0.85,6.8,31.22
-0.6,-1.04,8.7,31.25
-0.01,-0.01,10.11,31.26
4.08,0.26,9.73,31.24
4.21,0.13,7.59,31.24
3.28,-1.97,7.69,31.26
0.33,-0.46,8.77,31.25
0.83,-0.53,10.35,31.24
3.19,0.44,10.26,31.23
3.99,-1.43,8.68,31.24
3.78,-2.33,8.43,31.25
0.37,-0.55,9.13,31.28
1.35,-0.78,9.96,31.25
4.21,0.92,9.85,31.28
6.25,-1.32,8.44,31.24
2.67,-1.37,7.29,31.25
-1.67,0.17,8.54,31.27
0.93,-0.55,10.32,31.24
2.79,-0.02,11.24,31.23
3.58,-2.06,8.72,31.22
1.05,-1.7,8.2,31.24
-1.69,-1.99,10.19,31.23
-0.66,-0.55,11.06,31.22
3.37,-0.11,11.62,31.28
5.05,-0.95,8.31,31.26
-0.47,-1.79,7.04,31.27
-0.83,-0.95,9.42,31.25
0.08,0.46,11.16,31.26
3.39,1.3,9.72,31.24
4.94,-1.88,8.55,31.26
-1.34,-2.23,7.68,31.24
-1.23,-1.15,9.6,31.24
0.02,-0.72,11.28,31.22
2.33,1.4,9.76,31.26
5.63,-1.49,9.26,31.26
0.35,-2.81,8.22,31.25
-3.32,-1.24,9.41,31.27
0.72,-0.82,11.8,31.25
1.65,0.4,10.32,31.25
3.8,-0.74,8.19,31.24
0.02,-2.32,8.26,31.25
-2.49,-0.98,10.47,31.22
1.82,-0.63,11.46,31.27
3.56,-0.54,10.19,31.29
4.3,0.11,7.17,31.26
-0.09,-2.35,7.64,31.27
-3.95,-1.22,11.34,31.26
0.97,-0.43,11.59,31.23
3.09,-0.01,9.64,31.24
3.86,-0.45,8.71,31.25
3.6,-2.28,7.94,31.25
-0.66,-1.21,10.7,31.2
1.4,-0.34,10.75,31.22
2.98,0.29,8.72,31.26
5.52,1.27,7.7,31.26
5.34,-1.41,7.06,31.3
-0.96,-0.94,8.03,31.29
-1.11,-0.34,10.68,31.25
2.38,-0.13,10.89,31.31
2.32,-0.35,11.21,31.26
5.91,0.32,9.4,31.23
4.78,-1.31,8.02,31.28
1.56,-1.5,7.69,31.25
-0.07,-0.36,9.15,31.27
1.08,-0.39,10.64,31.29
4.26,1.06,9.51,31.2
3.68,-0.62,7.51,31.26
2.25,-1.81,7.79,31.25
0.19,-0.32,9.19,31.26
2.08,-0.23,10.6,31.26
4.53,0.43,10.09,31.25
5.21,-1.21,7.77,31.25
2.42,-2.04,7.63,31.27
-0.83,0.12,8.94,31.25
1.0,-0.67,10.77,31.28
4.47,-0.4,11.12,31.21
5.19,-1.72,7.93,31.28
-1.98,-1.7,8.18,31.27
0.83,1.01,9.98,31.25
1.9,-0.72,11.63,31.27
5.52,0.24,9.04,31.26
2.54,-1.02,7.71,31.26
-2.15,-1.67,8.24,31.25
-1.33,-0.58,10.87,31.25
4.61,-0.91,11.95,31.28
4.7,-0.84,9.54,31.29
1.33,-2.23,8.15,31.27
-0.18,-1.67,9.44,31.26
-0.1,-0.03,11.06,31.2
3.59,0.51,10.04,31.27
5.05,-0.52,9.41,31.24
1.79,-2.21,7.52,31.27
-2.87,-0.76,8.56,31.3
-0.69,-0.41,11.28,31.25
2.39,1.24,10.17,31.24
4.94,0.55,8.59,31.24
2.04,-2.22,6.9,31.24
-6.2,-0.65,9.65,31.26
-2.34,-0.88,11.61,31.28
0.68,0.32,10.72,31.29
4.0,-0.83,8.58,31.25
1.94,-2.14,8.37,31.25
-4.35,-1.46,9.35,31.26
-1.3,-0.01,11.52,31.26
3.66,-1.24,12.15,31.24
6.28,-0.15,7.4,31.28
4.05,-1.45,6.95,31.26
-2.77,-0.76,8.42,31.26
-1.41,-0.2,11.16,31.27
4.15,-0.04,10.6,31.27
5.76,-0.28,7.55,31.28
1.9,-1.35,6.38,31.23
-4.41,-1.02,8.59,31.22
-1.0,-0.19,11.48,31.23
2.52,-0.26,10.29,31.3
1.32,1.04,7.1,31.23
1.38,-0.73,7.59,31.26
2.96,-1.13,6.86,31.26
-0.44,0.32,8.47,31.27
1.69,-0.24,11.14,31.32
5.7,-0.51,10.43,31.25
3.66,-1.75,8.74,31.22
2.89,-1.72,8.17,31.26
-0.25,-0.49,8.67,31.23
1.05,-1.03,11.11,31.24
5.52,-0.95,10.41,31.28
4.64,-1.12,8.13,31.25
0.68,-1.3,7.76,31.29
-1.44,-0.92,10.43,31.22
1.96,0.15,10.75,31.28
5.18,0.45,10.26,31.26
4.64,-1.34,8.38,31.27
1.4,-1.91,8.62,31.25
-1.2,-1.72,10.15,31.3
0.73,0.14,10.43,31.29
6.45,-0.8,11.16,31.26
7.43,-2.19,8.34,31.27
0.51,-1.43,8.19,31.28
0.26,-2.04,10.48,31.25
1.47,0.42,10.76,31.24
5.08,0.24,9.82,31.33
5.67,-1.01,7.89,31.24
-1.63,-1.9,8.22,31.27
-1.58,-0.6,10.66,31.25
1.24,-0.9,12.41,31.26
5.24,0.29,9.93,31.25
5.17,-1.91,8.56,31.26
-1.81,-2.44,9.08,31.27
-2.49,-2.18,9.54,31.25
-1.13,-0.86,11.87,31.27
1.39,0.37,11.36,31.27
4.64,0.04,8.84,31.25
1.97,-1.78,7.31,31.25
-5.22,-1.08,9.67,31.25
-1.02,-0.57,12.05,31.24
2.41,0.53,11.15,31.23
4.19,-0.2,7.85,31.28
1.52,-1.26,7.29,31.22
-3.0,-1.79,10.37,31.27
0.3,0.25,11.3,31.22
2.48,0.42,9.68,31.2
2.95,0.74,7.77,31.26
0.15,-1.43,8.21,31.25
-5.09,-2.16,9.77,31.23
-0.87,-0.26,10.81,31.27
2.47,0.65,9.97,31.26
3.56,1.59,7.49,31.24
2.88,-1.2,7.19,31.2
-3.7,-1.37,9.64,31.27
-1.76,0.28,11.16,31.24
3.7,-0.86,11.41,31.27
3.25,-0.54,7.91,31.24
2.69,-0.27,5.82,31.27
-0.46,-0.26,8.78,31.26
0.32,-0.13,10.9,31.25
4.08,1.23,8.81,31.27
0.38,0.88,10.68,31.26
4.52,-0.36,11.06,31.24
4.6,-1.46,9.1,31.28
-1.17,-2.47,8.99,31.24
-1.75,-2.0,10.21,31.24
-0.4,-0.47,10.97,31.2
2.83,0.66,11.12,31.26
5.72,-2.65,10.18,31.22
0.54,-2.59,8.37,31.24
-2.94,-1.13,10.01,31.25
1.16,-1.09,12.33,31.24
3.34,-0.34,10.91,31.24
5.22,-1.36,8.24,31.22
0.46,-2.24,8.21,31.23
-5.59,-0.29,9.73,31.24
0.74,-0.07,11.17,31.27
2.65,0.43,10.88,31.22
4.1,0.35,7.26,31.23
-0.06,-0.76,7.24,31.23
-3.2,-1.71,10.53,31.21
0.12,0.82,11.66,31.24
2.59,-0.78,10.91,31.22
2.61,-0.68,7.75,31.24
-1.33,-2.64,8.29,31.27
-4.54,-1.79,10.91,31.2
-0.84,-0.41,11.48,31.22
2.94,-0.59,9.66,31.22
3.07,-0.51,7.34,31.26
-1.06,-0.73,6.9,31.27
-3.59,0.27,8.63,31.21
1.44,-0.14,11.48,31.26
4.15,0.8,9.65,31.27
4.0,-0.39,6.77,31.26
0.72,-0.67,6.79,31.24
-2.44,-0.3,8.51,31.26
1.84,0.12,11.36,31.26
6.07,-0.26,9.14,31.27
3.91,-0.62,6.9,31.24
1.4,-1.21,7.02,31.24
-2.14,-0.4,8.94,31.2
1.85,-0.61,11.07,31.2
6.12,0.33,8.6,31.27
4.29,-0.37,7.28,31.25
2.72,-1.7,8.12,31.25
-1.11,0.19,8.43,31.25
1.77,1.34,10.3,31.27
5.81,-0.36,10.17,31.25
4.24,-1.66,7.87,31.24
1.86,-1.47,7.33,31.23
0.99,-0.47,9.12,31.27
2.5,1.06,10.12,31.26
6.73,0.18,9.52,31.24
6.01,-1.27,7.72,31.28
-0.2,-0.56,6.47,31.24
-1.22,-0.54,9.91,31.23
1.35,-0.02,11.59,31.24
4.99,0.89,8.69,31.23
4.43,-0.19,7.13,31.22
1.45,-1.65,8.15,31.23
3.99,1.23,9.56,31.25
5.78,-1.05,8.99,31.26
1.7,-2.82,8.35,31.24
-2.66,-0.61,8.91,31.26
0.17,0.11,11.14,31.19
3.77,-0.44,10.34,31.28
5.66,0.35,6.86,31.26
-0.58,-0.51,6.39,31.27
-3.33,-0.55,9.59,31.22
-0.07,0.93,11.07,31.27
2.98,0.37,9.66,31.23
3.91,-0.15,10.06,31.23
-3.05,-1.02,7.52,31.28
-3.64,-2.73,10.55,31.24
-3.89,-1.95,12.4,31.25
0.13,0.94,10.13,31.28
4.3,-0.35,9.11,31.25
0.9,-1.39,7.73,31.25
-4.05,-1.74,8.98,31.25
4.66,0.32,8.38,31.28
2.76,0.42,7.48,31.3
0.64,-0.85,5.66,31.27
-4.67,-0.46,7.81,31.22
-2.17,0.25,11.37,31.24
2.83,-0.42,10.9,31.25
2.26,-0.7,8.25,31.24
1.7,-2.39,7.46,31.24
-0.98,-1.55,9.2,31.27
0.46,-0.6,10.94,31.24
4.41,-0.12,9.72,31.27
5.02,-0.52,7.58,31.23
2.8,-0.96,5.77,31.24
-1.7,-1.05,8.85,31.26
-0.61,-0.21,10.69,31.26
4.28,0.16,10.1,31.23
3.56,-1.75,8.82,31.23
1.23,-0.81,6.52,31.22
-0.21,-1.18,9.33,31.21
0.09,-1.15,11.88,31.23
3.91,-1.53,8.51,31.19
0.92,-1.45,7.38,31.23
-3.06,-1.81,10.07,31.2
-0.07,-2.36,12.61,31.26
2.32,0.41,9.98,31.23
4.09,-1.03,8.72,31.24
1.62,-2.08,8.18,31.24
0.57,0.07,8.25,31.23
4.02,-1.73,11.59,31.26
5.75,1.94,10.33,31.25
5.42,-1.23,8.49,31.27
3.48,-1.49,8.17,31.28
-0.18,-1.3,9.78,31.31
3.64,0.25,9.79,31.27
5.77,0.03,10.79,31.27
5.72,-1.03,8.45,31.22
3.74,-2.1,8.49,31.24
0.56,-1.53,9.66,31.26
2.53,-0.13,10.48,31.24
4.54,-0.56,11.57,31.27
6.84,-1.17,8.32,31.21
0.72,-1.47,8.31,31.27
-3.75,0.19,9.35,31.22
-0.04,0.37,11.05,31.24
3.49,-0.3,11.12,31.25
6.24,-0.89,7.51,31.23
1.57,-1.0,7.37,31.27
-1.73,-1.36,10.28,31.23
-1.13,0.03,11.47,31.24
3.57,0.52,9.27,31.22
4.45,0.38,7.7,31.24
-0.66,-1.96,8.13,31.28
-1.46,-2.23,10.59,31.25
0.06,-1.24,12.32,31.24
1.78,0.23,10.0,31.27
4.03,-0.4,8.65,31.28
0.01,-2.69,8.23,31.29
-3.68,-0.79,9.57,31.26
0.06,-0.53,10.93,31.25
1.58,0.29,10.56,31.25
2.74,-0.16,7.47,31.24
-1.85,-1.72,8.1,31.26
-4.9,-1.41,10.69,31.27
0.21,0.96,10.74,31.26
2.19,0.75,9.26,31.22
3.58,-0.56,7.62,31.26
-2.41,-2.28,8.08,31.25
-3.41,-1.06,10.15,31.24
-0.11,-0.89,11.56,31.25
1.21,0.87,8.82,31.3
5.16,-1.17,8.11,31.33
-0.5,-1.73,7.47,31.21
-3.06,-0.52,9.96,31.24
0.62,-0.45,11.77,31.26
2.48,0.28,9.38,31.29
4.38,-0.79,7.06,31.24
-1.62,-0.29,7.05,31.22
-5.42,-0.37,9.96,31.21
-0.7,0.08,12.2,31.25
4.48,-0.59,9.71,31.26
3.62,-0.85,7.56,31.26
-1.55,-0.76,7.31,31.24
-2.48,-0.77,10.44,31.23
2.87,-0.16,10.89,31.26
5.33,0.3,8.94,31.26
5.44,-0.1,5.89,31.24
4.09,-0.59,6.26,31.24
-2.3,-1.09,8.54,31.22
-0.61,1.13,10.02,31.27
3.21,0.99,10.89,31.27
3.91,0.11,7.31,31.24
3.75,-1.25,7.52,31.24
0.66,-0.74,8.3,31.25
0.45,1.3,8.72,31.27
4.19,0.09,10.48,31.24
5.24,0.05,8.49,31.26
3.42,-1.59,6.72,31.24
-4.16,-1.36,9.72,31.25
-0.85,-0.89,10.5,31.22
3.52,-0.52,11.0,31.24
5.38,0.31,7.93,31.29
5.62,-0.83,6.34,31.24
-1.63,-1.49,7.1,31.28
-1.47,0.26,9.14,31.27
3.82,-0.01,10.32,31.21
4.5,0.03,7.64,31.27
4.47,-1.6,7.08,31.24
1.47,-1.17,8.1,31.25
0.85,-0.6,9.45,31.28
6.01,0.62,10.81,31.24
6.29,-1.1,8.49,31.24
3.56,-0.59,6.51,31.22
-0.94,-0.83,8.05,31.19
0.44,-0.24,10.07,31.26
5.12,1.72,9.19,31.24
6.02,-0.43,7.72,31.22
2.62,-0.52,6.67,31.25
0.95,-0.76,9.87,31.25
1.88,-0.89,10.2,31.23
4.63,0.97,9.98,31.25
6.57,-0.49,8.62,31.26
2.39,-1.78,8.04,31.3
-1.0,-1.7,9.53,31.26
2.19,-1.06,10.63,31.26
4.1,0.45,10.43,31.2
5.21,-0.39,8.6,31.24
4.68,-1.83,7.9,31.3
-0.78,-0.58,9.04,31.28
0.64,-0.31,10.46,31.26
4.92,-1.58,11.71,31.27
4.09,-1.47,8.45,31.29
1.92,-1.7,8.3,31.21
2.04,-2.55,10.18,31.23
3.48,-0.42,9.97,31.24
5.07,0.63,9.71,31.26
6.14,0.43,7.66,31.26
1.34,-0.95,7.41,31.22
-1.39,-1.54,9.55,31.26
1.57,-0.09,10.27,31.32
3.77,-0.12,10.98,31.27
4.86,-1.06,8.92,31.22
0.34,-2.45,9.34,31.29
-1.71,-2.34,10.44,31.24
0.38,0.03,10.82,31.28
4.72,-0.15,10.56,31.26
4.36,-0.53,8.09,31.22
-1.13,-1.37,7.51,31.21
-2.64,-1.02,10.05,31.27
0.3,0.41,10.48,31.26
3.19,0.53,9.44,31.26
5.08,0.56,7.86,31.23
-0.03,-1.53,7.51,31.24
-4.81,-0.96,9.65,31.28
-2.01,-0.5,11.9,31.27
0.73,0.88,9.67,31.26
4.6,-0.68,8.31,31.23
-0.79,-2.5,8.69,31.22
-4.88,-2.38,10.36,31.23
-1.1,0.02,10.64,31.24
-0.29,-0.01,10.0,31.24
3.18,-0.93,7.99,31.26
0.32,-2.48,8.3,31.26
-3.93,-1.94,10.78,31.26
0.89,-1.14,11.94,31.26
5.3,-0.68,10.35,31.19
6.68,-1.02,7.34,31.27
1.04,-1.64,7.09,31.25
-1.08,-0.04,8.91,31.26
0.81,-0.66,11.51,31.26
3.34,1.85,8.58,31.21
3.72,-0.71,6.99,31.27
-2.65,-1.01,7.7,31.25
-4.48,-1.21,9.23,31.22
0.91,-0.12,11.31,31.26
3.28,0.77,8.45,31.25
3.43,0.29,6.4,31.24
0.28,-1.46,7.65,31.26
-3.96,-0.97,9.31,31.25
0.89,-0.23,10.65,31.28
4.41,0.72,8.81,31.3
4.79,-0.73,6.98,31.27
2.68,-1.81,6.88,31.27
0.36,0.34,7.7,31.24
2.43,0.4,9.9,31.27
4.53,0.86,9.33,31.22
3.63,-0.36,7.05,31.22
3.5,-1.46,7.29,31.23
-0.96,-1.33,9.87,31.24
-0.93,0.14,9.85,31.24
2.62,0.68,10.8,31.24
2.94,-0.73,9.21,31.26
2.77,-0.97,7.06,31.24
-0.02,-1.4,8.83,31.24
-1.92,-1.09,12.06,31.23
2.95,0.31,11.57,31.25
7.47,-1.5,9.25,31.25
3.35,-1.39,7.06,31.26
-0.0,0.53,7.14,31.24
1.88,-0.27,10.46,31.27
5.08,1.89,9.85,31.26
6.83,-0.37,8.85,31.24
4.51,-1.88,7.45,31.24
-1.32,-0.74,8.37,31.27
-1.4,-1.39,11.74,31.26
4.04,0.2,11.01,31.22
6.48,-0.23,8.39,31.23
2.26,-0.65,6.68,31.23
-1.39,-0.06,8.37,31.25
-0.36,0.07,10.33,31.28
1.67,0.14,10.61,31.24
3.96,0.06,7.71,31.26
0.57,-1.81,7.74,31.25
-2.91,-1.17,10.07,31.23
1.13,-0.68,10.7,31.24
3.13,-0.36,10.92,31.23
-1.37,-1.72,7.51,31.2
-1.98,-1.24,8.74,31.27
-1.46,-1.73,11.15,31.29
0.35,1.1,9.34,31.23
3.22,0.99,9.47,31.26
1.61,-0.89,7.42,31.24
-3.42,-0.98,8.01,31.27
-2.14,-0.51,9.72,31.28
0.28,0.72,11.34,31.29
4.18,-0.23,8.9,31.26
2.86,-1.86,7.82,31.22
-4.47,-2.4,9.42,31.25
-1.39,-1.71,11.99,31.28
2.08,-0.34,11.08,31.23
4.48,-0.05,8.71,31.24
2.66,-1.35,7.77,31.29
-2.58,-1.34,8.49,31.24
-1.56,-1.15,10.19,31.29
2.13,0.26,10.18,31.22
3.1,-0.63,11.16,31.26
4.43,-0.29,9.68,31.25
5.12,-0.07,7.54,31.26
2.33,-1.68,7.45,31.28
0.14,-1.08,9.05,31.23
2.98,0.05,11.07,31.25
8.16,0.28,10.14,31.25
4.58,-0.96,8.24,31.21
1.23,-1.54,7.7,31.25
0.9,-1.36,9.85,31.23
1.54,-1.07,11.29,31.25
7.11,0.16,10.53,31.24
6.34,-1.72,8.3,31.22
1.6,-1.81,7.6,31.28
-0.18,-1.47,9.76,31.25
3.26,0.11,11.09,31.28
5.85,-0.66,10.47,31.21
5.44,-0.07,6.78,31.27
1.82,-1.91,7.67,31.27
-0.09,-0.76,9.97,31.25
2.73,-0.33,11.24,31.23
7.91,0.83,9.72,31.27
5.63,-0.37,7.77,31.26
3.32,-2.41,8.29,31.27
0.33,-1.11,9.14,31.26
1.71,0.19,10.38,31.31
6.3,1.1,9.63,31.29
5.84,-0.45,7.85,31.21
2.9,-1.9,7.86,31.26
1.17,-0.84,8.44,31.26
2.55,1.12,9.81,31.21
5.48,0.46,10.12,31.22
6.75,0.39,7.61,31.24
2.03,-2.26,6.81,31.24
-0.72,-0.19,8.95,31.27
0.94,0.2,10.51,31.29
4.06,1.43,9.43,31.3
5.52,0.85,6.48,31.23
-0.97,-1.36,7.55,31.23
-5.67,-0.54,10.57,31.26
0.31,0.82,10.52,31.3
4.07,-0.25,11.44,31.25
2.24,-0.5,7.2,31.26
-4.8,-1.35,8.03,31.25
-3.99,-2.12,11.07,31.25
0.46,-0.34,11.16,31.26
2.43,1.21,9.24,31.26
1.85,-1.27,8.62,31.25
-4.35,-2.88,9.71,31.26
-3.46,-1.59,10.16,31.28
1.42,-0.17,10.75,31.22
1.37,1.09,9.73,31.25
4.41,0.44,8.71,31.23
3.02,-1.56,7.84,31.26
-2.39,-1.75,9.42,31.25
-0.46,-0.22,10.98,31.25
3.39,0.5,11.28,31.29
4.67,-0.61,8.83,31.27
2.61,-2.33,8.55,31.29
-2.19,-3.3,10.51,31.24
0.45,-0.31,10.6,31.28
2.38,0.49,10.04,31.24
3.4,0.66,7.9,31.24
1.58,-1.82,8.38,31.26
-0.96,-1.63,9.03,31.29
-0.24,0.08,10.51,31.27
1.48,0.21,10.71,31.22
3.98,-0.28,8.3,31.24
1.57,-1.23,6.67,31.23
-4.88,-1.78,8.81,31.25
-3.97,-0.55,12.15,31.22
0.54,0.9,10.18,31.26
2.04,-0.17,8.97,31.23
-0.58,-0.84,6.49,31.24
-5.56,-1.12,8.66,31.23
-2.21,-1.57,11.88,31.26
0.71,0.83,11.01,31.28
2.72,0.18,7.66,31.24
1.55,-0.84,7.48,31.27
-3.74,-3.04,10.32,31.25
-1.51,-0.72,10.95,31.26
4.58,-0.01,9.62,31.23
2.45,-0.87,8.92,31.27
0.96,-0.07,6.51,31.27
-1.42,-1.96,9.51,31.26
-1.25,-0.62,10.84,31.27
2.54,-0.04,9.87,31.21
5.15,-0.72,8.72,31.22
2.98,-2.06,7.07,31.26
-0.6,-0.3,7.64,31.31
3.84,-0.11,10.76,31.26
5.92,0.6,9.91,31.27
5.68,-0.61,8.29,31.25
4.96,-1.41,6.79,31.26
0.18,1.14,6.95,31.24
1.85,0.43,9.13,31.25
6.92,1.7,8.94,31.26
8.34,-0.22,6.55,31.24
2.82,-1.54,7.13,31.24
-2.07,-1.91,9.25,31.24
0.09,0.76,9.64,31.21
7.08,-1.24,11.32,31.27
4.56,-1.18,8.3,31.26
2.5,-1.06,6.97,31.28
1.32,-1.28,9.39,31.28
1.57,-0.15,10.92,31.28
5.37,0.91,9.62,31.28
4.21,-0.02,7.77,31.24
-1.03,-0.79,6.73,31.28
-2.1,-0.76,9.33,31.27
2.4,-0.96,10.73,31.25
5.48,1.09,10.3,31.22
2.68,-0.55,7.95,31.24
-1.36,-1.16,7.58,31.26
-2.96,-1.07,9.72,31.21
1.13,0.11,11.34,31.26
5.7,-0.58,11.71,31.24
6.93,-1.35,7.49,31.27
0.27,-1.92,7.9,31.22
-1.13,-1.56,10.11,31.24
3.71,-0.88,11.69,31.23
7.62,0.44,9.58,31.25
8.36,0.04,6.99,31.24
0.39,-1.62,7.75,31.23
-1.28,-1.31,10.09,31.24
0.62,0.13,10.8,31.27
2.49,1.27,8.88,31.22
3.55,-0.24,8.08,31.24
-2.48,-2.22,9.49,31.2
-2.71,-1.47,10.53,31.25
0.04,-0.7,11.04,31.24
1.4,0.66,10.36,31.27
3.51,-1.33,9.22,31.24
0.47,-3.36,9.48,31.27
-3.66,-2.0,10.61,31.23
0.31,0.17,10.75,31.22
3.77,-0.07,9.89,31.23
3.17,0.34,10.69,31.25
4.02,0.13,9.89,31.23
3.73,-1.38,8.03,31.23
2.37,-1.73,8.62,31.21
-0.98,0.34,9.28,31.23
1.68,-0.98,10.94,31.24
4.7,0.42,9.23,31.27
3.71,-0.08,7.94,31.27
0.34,-1.44,8.65,31.25
-2.11,-1.36,9.74,31.24
0.47,0.38,10.47,31.29
7.29,0.68,8.79,31.22
3.24,-0.92,8.4,31.24
0.64,-0.93,7.21,31.24
0.93,-0.69,10.07,31.24
-2.19,-0.38,11.42,31.24
4.7,-0.29,10.53,31.29
5.9,-1.08,9.5,31.23
1.44,-1.17,7.03,31.22
-2.15,-1.16,10.54,31.27
0.43,-0.54,10.87,31.28
2.49,-0.06,11.94,31.27
5.44,-0.41,9.47,31.24
2.09,-1.31,7.62,31.23
-2.35,-1.71,9.5,31.25
1.43,1.02,9.25,31.27
3.69,1.03,10.01,31.29
3.48,0.9,7.07,31.22
-0.34,-0.51,6.58,31.24
-3.65,-1.29,10.04,31.24
-1.3,0.75,10.34,31.26
1.74,-0.27,11.21,31.25
3.87,-0.18,8.34,31.26
-0.01,-0.85,7.3,31.27
-1.63,-1.68,10.01,31.27
0.96,0.3,10.94,31.22
3.91,0.32,10.55,31.27
3.24,-0.89,9.38,31.22
-0.41,-1.3,7.97,31.24
-0.76,-1.78,9.97,31.26
2.85,-0.09,10.87,31.22
6.36,1.72,8.33,31.22
6.44,-0.94,7.75,31.22
1.18,-0.49,7.47,31.21
-0.88,0.07,9.22,31.21
2.04,-0.65,11.86,31.27
4.05,0.43,9.68,31.24
4.28,0.26,7.96,31.24
-0.0,-2.48,8.95,31.23
-2.35,-0.46,10.48,31.29
3.88,-0.16,10.64,31.3
5.66,0.31,9.88,31.26
3.08,-0.66,7.6,31.23
-1.31,-0.92,7.77,31.24
-2.5,-1.31,10.51,31.25
-1.39,0.75,9.82,31.21
1.79,1.17,9.33,31.26
4.06,-1.56,8.04,31.24
-3.34,-1.79,8.55,31.24
-3.28,-1.01,10.05,31.24
-0.64,0.18,11.13,31.24
1.5,0.28,10.55,31.26
4.47,-1.4,7.99,31.28
-0.66,-3.06,9.84,31.27
-1.49,-0.65,9.62,31.25
2.23,0.21,10.91,31.26
4.38,-0.56,10.52,31.22
4.44,-0.84,7.81,31.24
-0.95,-1.35,7.2,31.22
-2.32,-0.88,9.77,31.27
0.08,0.89,10.96,31.29
3.42,0.12,9.53,31.3
2.46,-0.84,7.73,31.22
-3.6,-2.43,8.74,31.27
-4.07,-1.25,11.12,31.2
1.98,0.7,10.77,31.22
6.44,-0.67,9.22,31.21
4.73,-0.59,6.62,31.23
-2.17,-1.57,8.09,31.23
-2.99,-0.84,11.25,31.24
2.11,0.0,10.55,31.22
3.56,0.0,9.14,31.26
3.82,-0.51,6.37,31.24
-2.94,-1.57,8.09,31.25
-3.44,-0.57,11.14,31.25
3.21,0.73,10.3,31.26
4.41,0.21,7.97,31.25
3.24,-0.54,6.86,31.25
-2.52,-1.13,7.66,31.26
-2.5,-0.09,10.11,31.23
2.42,0.16,10.26,31.26
3.33,0.41,7.91,31.21
2.54,-1.06,6.32,31.28
-3.99,-0.15,7.61,31.22
-2.78,-0.83,10.04,31.24
2.62,0.77,10.25,31.23
4.44,0.39,8.07,31.29
5.73,-1.23,6.8,31.23
0.83,-0.53,9.37,31.24
2.45,0.44,9.63,31.27
5.74,0.39,9.8,31.29
5.38,-1.14,7.52,31.27
3.0,-1.79,8.5,31.24
1.05,-1.22,10.14,31.28
2.72,0.03,10.28,31.23
5.8,0.11,8.97,31.22
4.1,-0.65,6.43,31.23
2.58,-1.24,7.21,31.27
0.57,-1.79,10.52,31.24
3.04,-0.78,10.96,31.27
7.51,-0.74,10.09,31.24
5.89,-2.07,8.12,31.26
2.06,-1.66,8.53,31.23
1.64,-1.26,10.05,31.25
2.0,-0.54,10.24,31.26
6.27,1.36,9.42,31.22
5.44,-0.84,7.41,31.24
-1.16,-1.13,7.2,31.23
-1.05,-1.42,8.82,31.25
-0.07,-0.33,10.97,31.26
3.45,1.99,9.76,31.23
5.21,-0.13,8.42,31.23
0.44,-0.63,7.3,31.26
-1.84,-0.4,8.71,31.22
2.5,-1.49,11.59,31.23
2.71,0.31,11.02,31.29
3.42,-0.08,8.37,31.25
1.4,-1.74,7.61,31.19
-1.13,-1.56,9.61,31.27
0.97,0.14,9.87,31.24
4.61,0.47,10.23,31.26
5.02,-0.32,8.68,31.27
1.25,-1.46,7.15,31.29
-1.66,-1.8,9.71,31.23
-0.91,0.35,10.24,31.27
3.76,0.34,10.65,31.26
5.19,-0.72,8.38,31.23
3.42,0.03,10.55,31.29
6.9,1.25,9.55,31.23
5.6,0.06,7.87,31.22
1.92,-0.6,6.57,31.25
-1.07,-0.47,8.64,31.23
-0.73,1.08,9.28,31.28
2.24,0.75,10.03,31.24
2.25,-0.04,7.73,31.24
-0.27,-0.55,7.25,31.29
-1.18,-1.06,9.27,31.28
1.71,-0.39,10.69,31.24
5.83,-0.95,11.48,31.26
4.79,-0.56,7.86,31.27
2.94,-1.67,7.27,31.22
-1.4,-0.69,9.15,31.29
-0.11,0.01,11.3,31.24
4.68,0.4,9.92,31.25
3.2,-0.44,7.68,31.21
-1.31,-0.38,6.85,31.27
-2.11,-1.29,10.17,31.29
2.13,0.06,11.79,31.25
6.68,0.69,10.18,31.25
4.5,-0.28,8.19,31.27
0.72,-1.67,8.12,31.26
0.13,-1.36,9.74,31.26
5.19,-0.19,10.64,31.28
7.35,0.55,9.17,31.27
4.36,0.36,6.82,31.25
0.86,-1.77,7.85,31.26
-0.64,-1.97,10.71,31.27
2.89,-0.23,11.15,31.2
5.27,0.08,10.15,31.27
3.34,-1.13,8.68,31.23
1.19,-1.82,8.07,31.24
0.8,-1.9,10.41,31.24
1.87,0.56,9.88,31.26
5.44,1.56,8.7,31.23
6.09,-0.04,7.6,31.26
-1.43,-2.81,8.51,31.29
-1.25,-0.67,9.23,31.25
1.51,-0.71,11.71,31.29
3.79,0.7,9.95,31.25
3.66,-0.51,8.01,31.26
-0.7,-1.89,8.08,31.27
-0.26,-1.2,9.65,31.24
0.94,0.13,10.91,31.26
4.0,0.79,9.01,31.24
4.64,-1.06,8.14,31.28
-3.45,-1.74,8.02,31.24
-2.55,-1.62,11.37,31.26
2.94,-1.08,11.41,31.24
3.14,1.21,8.5,31.23
4.4,0.2,6.61,31.27
-1.49,-1.34,7.32,31.23
-2.73,-0.46,9.16,31.23
1.37,0.59,10.6,31.24
2.21,1.53,8.66,31.24
3.81,-0.58,6.57,31.26
-0.06,-1.58,7.3,31.23
5.75,-0.98,9.23,31.21
-0.52,-2.04,8.14,31.29
-0.91,-1.36,10.7,31.27
2.51,-0.57,11.54,31.28
5.88,1.04,9.68,31.29
6.62,-0.53,8.02,31.25
0.48,-2.43,8.42,31.24
-0.79,-1.14,10.24,31.23
1.77,0.02,11.05,31.26
3.62,0.38,10.95,31.23
4.14,0.71,9.11,31.24
2.18,-1.93,7.51,31.25
-2.42,-2.18,9.12,31.25
-2.08,-0.29,9.95,31.22
1.22,0.47,10.26,31.25
3.7,0.18,9.22,31.29
0.35,-2.02,9.17,31.22
-3.25,-2.32,9.18,31.2
-0.6,-0.04,10.81,31.26
1.47,0.5,10.47,31.25
4.96,0.68,8.49,31.27
3.96,-0.79,7.35,31.23
-2.25,-1.86,9.38,31.22
-0.99,-0.57,11.09,31.23
3.14,0.31,10.51,31.23
5.12,0.57,9.08,31.25
1.99,-1.25,8.15,31.28
-1.83,-2.61,10.08,31.25
0.78,-0.4,11.0,31.27
3.54,0.07,9.9,31.26
5.39,1.39,7.81,31.24
3.52,-0.97,6.73,31.29
-1.8,-1.52,7.76,31.28
-2.09,-0.3,10.9,31.26
2.04,0.68,10.37,31.25
5.42,-1.07,9.0,31.28
3.2,-0.75,6.65,31.24
-3.26,-1.3,9.7,31.21
-2.01,-1.04,11.0,31.27
-2.5,-1.72,10.0,31.27
-0.88,0.02,9.0,31.24
2.25,0.24,10.97,31.29
5.94,0.62,8.82,31.25
7.24,-0.83,7.11,31.25
0.45,-1.67,7.63,31.27
-0.43,1.32,7.45,31.27
5.71,-0.34,11.06,31.27
5.45,0.42,8.41,31.26
5.24,-0.54,6.11,31.24
2.48,-1.96,8.57,31.21
-1.1,0.29,8.95,31.24
3.86,0.3,9.59,31.28
5.57,0.69,7.47,31.26
4.38,-0.57,6.45,31.26
0.32,-0.75,8.31,31.25
0.63,0.43,8.75,31.26
5.21,1.07,9.85,31.23
7.73,0.13,8.4,31.24
6.34,-1.55,6.86,31.27
1.76,-0.83,7.5,31.28
1.38,-0.57,9.11,31.27
4.31,0.97,10.22,31.28
5.35,-0.68,8.92,31.29
3.79,-0.85,6.91,31.24
0.61,-1.27,7.95,31.25
0.48,0.17,10.11,31.24
4.81,0.2,11.08,31.28
8.19,-0.2,8.61,31.29
3.99,-1.38,7.16,31.21
-1.25,-1.27,8.39,31.28
-1.22,-0.54,10.65,31.28
3.28,-1.45,12.72,31.27
5.76,-1.84,10.05,31.26
1.64,-1.79,8.11,31.26
-1.1,-2.38,10.22,31.28
0.61,-1.53,11.55,31.22
2.98,-0.46,11.88,31.26
8.58,0.02,8.98,31.26
0.57,-0.46,11.16,31.27
0.91,-0.1,10.28,31.28
2.1,-0.3,7.76,31.24
1.68,-0.83,6.12,31.27
-4.27,-0.45,9.21,31.26
-2.2,-0.7,11.42,31.23
3.85,1.66,9.82,31.28
3.22,-1.17,7.29,31.24
-1.76,-0.34,6.47,31.22
-1.62,-1.43,9.99,31.29
1.04,-0.83,11.56,31.29
3.91,0.4,9.0,31.25
7.21,-1.07,7.32,31.28
0.27,-1.94,8.57,31.24
-3.07,-1.48,10.37,31.3
4.37,-0.56,10.5,31.27
8.19,-0.31,9.27,31.26
4.2,-0.15,6.39,31.24
2.7,-0.4,6.72,31.27
2.14,-1.21,9.58,31.29
5.09,1.4,9.5,31.24
8.97,0.68,7.49,31.22
7.68,-0.05,5.94,31.29
2.48,-0.93,6.95,31.25
0.77,-1.02,8.8,31.24
5.33,1.34,9.42,31.25
7.55,0.53,8.52,31.24
5.34,-0.18,6.71,31.27
2.67,-1.5,7.52,31.28
0.01,-0.45,8.59,31.26
-0.49,-1.11,10.1,31.26
7.73,0.86,8.72,31.25
4.9,-0.66,7.27,31.26
0.93,-0.53,6.29,31.29
-2.54,-0.9,8.95,31.32
-1.89,-1.13,11.91,31.27
1.89,0.57,10.93,31.23
2.91,-0.52,8.21,31.29
0.78,-0.8,7.35,31.25
-2.3,-1.35,8.38,31.29
-0.57,-2.15,7.93,31.23
-1.33,-1.54,8.17,31.29
-0.22,-1.76,11.29,31.17
1.49,0.05,10.66,31.25
6.11,-0.23,9.44,31.24
3.78,-2.26,8.83,31.24
-0.74,-1.97,8.81,31.23
2.13,-0.64,10.5,31.27
5.9,-0.77,11.51,31.29
5.79,-0.55,10.16,31.24
4.14,-2.06,8.41,31.26
1.3,-2.45,9.18,31.27
-2.25,-0.39,10.1,31.27
3.34,-0.42,11.13,31.25
5.52,-0.92,10.32,31.28
4.58,-1.48,7.17,31.24
-0.13,-2.07,9.49,31.21
-1.01,-1.1,10.62,31.28
3.83,0.72,10.98,31.24
6.78,-1.22,10.06,31.23
2.49,-1.49,8.45,31.22
-3.01,-2.03,9.51,31.22
-1.34,-0.56,11.04,31.26
0.86,0.51,10.89,31.22
4.44,-0.53,8.94,31.25
2.58,-1.35,7.25,31.29
-4.09,-1.73,8.6,31.28
-2.19,0.06,10.67,31.21
2.13,-0.13,10.93,31.24
2.57,-0.12,8.69,31.26
-0.11,-1.13,7.37,31.24
-4.51,-2.56,9.8,31.26
-2.14,-0.54,11.09,31.26
2.6,-0.36,10.85,31.26
3.45,0.01,9.25,31.24
2.11,-0.85,6.7,31.29
-3.07,-1.85,9.18,31.26
-1.17,-1.4,12.07,31.25
2.94,-0.03,11.6,31.26
2.26,-0.65,11.72,31.3
6.15,-0.01,9.34,31.25
3.72,-1.05,8.12,31.23
1.84,-2.08,8.76,31.25
2.39,-0.72,9.85,31.27
4.05,-0.52,10.96,31.24
7.77,1.1,9.22,31.21
4.37,-0.84,7.51,31.25
0.36,-1.76,7.64,31.22
-0.19,-1.01,10.31,31.23
3.65,-1.78,10.87,31.21
7.87,0.75,9.47,31.26
7.24,-1.48,7.56,31.25
2.08,-1.5,7.96,31.3
-1.21,-1.3,9.72,31.23
0.65,0.17,10.5,31.22
4.75,-0.11,10.46,31.23
3.45,-2.34,8.3,31.27
-1.59,-1.59,7.28,31.24
0.07,-0.89,9.83,31.27
4.0,-1.37,9.61,31.24
6.38,1.2,10.31,31.26
8.38,-0.35,8.58,31.25
6.11,-2.01,7.17,31.22
0.6,-1.71,8.0,31.24
0.95,-0.8,10.01,31.25
3.98,0.66,10.7,31.25
6.81,0.41,8.63,31.26
4.43,-2.4,8.37,31.32
0.57,-1.1,9.02,31.21
1.39,-1.0,10.37,31.24
1.1,-0.35,11.81,31.23
4.46,-1.32,9.41,31.23
1.68,-1.58,7.27,31.19
-1.57,-1.93,9.88,31.29
1.5,-1.69,10.97,31.21
5.26,-0.18,11.07,31.23
7.48,0.61,8.34,31.23
4.18,-1.91,7.78,31.22
-0.83,-1.85,8.95,31.29
0.94,0.36,9.29,31.26
4.41,-0.57,11.66,31.23
6.11,-0.2,8.95,31.24
2.67,-1.78,7.64,31.28
1.18,-1.01,8.63,31.24
-1.58,-0.18,10.11,31.26
2.0,1.62,10.24,31.29
4.67,-1.22,11.25,31.24
-0.12,-0.78,7.15,31.22
-4.07,-1.53,9.48,31.25
-1.76,-1.16,10.72,31.24
1.34,-0.1,10.82,31.24
4.82,0.62,9.55,31.25
4.79,-1.36,8.15,31.25
-1.51,-2.09,8.43,31.29
-1.21,-0.99,10.52,31.22
2.08,-0.17,11.66,31.22
4.93,0.68,8.98,31.24
4.87,-0.55,7.83,31.27
-1.11,-3.01,8.94,31.22
-1.1,-1.39,10.42,31.26
1.17,-0.27,11.22,31.24
4.14,0.87,9.99,31.22
5.16,-1.46,8.78,31.22
-1.67,-2.36,8.69,31.24
-2.61,-1.51,11.14,31.23
0.92,-0.24,11.71,31.23
3.9,0.2,9.35,31.25
3.88,-1.68,8.36,31.25
-0.37,-1.9,8.36,31.29
-1.23,-1.24,10.46,31.26
2.41,0.71,10.19,31.27
5.46,0.12,9.52,31.27
4.08,-0.51,6.83,31.22
-2.17,-1.04,7.65,31.24
-3.7,-1.54,10.4,31.24
1.84,1.51,9.83,31.25
3.38,0.02,9.54,31.27
4.91,-0.33,11.08,31.21
6.09,-0.29,9.49,31.2
3.36,-0.94,7.36,31.26
-0.39,-2.48,8.83,31.24
-0.31,-1.1,10.97,31.23
3.68,-0.93,11.26,31.23
8.58,-0.06,9.22,31.27
5.93,-1.31,7.14,31.24
0.77,-1.41,8.53,31.21
1.19,-0.93,10.79,31.22
3.97,-1.25,11.54,31.26
8.1,-0.83,9.61,31.25
4.6,-1.4,7.99,31.24
0.11,-1.06,8.96,31.21
-0.56,-1.49,11.65,31.24
3.13,0.14,11.19,31.23
6.64,0.25,8.76,31.28
1.9,-0.6,7.68,31.26
-1.38,-1.45,9.99,31.2
2.84,-0.41,7.81,31.26
-2.92,-2.01,8.61,31.2
-4.67,-2.32,10.98,31.21
-0.54,0.21,11.29,31.26
0.52,0.98,9.92,31.24
2.83,-1.3,8.05,31.25
-3.0,-2.32,8.02,31.22
-4.87,-1.88,10.7,31.24
0.57,-0.04,11.72,31.26
2.24,-0.63,10.51,31.26
3.78,-1.44,7.71,31.24
-0.79,-3.23,9.27,31.26
-2.58,-2.24,11.21,31.24
1.91,1.07,10.15,31.22
4.51,-0.76,9.43,31.26
3.84,-0.51,6.69,31.26
-0.81,-2.21,8.22,31.22
-2.79,-1.43,11.1,31.24
1.92,0.42,10.79,31.25
5.55,-0.37,8.45,31.25
0.12,-1.39,11.25,31.25
2.66,-0.98,12.65,31.18
4.0,-1.94,10.03,31.25
-1.02,-1.43,7.54,31.24
-1.56,-2.18,9.75,31.25
1.53,-1.18,11.13,31.23
3.83,-0.89,11.94,31.22
5.59,-1.62,10.16,31.24
0.03,-2.16,8.33,31.23
-1.72,-1.84,10.52,31.25
1.83,-1.25,11.68,31.24
6.2,0.61,10.27,31.22
7.55,-0.8,9.09,31.25
1.6,-1.3,8.29,31.26
0.53,-1.21,8.88,31.27
1.24,0.51,10.41,31.23
2.54,1.64,9.39,31.29
5.18,-0.37,8.12,31.27
-0.47,-0.61,7.03,31.24
-2.48,-0.47,8.56,31.22
-0.42,0.43,10.35,31.23
2.11,1.48,8.89,31.29
5.46,0.18,8.09,31.24
-0.27,-2.09,7.74,31.26
-5.52,-1.22,9.64,31.24
-1.71,-1.24,11.14,31.23
2.46,-0.76,11.79,31.23
4.5,1.67,7.92,31.27
5.67,-1.5,6.79,31.25
-3.41,-1.58,8.42,31.24
-2.11,-0.14,10.52,31.22
3.59,-0.36,12.03,31.24
6.15,1.1,7.55,31.23
3.64,-0.01,7.24,31.24
-1.64,-2.8,9.69,31.19
-1.56,-0.02,10.24,31.23
1.95,0.43,10.38,31.26
4.52,0.49,8.47,31.27
0.97,-1.07,7.76,31.26
6.48,-0.28,6.45,31.23
3.38,-0.09,6.27,31.24
0.48,-0.67,7.88,31.26
-1.91,-0.66,10.66,31.29
3.46,-0.96,11.15,31.26
7.13,-0.25,8.81,31.24
3.12,-1.46,7.52,31.28
-2.12,-1.45,8.46,31.22
-0.55,-1.71,10.98,31.24
3.06,-0.23,11.02,31.23
7.06,0.17,8.41,31.27
6.11,-2.1,7.33,31.26
0.7,-0.35,7.4,31.22
1.34,-1.0,10.0,31.27
3.69,0.7,10.19,31.27
6.74,0.64,7.94,31.23
4.79,-1.04,7.43,31.26
0.53,-1.26,7.96,31.27
1.07,-0.72,10.69,31.24
4.09,-0.65,11.44,31.22
2.59,-1.31,7.45,31.31
-0.56,-2.07,10.0,31.23
1.92,-0.29,10.62,31.24
8.03,-0.67,11.25,31.24
6.93,-1.71,8.41,31.27
3.56,-0.74,7.73,31.29
2.09,-1.3,8.49,31.27
3.53,-0.05,9.93,31.22
7.3,0.8,8.69,31.26
7.05,-0.5,7.11,31.21
-0.48,-1.32,7.9,31.27
-2.33,-0.46,8.42,31.28
2.56,-0.38,11.1,31.24
3.97,0.44,9.33,31.26
4.13,0.37,8.38,31.32
1.3,-2.66,7.93,31.25
-3.23,-0.55,8.98,31.25
-0.15,-0.33,10.67,31.26
4.07,-0.8,11.56,31.23
3.79,-1.07,9.01,31.23
0.59,-2.49,8.0,31.27
-1.11,-2.0,11.11,31.27
2.82,-0.87,10.62,31.25
6.64,0.06,9.9,31.27
3.81,-0.41,7.61,31.23
-2.38,-2.85,9.11,31.28
-2.67,-0.84,10.54,31.26
3.96,-0.8,11.16,31.24
5.84,0.19,9.46,31.25
4.44,-0.65,7.72,31.24
-0.13,-2.45,9.09,31.28
-2.03,-1.07,10.95,31.27
1.41,-0.06,10.64,31.24
6.01,0.22,9.39,31.24
4.25,-1.48,8.54,31.2
-1.03,-1.49,8.28,31.24
-1.16,-2.09,10.66,31.26
1.52,1.04,9.35,31.2
3.0,1.14,8.73,31.29
4.9,0.1,10.63,31.28
6.6,0.67,8.64,31.22
6.53,-0.24,7.22,31.25
1.05,-1.38,8.38,31.24
-0.76,-1.42,10.25,31.28
1.24,-0.82,11.06,31.28
4.52,0.54,9.01,31.27
1.54,-1.24,7.44,31.26
-2.36,-2.38,9.27,31.27
-0.53,-0.4,10.09,31.24
1.69,-1.43,11.81,31.24
2.81,-0.1,9.77,31.24
3.04,-1.82,8.02,31.29
0.64,-1.91,9.54,31.24
-0.06,-0.87,10.03,31.23
3.43,-0.39,11.66,31.23
5.97,-0.41,9.38,31.25
3.44,-1.03,7.67,31.24
-0.43,-1.9,9.23,31.24
-0.33,-0.81,10.73,31.25
3.18,0.39,11.42,31.24
6.33,-0.68,10.43,31.21
5.77,-0.37,8.21,31.23
0.57,-0.42,7.18,31.21
0.37,-1.98,10.69,31.24
2.86,-0.1,10.48,31.26
4.82,1.95,8.69,31.22
3.11,-0.76,7.37,31.2
-1.54,-1.07,7.62,31.21
-1.41,-0.99,9.72,31.24
1.68,-1.34,11.27,31.24
2.17,1.1,9.95,31.29
3.75,-0.3,8.53,31.25
-1.02,-2.21,9.39,31.29
-3.13,-1.71,10.15,31.22
1.3,-0.16,10.61,31.24
2.11,0.51,10.11,31.25
2.01,-0.61,8.39,31.22
-2.06,-2.65,9.39,31.22
0.34,-1.44,12.26,31.22
2.41,0.4,10.34,31.2
4.28,0.54,8.6,31.25
-0.07,-2.46,8.36,31.24
-4.14,-1.58,9.7,31.23
0.36,-1.22,11.68,31.25
1.19,1.17,9.85,31.22
2.4,0.84,7.36,31.2
2.1,-1.63,7.38,31.24
-2.7,-1.68,9.59,31.27
-0.39,-1.6,11.35,31.23
3.17,0.73,10.33,31.26
4.99,0.0,7.63,31.23
2.2,-0.82,6.5,31.25
-2.19,-1.51,9.47,31.28
0.09,-0.86,11.88,31.25
3.71,0.9,9.27,31.24
6.0,-0.0,7.02,31.25
3.48,-1.25,8.06,31.25
-1.61,-2.23,8.51,31.24
-1.77,-1.72,10.41,31.32
-0.85,-0.53,11.81,31.23
1.27,0.94,10.6,31.24
3.25,-0.59,8.96,31.28
-1.71,-3.32,9.03,31.27
-1.98,-2.77,10.98,31.27
0.06,-0.51,11.57,31.18
6.55,-0.86,11.37,31.25
7.04,-0.9,9.5,31.26
1.88,-2.15,8.01,31.24
0.11,-1.5,9.94,31.27
1.21,-0.19,9.81,31.24
4.85,0.46,10.46,31.27
4.64,-1.19,9.31,31.25
-0.48,-0.34,5.7,31.27
-3.8,-1.59,10.21,31.26
-2.66,-0.26,11.2,31.27
2.99,1.16,8.38,31.26
3.77,-0.99,7.94,31.24
-4.06,-0.98,7.65,31.21
-4.4,-2.08,11.14,31.24
-1.02,-2.08,13.29,31.21
0.32,0.68,10.18,31.26
2.45,-0.9,8.14,31.24
-2.5,-1.28,7.95,31.26
-5.7,-2.11,10.79,31.27
1.42,-0.57,11.17,31.28
4.17,0.77,9.15,31.28
4.45,-0.09,7.0,31.25
-0.68,-0.67,7.66,31.29
-2.64,-1.41,9.81,31.25
1.08,0.24,11.03,31.31
5.84,0.13,9.04,31.23
5.66,-0.71,7.59,31.21
-1.78,-1.66,7.72,31.27
-0.85,-0.99,10.42,31.24
5.23,-0.47,11.03,31.27
5.84,-0.44,8.22,31.24
5.94,0.82,5.3,31.24
1.7,-0.23,6.34,31.25
-1.99,-0.14,9.09,31.23
3.14,-0.35,10.4,31.26
5.27,1.31,7.19,31.23
4.21,-0.13,6.23,31.25
-0.79,-0.94,7.11,31.22
-1.97,-1.16,9.43,31.28
1.55,0.6,11.1,31.22
4.41,-0.87,8.61,31.25
2.6,0.33,6.71,31.23
-2.17,-1.93,7.97,31.24
-3.31,-1.31,10.24,31.26
2.22,-1.04,11.0,31.26
2.98,-0.67,9.09,31.25
1.64,-0.27,6.59,31.25
0.57,-1.7,7.98,31.28
-1.7,-1.88,11.7,31.21
2.41,-0.85,12.07,31.23
7.06,-1.24,9.66,31.23
-0.23,-0.11,10.97,31.27
-1.07,1.24,11.47,31.23
2.88,0.63,10.4,31.24
2.23,-1.94,8.6,31.25
-4.47,-2.45,8.6,31.21
-0.44,0.12,10.77,31.27
-0.54,0.17,11.33,31.23
1.96,1.62,8.95,31.23
3.23,-0.98,8.28,31.26
-4.08,-2.34,9.06,31.26
-2.55,-0.61,10.86,31.22
0.97,-0.41,11.86,31.22
3.28,0.17,10.47,31.25
2.52,-1.67,9.3,31.24
-2.83,-2.68,9.67,31.23
-0.99,-1.13,11.14,31.26
4.02,0.08,10.56,31.26
5.69,-1.08,10.51,31.24
2.77,-1.02,7.28,31.25
-2.0,-1.68,9.11,31.2
-0.56,-1.0,11.31,31.29
4.84,-0.89,11.6,31.24
5.46,0.27,7.74,31.26
4.03,0.09,6.06,31.29
-1.18,-1.47,8.28,31.26
-2.71,-0.08,10.24,31.29
3.67,0.39,10.28,31.29
4.35,0.04,8.87,31.27
3.0,-1.0,6.48,31.27
-2.22,-1.33,7.45,31.28
-2.6,-1.46,11.09,31.25
0.59,-0.05,11.39,31.26
3.85,-0.43,8.72,31.25
2.61,-1.04,6.95,31.25
-4.44,-2.53,9.08,31.32
-0.81,-0.95,11.54,31.25
3.51,-0.28,10.35,31.24
3.47,0.63,7.6,31.26
2.6,-0.99,7.13,31.29
-5.22,-2.23,9.81,31.27
-2.75,-2.0,9.66,31.26
-0.24,-0.28,11.37,31.29
2.67,1.16,9.98,31.25
4.97,0.02,9.2,31.22
1.59,-1.21,8.01,31.26
-1.74,-1.88,9.89,31.23
-0.67,-1.67,11.51,31.23
2.79,0.82,9.78,31.27
5.89,1.11,8.28,31.3
0.54,-1.41,7.85,31.2
-2.64,-1.22,9.39,31.28
0.24,-0.63,10.96,31.26
0.67,0.31,11.22,31.24
2.35,0.58,8.4,31.24
-4.19,-1.7,8.29,31.27
-9.56,-2.72,11.22,31.28
-2.07,-0.99,12.12,31.23
1.6,-1.56,12.29,31.23
2.5,1.12,8.09,31.25
0.28,-2.18,8.89,31.28
-6.0,-2.66,10.97,31.25
-1.81,-0.89,11.83,31.21
4.43,-1.18,11.63,31.29
4.68,-0.19,8.59,31.27
1.32,-1.79,7.83,31.23
-2.28,-2.29,11.07,31.28
-0.9,-0.58,11.39,31.23
4.4,1.23,9.1,31.24
4.54,-0.02,8.0,31.27
-2.11,-1.37,7.78,31.26
-2.92,-1.73,9.93,31.29
1.41,-0.94,11.69,31.25
2.49,0.78,9.11,31.24
3.27,-0.67,8.2,31.26
1.15,-2.25,7.92,31.27
-0.89,-0.45,8.46,31.24
0.84,-0.64,11.56,31.25
3.63,0.1,9.78,31.25
6.05,-0.51,6.6,31.26
1.22,-0.54,6.45,31.22
-4.16,-0.26,8.39,31.27
1.53,-0.85,10.96,31.27
5.51,0.25,8.59,31.26
4.28,0.1,6.01,31.27
1.2,-1.06,7.45,31.29
-3.74,-0.6,8.75,31.26
1.95,-0.09,10.82,31.27
4.47,0.05,9.87,31.23
3.34,-0.64,7.4,31.23
2.32,-0.08,6.61,31.26
0.53,-0.35,8.63,31.32
1.74,0.25,10.95,31.27
5.97,1.15,8.48,31.25
4.31,-0.26,7.39,31.25
-0.96,-0.29,7.24,31.28
-2.6,-0.72,9.94,31.28
0.89,-0.65,11.6,31.27
4.12,-0.35,9.79,31.27
-0.05,-0.7,10.1,31.23
1.57,-1.4,11.07,31.24
4.49,0.74,9.8,31.23
3.3,-0.91,6.96,31.28
-0.21,-1.44,8.14,31.27
-2.78,-1.35,8.57,31.24
2.02,-0.55,10.81,31.24
2.43,-0.34,10.51,31.23
4.09,0.35,7.76,31.24
0.68,-1.92,8.08,31.27
-4.3,-1.5,9.45,31.27
-0.9,-0.23,10.65,31.23
1.58,-0.2,11.77,31.26
3.5,-1.73,9.2,31.25
-2.16,-2.75,9.03,31.24
-3.72,-1.77,10.06,31.26
1.99,0.21,11.09,31.23
5.71,-1.08,11.17,31.26
5.23,-0.43,8.59,31.27
0.15,-2.94,8.39,31.27
-1.83,-0.89,10.55,31.23
2.77,-0.89,11.77,31.2
5.52,1.28,9.76,31.23
4.65,0.14,7.12,31.32
-0.36,-1.32,7.72,31.23
-1.96,-1.0,9.83,31.28
0.62,0.56,9.93,31.26
1.35,1.45,8.67,31.28
2.01,-0.26,8.3,31.21
-2.33,-2.25,8.4,31.28
-3.97,-1.66,10.47,31.28
1.06,-1.01,11.56,31.26
2.83,-0.34,10.34,31.26
4.32,-0.81,7.39,31.29
-1.24,-1.8,7.85,31.24
-3.58,-2.12,10.78,31.24
1.85,-0.63,11.37,31.27
3.8,0.52,8.85,31.23
3.63,-0.12,7.01,31.26
-1.09,-2.21,8.58,31.26
-2.37,-1.68,10.24,31.27
0.78,-0.18,10.82,31.26
2.95,0.7,8.73,31.3
3.11,-0.18,7.5,31.29
-3.91,-1.17,7.77,31.27
-2.5,-0.94,10.49,31.26
2.56,-0.93,11.1,31.24
1.95,1.17,8.55,31.25
4.11,-0.16,7.32,31.27
-2.51,-2.11,7.44,31.23
-4.87,-1.21,9.62,31.27
0.74,-1.07,11.56,31.25
2.95,0.83,8.57,31.24
3.14,-0.87,7.16,31.25
-1.41,-1.56,7.64,31.26
-1.65,-1.0,10.06,31.24
2.42,0.02,10.63,31.29
4.21,0.51,8.22,31.22
2.86,0.01,7.18,31.27
-0.24,-1.6,7.75,31.24
-4.22,-2.56,9.69,31.29
-0.15,-1.95,11.73,31.24
4.78,-0.2,10.49,31.26
5.82,-1.06,8.24,31.28
1.99,-1.62,7.14,31.22
-2.16,-1.53,8.09,31.27
-1.27,-0.97,11.52,31.25
4.39,0.24,9.71,31.25
6.09,0.51,6.81,31.26
2.66,-0.78,6.76,31.25
-3.18,-0.15,7.74,31.25
0.84,-0.33,10.7,31.29
3.94,1.46,8.89,31.22
4.03,0.92,7.08,31.27
2.52,-1.09,7.21,31.25
-3.97,0.23,7.02,31.24
-0.11,-0.66,10.72,31.23
5.42,0.13,9.37,31.25
6.12,0.68,8.31,31.21
2.84,0.06,6.29,31.24
-0.07,-1.47,9.23,31.25
-0.06,-0.87,10.11,31.24
3.07,0.94,9.71,31.27
3.63,0.27,8.3,31.29
0.82,-0.89,7.57,31.21
-0.72,-1.55,9.05,31.2
0.24,-0.53,9.79,31.26
2.26,0.37,10.42,31.29
3.89,-0.7,9.25,31.27
0.78,-2.15,8.23,31.26
-1.89,-2.01,9.47,31.27
1.07,-1.25,11.32,31.27
4.26,-1.3,12.24,31.26
6.47,-0.85,9.8,31.27
3.34,-2.2,9.14,31.21
-1.05,-0.97,9.34,31.27
2.47,-0.53,10.09,31.25
5.94,-0.72,10.92,31.25
4.26,0.8,8.55,31.24
-0.35,-0.62,7.56,31.27
-1.37,-2.1,10.44,31.26
-0.28,-1.43,10.6,31.28
6.14,0.57,9.63,31.3
6.45,0.12,9.9,31.29
2.31,-1.0,9.11,31.23
-0.03,-2.57,9.0,31.23
1.02,-1.82,11.16,31.24
3.04,-0.11,11.02,31.28
6.07,0.24,9.46,31.29
4.67,-0.26,8.34,31.26
0.32,-2.26,8.74,31.22
-1.05,-0.07,9.89,31.25
0.75,0.77,10.19,31.25
3.5,0.84,9.58,31.2
2.14,-0.6,7.9,31.26
-2.69,-2.27,9.44,31.27
-1.97,-1.02,10.86,31.23
0.87,0.47,10.93,31.25
2.87,1.22,8.65,31.27
1.85,-1.15,8.31,31.27
-3.73,-2.61,9.26,31.26
-3.49,-0.48,10.57,31.26
1.02,0.52,10.4,31.28
2.22,0.73,8.33,31.24
0.69,-1.16,7.74,31.26
-4.8,-1.16,8.11,31.21
-3.2,-1.62,11.9,31.25
0.52,0.61,10.92,31.26
3.97,0.36,8.76,31.25
2.38,-1.0,7.62,31.25
-5.14,-2.94,9.72,31.24
-2.03,-2.06,11.95,31.24
3.77,-1.28,11.32,31.26
3.56,0.18,8.78,31.26
4.18,-0.42,6.26,31.24
-1.64,-2.03,8.48,31.22
-2.39,-1.75,9.37,31.21
-0.86,-0.07,10.49,31.29
1.44,1.67,9.56,31.21
2.65,-0.39,8.86,31.3
-2.86,-1.19,7.2,31.27
-6.44,-1.35,9.18,31.26
-1.09,-1.16,12.22,31.27
0.69,-1.05,10.67,31.24
0.0,0.33,7.99,31.27
-1.74,-1.85,9.18,31.26
-2.7,-3.51,12.12,31.24
0.59,-1.24,11.45,31.28
4.69,-0.24,9.72,31.21
2.88,-0.4,8.55,31.27
-2.29,-1.81,8.22,31.26
-4.83,-2.74,11.23,31.27
1.25,-0.53,11.0,31.24
2.66,0.65,9.26,31.25
3.13,0.25,7.37,31.24
0.51,-2.43,9.04,31.26
4.55,-1.36,8.58,31.28
3.22,-1.37,7.84,31.25
-0.01,-1.49,9.24,31.26
-1.18,0.21,9.69,31.27
3.06,1.63,9.96,31.23
6.88,-0.41,9.61,31.23
1.36,-1.21,7.28,31.24
-2.97,-1.22,8.33,31.25
-0.98,-0.47,10.44,31.28
0.74,0.18,11.62,31.24
4.9,-0.83,10.02,31.24
0.85,-1.64,7.97,31.27
-2.61,-1.74,9.56,31.25
1.41,-1.6,12.16,31.26
5.08,-0.59,11.06,31.25
6.75,-0.16,8.52,31.29
3.47,-0.88,7.68,31.22
-1.7,-1.53,9.84,31.23
0.42,-0.55,10.91,31.27
4.47,0.02,9.18,31.21
5.87,1.3,7.2,31.24
1.69,-1.32,7.19,31.26
-4.24,-1.62,9.49,31.24
-1.52,-1.93,11.58,31.21
-0.35,1.57,9.77,31.26
-0.77,1.02,7.13,31.21
-1.33,-1.56,8.7,31.23
-3.89,-2.67,11.44,31.23
0.22,0.07,11.27,31.23
2.47,-0.53,11.11,31.24
3.72,-0.61,8.36,31.25
0.81,-1.87,8.27,31.22
0.39,-2.51,8.76,31.23
-1.01,-1.31,11.25,31.23
3.82,-1.09,11.53,31.25
5.07,-1.01,7.84,31.23
5.6,-0.42,6.52,31.23
0.67,-1.53,7.15,31.24
-1.79,-1.3,10.33,31.19
3.48,-0.03,10.79,31.25
4.84,0.61,8.36,31.26
3.08,-0.41,6.46,31.26
-1.94,-2.13,8.42,31.25
0.96,-1.25,11.44,31.24
3.14,-0.73,11.8,31.22
2.18,1.24,7.51,31.23
5.18,-0.8,6.96,31.2
-0.91,-1.97,8.54,31.22
-1.34,-0.77,10.16,31.23
5.56,0.61,9.72,31.22
4.6,0.42,8.33,31.22
2.95,-0.43,6.49,31.2
-2.03,-1.43,7.67,31.24
-0.34,-1.14,10.66,31.2
3.04,-0.13,10.84,31.29
3.57,0.1,8.09,31.21
3.55,0.06,6.61,31.19
-0.93,-1.55,8.56,31.25
-0.1,-0.68,9.99,31.24
6.37,-0.67,10.73,31.23
6.23,-0.02,8.09,31.24
2.7,-1.11,6.69,31.25
-2.09,-0.96,8.33,31.2
-1.77,-1.46,11.24,31.22
2.13,-0.1,10.96,31.26
4.25,0.0,7.81,31.25
2.58,-1.28,7.27,31.27
-0.99,-1.7,8.5,31.21
-0.77,-1.18,11.38,31.24
4.58,-0.8,11.52,31.23
-0.01,-0.76,9.64,31.26
2.02,-1.57,10.47,31.22
4.8,-0.12,11.18,31.23
9.19,0.26,8.69,31.19
3.82,-1.91,7.91,31.22
0.14,-1.73,8.21,31.22
1.86,-0.11,9.27,31.25
2.41,0.5,10.11,31.24
5.23,0.61,9.19,31.22
4.18,-0.97,7.59,31.21
-0.05,-1.64,8.26,31.25
-0.89,-0.72,9.92,31.23
3.36,-0.27,11.75,31.23
8.42,-0.44,9.48,31.24
5.64,-0.92,7.67,31.23
1.01,-1.36,7.81,31.22
-1.2,-0.78,10.68,31.26
1.94,-0.34,11.06,31.2
4.81,0.18,10.03,31.24
0.56,-2.64,8.07,31.26
-1.74,-2.17,8.7,31.25
-0.04,-1.58,9.98,31.22
1.57,0.02,11.04,31.27
4.92,-1.44,10.97,31.24
4.51,-1.86,8.32,31.26
-1.88,-2.75,9.67,31.22
-0.79,-1.3,11.04,31.27
3.44,-0.18,11.1,31.23
7.07,-1.24,9.65,31.23
7.05,-1.59,8.29,31.25
2.41,-1.9,9.16,31.24
2.25,0.73,10.12,31.27
3.53,-0.39,11.4,31.22
4.86,-0.47,8.47,31.22
2.21,-0.45,7.62,31.28
-1.61,-1.04,8.98,31.17
-0.34,0.19,10.84,31.25
3.08,0.67,9.37,31.24
5.45,0.92,6.89,31.26
0.09,-0.24,6.52,31.25
-5.26,-1.2,8.78,31.25
-2.58,-0.81,11.56,31.26
1.07,0.18,10.33,31.24
1.79,1.65,7.15,31.22
-0.51,-1.31,7.64,31.23
-6.17,-2.32,10.28,31.25
-4.34,-0.95,11.11,31.22
0.55,1.62,10.01,31.27
1.86,0.15,7.98,31.24
-0.21,-0.98,6.71,31.24
-4.41,-1.94,9.14,31.24
-1.06,-0.63,10.54,31.22
1.04,0.81,10.58,31.25
1.82,-0.99,8.43,31.24
1.26,-0.96,6.19,31.27
-2.75,-1.09,8.6,31.24
-0.39,-0.83,11.66,31.24
3.03,-0.08,9.84,31.22
4.87,-0.27,6.97,31.27
1.33,-0.89,6.76,31.26
-4.42,-0.92,9.49,31.27
-0.83,-0.55,10.64,31.22
2.17,0.23,10.46,31.21
1.69,-0.29,9.76,31.19
4.16,-1.24,7.47,31.22
-1.91,-1.89,8.17,31.22
-2.47,-0.82,10.31,31.21
3.07,-1.01,12.14,31.24
3.69,-0.04,8.07,31.24
4.69,-1.04,7.3,31.24
1.88,-1.19,7.18,31.24
-0.83,0.21,8.94,31.19
3.94,-1.1,11.33,31.26
6.65,0.62,7.68,31.29
3.97,-0.11,6.01,31.23
-1.55,-1.5,8.21,31.28
-2.47,-0.69,9.69,31.23
3.92,-0.04,10.16,31.27
4.91,0.65,8.97,31.24
3.12,-0.72,6.52,31.2
0.55,-0.08,7.57,31.24
-1.53,-1.11,10.71,31.27
2.29,-0.29,11.15,31.23
4.81,-0.77,8.73,31.22
2.42,-1.57,7.72,31.21
-1.26,-1.74,9.57,31.23
2.21,-0.87,10.79,31.24
5.23,0.71,10.32,31.26
7.42,-0.48,8.03,31.27
5.07,-0.76,7.09,31.23
0.8,-1.07,7.57,31.28
1.43,-0.67,10.79,31.22
4.5,0.12,10.72,31.25
6.86,1.47,7.91,31.25
4.37,-1.41,6.95,31.23
-0.53,-1.07,8.55,31.25
-1.58,-0.96,10.88,31.27
0.74,-0.1,11.57,31.25
4.29,-0.2,11.1,31.23
6.88,-0.59,9.02,31.27
3.2,-1.64,8.55,31.28
-1.14,-0.77,8.61,31.26
1.74,0.22,10.61,31.27
5.31,0.19,10.46,31.22
6.09,1.22,8.16,31.25
2.47,-2.43,7.99,31.24
-3.42,0.02,8.62,31.22
-0.43,0.2,9.73,31.24
3.51,0.81,10.6,31.23
5.45,-0.28,8.6,31.29
-0.82,-0.48,7.35,31.23
-3.09,-1.54,9.6,31.22
-2.6,-0.82,11.82,31.22
0.11,1.07,11.14,31.22
6.06,-0.75,9.96,31.22
2.11,-1.92,8.19,31.25
-3.9,-1.44,9.39,31.26
-0.37,-1.47,11.53,31.26
2.75,0.5,10.44,31.22
5.57,-0.64,8.41,31.24
2.7,-1.84,7.34,31.26
-1.87,-1.24,8.95,31.19
-0.78,0.9,9.8,31.22
2.77,0.45,10.72,31.23
4.73,-0.6,7.89,31.22
-1.14,-1.0,7.01,31.29
-4.97,-2.83,10.46,31.24
-2.78,-0.27,11.58,31.24
1.21,-0.21,10.0,31.29
6.11,-0.31,8.26,31.27
1.54,-3.12,8.53,31.25
-2.49,-1.5,10.02,31.21
2.25,-1.07,11.52,31.25
4.25,0.4,9.73,31.21
5.9,0.97,6.94,31.27
-0.25,-1.83,7.66,31.25
-3.78,-1.11,10.18,31.22
0.51,-0.85,12.19,31.24
3.73,0.95,8.79,31.28
3.6,0.94,6.69,31.28
-0.4,-1.39,7.99,31.27
-1.47,-0.78,9.96,31.28
1.27,-0.49,11.28,31.24
3.12,1.63,8.79,31.27
5.18,-0.31,7.62,31.22
2.54,-0.92,7.63,31.26
-0.97,-0.32,8.59,31.27
1.82,-0.08,10.34,31.26
4.9,1.12,8.18,31.23
4.4,-1.12,7.61,31.25
2.19,-0.63,7.03,31.22
-0.23,-1.27,7.98,31.29
-0.26,-0.21,10.29,31.19
3.09,0.34,10.18,31.24
5.7,-0.2,7.72,31.24
2.4,-0.31,6.51,31.27
-4.51,-1.15,8.1,31.24
-3.73,-0.62,10.46,31.25
2.39,0.5,10.46,31.26
4.59,-0.14,7.23,31.23
2.69,-0.32,6.21,31.22
-2.6,-0.58,7.86,31.24
-1.23,-0.32,10.76,31.23
3.16,0.71,9.3,31.25
3.05,0.67,7.04,31.23
1.21,-0.91,6.54,31.22
-2.3,0.22,8.1,31.23
1.24,-0.62,10.06,31.23
4.29,0.52,9.56,31.26
4.01,0.8,7.1,31.24
2.58,-1.07,7.43,31.2
-1.25,-1.37,8.94,31.25
0.53,-0.44,10.04,31.25
3.82,0.04,10.88,31.22
3.93,-1.91,8.64,31.25
1.82,-1.2,7.39,31.27
0.72,-0.56,8.51,31.22
1.31,-1.07,10.8,31.24
3.47,1.09,10.63,31.26
4.96,-1.15,8.86,31.27
4.55,-1.79,8.08,31.25
1.26,-1.01,9.12,31.26
1.25,-0.22,11.2,31.24
4.71,-0.4,11.77,31.25
5.42,-0.77,8.94,31.21
1.36,-2.43,7.99,31.24
-1.01,-1.2,9.55,31.24
1.05,-1.32,11.7,31.28
2.1,-0.07,10.99,31.23
3.73,-0.73,8.73,31.29
2.58,-1.94,8.02,31.21
-2.64,-1.39,9.57,31.2
-0.34,-0.48,10.7,31.25
5.81,0.54,10.32,31.29
6.4,-0.67,8.32,31.24
1.58,-1.82,8.35,31.22
0.23,-1.7,10.22,31.2
1.09,0.08,11.28,31.24
3.09,0.57,9.84,31.23
5.36,-0.76,8.49,31.3
-1.37,-1.73,7.91,31.24
-1.62,0.07,9.95,31.24
2.01,-0.3,11.2,31.26
2.39,0.76,9.52,31.25
4.4,-0.64,8.12,31.26
-0.81,-1.74,7.54,31.25
-4.41,-0.9,10.23,31.21
-0.28,-0.32,10.43,31.25
2.31,-0.05,10.87,31.3
1.84,-0.86,8.29,31.25
-3.55,-2.75,8.85,31.24
-2.38,-1.83,11.17,31.24
1.17,-0.44,11.18,31.26
3.39,1.64,8.12,31.23
4.53,-0.12,7.8,31.2
-3.94,-1.78,7.7,31.27
-3.74,-2.38,11.2,31.25
0.54,0.56,10.92,31.27
2.58,0.56,9.57,31.25
4.84,-1.57,8.67,31.25
0.27,-2.15,7.82,31.24
-3.37,-2.22,10.83,31.24
0.76,0.91,10.63,31.2
3.96,-0.38,9.58,31.22
4.98,-0.15,7.02,31.27
-0.22,-1.36,6.65,31.23
-3.0,-1.01,10.58,31.24
1.5,-0.3,10.39,31.25
5.26,0.33,8.65,31.23
5.94,-1.78,6.36,31.22
-0.07,-0.01,5.86,31.25
-1.05,-1.28,10.61,31.24
3.69,0.28,11.06,31.23
5.48,1.13,7.81,31.27
6.0,-0.44,6.14,31.24
-1.02,-0.85,7.52,31.31
-0.91,1.05,9.11,31.24
5.21,0.05,10.26,31.27
5.11,0.6,9.05,31.28
4.12,-0.52,6.07,31.27
-1.2,-0.0,6.41,31.23
-3.52,-0.99,9.84,31.23
3.55,0.46,10.79,31.23
5.83,-0.06,8.64,31.23
2.7,-0.17,6.06,31.23
-2.95,-1.06,8.0,31.23
-1.36,-1.34,11.53,31.24
4.03,-0.67,10.81,31.26
5.33,0.28,7.89,31.24
2.16,-0.4,6.79,31.26
2.39,-0.96,7.52,31.25
-0.25,-1.01,10.9,31.25
4.78,0.57,9.8,31.27
5.34,0.51,10.18,31.27
2.97,-0.37,7.64,31.26
2.02,-1.66,8.06,31.27
-1.54,-1.0,9.69,31.27
1.03,0.22,9.83,31.28
4.86,-1.03,10.47,31.21
4.42,-0.86,8.07,31.26
0.55,0.46,10.91,31.27
4.19,0.02,11.13,31.23
4.6,-0.89,9.65,31.21
-2.45,-2.52,8.9,31.28
-2.31,-2.38,10.11,31.21
-0.09,-1.09,12.31,31.27
3.81,1.05,10.28,31.22
7.28,-0.45,8.57,31.24
-0.33,-2.37,8.14,31.23
-1.9,-2.11,10.22,31.23
2.79,-0.36,10.41,31.22
2.65,1.64,9.04,31.25
4.96,0.46,7.52,31.25
-0.23,-2.08,7.39,31.25
-4.25,-0.99,9.32,31.22
1.5,-0.25,11.63,31.25
2.47,0.13,10.6,31.25
5.33,0.12,6.95,31.23
1.46,-2.0,7.74,31.22
-3.12,-1.58,10.61,31.24
0.16,-0.26,10.62,31.29
0.8,0.12,10.81,31.27
2.3,0.9,9.1,31.3
4.45,0.45,6.83,31.24
-1.26,-1.82,7.93,31.26
-2.06,-1.51,10.07,31.27
2.65,-0.17,11.39,31.27
3.13,0.01,10.08,31.23
4.64,-0.27,6.61,31.27
0.92,-0.57,6.07,31.24
-1.43,-0.27,8.78,31.22
1.3,0.46,10.94,31.22
4.64,2.05,7.98,31.22
4.54,-1.15,6.53,31.23
-1.19,-1.07,6.04,31.23
-2.72,0.14,9.24,31.26
1.09,0.56,10.82,31.27
2.7,0.47,8.8,31.23
2.92,-0.81,6.5,31.24
-1.53,-0.82,8.07,31.26
-3.09,-0.96,10.51,31.24
3.01,0.66,10.24,31.22
5.46,-0.06,9.06,31.23
3.58,-0.75,6.78,31.24
1.41,-0.89,7.78,31.21
-0.85,-1.23,10.97,31.26
2.07,-0.34,11.59,31.25
6.16,-1.1,9.55,31.26
4.55,-0.5,7.39,31.28
2.68,-0.57,7.44,31.26
1.44,-0.16,9.7,31.25
5.01,0.17,10.6,31.22
5.64,-0.06,8.78,31.23
4.32,-1.39,7.65,31.24
1.48,-0.93,8.2,31.25
2.61,-0.07,9.45,31.24
5.82,0.79,10.44,31.26
6.61,-0.42,8.47,31.27
4.49,-0.28,5.98,31.22
0.67,-1.14,8.74,31.24
-1.05,-0.72,10.65,31.27
1.22,0.16,10.82,31.26
5.58,0.12,8.26,31.27
2.28,-1.08,7.32,31.27
-1.91,-0.57,8.33,31.24
1.17,-1.36,10.4,31.24
3.54,0.03,10.98,31.24
5.18,-0.64,9.11,31.21
2.83,-2.11,8.38,31.25
-1.29,-2.93,9.52,31.22
-0.28,-0.92,9.86,31.22
3.47,-1.14,11.96,31.19
5.99,-1.25,10.02,31.25
1.16,-2.35,8.77,31.25
-1.08,-1.81,9.3,31.27
-0.3,0.0,10.21,31.24
1.82,1.47,10.47,31.24
5.05,-0.39,9.66,31.25
2.78,-1.06,8.18,31.28
-0.65,-2.8,10.07,31.25
-0.33,-0.89,10.87,31.28
3.87,0.51,10.96,31.27
6.07,-0.75,9.21,31.2
2.5,-1.94,7.74,31.27
-0.86,-2.19,9.38,31.27
1.26,-0.72,11.02,31.28
2.41,-0.05,10.84,31.26
6.01,0.99,7.36,31.24
1.7,-1.3,7.66,31.28
-1.62,-2.2,10.04,31.27
1.62,-0.33,10.39,31.26
1.39,-0.83,11.07,31.21
3.17,0.38,9.93,31.25
3.44,-1.48,8.52,31.25
-1.73,-2.19,8.26,31.29
-1.96,-1.67,10.14,31.26
2.17,-0.34,10.89,31.22
5.15,0.81,9.0,31.22
1.0,-1.27,10.31,31.29
3.28,-0.65,12.13,31.26
4.33,0.67,8.61,31.24
3.72,-0.41,7.83,31.28
-1.64,-3.24,9.62,31.22
-2.6,-1.25,10.71,31.23
2.79,-1.29,11.24,31.23
3.81,1.05,8.34,31.25
4.2,-1.33,7.86,31.22
-1.19,-2.75,9.45,31.23
-1.66,-1.79,10.82,31.25
2.03,0.87,9.85,31.24
2.07,0.64,9.11,31.29
2.18,-0.27,7.33,31.27
-1.88,-1.57,8.41,31.27
-2.91,-1.1,10.53,31.27
0.09,0.94,10.19,31.2
2.19,-1.15,10.41,31.28
3.23,-1.09,7.39,31.25
-1.35,-1.1,8.1,31.27
-1.4,-1.59,11.49,31.25
2.59,-0.23,11.11,31.27
3.17,-0.19,8.87,31.24
3.73,-0.41,7.31,31.28
-0.4,-1.97,9.12,31.27
-1.07,-0.94,10.92,31.21
4.58,0.67,10.52,31.28
6.93,-0.48,8.92,31.24
4.69,-1.11,6.77,31.26
0.36,-0.32,7.34,31.22
0.02,0.83,9.05,31.26
3.47,-0.21,11.24,31.27
5.2,-1.13,8.9,31.22
5.21,-1.4,6.97,31.22
-0.81,-0.5,7.41,31.25
-1.41,0.09,9.0,31.29
3.59,0.74,10.63,31.26
5.52,0.76,7.07,31.24
4.2,-0.34,5.54,31.24
0.24,-1.09,7.91,31.24
0.34,0.68,9.24,31.2
3.11,-0.19,10.99,31.25
3.84,-0.84,8.68,31.28
3.5,-1.97,7.54,31.23
-0.76,-2.19,9.45,31.27
0.25,-1.1,10.48,31.25
4.66,0.55,10.67,31.24
4.64,-0.34,8.63,31.25
2.38,-1.85,7.81,31.23
-0.45,-1.87,9.25,31.24
-0.21,-0.93,10.81,31.22
2.9,-0.04,10.49,31.26
4.74,-1.24,9.18,31.23
2.28,-1.76,7.81,31.23
-0.05,-1.47,8.95,31.26
1.24,-0.33,10.53,31.21
3.85,-1.04,11.77,31.23
5.7,-0.85,8.38,31.25
1.93,-2.45,8.48,31.27
-3.85,-1.76,10.54,31.22
-1.13,-0.72,10.3,31.26
2.71,-0.98,11.45,31.24
4.34,-1.11,9.39,31.22
1.96,-2.52,8.65,31.22
-1.19,-2.22,10.55,31.27
2.17,-0.18,10.41,31.27
7.1,-1.4,11.94,31.29
6.89,-1.28,9.02,31.23
2.33,-2.02,8.63,31.24
0.54,-1.32,9.99,31.25
0.87,0.08,10.06,31.24
5.23,1.02,9.8,31.21
5.58,-0.47,8.68,31.19
-1.36,-0.73,7.13,31.22
-1.18,-0.74,8.66,31.25
-0.28,-0.36,10.16,31.24
0.12,2.21,8.09,31.23
3.44,-0.6,8.75,31.28
-2.14,-1.97,7.91,31.26
-4.14,-2.01,10.15,31.26
0.63,-0.54,11.29,31.23
2.78,-0.17,10.74,31.23
3.4,-1.95,9.32,31.22
-1.01,-2.04,8.75,31.23
-3.82,-2.05,10.29,31.24
-1.23,-0.14,11.04,31.24
2.36,0.27,10.63,31.24
5.01,-1.13,8.55,31.22
2.29,-2.16,8.17,31.21
-2.11,-1.92,8.56,31.25
-0.44,-0.8,10.46,31.27
2.01,0.4,10.33,31.23
3.7,-0.1,7.86,31.23
0.52,-1.71,8.35,31.24
-4.68,-3.51,10.04,31.23
-2.15,-1.22,11.45,31.22
3.27,0.86,9.94,31.27
6.67,-0.68,8.72,31.23
-0.4,-2.69,8.49,31.27
-0.53,-0.73,7.85,31.26
0.46,-1.5,11.35,31.26
2.84,1.64,9.09,31.21
4.89,1.29,6.93,31.28
3.41,-0.94,6.89,31.27
-3.68,-1.29,8.79,31.27
-1.91,-0.52,11.09,31.27
3.67,0.87,9.7,31.27
2.68,0.46,7.56,31.26
0.56,-0.29,7.38,31.25
-1.22,-1.79,9.52,31.22
-0.93,-0.85,11.09,31.23
2.77,0.9,8.56,31.25
4.62,0.47,7.35,31.23
0.92,-0.54,6.72,31.26
-2.34,-0.05,7.33,31.22
3.04,-1.1,10.96,31.23
4.85,0.92,8.92,31.23
-1.41,-1.17,11.63,31.2
2.15,0.28,11.04,31.25
4.98,-1.01,10.2,31.26
-0.89,-1.39,8.36,31.23
-2.8,-1.69,9.28,31.23
0.56,-0.96,11.31,31.27
3.95,1.23,9.67,31.27
4.76,0.58,8.04,31.29
0.55,-1.44,7.08,31.26
-3.69,-1.48,9.71,31.22
-0.81,-1.07,11.16,31.22
1.2,1.29,9.92,31.29
4.24,-0.51,8.59,31.27
-1.29,-2.15,8.77,31.24
-5.19,-2.4,10.75,31.2
0.45,-1.21,12.93,31.25
2.37,0.82,10.17,31.24
5.51,0.07,7.8,31.28
0.79,-2.43,7.86,31.23
-3.93,-1.69,10.9,31.23
1.45,-1.39,12.07,31.22
3.84,0.96,9.95,31.24
5.16,-0.33,7.13,31.19
0.66,-1.39,6.69,31.28
-2.77,-1.26,9.69,31.24
-0.19,0.86,10.06,31.25
4.75,0.79,9.08,31.23
3.8,-0.34,7.71,31.24
-2.42,-0.75,6.88,31.25
-2.82,-1.45,10.2,31.22
-1.74,-0.5,12.12,31.22
0.66,1.21,9.66,31.27
2.63,-0.45,7.32,31.26
-2.2,-1.81,7.43,31.24
-5.47,-0.88,10.12,31.28
-1.05,-0.97,12.41,31.21
3.18,-0.58,10.56,31.25
3.84,-0.82,7.48,31.23
-0.68,-0.73,6.62,31.23
1.73,0.04,11.11,31.22
5.89,0.74,8.46,31.22
6.11,0.13,6.59,31.19
1.4,-1.28,7.6,31.31
-4.03,-0.51,8.8,31.19
1.21,0.27,10.83,31.2
5.35,-1.03,9.79,31.28
4.15,0.35,5.53,31.28
-0.84,-0.19,6.33,31.22
-2.0,0.66,8.92,31.23
1.87,-0.05,11.17,31.25
5.34,0.05,9.55,31.27
5.91,-1.58,6.45,31.26
1.1,-0.82,7.13,31.21
-0.35,-0.97,9.91,31.23
5.75,-0.14,11.23,31.31
6.17,-0.98,9.06,31.23
2.79,-1.17,6.84,31.24
0.8,-1.54,8.32,31.26
0.14,-0.41,9.09,31.22
3.11,0.96,9.85,31.24
6.69,0.54,8.7,31.28
5.99,-0.51,6.29,31.26
1.32,-1.02,7.29,31.23
0.98,0.21,9.24,31.24
5.39,0.08,10.79,31.24
8.06,0.81,7.82,31.25
5.28,-1.07,6.99,31.26
1.56,-2.25,9.17,31.24
1.84,-0.71,10.32,31.26
3.65,-0.53,10.91,31.23
4.58,-0.41,9.28,31.21
4.5,-1.09,8.39,31.23
3.7,-2.86,8.66,31.29
0.88,-1.98,9.47,31.22
2.13,-0.35,10.95,31.22
4.98,1.08,9.68,31.27
6.45,-0.05,7.77,31.24
3.12,-0.68,6.74,31.27
0.35,-0.98,8.86,31.23
2.66,0.21,10.46,31.22
5.41,0.07,10.82,31.23
5.37,-1.1,8.87,31.25
2.32,-1.63,8.56,31.22
0.4,-1.23,9.32,31.26
-0.03,-0.27,10.18,31.23
2.76,-0.75,10.59,31.27
3.61,-0.53,8.83,31.27
-0.07,-1.98,8.65,31.25
-2.7,-1.9,10.62,31.22
0.79,0.13,11.02,31.27
5.69,0.34,10.51,31.29
6.56,-0.59,8.43,31.24
0.18,-1.77,8.23,31.24
-1.67,-1.43,10.77,31.25
0.26,-0.06,11.01,31.27
3.56,0.3,10.41,31.2
6.13,-0.69,7.84,31.26
0.57,-1.98,7.88,31.27
0.89,-0.86,10.92,31.23
3.28,-0.08,10.65,31.27
5.46,-0.26,8.0,31.25
4.06,-1.55,7.31,31.24
-1.66,-1.75,9.36,31.24
-0.93,0.51,10.38,31.27
3.51,0.51,9.43,31.24
5.85,-0.58,8.1,31.28
2.48,-1.45,6.44,31.23
-2.76,-1.98,10.2,31.24
-0.45,-1.58,11.19,31.3
3.12,0.51,9.52,31.25
2.67,-0.27,8.54,31.23
0.08,-0.74,7.45,31.19
-5.14,-1.38,8.92,31.24
-5.45,-1.77,12.0,31.26
0.27,0.28,11.45,31.23
2.66,0.07,8.31,31.24
-0.03,-1.0,6.79,31.17
-3.72,-2.7,10.3,31.22
0.77,-0.44,10.41,31.2
0.7,1.0,9.26,31.23
3.85,1.09,9.26,31.22
3.48,-0.28,8.27,31.21
-1.37,-1.83,8.43,31.24
-0.86,-0.7,9.67,31.27
0.28,-0.2,11.12,31.22
2.72,1.12,10.1,31.24
5.48,-0.27,8.31,31.27
-1.1,-1.28,7.91,31.23
-3.99,-1.51,9.97,31.27
-0.38,-0.69,11.63,31.26
1.92,0.25,10.88,31.27
3.58,-0.83,8.84,31.24
-1.36,-1.63,8.53,31.25
-2.37,-1.41,10.5,31.22
0.15,-0.17,11.01,31.24
2.75,0.61,9.73,31.25
5.44,-0.19,7.48,31.26
-1.22,-1.23,7.86,31.24
-4.22,-2.13,10.51,31.26
1.44,0.47,10.75,31.28
2.67,0.57,9.92,31.25
3.66,0.06,7.3,31.24
-2.45,-1.32,7.22,31.23
-6.85,-1.36,9.58,31.25
-1.88,-0.37,12.52,31.26
1.35,-0.18,10.0,31.26
2.22,-0.37,6.76,31.23
-2.68,-1.76,8.26,31.2
-2.89,-1.9,11.62,31.22
3.1,-0.66,11.21,31.25
5.67,0.03,8.66,31.26
5.22,-1.02,7.55,31.29
2.02,-2.2,8.93,31.27
0.09,-1.71,10.48,31.23
3.11,-0.27,11.21,31.24
4.8,-0.67,8.93,31.29
5.27,-0.7,6.98,31.25
2.22,-1.24,7.88,31.23
0.04,0.17,9.8,31.24
4.3,-0.9,11.26,31.29
5.96,0.17,8.37,31.22
5.04,-0.35,5.91,31.31
0.17,-1.12,7.75,31.25
-0.93,-0.95,10.24,31.27
4.08,0.12,10.66,31.26
6.92,0.06,8.68,31.21
5.07,-1.34,7.5,31.24
0.75,-1.45,8.33,31.24
0.95,-1.05,10.41,31.22
1.44,-0.32,10.86,31.24
5.81,1.25,9.34,31.24
9.0,0.36,6.53,31.25
2.39,-0.7,7.18,31.22
0.09,-0.11,7.81,31.24
3.69,0.16,11.01,31.27
4.89,0.69,9.21,31.22
0.83,0.26,11.33,31.24
3.69,0.38,9.98,31.22
6.26,-0.55,8.85,31.26
1.14,-2.26,7.95,31.24
-3.88,-1.87,10.07,31.23
0.09,-0.55,11.29,31.24
3.09,0.88,9.57,31.24
4.55,-0.46,7.95,31.27
0.0,-0.69,6.83,31.24
-4.71,-1.61,9.77,31.2
-1.78,0.44,11.49,31.22
1.68,-0.4,11.25,31.27
2.47,0.22,8.07,31.24
-3.06,-1.6,7.33,31.24
-5.81,-2.14,10.13,31.29
-0.09,-0.87,11.0,31.25
3.67,0.47,10.11,31.26
3.65,0.66,7.34,31.27
-0.59,-1.67,7.14,31.24
-2.98,-1.55,10.4,31.27
1.75,-0.76,11.34,31.27
3.44,1.77,8.64,31.25
5.37,-0.72,7.56,31.23
-0.82,-0.42,6.39,31.27
-4.85,-0.24,9.21,31.22
-1.65,-0.15,12.45,31.24
1.99,0.91,9.63,31.24
3.18,-1.14,8.24,31.22
-3.0,-0.91,7.12,31.25
-4.29,-1.36,10.01,31.24
0.3,-1.07,12.07,31.27
3.47,0.84,8.62,31.23
3.9,-0.89,7.48,31.24
0.46,-0.63,7.53,31.27
-2.48,-0.51,9.48,31.24
1.91,0.17,11.51,31.23
4.88,0.16,9.79,31.3
5.96,-0.95,7.32,31.25
2.56,-0.87,7.17,31.27
-2.54,-1.05,9.78,31.27
5.75,-0.05,9.51,31.28
4.85,-1.65,7.54,31.23
1.53,-1.77,7.63,31.23
-0.27,-0.16,9.73,31.22
2.75,0.05,11.02,31.22
6.63,-0.03,9.06,31.21
3.38,-1.92,8.06,31.26
-0.24,-1.24,8.42,31.24
1.7,-0.89,10.57,31.24
2.68,-0.91,12.08,31.26
5.41,-1.06,9.88,31.22
5.11,-2.92,8.72,31.24
-1.08,-1.6,9.33,31.25
1.6,-1.08,10.44,31.29
6.02,-0.99,11.67,31.28
7.74,-1.02,10.35,31.23
4.05,-1.28,7.59,31.26
2.57,-0.86,8.42,31.25
-0.3,-0.18,10.48,31.27
3.17,-0.03,10.76,31.25
6.72,-0.22,8.46,31.22
1.56,-0.77,6.23,31.28
-2.27,-1.66,9.22,31.26
-0.57,-1.05,10.42,31.32
3.81,0.74,10.07,31.22
5.02,-0.58,8.99,31.26
1.16,-1.93,7.69,31.2
-4.02,-2.05,10.31,31.24
-0.48,-1.19,11.64,31.22
3.61,1.13,10.52,31.24
5.69,-0.98,9.12,31.24
1.51,-1.81,8.69,31.26
-1.2,-2.98,10.85,31.25
0.97,-1.04,11.92,31.25
5.27,0.07,10.38,31.24
7.25,-0.53,9.05,31.24
1.92,-1.71,7.95,31.22
-1.55,-1.39,9.73,31.24
1.34,-0.3,10.89,31.23
3.48,-1.97,7.67,31.26
-1.1,-1.26,7.86,31.27
0.67,0.58,9.4,31.24
5.31,1.12,9.85,31.29
5.71,0.49,8.07,31.26
5.48,-1.5,6.45,31.25
0.56,-1.04,7.89,31.29
-0.91,-1.31,10.66,31.24
4.53,-0.42,10.57,31.24
7.07,-0.68,7.93,31.24
4.7,-0.73,6.74,31.23
0.36,-0.75,8.85,31.22
1.18,-0.21,10.1,31.29
6.55,1.8,9.33,31.22
7.26,-0.23,7.72,31.23
4.22,-0.29,7.07,31.23
1.69,-1.2,7.44,31.24
3.1,-1.32,11.28,31.22
2.93,0.11,10.9,31.25
2.6,0.54,10.36,31.26
2.0,1.1,9.99,31.22
3.24,-0.85,9.04,31.25
0.9,-1.22,6.44,31.25
-3.34,-1.82,9.77,31.24
1.43,-1.02,12.05,31.23
2.81,0.6,10.14,31.27
5.09,-2.12,8.86,31.29
1.49,-1.95,7.59,31.25
-3.4,-0.74,8.71,31.27
0.26,0.11,11.15,31.25
1.73,0.83,10.1,31.26
4.83,-0.04,6.73,31.23
3.41,-0.52,7.42,31.22
-4.53,-1.56,9.07,31.28
0.1,-0.24,11.65,31.24
5.16,-0.93,10.92,31.24
5.27,0.2,6.37,31.24
3.44,-0.54,7.05,31.24
-2.86,-0.93,9.07,31.27
-0.58,1.3,9.39,31.29
7.89,-0.58,9.87,31.22
6.06,0.17,7.07,31.2
3.33,-0.36,5.66,31.29
0.06,-0.46,8.49,31.25
-0.62,-0.11,10.47,31.22
4.29,0.92,8.83,31.27
3.75,-0.44,8.19,31.27
0.61,-1.73,8.03,31.24
-2.61,0.0,8.42,31.29
-0.49,-0.18,10.65,31.24
3.99,0.94,9.74,31.24
4.61,-0.4,6.62,31.23
-0.61,-0.43,6.79,31.24
-3.68,-1.01,9.47,31.24
-0.8,-0.34,11.71,31.24
4.47,-1.22,10.69,31.26
4.75,-0.59,7.48,31.23
1.29,-0.71,7.39,31.24
4.75,0.84,10.74,31.31
5.68,0.12,10.54,31.26
6.2,-0.01,7.56,31.25
3.41,-1.54,8.03,31.28
-1.13,-0.97,9.16,31.22
2.52,0.13,10.23,31.27
4.93,0.3,9.91,31.26
6.44,0.34,7.54,31.23
3.48,-1.37,6.81,31.21
-0.77,-1.0,8.79,31.26
2.07,-0.66,10.91,31.26
6.78,0.87,8.75,31.29
5.39,-0.67,7.03,31.28
1.42,-1.45,7.81,31.25
0.55,-1.07,9.27,31.26
3.08,0.74,9.93,31.26
6.44,0.23,9.5,31.29
5.16,-1.08,7.53,31.22
0.76,-1.67,8.36,31.29
-1.63,-1.01,9.53,31.22
2.05,-0.42,11.06,31.29
5.79,-0.02,9.9,31.23
4.7,-1.12,8.09,31.23
0.13,-1.28,7.91,31.26
-1.81,-1.01,9.08,31.23
2.66,-0.01,10.35,31.27
6.93,0.23,9.25,31.27
5.17,-0.5,7.93,31.26
-1.72,-2.12,8.5,31.26
-2.55,-0.95,10.3,31.27
3.51,-0.69,11.2,31.25
6.04,-0.47,10.58,31.28
3.53,-2.21,9.15,31.25
0.67,-1.02,8.23,31.26
3.0,-2.98,11.34,31.26
3.45,-0.52,10.79,31.22
7.28,0.58,9.05,31.26
7.47,-0.26,7.58,31.24
-1.18,-1.09,7.88,31.22
0.61,-0.5,9.57,31.27
-0.96,-2.41,10.47,31.24
-1.56,-0.17,8.87,31.23
3.52,0.28,10.39,31.25
4.35,1.48,8.39,31.29
3.17,-0.51,7.32,31.28
-1.27,-1.54,7.63,31.24
-2.69,-0.92,9.7,31.22
0.32,-0.31,10.52,31.2
2.8,-0.12,9.51,31.22
1.45,-1.37,8.0,31.21
-3.02,-1.12,7.44,31.27
-3.9,-2.64,10.93,31.23
0.14,-0.43,11.45,31.21
5.77,-0.92,9.68,31.27
5.1,-1.16,7.33,31.23
-0.14,-1.19,8.42,31.25
-1.05,-1.7,10.79,31.26
1.3,-0.13,10.98,31.25
6.79,-1.74,10.38,31.22
4.12,-1.26,6.77,31.24
3.03,-0.19,6.76,31.24
0.41,-1.62,8.99,31.28
3.0,1.3,9.04,31.27
7.25,1.53,8.87,31.27
4.89,1.74,7.17,31.25
0.96,-0.34,6.32,31.27
-0.5,0.01,7.89,31.27
-0.82,-0.17,11.09,31.29
2.4,1.3,9.95,31.21
4.87,-1.02,7.86,31.28
0.18,-1.59,7.19,31.24
-2.46,-2.14,9.31,31.24
0.21,-1.44,11.62,31.22
4.22,-0.44,10.52,31.27
4.02,-1.96,9.09,31.24
3.4,-2.31,8.57,31.28
2.66,-1.24,9.05,31.24
2.87,-1.16,11.59,31.26
6.43,0.3,10.17,31.3
6.85,-0.68,8.31,31.26
2.88,-1.54,8.1,31.28
1.5,-1.17,9.35,31.24
5.28,-1.09,11.54,31.28
7.95,1.62,9.21,31.24
7.81,-0.51,8.15,31.25
3.98,-1.57,7.74,31.22
0.2,-1.04,9.61,31.24
3.51,-0.79,10.3,31.27
5.56,0.2,9.68,31.25
4.1,-0.24,7.55,31.26
1.57,-1.63,7.57,31.23
0.07,-1.26,9.58,31.3
1.62,-0.1,10.84,31.31
4.81,1.16,10.16,31.28
4.08,-1.13,8.55,31.28
-0.1,-1.62,8.97,31.27
-1.12,-1.41,10.95,31.22
1.64,0.73,10.47,31.24
6.78,-0.41,8.96,31.26
2.71,-0.94,7.81,31.25
-0.67,-1.64,9.09,31.27
-2.54,0.32,10.55,31.27
1.75,0.39,11.02,31.25
5.63,-0.55,9.3,31.25
1.08,-0.03,6.86,31.28
0.68,-1.8,9.4,31.26
-0.99,-1.05,10.25,31.25
1.15,0.21,10.84,31.24
4.49,-1.66,10.76,31.25
0.95,-2.28,8.83,31.29
-3.08,-2.35,8.62,31.23
-0.96,-0.85,10.81,31.24
3.04,-0.39,11.28,31.24
6.65,0.15,8.79,31.27
4.07,-1.23,6.91,31.24
-4.2,-1.72,9.69,31.27
-1.27,-0.41,11.14,31.26
3.42,0.11,10.14,31.24
4.84,0.1,8.15,31.28
0.17,-2.66,8.51,31.27
-3.83,-2.55,10.22,31.25
-0.05,-1.44,12.2,31.27
2.43,0.94,10.24,31.26
4.58,0.17,8.0,31.27
1.6,-2.39,8.48,31.26
-0.51,-1.87,10.2,31.24
2.51,-0.77,10.7,31.27
4.5,0.74,9.88,31.23
5.46,0.35,7.78,31.21
1.58,-1.6,7.68,31.25
-1.91,-1.85,9.95,31.22
2.04,-0.01,10.68,31.27
5.13,0.49,9.89,31.25
4.82,0.79,7.04,31.25
2.69,-0.76,6.7,31.24
-2.52,-1.7,9.89,31.27
0.43,-0.8,11.5,31.25
2.99,0.02,10.51,31.26
6.27,1.02,7.66,31.28
3.84,-1.6,6.64,31.24
-2.32,-1.12,9.75,31.26
0.42,-1.25,10.63,31.23
3.62,1.12,9.17,31.28
3.13,-0.64,8.0,31.3
-2.03,-0.14,6.7,31.27
-5.2,-2.54,10.06,31.24
-0.84,-0.16,11.71,31.26
3.74,0.19,9.52,31.28
4.51,1.49,6.37,31.23
0.19,-0.35,6.24,31.26
-4.39,-1.51,9.67,31.28
-0.51,-0.27,11.47,31.24
2.06,0.77,9.77,31.22
4.3,-0.01,7.59,31.23
1.17,-0.99,7.01,31.26
-1.6,-2.09,7.48,31.24
0.41,-0.15,10.5,31.27
0.05,0.62,10.48,31.26
3.04,1.16,8.29,31.27
3.17,-0.73,7.34,31.29
-2.42,-1.59,8.16,31.29
-1.14,-0.74,10.24,31.27
2.5,0.47,10.94,31.22
3.69,0.47,7.34,31.27
2.06,-0.63,6.67,31.26
-3.26,-2.36,8.54,31.27
-2.28,-1.97,10.68,31.27
0.91,-0.78,11.43,31.27
5.68,-0.89,9.35,31.24
5.43,-0.81,6.52,31.29
-1.48,-1.99,8.54,31.25
-0.38,-1.76,11.34,31.23
4.74,-0.23,10.59,31.24
6.67,1.34,7.2,31.24
4.44,-1.27,7.15,31.23
-0.71,-0.7,7.49,31.21
-2.72,-0.59,9.79,31.27
2.69,-0.04,11.43,31.21
6.55,0.48,7.47,31.24
4.75,0.68,5.93,31.25
-1.3,-0.67,7.99,31.23
-0.21,1.16,9.0,31.28
6.87,0.7,8.95,31.2
6.09,1.01,7.41,31.2
4.59,-2.49,7.12,31.22
1.54,-1.56,8.46,31.28
2.0,-1.29,11.2,31.27
6.59,0.27,10.27,31.28
8.34,-0.47,8.29,31.23
4.86,-1.6,7.29,31.25
1.05,-1.44,8.67,31.25
1.59,-0.83,9.96,31.25
5.78,1.76,9.05,31.27
5.42,-0.19,8.99,31.2
4.22,-1.96,7.3,31.22
2.84,-1.51,8.54,31.25
5.46,-0.6,11.51,31.24
9.5,0.58,9.18,31.23
7.63,-0.18,6.7,31.26
1.35,-1.41,7.19,31.29
1.59,-0.84,9.89,31.26
3.5,0.62,10.26,31.22
4.92,0.43,9.43,31.28
3.78,-1.09,7.26,31.27
-0.3,-1.51,7.94,31.26
-1.53,-0.32,9.9,31.27
1.29,0.13,10.85,31.25
3.13,-0.1,10.01,31.26
1.01,-1.28,8.18,31.26
-3.13,-1.94,8.69,31.26
-1.85,-0.41,10.52,31.27
2.27,0.93,9.56,31.27
6.17,0.63,8.89,31.26
3.05,-1.52,8.44,31.29
-2.23,-1.56,8.58,31.23
-1.72,-1.35,11.48,31.27
1.76,-0.01,8.12,31.24
-1.39,-1.38,7.31,31.23
-6.01,-0.96,9.1,31.22
-2.31,-0.89,11.49,31.25
0.98,0.83,9.2,31.26
1.5,0.17,8.16,31.27
-0.73,-1.02,7.54,31.23
-5.34,-0.69,8.83,31.26
-1.6,-0.67,10.64,31.25
3.0,0.9,9.65,31.22
2.41,-0.37,8.28,31.25
0.83,-0.68,6.79,31.24
-3.48,-1.6,8.88,31.27
-1.32,-0.33,11.09,31.29
3.3,0.23,9.48,31.23
4.29,-0.3,7.77,31.25
1.08,-1.53,7.16,31.28
-3.81,-1.05,9.12,31.29
-0.55,0.17,10.58,31.23
3.67,0.55,9.63,31.21
4.9,0.52,8.53,31.28
3.31,-0.9,7.5,31.23
-1.72,-1.29,8.42,31.27
-0.33,-1.04,10.34,31.19
2.55,1.21,9.56,31.25
4.27,0.98,7.99,31.23
2.07,-1.12,7.49,31.21
-4.58,-1.23,8.42,31.23
-1.9,-1.0,11.06,31.24
2.0,1.7,9.54,31.22
2.02,1.01,8.02,31.24
1.16,-1.26,7.06,31.23
-5.32,-1.15,9.12,31.26
-4.94,-1.21,11.07,31.25
0.4,1.36,10.13,31.22
3.22,-0.35,8.26,31.25
0.41,-0.85,6.71,31.22
-2.85,-2.26,7.55,31.27
-1.88,-1.13,11.92,31.22
4.58,0.45,9.9,31.24
4.07,-0.19,9.29,31.25
3.28,0.03,6.39,31.26
-2.03,-1.48,8.47,31.25
-5.36,-0.93,10.22,31.23
0.51,0.25,11.17,31.21
4.77,0.01,9.62,31.23
2.75,0.64,6.8,31.23
-1.14,-0.51,6.43,31.23
-2.46,-0.76,9.59,31.24
1.17,-0.63,11.02,31.24
6.61,0.8,8.95,31.24
6.2,-0.42,6.17,31.22
-0.13,-0.07,5.69,31.23
-0.98,-0.87,8.82,31.23
5.25,-0.46,11.45,31.26
8.94,0.56,8.15,31.26
6.05,-0.66,6.33,31.28
1.03,-0.79,7.47,31.24
-0.78,-0.77,9.15,31.25
5.2,-0.01,10.28,31.24
8.22,0.57,8.1,31.28
6.81,0.3,5.13,31.31
2.83,0.18,5.93,31.25
-0.36,-0.06,8.26,31.23
2.29,0.13,10.39,31.21
5.43,0.17,8.63,31.22
3.49,-0.8,6.94,31.24
-2.09,-1.13,6.92,31.26
-2.52,-1.05,9.49,31.26
1.75,-0.62,11.59,31.24
3.49,-1.19,9.73,31.25
2.26,-1.3,7.46,31.21
-1.32,-1.81,8.12,31.24
-0.56,-1.56,11.49,31.25
3.69,-0.63,11.99,31.24
6.69,0.3,8.8,31.27
3.62,-1.21,7.76,31.27
-1.01,-1.3,8.77,31.25
-0.81,-1.65,10.15,31.25
-3.15,-1.21,10.9,31.24
3.4,0.35,9.63,31.2
2.35,0.22,8.63,31.26
0.91,-0.4,7.08,31.19
-3.52,-0.53,7.49,31.21
-2.44,-0.99,10.44,31.26
0.54,1.41,9.8,31.24
4.5,0.87,7.31,31.2
1.61,-0.44,6.53,31.21
-6.7,-0.52,7.94,31.21
-5.36,-1.19,11.56,31.18
-0.37,-0.06,11.74,31.21
1.16,0.71,7.13,31.23
-0.36,-0.71,6.8,31.2
-4.31,-1.79,9.01,31.2
-1.25,-1.01,10.8,31.22
1.62,-0.45,9.74,31.21
3.71,0.12,8.98,31.23
3.02,-1.53,7.5,31.24
-2.55,-0.87,7.8,31.22
-0.27,0.4,10.38,31.23
3.88,-1.05,11.17,31.22
3.28,-0.32,7.63,31.24
2.69,-1.24,7.35,31.27
-1.1,-1.95,9.03,31.25
-0.21,-0.66,11.44,31.28
5.73,-0.91,10.97,31.25
6.31,0.81,6.61,31.26
3.26,-1.57,7.91,31.23
-0.69,-1.81,10.13,31.25
1.52,-1.39,11.19,31.24
5.29,-0.84,10.87,31.24
6.73,0.15,7.39,31.24
4.17,-2.02,8.58,31.26
-0.44,-1.51,9.86,31.23
2.8,0.29,9.21,31.26
3.76,0.94,10.1,31.21
3.18,-1.5,9.22,31.24
0.56,-2.08,8.58,31.26
-2.26,-1.42,10.07,31.26
2.61,-1.11,11.72,31.23
7.01,-0.13,8.98,31.2
6.43,-0.78,7.55,31.24
2.24,-2.26,8.09,31.19
2.14,-0.18,8.54,31.23
3.62,0.43,11.03,31.19
7.61,0.79,9.31,31.21
7.75,-0.08,7.0,31.24
0.78,-2.31,8.89,31.21
-0.82,-0.02,9.01,31.26
2.08,-0.69,11.88,31.23
3.43,0.06,10.07,31.24
2.65,-1.38,7.99,31.23
0.77,-1.16,8.74,31.25
0.04,-1.01,10.58,31.21
2.76,0.86,10.13,31.26
6.56,1.55,8.69,31.24
3.55,-0.04,8.01,31.22
1.34,-1.25,8.57,31.21
-0.05,-1.25,8.89,31.26
2.17,0.29,9.9,31.26
4.84,0.82,10.54,31.25
6.98,0.11,8.26,31.24
5.11,-1.29,7.47,31.23
-0.91,-1.08,9.3,31.29
-0.86,0.69,10.38,31.26
2.03,-0.21,11.72,31.26
3.61,-2.0,9.61,31.27
0.89,-2.15,8.34,31.28
0.85,-0.27,10.73,31.29
2.51,-0.97,11.59,31.22
3.34,-0.07,10.78,31.19
6.64,-1.15,9.13,31.23
2.25,-2.36,8.7,31.24
-2.39,-1.83,10.07,31.26
1.23,-0.9,10.97,31.25
4.59,-0.6,11.64,31.24
0.74,0.11,10.44,31.25
3.41,0.17,9.29,31.24
2.71,-2.76,9.23,31.29
-2.06,-1.74,9.98,31.24
0.31,-0.59,10.27,31.26
2.87,0.41,10.14,31.23
4.72,-1.28,9.13,31.26
3.09,-1.43,6.47,31.26
-0.8,-1.43,8.84,31.27
0.77,-0.32,10.65,31.24
6.41,1.54,9.07,31.27
7.69,0.09,7.04,31.25
2.44,0.77,4.6,31.24
-3.3,-0.14,7.46,31.26
-2.09,-0.7,11.68,31.24
2.49,0.39,9.33,31.21
3.95,0.5,6.56,31.29
0.59,-1.11,6.12,31.3
-4.19,-0.96,8.26,31.23
-0.83,-1.4,10.94,31.25
4.06,0.92,8.9,31.24
2.38,0.46,6.44,31.24
-1.66,-0.37,6.56,31.24
-5.18,-1.75,8.93,31.22
0.7,-0.79,10.59,31.2
6.85,1.19,9.11,31.26
5.16,-1.39,7.79,31.26
1.76,-2.47,7.91,31.24
-1.22,-2.26,9.8,31.27
2.61,-1.83,11.45,31.24
5.13,0.49,10.08,31.23
6.07,0.17,7.29,31.27
4.16,-1.51,7.59,31.25
-0.49,-0.59,8.37,31.28
1.71,0.61,10.72,31.27
5.33,0.68,9.64,31.24
3.61,0.01,7.76,31.24
1.93,-2.56,8.74,31.24
-0.05,-0.98,9.42,31.28
2.12,0.27,10.46,31.25
-0.88,-1.02,8.82,31.24
1.28,-1.19,10.34,31.27
1.88,0.65,10.51,31.25
5.63,1.4,9.16,31.23
3.28,-0.7,7.58,31.23
-2.56,-0.82,7.75,31.26
-0.42,-1.06,10.02,31.27
2.8,-0.92,11.48,31.23
3.41,0.54,9.25,31.23
3.18,-0.47,7.41,31.26
1.44,-2.29,9.47,31.23
-1.21,-1.42,11.3,31.21
2.45,0.21,9.74,31.25
5.89,-0.57,9.89,31.24
2.95,-2.21,8.66,31.27
0.61,-1.41,7.95,31.26
-0.57,-2.33,10.67,31.27
-0.12,1.88,9.49,31.27
5.34,0.56,9.13,31.27
5.96,-0.79,7.78,31.27
4.0,-0.72,6.36,31.23
1.06,-1.0,7.21,31.29
-1.05,-0.65,10.76,31.22
2.57,0.37,10.55,31.27
6.4,0.46,8.9,31.23
4.46,-1.44,7.67,31.26
-0.74,-0.66,7.65,31.24
1.12,-0.43,9.41,31.25
4.92,0.4,10.25,31.25
5.19,0.77,8.87,31.22
4.74,-1.31,6.66,31.27
-0.29,-1.5,8.11,31.27
0.04,-1.25,10.46,31.24
5.31,-0.4,10.7,31.26
6.26,-0.46,8.63,31.22
4.18,-1.77,6.92,31.28
3.36,-1.64,7.39,31.25
0.61,-0.47,8.76,31.22
5.09,-0.66,11.54,31.24
6.79,0.38,10.24,31.25
7.24,-0.42,7.31,31.24
5.49,-1.13,7.04,31.25
0.91,-0.2,8.2,31.27
0.48,1.03,10.32,31.34
5.91,0.7,9.96,31.19
4.58,-0.91,8.44,31.26
0.09,-1.81,7.91,31.19
0.6,-0.65,9.2,31.22
3.87,-0.72,11.23,31.27
6.12,1.31,8.93,31.22
5.69,-0.74,8.22,31.27
0.71,-1.38,7.54,31.23
-2.56,-0.44,9.41,31.23
1.45,-0.27,10.98,31.26
4.95,0.39,9.69,31.23
3.31,0.39,7.86,31.22
0.89,-2.35,8.55,31.24
-2.64,-0.68,10.32,31.23
1.86,0.68,9.51,31.21
4.75,0.92,9.52,31.2
4.42,-0.13,7.98,31.26
0.17,-1.11,8.24,31.23
0.23,-0.57,9.8,31.25
2.3,0.59,10.02,31.27
4.35,2.03,8.72,31.22
3.65,0.03,7.26,31.27
-3.58,-0.54,7.68,31.23
-2.46,-1.11,9.87,31.22
0.12,-0.25,12.08,31.24
1.0,2.14,8.65,31.23
3.01,-0.44,7.13,31.21
-5.45,-0.77,8.66,31.25
-5.11,-0.25,9.7,31.26
2.2,0.23,11.61,31.28
4.1,0.45,10.02,31.26
3.01,0.81,7.26,31.21
-1.57,-1.95,8.89,31.25
-4.0,-2.16,10.82,31.27
1.84,-0.61,11.35,31.28
4.67,-0.36,10.56,31.27
4.97,0.35,7.96,31.27
1.6,-1.96,7.64,31.18
-3.0,-0.71,9.26,31.26
0.6,-0.16,10.52,31.29
5.68,-0.34,11.15,31.27
4.19,-0.26,8.84,31.27
0.5,-1.22,7.48,31.26
-1.02,-0.25,10.08,31.25
0.12,-0.17,11.39,31.27
3.99,0.03,10.19,31.27
3.96,-0.81,8.01,31.23
-2.44,-0.69,7.36,31.19
-1.13,-0.96,9.98,31.22
1.73,-0.31,11.57,31.22
5.14,0.96,9.2,31.2
6.39,-1.31,8.06,31.24
-1.02,-2.37,7.81,31.24
-4.83,-1.53,9.98,31.27
-0.11,0.57,11.08,31.24
2.99,0.63,10.0,31.21
3.09,-0.23,7.57,31.26
-2.09,-2.41,9.09,31.24
-2.61,-1.21,10.36,31.23
-0.83,-0.32,11.92,31.24
2.68,0.25,11.2,31.21
5.64,-1.44,8.83,31.26
-0.63,-2.89,9.01,31.24
-2.47,-1.48,10.6,31.25
1.62,-0.24,10.7,31.23
2.7,0.35,8.68,31.24
3.97,-0.2,8.2,31.24
-1.3,-2.97,9.29,31.26
-3.55,-1.21,11.01,31.21
2.15,-2.17,11.87,31.26
3.11,0.45,10.26,31.18
5.94,-1.67,7.58,31.21
0.34,-1.81,9.41,31.24
-0.82,0.67,10.08,31.2
3.18,-0.05,9.62,31.29
3.16,-1.87,7.9,31.29
-1.41,-0.73,7.67,31.27
-2.06,-0.89,10.41,31.22
1.44,-0.74,11.55,31.25
4.79,-0.05,10.34,31.22
4.87,-1.41,7.63,31.24
2.26,-0.97,7.92,31.24
0.94,-1.11,10.18,31.23
2.87,-0.15,10.64,31.28
7.7,0.07,10.63,31.24
5.95,-2.77,8.39,31.21
1.92,-0.72,6.24,31.26
1.23,-1.15,9.01,31.29
-0.41,-0.62,10.46,31.22
3.79,0.75,9.73,31.23
3.72,-0.91,7.17,31.24
-1.8,-1.88,8.58,31.23
-1.47,-0.08,9.36,31.27
-0.21,-1.9,11.49,31.24
3.91,0.86,10.71,31.24
7.62,-1.94,10.06,31.27
2.69,-1.56,7.27,31.23
-0.25,-0.54,8.32,31.23
1.26,-1.98,11.46,31.24
4.18,0.08,11.11,31.24
6.99,-0.67,8.97,31.27
3.63,-1.2,7.18,31.25
-0.61,-2.51,9.54,31.27
0.89,-0.85,10.47,31.22
5.92,-1.63,11.85,31.28
7.85,-1.45,9.01,31.24
1.37,-1.54,7.5,31.28
-0.83,-1.44,9.79,31.19
2.56,-0.98,10.19,31.22
6.82,-0.76,10.77,31.24
7.65,-0.8,9.15,31.24
2.87,-1.47,8.66,31.22
0.64,-2.3,10.02,31.23
0.35,-0.82,10.61,31.24
4.25,0.71,9.9,31.24
8.05,-1.5,10.04,31.26
0.92,-2.31,8.94,31.22
-1.72,-2.6,10.72,31.24
2.75,-1.61,11.57,31.26
4.89,-0.21,10.23,31.2
5.74,-0.68,8.92,31.22
2.95,-1.14,7.87,31.24
1.68,-2.21,9.24,31.24
2.63,0.14,10.15,31.2
5.08,0.15,10.01,31.2
5.21,-0.66,7.65,31.22
2.04,-2.41,8.43,31.24
-1.3,-2.11,10.14,31.28
1.97,0.95,9.35,31.22
5.22,-0.99,10.43,31.27
4.92,-0.12,6.9,31.25
0.33,-1.72,6.82,31.29
5.73,-1.5,6.66,31.27
-1.66,-0.91,6.11,31.29
-3.39,-2.71,10.64,31.23
0.27,-0.24,10.76,31.22
2.47,-0.02,9.11,31.22
3.56,0.07,7.39,31.25
-1.27,-1.41,7.28,31.21
-3.01,-2.66,10.61,31.22
0.72,-0.11,11.37,31.22
4.69,0.71,8.27,31.24
3.0,0.49,7.24,31.23
-1.8,-1.67,8.4,31.28
-2.44,-1.64,11.07,31.22
1.01,-0.63,12.23,31.22
1.34,0.01,9.8,31.23
2.73,-1.05,7.57,31.22
-0.01,-0.6,7.6,31.25
-1.26,-0.87,10.09,31.24
-0.01,0.4,10.56,31.29
4.36,-1.12,7.65,31.23
-3.39,-0.6,6.91,31.22
-3.13,-1.17,9.34,31.23
2.21,-1.11,11.53,31.26
3.28,-0.07,8.36,31.24
4.56,-0.34,6.33,31.25
1.11,-1.58,7.9,31.28
-3.99,-1.01,9.7,31.23
1.87,-0.16,10.42,31.24
5.75,0.08,8.57,31.21
2.82,-0.17,7.21,31.24
-0.06,-1.43,8.37,31.21
-1.43,-1.32,10.34,31.2
1.32,-0.87,10.7,31.28
5.2,-0.05,9.17,31.23
5.02,-1.77,7.83,31.22
1.37,-1.38,8.04,31.27
-0.89,-1.69,10.44,31.25
2.74,-0.65,10.68,31.23
6.14,0.16,8.5,31.25
0.51,-0.12,10.38,31.28
1.74,0.7,8.67,31.27
0.53,-1.11,7.76,31.26
-3.54,-2.66,8.73,31.23
-4.56,-1.13,11.08,31.27
3.42,0.08,9.9,31.21
3.87,0.32,9.4,31.22
0.9,-1.11,7.07,31.25
-3.81,-1.03,7.6,31.25
-3.38,-2.38,12.43,31.22
0.36,0.88,10.45,31.27
3.22,1.48,7.78,31.25
2.38,-0.04,7.9,31.27
-2.69,-0.85,8.24,31.24
-4.47,-2.06,10.48,31.25
-1.57,-0.1,11.04,31.24
1.62,0.49,10.17,31.27
3.29,-0.07,8.27,31.24
-2.48,-0.89,8.04,31.23
-1.83,-0.8,12.15,31.24
1.11,-0.27,11.6,31.27
4.8,0.29,9.18,31.22
3.32,-1.39,7.67,31.31
-3.18,-2.2,9.49,31.25
-1.43,-1.73,11.26,31.27
2.11,0.32,10.67,31.23
4.07,0.15,9.42,31.24
4.15,-1.23,7.66,31.22
-1.26,-1.99,8.59,31.25
-0.38,-1.23,10.9,31.23
3.3,0.08,10.66,31.25
3.93,-0.11,8.25,31.26
5.91,-0.49,6.93,31.26
-0.57,-0.5,7.14,31.22
-0.5,-0.03,9.97,31.25
3.02,-0.71,11.31,31.25
3.83,0.34,7.91,31.29
3.84,-1.15,7.09,31.23
-0.89,-0.73,7.26,31.23
-1.25,-0.11,10.03,31.24
1.07,0.53,10.26,31.24
2.73,1.3,7.56,31.24
2.52,-0.37,7.19,31.29
-3.07,-1.4,8.23,31.22
-3.13,-0.71,10.19,31.25
2.52,-0.42,10.52,31.27
3.73,0.8,7.85,31.24
4.36,-1.39,7.68,31.27
-0.4,-1.79,9.52,31.22
-3.23,0.01,11.12,31.25
2.44,-0.57,10.41,31.22
4.14,-0.6,9.08,31.24
5.55,-1.89,7.49,31.26
0.81,-1.23,9.39,31.33
-1.22,-1.63,11.79,31.23
2.91,-0.63,10.93,31.27
5.93,-1.13,9.19,31.2
5.51,-2.26,7.93,31.21
3.66,-0.39,11.93,31.22
4.15,0.57,9.78,31.22
2.39,-1.64,8.71,31.21
0.48,-2.77,9.08,31.27
0.59,-0.73,9.78,31.22
4.37,-0.28,11.38,31.26
7.43,0.67,10.16,31.3
4.11,-0.62,8.02,31.28
1.2,-1.34,7.69,31.24
-0.26,-0.27,9.86,31.24
1.2,0.59,11.15,31.22
2.88,1.08,9.96,31.18
1.75,0.03,7.54,31.24
-1.93,-1.11,9.05,31.27
-1.37,-0.89,10.82,31.26
3.1,0.57,10.67,31.25
4.45,-0.04,9.41,31.23
1.45,-1.4,7.28,31.26
-2.82,-1.94,9.74,31.25
0.16,-2.11,11.48,31.25
2.1,-0.1,6.54,31.22
-1.8,-0.78,8.76,31.24
1.4,0.13,10.67,31.19
4.19,0.47,10.12,31.28
3.83,0.52,7.31,31.24
0.88,-1.4,7.32,31.26
-1.12,-1.53,9.7,31.26
3.19,0.14,10.36,31.22
5.14,1.02,9.12,31.26
4.46,-0.77,7.82,31.22
0.37,-2.08,6.97,31.27
-2.22,-0.58,7.28,31.27
3.27,0.68,9.9,31.27
5.3,-0.62,10.12,31.24
3.5,-0.07,7.12,31.25
2.33,-1.92,6.68,31.26
-1.45,-1.05,9.16,31.25
1.49,1.06,8.83,31.28
7.4,-0.34,9.45,31.22
5.98,-0.04,7.01,31.28
2.08,-0.94,8.03,31.21
3.18,-2.03,9.97,31.24
4.04,-0.32,10.11,31.25
5.88,0.88,9.25,31.24
6.83,-1.35,8.48,31.25
1.83,-1.44,7.74,31.22
1.68,-1.27,9.71,31.24
6.61,-1.46,11.79,31.27
9.75,0.98,9.65,31.19
6.36,0.56,7.08,31.21
2.46,-0.59,7.07,31.22
1.65,-0.58,10.07,31.24
4.99,0.23,10.58,31.29
4.68,0.64,9.59,31.24
3.47,1.0,7.87,31.28
-0.05,-1.09,8.1,31.24
-1.63,-1.72,8.72,31.29
-1.43,-0.27,10.1,31.28
1.25,-0.55,11.24,31.25
0.98,0.24,10.35,31.26
1.9,0.16,10.75,31.23
3.29,0.13,8.07,31.26
2.13,-0.53,6.78,31.24
-3.83,-1.92,8.84,31.24
-2.64,-0.86,10.81,31.25
4.03,0.24,10.44,31.25
3.58,0.01,8.67,31.27
2.41,0.29,6.76,31.26
-1.88,-1.4,8.48,31.28
-1.8,-1.14,10.64,31.24
3.48,0.69,9.69,31.26
4.01,0.83,8.18,31.25
1.58,-0.25,6.7,31.26
-3.05,-0.4,7.69,31.27
1.54,-0.9,10.88,31.24
0.59,0.38,10.57,31.26
1.87,0.22,7.96,31.24
0.64,-1.1,6.79,31.23
-3.87,-1.07,7.55,31.28
0.91,-2.12,10.64,31.24
1.76,-0.91,11.52,31.23
5.48,0.33,10.24,31.24
6.15,0.28,8.42,31.2
1.59,-1.25,7.32,31.26
-0.24,-0.39,8.57,31.23
0.72,-1.07,11.2,31.24
3.3,1.53,9.5,31.25
6.14,1.03,7.02,31.25
-0.44,-0.56,6.82,31.25
-4.74,-0.65,8.91,31.25
0.52,0.05,10.46,31.29
0.34,1.09,9.34,31.29
1.72,1.02,7.09,31.23
-0.15,-2.39,8.16,31.23
-5.15,-1.36,8.94,31.29
-1.75,0.27,9.68,31.26
0.31,0.38,10.53,31.26
1.68,0.69,7.36,31.28
-0.91,-2.19,8.16,31.21
3.14,-0.01,8.02,31.23
2.91,-0.38,9.71,31.28
2.22,1.04,10.12,31.23
7.61,1.17,8.73,31.25
5.98,-2.1,7.3,31.27
-1.44,-0.44,7.43,31.27
-1.85,-0.69,9.5,31.24
1.54,-1.03,11.16,31.19
4.49,-0.01,9.4,31.28
3.42,-0.84,7.55,31.22
0.69,-1.71,8.12,31.29
-0.59,-0.59,10.33,31.31
3.98,-1.58,11.08,31.24
5.5,-0.07,9.22,31.24
1.68,-1.49,7.31,31.22
-1.36,-1.41,8.53,31.24
-0.58,-0.93,10.03,31.22
1.7,0.21,11.11,31.21
6.08,-0.45,9.55,31.24
3.88,-0.93,7.9,31.31
0.16,-2.01,8.56,31.28
1.02,-1.3,9.86,31.27
4.31,0.54,10.44,31.28
6.85,-1.42,9.97,31.28
2.98,-1.66,8.88,31.25
-0.06,-1.81,8.07,31.26
0.26,-0.16,10.71,31.26
2.29,0.11,10.44,31.26
6.31,-0.81,9.29,31.29
4.64,-0.91,7.84,31.26
-0.25,-2.41,9.95,31.29
0.77,-1.05,11.11,31.31
3.89,0.3,9.64,31.25
4.93,0.93,7.87,31.26
2.56,-0.92,7.12,31.22
-1.53,-1.94,8.93,31.27
0.44,-0.79,11.1,31.25
2.89,0.07,10.25,31.26
4.39,0.91,7.9,31.27
-1.31,-1.56,7.25,31.22
-4.16,-1.7,11.38,31.27
0.85,-0.11,11.02,31.25
0.65,0.62,9.7,31.24
0.85,-0.03,6.65,31.26
1.56,-1.65,7.96,31.24
-4.79,-1.81,9.46,31.24
-2.42,-0.56,11.48,31.25
1.89,-0.34,11.08,31.25
2.1,0.43,8.22,31.2
-0.2,-1.92,8.26,31.22
-2.69,-3.15,11.09,31.24
-1.05,-1.39,11.82,31.23
4.28,0.76,9.69,31.19
4.98,-0.18,8.61,31.25
1.9,-2.02,7.76,31.25
-1.01,-0.79,8.57,31.27
0.94,-0.3,10.75,31.23
4.04,0.02,10.15,31.24
4.02,-0.52,8.47,31.22
4.6,-0.96,7.09,31.23
-3.22,-2.22,8.85,31.23
-3.29,-1.37,11.16,31.25
0.3,0.4,11.84,31.25
2.92,-0.97,10.47,31.25
-0.32,-0.69,7.35,31.26
-4.23,-2.6,9.28,31.27
-2.23,-1.24,11.61,31.21
1.02,0.3,10.82,31.19
4.99,-0.43,9.17,31.23
0.29,-2.43,9.22,31.21
-3.17,-2.44,9.87,31.22
1.03,-2.68,11.95,31.22
3.09,0.18,9.95,31.22
6.46,-0.33,9.45,31.21
5.45,-3.37,9.35,31.25
-1.4,-1.97,9.36,31.24
-0.51,-1.03,11.59,31.21
4.78,-0.63,11.04,31.24
2.38,2.52,6.98,31.2
0.78,-1.44,7.48,31.24
-5.44,-1.25,8.68,31.28
-4.14,-0.97,10.14,31.26
0.69,-0.09,11.11,31.26
0.99,1.15,7.56,31.23
0.26,-0.46,7.21,31.25
-5.69,-2.21,9.34,31.25
-3.51,-1.42,11.21,31.27
3.4,-0.68,10.93,31.21
3.87,-0.34,8.81,31.25
2.75,-0.66,7.3,31.24
-2.15,-2.03,8.64,31.24
0.14,-1.64,11.07,31.26
3.51,0.95,9.62,31.24
3.3,0.06,8.89,31.24
1.85,-1.57,7.65,31.24
-4.5,-1.46,8.22,31.25
-2.22,-0.76,10.79,31.24
3.88,0.51,6.69,31.21
5.67,-1.1,6.77,31.23
-1.73,-1.19,8.66,31.24
-0.57,0.35,9.94,31.22
5.56,0.53,10.34,31.27
4.73,-0.28,8.37,31.28
3.75,-0.09,6.0,31.3
-0.18,-1.47,8.32,31.24
0.2,-0.58,10.58,31.25
1.64,-0.22,10.16,31.22
3.42,0.5,7.74,31.27
2.93,-1.21,7.26,31.25
-1.67,-1.07,8.9,31.25
0.75,-0.76,10.57,31.28
5.78,-0.81,11.12,31.29
5.39,-0.43,7.71,31.26
4.49,-1.45,7.02,31.27
0.94,-0.69,9.18,31.24
1.76,0.51,9.4,31.22
6.93,0.94,9.44,31.23
3.13,-2.73,8.66,31.24
1.2,-1.52,10.21,31.23
5.32,0.07,10.31,31.24
8.26,0.65,9.91,31.24
5.17,-0.15,7.94,31.25
1.71,-1.24,7.51,31.25
0.6,-1.15,9.5,31.21
-0.29,0.33,10.38,31.24
3.0,0.01,10.76,31.26
5.23,-0.68,8.98,31.27
-0.25,-1.3,7.81,31.27
-0.92,-0.72,10.14,31.24
3.02,-0.35,11.08,31.27
5.71,0.9,9.76,31.23
5.43,0.31,7.27,31.23
0.05,-2.1,8.63,31.24
-0.83,0.22,9.1,31.26
3.4,-0.51,10.92,31.23
3.47,1.49,8.97,31.29
3.11,0.36,9.22,31.24
1.42,-1.6,9.84,31.25
1.8,-0.93,9.47,31.22
7.64,0.93,9.55,31.25
7.63,1.17,8.42,31.24
5.02,0.4,5.91,31.28
3.6,-1.26,6.76,31.26
2.34,-0.66,9.65,31.26
3.58,-0.03,10.42,31.24
6.85,0.96,8.64,31.2
2.75,-1.1,6.58,31.27
-0.63,-1.9,7.7,31.24
0.11,-2.06,10.46,31.27
4.32,-0.48,10.38,31.26
6.18,-0.41,9.53,31.25
4.68,-1.04,7.83,31.25
1.89,-2.6,8.51,31.26
1.83,-0.67,9.96,31.26
4.48,-0.59,10.63,31.25
8.87,1.05,8.98,31.25
-2.83,-1.31,11.89,31.28
2.39,0.45,11.43,31.24
4.76,-0.19,8.39,31.24
2.73,-0.77,6.63,31.24
-2.1,-1.55,8.68,31.27
0.02,-1.47,10.63,31.25
4.48,-0.58,12.06,31.25
3.64,0.3,8.4,31.28
2.11,-1.37,7.14,31.25
0.17,-2.06,8.94,31.27
2.29,-0.32,10.48,31.25
7.37,0.0,11.34,31.26
8.48,-0.3,8.17,31.24
5.0,-2.16,7.91,31.27
2.81,-1.65,8.35,31.25
3.75,0.31,9.09,31.21
5.49,1.16,9.37,31.24
7.46,0.86,7.66,31.29
4.99,-1.63,7.18,31.24
-0.7,-0.85,8.15,31.27
4.83,-0.3,10.83,31.26
5.52,0.22,8.52,31.26
1.82,-1.52,8.01,31.3
-3.31,-1.78,10.2,31.27
-0.69,-0.36,10.75,31.26
3.36,-0.16,10.97,31.23
2.71,-1.28,8.95,31.22
-1.6,-1.88,7.97,31.24
-1.34,-2.28,9.99,31.26
-2.2,0.23,11.29,31.22
0.35,1.19,9.86,31.23
4.71,-0.28,8.75,31.24
-0.49,-1.46,8.08,31.23
-2.77,-1.59,9.74,31.24
0.64,0.12,10.9,31.26
5.3,0.83,9.39,31.24
7.05,-0.69,8.36,31.23
1.58,-1.79,8.45,31.23
-2.21,-1.43,10.35,31.24
-0.43,-0.5,10.85,31.22
2.58,0.83,9.88,31.23
6.21,-0.5,7.24,31.28
0.7,-1.12,6.51,31.21
-4.72,-1.84,10.09,31.22
0.22,0.01,11.16,31.26
2.26,0.86,9.81,31.24
3.58,-0.83,7.12,31.27
-1.89,-1.1,7.62,31.26
-4.7,-2.15,10.93,31.26
0.28,0.8,10.61,31.24
2.91,-0.62,10.41,31.22
2.22,-0.32,8.37,31.28
-0.87,-1.81,8.35,31.22
-2.09,-2.03,10.65,31.24
0.61,0.53,11.12,31.22
3.83,0.26,9.75,31.23
4.75,-0.44,7.04,31.26
6.93,-0.57,6.48,31.27
-0.89,-1.66,8.09,31.23
1.01,-0.38,12.04,31.22
1.82,1.11,10.08,31.23
2.8,0.07,8.34,31.22
3.51,0.25,5.89,31.26
0.16,-0.89,7.5,31.25
-0.84,0.45,9.92,31.23
2.31,1.11,9.42,31.22
2.82,-0.1,8.8,31.26
0.8,0.27,6.03,31.28
-3.25,-0.27,7.38,31.25
-1.74,-1.46,11.03,31.25
0.25,-0.32,11.22,31.28
2.16,0.18,8.38,31.27
2.17,-1.16,7.54,31.25
-4.54,-2.01,9.59,31.26
-2.88,-1.62,10.92,31.26
4.38,-0.62,11.43,31.22
5.49,-1.64,9.08,31.23
4.6,-1.27,7.41,31.24
1.39,-2.27,9.73,31.28
0.44,-0.69,10.57,31.25
5.45,-0.24,10.47,31.25
7.15,-1.24,8.75,31.23
5.11,-1.49,7.44,31.29
1.42,-1.12,8.42,31.21
1.69,-1.13,10.99,31.22
4.14,-0.04,11.32,31.23
5.87,-0.22,7.58,31.24
3.92,-1.53,7.31,31.29
-0.7,0.04,6.96,31.28
-1.17,0.49,10.45,31.27
4.79,0.46,10.6,31.25
5.64,-0.27,6.86,31.24
2.2,-1.57,6.11,31.24
-0.02,-1.17,9.65,31.25
1.77,-0.26,11.18,31.29
5.81,1.43,9.59,31.25
5.05,-1.64,8.69,31.28
2.46,-1.2,6.64,31.25
0.25,-1.02,9.43,31.25
2.04,-0.5,10.88,31.24
4.47,1.02,9.8,31.27
3.58,-0.92,7.93,31.27
1.08,-1.36,8.17,31.26
-0.63,-1.16,8.9,31.25
1.91,-0.09,10.45,31.24
4.28,-0.07,11.07,31.25
6.0,-0.59,8.47,31.25
2.09,-2.23,7.66,31.25
-1.8,-0.6,8.72,31.25
1.49,-0.56,10.91,31.23
4.65,-0.56,11.46,31.23
5.73,-0.94,8.02,31.27
-0.04,-2.67,8.63,31.29
-3.02,-2.41,10.46,31.24
0.5,0.37,10.39,31.31
3.52,-0.34,10.84,31.3
4.78,-0.52,9.09,31.24
0.89,-2.42,8.76,31.25
-1.65,-1.47,9.65,31.31
-0.15,-0.05,11.35,31.22
4.78,0.45,10.44,31.27
4.12,-0.7,9.33,31.27
-1.83,-2.33,9.11,31.24
-2.85,-1.36,10.18,31.22
-0.81,-0.35,11.15,31.23
1.66,0.81,10.31,31.26
5.38,-2.04,9.9,31.26
0.01,-1.67,8.12,31.24
-1.59,-0.63,9.63,31.26
1.63,-0.55,11.08,31.25
3.17,1.33,8.76,31.22
6.48,-0.76,7.78,31.22
0.56,-1.43,7.54,31.27
-4.16,-1.47,10.21,31.23
-1.1,0.62,11.69,31.24
1.98,0.72,9.13,31.26
2.31,0.3,6.9,31.22
2.96,-1.97,7.31,31.24
-2.14,-1.29,8.83,31.24
-1.53,-1.05,11.74,31.22
3.66,1.35,10.1,31.24
5.81,-0.79,7.37,31.22
2.38,-1.44,6.51,31.25
-2.46,-0.75,7.72,31.24
-0.49,-0.58,10.75,31.23
1.88,1.3,9.22,31.27
3.09,-0.36,8.04,31.25
0.45,-1.25,6.84,31.24
-5.81,-0.73,7.93,31.21
-4.07,-1.24,10.56,31.24
1.03,-0.3,11.03,31.22
3.14,0.03,9.99,31.28
4.29,-1.2,7.7,31.26
-0.7,-0.94,7.52,31.23
-2.51,-0.79,9.94,31.24
1.48,-0.22,11.9,31.21
5.52,0.47,6.91,31.24
4.32,0.24,6.07,31.23
-2.81,-0.02,7.38,31.24
-2.95,-0.92,9.16,31.27
2.83,0.47,9.91,31.23
4.85,1.02,8.43,31.25
4.39,-1.11,7.41,31.3
1.82,-0.49,6.96,31.24
-1.38,-1.6,10.04,31.28
1.06,-0.77,11.29,31.25
5.21,0.16,8.82,31.24
5.22,-1.15,7.41,31.25
0.65,-1.61,7.45,31.24
-0.66,-0.0,9.05,31.24
3.27,0.57,10.3,31.22
4.82,-0.71,9.35,31.22
3.47,-1.31,7.17,31.27
0.45,-1.2,8.22,31.24
-0.11,-1.13,10.09,31.26
1.94,0.27,10.92,31.22
5.5,-0.24,8.77,31.22
5.98,-1.85,7.08,31.25
-1.27,-0.04,7.81,31.23
1.11,-1.67,11.45,31.24
6.44,-0.11,11.31,31.24
8.12,-0.88,8.16,31.24
7.95,-1.48,6.2,31.28
0.51,-0.08,6.75,31.23
1.17,0.19,10.56,31.23
5.8,-0.11,10.81,31.28
6.05,0.37,7.66,31.25
5.7,-1.4,6.9,31.29
0.82,-1.36,9.31,31.29
0.74,0.23,10.29,31.22
6.63,-1.04,11.31,31.22
6.38,-0.23,8.25,31.29
3.36,-0.95,6.84,31.28
0.64,-0.48,8.66,31.25
0.81,-1.19,11.09,31.26
5.59,0.06,10.56,31.26
4.09,0.37,9.05,31.23
3.67,-1.48,9.45,31.23
0.01,-2.37,9.28,31.28
-0.18,-0.71,10.32,31.22
0.67,0.57,10.49,31.32
2.39,1.55,8.51,31.24
5.58,-1.02,8.29,31.24
-1.5,-1.57,7.81,31.23
-3.06,0.29,9.3,31.25
3.17,0.0,10.39,31.25
4.33,1.09,8.04,31.24
3.82,-0.16,5.84,31.26
-1.73,-0.35,6.76,31.26
-6.1,-0.76,9.79,31.26
-0.68,1.92,9.67,31.24
3.71,-1.21,10.19,31.23
2.72,-0.96,7.37,31.26
-4.07,-1.18,8.14,31.25
-3.97,-2.94,12.86,31.23
-0.06,-0.15,11.43,31.23
5.89,-0.17,8.41,31.25
4.34,-0.16,6.52,31.28
2.44,-1.68,7.37,31.28
-1.24,-0.54,8.88,31.22
1.39,-0.34,11.04,31.26
3.8,-0.45,10.69,31.23
3.57,-0.28,7.46,31.26
0.23,-1.62,8.2,31.24
-1.14,-1.17,9.36,31.26
1.05,-1.07,11.45,31.23
4.41,1.19,10.07,31.26
5.81,-2.07,8.37,31.27
1.1,-1.8,7.67,31.23
-1.6,-1.13,9.55,31.27
2.22,-1.93,13.04,31.26
6.68,-0.52,10.46,31.22
5.04,-1.19,7.73,31.24
4.45,-1.08,6.95,31.24
0.99,-1.62,10.14,31.25
3.55,-0.57,10.83,31.24
7.12,-0.23,9.37,31.24
7.3,0.17,7.33,31.24
3.81,-1.52,7.68,31.23
0.76,-1.86,8.85,31.25
2.07,-0.48,11.17,31.23
4.51,-0.03,10.92,31.23
7.18,0.35,8.25,31.28
5.36,-1.71,7.45,31.26
1.54,-0.13,8.18,31.27
4.05,-0.29,10.06,31.3
6.12,-1.16,11.4,31.19
5.15,0.24,8.37,31.26
2.74,-1.15,7.27,31.22
-0.78,-1.77,9.79,31.24
0.14,0.41,10.33,31.25
4.11,-0.16,10.48,31.25
4.35,-0.06,9.15,31.23
0.85,-1.69,7.84,31.23
-0.66,-1.7,9.28,31.29
3.56,0.17,10.3,31.21
4.19,-1.56,8.06,31.26
-1.53,-2.05,8.31,31.32
-0.93,-1.9,10.27,31.24
1.45,0.35,11.08,31.27
4.73,0.98,9.12,31.27
3.72,-1.2,7.59,31.25
-3.15,-1.78,8.17,31.22
-1.84,0.24,9.48,31.27
1.82,0.38,11.24,31.23
2.32,0.6,8.82,31.23
2.12,-1.47,7.79,31.25
-3.49,-2.33,9.31,31.24
-2.46,-0.83,10.53,31.26
1.84,0.19,11.2,31.26
4.37,-0.42,8.9,31.21
4.27,-1.53,6.9,31.22
-3.29,-1.82,8.56,31.19
-5.56,-1.33,10.92,31.24
3.31,0.19,6.49,31.23
2.93,-1.07,6.99,31.24
-2.11,-1.73,8.72,31.29
0.28,-0.1,10.34,31.2
4.63,-0.47,9.86,31.29
4.96,-0.62,8.27,31.22
2.36,-3.15,8.7,31.27
-0.78,-1.94,10.25,31.25
1.6,-1.84,11.76,31.26
4.86,-0.28,10.87,31.27
5.16,0.29,8.49,31.28
6.38,-2.12,7.37,31.27
1.05,-0.79,8.85,31.24
1.02,-0.23,10.9,31.21
7.62,0.38,11.15,31.24
6.02,-0.29,8.44,31.24
3.0,-1.08,7.09,31.22
3.66,-1.54,9.18,31.24
3.35,-0.23,9.86,31.24
6.1,2.63,7.86,31.25
3.26,0.81,6.89,31.24
3.64,-0.97,7.2,31.26
1.58,-0.69,9.7,31.3
0.82,1.2,9.81,31.22
5.51,0.79,8.83,31.27
3.88,-1.59,7.52,31.24
-2.23,-1.48,7.32,31.25
0.95,-0.22,9.76,31.25
3.37,-0.2,10.81,31.29
4.4,0.76,8.82,31.26
3.67,-1.0,8.13,31.29
-0.16,-2.25,8.31,31.24
-0.5,0.47,9.08,31.27
4.88,-0.77,11.43,31.24
4.33,-0.05,9.51,31.26
1.59,-0.22,7.64,31.25
-0.65,-2.12,9.22,31.24
-3.06,0.4,10.07,31.26
3.08,0.6,11.17,31.24
8.6,-0.38,9.72,31.25
3.49,0.31,6.7,31.26
0.29,-1.77,8.64,31.21
-0.38,-1.77,10.89,31.27
2.89,0.24,10.56,31.2
6.89,0.14,9.26,31.28
2.91,-0.96,8.5,31.25
-1.76,-1.72,8.43,31.24
0.82,-0.21,9.74,31.24
3.2,-0.93,10.63,31.25
3.45,-0.02,9.11,31.25
2.03,-1.88,8.6,31.24
-2.32,-1.5,8.96,31.27
-0.3,-0.23,9.78,31.26
3.42,0.68,10.43,31.3
5.86,-0.13,8.76,31.23
3.84,0.36,5.27,31.23
-3.28,-1.52,8.6,31.29
-2.37,-0.83,11.04,31.23
1.14,0.67,9.8,31.24
2.73,-0.29,9.08,31.21
1.53,0.24,8.27,31.28
-6.17,-2.03,9.68,31.26
-2.66,-1.62,11.74,31.21
1.01,0.35,10.6,31.24
4.25,-0.5,10.98,31.26
5.54,0.04,7.98,31.23
-1.01,-1.52,6.67,31.23
-3.44,-1.13,9.28,31.24
0.13,0.17,10.67,31.22
3.0,1.53,8.33,31.3
7.6,0.06,7.54,31.28
1.57,-1.52,6.39,31.24
-3.84,-0.66,9.56,31.25
1.98,-0.67,11.63,31.26
2.49,0.37,9.19,31.26
1.71,-0.34,6.83,31.23
-0.19,-2.61,8.11,31.22
-2.74,-2.43,10.96,31.25
0.0,-0.74,10.7,31.21
-0.06,-0.39,9.7,31.25
2.31,-0.04,9.64,31.28
4.46,-0.01,10.79,31.24
4.22,-0.14,9.48,31.28
3.84,-1.26,8.26,31.24
-0.23,-1.09,9.16,31.27
0.25,-0.58,10.34,31.25
3.38,-0.3,10.55,31.25
4.21,-0.55,8.52,31.24
2.95,-1.79,8.42,31.28
0.8,-1.14,8.91,31.24
2.02,-0.43,10.65,31.25
4.69,-1.31,11.17,31.25
5.44,-0.49,8.88,31.23
2.49,-2.41,7.75,31.26
-0.14,-1.3,9.17,31.22
1.34,-1.43,10.68,31.24
4.44,-0.03,10.52,31.25
5.94,-0.63,8.94,31.2
5.78,0.08,6.64,31.23
3.4,0.22,6.13,31.23
-1.87,-0.48,7.33,31.25
-2.05,-0.47,10.48,31.25
1.92,0.39,10.29,31.29
2.57,0.08,7.82,31.2
1.73,-0.14,6.04,31.21
-1.1,-1.08,7.76,31.23
-0.75,0.13,10.28,31.23
1.71,0.69,9.57,31.25
2.28,0.11,8.03,31.24
1.62,-0.67,6.95,31.26
-3.12,-0.77,7.81,31.22
-2.35,-0.8,10.83,31.24
1.95,0.42,9.93,31.22
4.97,0.23,7.71,31.27
4.05,-1.15,5.96,31.24
-3.89,-1.17,8.24,31.23
-1.42,-0.53,10.84,31.27
3.32,-0.16,10.48,31.26
2.59,0.36,7.65,31.21
2.61,-1.29,6.58,31.24
-0.86,-0.65,7.56,31.26
-0.97,-0.07,9.67,31.24
3.67,-0.51,10.75,31.24
4.85,-0.36,8.26,31.22
3.63,-0.55,6.43,31.22
-0.25,-0.22,7.41,31.26
-0.7,0.34,10.33,31.25
4.71,-0.59,11.46,31.24
7.79,-0.78,7.8,31.2
4.98,-1.62,6.3,31.24
0.98,0.09,8.15,31.23
1.75,-0.88,10.81,31.26
6.11,0.8,9.44,31.26
6.04,-0.2,8.08,31.27
2.33,-1.95,8.0,31.26
-0.95,-0.12,7.94,31.21
2.59,-1.63,11.28,31.24
-3.62,-1.14,7.86,31.21
-4.09,-1.46,11.53,31.22
2.13,0.72,11.42,31.24
3.45,0.78,8.58,31.26
2.38,-0.25,6.27,31.23
-2.55,-0.79,8.84,31.25
-0.73,0.41,10.15,31.22
1.35,0.13,11.21,31.23
3.26,0.01,9.13,31.22
3.31,-0.99,7.46,31.23
-1.19,-1.01,8.48,31.25
-0.06,0.43,9.66,31.28
3.48,-0.42,11.61,31.25
5.46,-0.4,8.53,31.27
3.57,-0.87,6.41,31.28
-1.08,-1.22,8.66,31.23
-1.26,-1.48,11.31,31.25
0.82,-0.4,11.43,31.28
7.92,0.55,9.16,31.22
5.24,0.08,6.68,31.21
2.66,-0.71,11.26,31.23
5.72,-1.43,10.89,31.24
5.66,-3.13,9.03,31.26
0.65,-2.06,9.61,31.28
2.04,-1.29,11.34,31.29
7.27,-1.17,11.3,31.25
7.8,-0.34,8.68,31.22
3.41,-0.98,7.96,31.26
0.93,-2.15,9.55,31.22
2.47,-0.37,9.98,31.25
4.9,0.13,9.68,31.24
5.88,1.09,7.79,31.22
2.99,0.16,6.24,31.27
-4.37,-1.51,8.79,31.28
-2.97,-0.73,11.05,31.26
2.25,0.51,10.5,31.22
2.16,0.73,8.72,31.3
0.17,-1.6,7.69,31.24
-4.09,-2.41,9.79,31.26
-1.78,-0.33,10.07,31.23
2.57,-0.51,9.79,31.21
1.11,0.58,10.42,31.24
6.3,0.81,9.17,31.27
6.53,-0.01,7.76,31.24
1.6,-1.87,7.18,31.27
-1.06,-0.43,8.19,31.27
2.19,-0.31,10.81,31.24
7.14,0.78,9.53,31.24
5.82,0.06,6.91,31.22
2.73,-1.31,7.52,31.27
0.83,-0.84,8.75,31.27
0.55,-0.24,11.17,31.26
5.98,-0.55,10.12,31.23
4.51,-1.14,7.68,31.27
0.14,-2.01,8.0,31.24
-0.35,-1.17,9.83,31.25
3.9,-0.63,10.65,31.27
9.31,1.07,9.56,31.26
7.48,0.99,6.73,31.26
4.32,0.46,8.25,31.27
2.3,-0.71,7.01,31.25
-3.28,-2.56,9.38,31.21
-3.75,-0.79,10.75,31.23
1.41,1.37,9.62,31.22
5.12,0.88,9.16,31.27
3.38,-1.07,7.29,31.25
-1.93,-1.98,9.05,31.28
-1.04,-1.74,11.62,31.24
1.1,1.42,9.56,31.25
3.76,0.47,8.66,31.22
3.02,-1.89,7.68,31.24
-3.48,-1.15,7.93,31.24
-2.18,-0.98,10.55,31.24
0.83,1.36,10.1,31.29
3.96,0.91,7.32,31.25
2.53,-0.47,7.01,31.29
-2.66,-1.84,8.43,31.23
-0.65,-1.45,11.17,31.28
3.01,-0.11,11.25,31.27
1.86,-2.01,11.45,31.27
4.2,1.04,9.95,31.2
6.52,0.31,8.85,31.26
2.0,-1.48,8.05,31.24
-1.93,-1.21,8.68,31.26
1.74,-1.28,11.21,31.29
3.92,-0.57,11.37,31.26
4.54,0.2,8.86,31.24
2.69,-2.26,8.61,31.25
-1.49,-2.26,9.82,31.28
1.47,-0.34,10.03,31.24
6.0,-0.57,12.23,31.23
6.72,0.77,7.82,31.27
2.12,-0.62,6.51,31.27
-0.5,-1.74,9.21,31.23
0.9,-0.55,9.91,31.24
2.76,0.51,9.87,31.23
4.33,-1.68,10.24,31.29
-1.26,-1.59,8.12,31.24
4.61,-0.65,6.85,31.26
-0.84,-1.99,8.26,31.21
-1.03,0.19,10.15,31.24
8.05,-0.37,10.77,31.23
7.59,-0.17,7.97,31.21
1.27,-0.24,6.72,31.26
0.47,-0.47,8.32,31.24
1.58,-0.38,11.04,31.26
5.26,0.46,10.41,31.24
7.71,0.68,7.59,31.28
2.98,-1.2,7.45,31.24
-0.56,-0.47,9.01,31.26
3.04,-1.5,11.42,31.25
3.15,0.81,10.25,31.24
3.91,-0.39,9.93,31.24
3.61,-0.19,8.12,31.24
2.07,-1.39,7.85,31.28
2.86,0.19,8.66,31.2
5.38,1.03,10.36,31.24
6.95,1.27,8.96,31.24
2.55,-2.03,7.23,31.27
1.04,-1.8,7.41,31.24
0.31,-1.64,10.62,31.24
6.28,-0.74,11.05,31.26
5.32,1.97,7.01,31.25
1.46,-0.1,6.63,31.25
-3.18,-1.46,7.85,31.24
-0.79,-0.53,9.47,31.26
3.35,0.11,10.29,31.28
3.07,1.02,8.82,31.27
4.65,0.45,6.15,31.27
-1.11,-1.08,7.36,31.27
-2.94,-1.51,10.59,31.24
2.44,1.17,9.59,31.23
4.47,0.12,8.21,31.24
2.64,-0.17,6.79,31.25
-3.57,-1.2,7.49,31.26
-2.89,-0.68,10.1,31.29
-0.01,-0.97,11.43,31.26
3.45,0.56,8.18,31.28
5.01,-1.49,8.18,31.22
-1.68,-1.02,7.0,31.24
-1.64,-1.16,9.91,31.22
1.82,-0.48,10.3,31.22
4.79,0.38,8.79,31.28
4.42,-1.21,8.21,31.26
-2.08,-1.7,7.77,31.24
-3.75,-1.95,11.14,31.24
1.75,0.01,10.73,31.22
4.19,0.86,8.39,31.25
3.43,0.23,7.21,31.21
-2.81,-0.64,7.09,31.25
-4.0,-0.53,10.98,31.23
0.83,-0.3,11.24,31.24
4.03,1.19,8.24,31.24
5.28,0.54,6.79,31.25
-1.26,-1.53,8.22,31.28
-2.66,-0.9,10.27,31.21
2.73,-0.01,10.26,31.21
3.41,-1.8,7.59,31.23
-2.18,-0.88,8.11,31.26
-2.76,-0.51,9.53,31.23
1.74,0.72,9.57,31.21
3.37,-0.04,8.89,31.29
2.93,-0.89,7.09,31.27
-2.31,-2.1,9.44,31.29
-2.6,-2.14,11.89,31.24
2.84,-0.98,11.24,31.24
4.52,-0.08,8.35,31.22
4.44,-1.06,6.88,31.24
1.34,-1.28,7.59,31.21
0.57,-0.63,10.48,31.25
3.17,0.22,10.94,31.22
4.35,-0.44,8.3,31.24
2.6,-0.49,7.58,31.25
-0.22,-1.88,8.63,31.27
1.87,-0.55,10.21,31.27
6.72,-0.28,11.03,31.22
7.83,-0.4,7.71,31.23
3.39,1.05,8.91,31.26
3.51,1.36,7.54,31.23
2.62,-1.15,6.84,31.24
-4.31,-1.18,8.88,31.21
0.21,-1.14,10.9,31.28
3.72,0.81,10.47,31.29
3.44,-0.39,9.5,31.2
3.34,-0.76,7.1,31.27
-2.41,-1.59,9.05,31.27
-0.78,-1.41,11.98,31.28
3.4,0.07,10.61,31.24
5.61,0.63,7.73,31.21
3.01,-0.19,6.25,31.22
-3.3,-1.46,8.91,31.27
-0.08,-0.89,11.27,31.21
3.6,0.2,10.13,31.27
3.57,-0.12,7.99,31.22
1.84,-1.05,7.38,31.26
-2.31,-2.01,9.5,31.23
3.01,-1.35,7.46,31.28
2.87,-1.86,7.99,31.23
-0.13,-1.04,9.66,31.24
1.5,-0.52,11.68,31.21
6.5,0.06,10.96,31.22
4.92,-1.64,9.26,31.26
2.28,-1.86,7.77,31.24
1.56,-1.36,8.71,31.24
3.39,0.11,10.11,31.24
6.42,0.59,9.52,31.27
6.38,-1.29,8.21,31.26
4.76,-0.66,5.65,31.24
0.17,-1.13,7.84,31.23
-2.31,-0.23,10.11,31.24
1.57,0.1,10.87,31.26
5.46,-0.01,9.17,31.26
0.8,-1.25,8.04,31.22
0.27,-2.29,9.55,31.21
0.92,-0.77,10.39,31.27
4.75,-1.02,12.0,31.24
-0.17,-0.51,10.41,31.19
1.25,-0.51,12.09,31.2
3.87,-0.02,9.84,31.21
3.51,0.97,6.07,31.24
0.02,-1.24,9.02,31.25
-3.56,-1.05,10.94,31.22
0.2,0.3,11.1,31.23
2.36,1.06,8.87,31.23
2.64,-0.51,6.88,31.23
-0.43,-0.86,7.92,31.25
-0.69,-1.53,11.07,31.26
1.31,1.33,11.17,31.25
3.18,0.28,8.95,31.22
2.83,0.12,7.59,31.22
-0.35,-1.35,8.03,31.24
-0.68,0.05,9.35,31.23
2.55,1.64,10.08,31.21
4.87,0.54,9.59,31.23
3.77,-1.22,8.37,31.2
0.57,-1.47,8.03,31.24
-1.91,0.19,8.54,31.24
1.44,-0.15,10.58,31.26
4.81,-0.84,10.2,31.24
4.13,-0.9,7.98,31.22
0.94,-1.92,8.18,31.23
-1.59,0.01,9.4,31.22
1.71,-1.24,11.82,31.22
6.02,-1.04,9.83,31.27
2.81,-1.02,6.91,31.23
-1.32,-1.36,8.25,31.25
0.2,-0.97,11.32,31.27
4.12,-0.81,11.88,31.25
8.84,-0.78,9.04,31.23
5.71,0.41,6.55,31.25
-0.02,-1.65,9.28,31.32
1.17,-0.45,10.32,31.23
5.8,-1.41,11.91,31.24
6.16,-0.21,9.2,31.24
2.69,-1.33,8.71,31.25
-0.46,-1.38,8.64,31.24
-1.09,-2.27,9.93,31.27
-0.51,-1.72,11.7,31.24
2.95,-1.67,12.26,31.24
6.4,-0.7,9.0,31.2
6.37,-1.74,7.86,31.21
2.65,-0.11,8.09,31.24
4.72,0.21,9.81,31.21
7.58,1.15,10.61,31.19
7.59,-0.04,8.13,31.21
5.05,-0.57,7.02,31.21
0.23,-0.99,8.4,31.24
-0.02,-0.48,9.74,31.23
6.08,1.69,9.22,31.22
8.0,-0.08,8.6,31.21
2.57,-0.89,6.81,31.22
-1.09,-0.77,7.57,31.22
-2.47,-0.97,11.14,31.22
1.83,0.17,10.9,31.22
5.9,-0.58,9.01,31.22
3.21,-1.39,6.98,31.24
0.75,-1.2,7.16,31.21
-4.76,-2.14,9.81,31.26
-0.81,-1.27,12.09,31.24
3.85,-0.8,10.71,31.22
3.76,0.11,7.61,31.27
1.5,-1.03,7.63,31.24
-1.31,-1.11,10.21,31.27
1.78,0.44,10.32,31.24
6.99,1.01,9.93,31.25
5.2,-0.89,7.9,31.24
1.8,-0.49,6.71,31.26
-0.11,-0.24,8.94,31.26
1.64,0.1,10.45,31.28
3.41,0.28,9.65,31.27
4.55,-0.01,6.77,31.28
2.62,-0.97,6.87,31.26
-3.93,-0.47,8.54,31.23
0.79,0.33,9.74,31.24
-0.3,-2.04,11.74,31.26
2.09,1.23,10.01,31.27
7.42,0.77,8.94,31.26
3.59,0.09,7.81,31.23
-2.78,-1.44,8.99,31.27
0.2,-1.42,10.11,31.24
0.52,-0.5,11.04,31.24
4.34,1.3,9.55,31.24
5.13,0.23,8.38,31.23
-3.01,-1.75,8.83,31.24
-2.92,-1.23,10.05,31.24
-0.8,-0.11,11.0,31.24
3.29,0.89,10.45,31.27
4.02,-0.62,8.91,31.23
-0.89,-1.61,7.59,31.23
-3.74,-1.61,10.1,31.24
-0.08,-0.93,11.63,31.27
2.14,2.27,8.45,31.21
5.52,-0.68,7.37,31.26
-1.99,-0.82,7.57,31.25
3.85,0.13,9.16,31.27
3.9,2.02,7.71,31.21
2.28,-1.52,7.55,31.29
-5.15,-1.79,9.22,31.22
-2.25,-1.36,10.96,31.23
2.17,0.35,10.62,31.24
2.61,0.77,8.76,31.22
0.4,-0.85,7.9,31.25
-3.7,-2.12,8.82,31.22
-1.2,-1.42,11.11,31.24
1.9,0.42,10.48,31.24
4.32,0.09,8.89,31.24
2.3,-1.56,7.81,31.27
-3.12,-2.29,9.81,31.22
-3.08,-2.02,11.95,31.23
2.37,0.16,10.21,31.23
2.69,0.04,9.84,31.3
2.91,-1.36,7.65,31.27
0.38,-0.89,7.81,31.27
0.39,-0.99,10.52,31.27
5.82,0.17,10.38,31.25
6.25,0.74,7.76,31.18
4.08,-0.56,7.12,31.28
-3.34,-0.2,7.55,31.25
-0.73,-0.42,10.16,31.24
3.51,1.06,9.7,31.27
3.93,0.19,7.47,31.24
7.12,-1.04,6.38,31.29
-0.45,0.45,6.9,31.26
-1.83,0.43,9.9,31.27
3.85,0.19,11.5,31.25
6.33,-0.67,8.1,31.31
2.84,-1.41,6.42,31.28
-4.0,0.4,7.19,31.27
-1.03,-0.05,10.26,31.25
1.55,-0.31,10.96,31.27
2.26,0.91,7.1,31.28
2.27,-0.72,6.5,31.25
-5.46,-0.08,8.4,31.29
6.52,0.15,7.55,31.23
2.55,-2.1,8.33,31.25
-1.62,-2.17,9.85,31.27
-0.97,-1.05,10.14,31.26
2.87,-0.22,10.99,31.27
5.53,-1.23,10.17,31.25
2.32,-1.1,7.92,31.29
-0.46,-2.43,9.04,31.27
0.12,-0.08,9.66,31.25
3.45,1.05,9.75,31.23
6.3,-0.17,8.53,31.25
2.95,-1.29,8.38,31.21
-0.22,-2.61,9.41,31.22
-0.17,0.46,9.91,31.23
3.42,0.14,10.17,31.27
5.98,0.44,8.65,31.27
2.28,-0.95,7.59,31.22
-3.68,-1.81,9.48,31.27
-1.13,-0.17,10.61,31.26
3.31,0.5,11.45,31.21
5.05,-0.77,8.56,31.27
1.67,-1.17,7.56,31.22
-3.79,-2.28,9.93,31.28
-1.75,-0.8,11.78,31.28
1.99,-1.29,11.27,31.26
4.99,0.39,7.9,31.28
2.01,-1.69,8.12,31.28
-2.84,-1.3,9.67,31.25
0.45,-0.18,10.14,31.25
2.52,0.1,10.4,31.28
3.22,0.87,7.92,31.22
1.8,-1.64,7.74,31.21
-4.96,-2.35,9.86,31.26
-0.34,-1.18,11.24,31.27
4.02,-0.04,10.15,31.27
2.94,0.12,7.65,31.25
3.34,-0.92,6.22,31.24
-0.69,-0.32,8.13,31.21
-2.57,-2.1,12.01,31.23
0.22,-0.58,10.25,31.24
4.95,-1.94,12.43,31.26
6.86,0.16,9.96,31.22
4.37,-2.04,8.61,31.25
3.0,-2.26,8.7,31.27
0.95,-1.55,8.73,31.23
3.15,-0.66,9.38,31.23
7.64,2.22,7.82,31.29
6.02,-0.91,6.9,31.27
4.59,-0.57,6.52,31.25
1.45,-0.61,7.36,31.28
2.53,-0.3,9.89,31.27
5.31,-0.18,10.5,31.25
7.37,0.33,7.62,31.24
3.51,-1.31,7.04,31.25
0.44,-0.92,8.83,31.28
2.38,-1.05,11.12,31.26
2.76,-1.13,10.82,31.29
4.99,-1.17,8.69,31.25
3.08,-2.38,8.4,31.27
-0.88,-1.2,9.19,31.29
2.93,-0.31,10.19,31.27
5.12,0.3,10.55,31.29
6.43,-0.62,8.22,31.28
2.62,-1.73,7.94,31.24
-0.64,-1.81,9.29,31.26
0.06,0.52,10.22,31.27
4.63,-0.42,10.8,31.24
6.63,-1.88,9.41,31.25
-0.06,-2.73,8.76,31.22
-1.6,-2.29,10.47,31.24
1.66,-1.83,11.47,31.26
2.1,1.19,9.92,31.24
5.82,-0.99,8.59,31.24
0.42,-2.52,8.73,31.21
-1.05,-1.53,9.57,31.26
3.2,-0.91,11.54,31.28
5.37,0.98,9.57,31.24
4.38,0.58,7.98,31.24
2.85,-1.91,8.46,31.24
2.7,-2.52,7.92,31.26
0.48,-0.7,9.6,31.27
3.07,0.4,10.43,31.22
8.17,-0.4,10.89,31.24
6.24,-0.76,8.22,31.23
2.6,-1.71,7.41,31.25
2.23,-0.78,9.47,31.24
4.85,0.04,10.75,31.24
4.57,-0.97,11.03,31.24
5.99,-1.61,8.88,31.21
2.19,-2.32,8.32,31.22
-1.35,-1.15,10.34,31.24
4.88,-0.34,11.18,31.26
8.17,-0.07,9.7,31.22
3.66,-0.55,6.28,31.25
-2.84,-0.6,7.64,31.22
-0.06,-1.55,10.57,31.25
3.85,-1.14,11.66,31.23
5.67,-0.84,9.99,31.25
2.84,-1.05,7.96,31.28
-2.0,-1.97,8.85,31.22
1.65,-1.27,10.71,31.22
3.58,-0.61,11.76,31.25
4.73,1.22,8.99,31.25
5.06,-0.8,8.67,31.22
-2.15,-2.98,9.87,31.26
-0.99,-1.03,10.33,31.22
2.86,-0.49,10.77,31.22
2.54,1.33,8.73,31.24
1.41,-1.57,8.79,31.24
-3.56,-2.65,9.24,31.23
-2.99,-1.23,9.73,31.22
1.07,-0.52,10.47,31.24
2.81,0.34,9.07,31.24
3.69,-0.91,7.32,31.22
-1.88,-1.1,7.43,31.22
-3.33,-2.05,11.58,31.21
0.94,-0.14,11.26,31.26
4.26,0.03,9.4,31.28
3.4,-1.58,7.86,31.23
-4.13,-2.92,10.34,31.22
-2.01,-2.27,11.28,31.22
3.46,-0.02,10.8,31.24
2.77,-0.21,11.07,31.27
4.53,0.36,9.56,31.24
3.24,-0.9,7.38,31.27
2.14,-1.28,7.86,31.23
-1.47,-1.11,8.33,31.24
4.48,1.87,9.18,31.25
6.44,-0.39,11.13,31.19
5.05,-0.98,7.07,31.23
2.4,-1.08,7.16,31.25
-0.07,-2.1,9.55,31.27
0.93,-0.06,10.07,31.23
6.94,0.59,9.87,31.22
6.06,0.22,7.13,31.25
3.59,-0.77,6.34,31.3
1.71,-1.05,8.58,31.27
2.75,0.86,9.33,31.25
6.35,1.68,9.17,31.28
6.33,0.41,7.82,31.23
2.27,-0.97,7.06,31.23
0.6,-0.73,8.28,31.26
3.62,-0.06,9.8,31.24
4.77,1.24,9.36,31.27
4.35,-0.2,9.02,31.24
0.83,-1.24,8.16,31.27
-2.77,-1.2,9.22,31.23
-0.66,-0.45,11.47,31.24
2.59,0.26,11.6,31.26
3.77,-1.43,9.17,31.31
0.92,-2.46,8.05,31.25
-2.25,-1.64,9.86,31.24
-0.12,-1.23,11.14,31.31
4.04,-0.89,11.57,31.26
4.95,-1.56,9.19,31.24
0.62,-1.66,8.29,31.27
1.24,-1.75,9.63,31.29
2.21,0.19,10.43,31.23
4.97,2.24,9.37,31.23
6.51,-0.34,8.35,31.2
-0.01,-1.11,7.9,31.3
4.66,-0.2,10.58,31.27
5.1,0.82,7.96,31.23
5.92,-1.16,6.97,31.24
-1.59,-1.32,7.24,31.24
-3.42,-0.06,9.31,31.2
0.86,-0.45,10.75,31.27
3.04,1.4,8.37,31.27
3.78,-1.08,7.45,31.24
-1.13,-2.03,8.75,31.21
-2.98,-1.39,10.24,31.22
0.76,-0.4,12.0,31.21
4.12,-1.52,9.95,31.25
2.09,-0.2,6.96,31.23
-0.15,-1.36,8.84,31.17
-2.58,-1.0,11.86,31.23
2.35,0.22,11.2,31.2
7.88,-0.07,9.24,31.25
5.09,-0.5,6.72,31.21
-0.06,-1.09,8.41,31.22
0.73,-0.65,11.37,31.25
4.86,-0.46,11.81,31.25
4.51,-0.85,9.65,31.27
4.01,-0.89,7.7,31.24
1.0,-1.5,8.3,31.25
0.28,0.98,8.49,31.24
2.86,1.98,10.09,31.26
5.19,0.31,9.5,31.24
3.98,-0.14,6.48,31.27
-1.21,-0.33,6.54,31.27
-2.6,1.33,8.99,31.22
2.49,0.34,11.09,31.22
4.77,0.64,8.84,31.26
1.92,-1.34,7.81,31.24
-2.1,-1.3,8.94,31.25
-0.36,-0.85,10.23,31.27
4.21,-1.56,11.28,31.2
7.09,-0.37,8.95,31.24
5.55,-1.39,7.73,31.21
-1.01,-1.75,9.1,31.24
0.57,0.38,9.71,31.24
4.7,1.08,9.71,31.25
6.87,0.06,7.75,31.24
3.73,-1.13,7.63,31.27
0.33,-1.47,9.1,31.24
0.6,-0.4,10.64,31.22
2.91,-0.14,9.92,31.23
-4.85,-1.4,8.04,31.27
-5.88,-2.19,10.19,31.26
-1.02,-0.21,10.36,31.25
2.32,-0.0,10.47,31.19
2.19,-0.25,7.78,31.26
-3.04,-0.95,7.38,31.24
-5.4,-2.05,10.27,31.23
-0.94,-1.27,12.11,31.25
2.34,0.43,9.54,31.2
5.24,-0.76,7.49,31.27
-0.11,-2.7,8.67,31.21
-3.25,-2.24,11.23,31.24
1.83,-1.7,11.79,31.21
5.43,-0.57,9.73,31.29
5.2,-1.25,7.86,31.23
0.43,-2.21,8.33,31.23
-2.49,-1.04,9.8,31.24
2.93,0.14,11.35,31.22
5.11,0.49,10.16,31.25
-1.73,0.51,10.57,31.23
-1.02,-2.15,13.64,31.24
1.92,1.45,9.05,31.21
5.14,0.0,6.54,31.24
-2.14,-1.69,8.09,31.21
-4.34,-0.52,9.55,31.26
0.13,-0.07,10.37,31.25
1.73,1.2,9.37,31.26
3.6,0.36,7.6,31.26
0.44,-1.32,6.79,31.27
-2.42,0.2,7.82,31.23
0.26,-0.49,10.44,31.29
2.46,1.43,9.09,31.26
2.76,0.62,7.41,31.23
-0.89,-0.37,6.78,31.27
-5.77,-0.91,9.32,31.19
0.46,-0.66,11.03,31.19
3.7,-0.3,10.51,31.27
2.73,-0.72,7.24,31.21
0.9,-0.6,6.94,31.26
-0.66,-0.1,8.7,31.26
2.54,0.85,10.13,31.25
7.61,0.47,9.47,31.2
6.27,-0.49,6.8,31.23
2.04,0.61,5.57,31.23
-0.09,-0.51,9.62,31.19
0.49,0.51,11.03,31.21
5.36,-0.02,8.54,31.27
2.72,-0.99,6.51,31.26
-2.72,0.2,7.26,31.28
-3.51,0.3,9.73,31.25
1.28,-0.34,10.9,31.28
3.08,0.09,9.38,31.24
2.41,-0.43,7.27,31.25
-0.35,-1.11,7.88,31.29
-1.85,0.51,9.61,31.24
1.14,-1.07,11.54,31.26
2.56,-1.05,9.49,31.22
0.56,-1.04,7.8,31.26
-1.03,-2.0,9.28,31.28
1.3,-1.55,11.44,31.23
2.75,-1.74,9.02,31.27
-0.34,-1.73,8.14,31.26
-2.89,-0.8,10.75,31.24
0.76,0.0,10.56,31.26
5.13,-0.38,10.29,31.22
6.04,-1.19,7.86,31.27
0.4,-2.43,8.54,31.26
-1.15,-1.47,10.59,31.23
0.7,-1.05,11.4,31.24
4.01,-0.29,9.96,31.25
5.63,-1.94,8.78,31.27
0.2,-1.63,9.1,31.25
-0.43,-1.47,9.96,31.22
2.27,0.13,10.64,31.24
4.84,0.08,9.62,31.24
6.19,-0.97,8.64,31.21
2.96,-1.81,8.24,31.24
-0.87,-0.4,9.82,31.28
2.75,-0.62,7.67,31.23
1.23,-1.42,7.69,31.23
-4.27,-0.6,9.77,31.22
0.29,-0.14,11.22,31.23
5.29,-0.23,9.7,31.24
6.16,-0.71,6.88,31.27
4.43,-0.88,7.69,31.24
-1.04,-1.06,9.73,31.26
-2.29,0.43,9.94,31.27
1.03,-1.43,12.0,31.25
4.07,-0.68,9.12,31.24
3.02,-1.2,7.06,31.22
-0.39,-0.83,7.59,31.24
-1.78,0.65,10.31,31.31
1.19,-0.5,11.0,31.23
4.07,0.14,8.18,31.26
5.07,-1.51,6.28,31.23
-1.74,-0.05,7.38,31.24
-3.33,-0.29,10.47,31.2
6.71,-1.58,10.25,31.26
3.76,-0.58,8.79,31.25
-0.75,-1.46,8.93,31.31
-3.38,-1.23,9.67,31.2
-2.08,0.14,11.88,31.28
1.11,0.22,10.52,31.27
4.03,-1.95,9.21,31.28
-1.11,-1.82,7.87,31.26
-3.72,-1.23,10.67,31.27
-1.76,0.0,12.32,31.25
2.15,0.04,10.36,31.21
3.36,-0.97,7.8,31.26
-0.39,-0.47,7.47,31.24
-2.94,-0.91,10.75,31.23
-0.92,0.53,10.89,31.24
2.7,-0.66,9.25,31.25
3.9,-1.15,8.07,31.21
-0.35,-1.58,7.52,31.27
-2.1,-0.64,9.6,31.25
2.43,-1.18,10.55,31.26
4.05,-1.75,10.9,31.23
4.82,-1.51,9.54,31.27
2.32,-2.33,8.69,31.22
-1.29,-2.02,10.44,31.25
-1.73,0.05,11.16,31.27
4.58,-1.3,11.91,31.28
8.11,-2.31,9.37,31.25
3.36,-2.26,8.34,31.24
-0.15,0.07,8.68,31.24
1.09,1.05,10.52,31.29
4.09,-0.57,10.44,31.27
5.4,0.08,7.67,31.25
3.65,-1.01,7.25,31.26
-1.5,-0.1,9.28,31.24
-0.9,1.01,9.79,31.27
3.42,1.16,9.07,31.27
4.2,-0.92,8.88,31.27
0.34,-2.18,7.91,31.28
-2.79,-0.94,9.48,31.25
0.48,-0.99,11.41,31.24
5.1,0.15,7.26,31.26
4.29,-0.72,7.13,31.27
-3.01,-1.22,8.26,31.24
-4.18,-1.01,11.52,31.24
2.85,-0.68,12.19,31.24
4.06,-0.86,8.96,31.28
1.67,-0.66,6.62,31.23
-4.98,-1.32,9.37,31.23
-2.97,-1.93,11.81,31.24
1.82,-0.07,10.4,31.27
2.45,-0.23,9.17,31.27
2.05,-0.52,6.79,31.25
-2.43,-1.14,8.01,31.27
-1.64,0.58,10.09,31.27
2.67,0.72,10.02,31.22
4.31,0.78,7.04,31.26
4.83,-0.38,5.84,31.24
-2.63,-0.77,7.79,31.27
-3.05,0.01,11.16,31.26
-0.73,-1.09,11.91,31.25
2.01,-0.78,11.2,31.24
4.29,-0.84,8.54,31.28
6.26,-1.98,8.14,31.23
0.05,0.13,7.38,31.23
1.67,1.82,9.29,31.28
3.97,0.06,10.85,31.25
5.02,-0.45,7.3,31.22
3.83,-1.04,7.38,31.25
-1.12,-1.07,9.31,31.27
0.16,0.53,10.06,31.22
5.06,0.08,9.95,31.25
6.16,-1.09,8.44,31.24
4.07,-1.64,7.22,31.25
0.39,0.08,8.39,31.23
-0.64,-0.51,11.05,31.27
3.6,-0.02,9.74,31.26
6.67,-0.94,7.33,31.23
3.9,-0.77,6.97,31.27
-0.09,0.18,7.19,31.23
-0.85,-0.73,9.37,31.27
-0.42,-0.31,9.91,31.26
3.01,-0.21,10.98,31.26
5.57,-0.12,9.43,31.23
3.06,-1.46,7.61,31.27
1.47,-1.25,8.43,31.27
0.49,0.44,8.73,31.26
3.49,0.58,10.24,31.24
5.36,-1.11,9.56,31.28
5.12,-1.58,6.91,31.25
0.96,-1.26,9.0,31.29
-0.56,-0.49,10.11,31.25
3.76,-0.78,10.32,31.24
5.53,-0.32,8.87,31.27
3.69,-1.05,6.48,31.29
-2.4,-0.64,9.28,31.24
-2.4,-0.83,10.62,31.25
1.32,0.81,9.67,31.27
3.28,-0.74,8.5,31.3
0.99,0.0,10.33,31.23
4.11,-0.48,8.66,31.28
1.24,-1.77,8.45,31.27
-2.61,-1.58,9.55,31.25
0.39,0.31,10.6,31.29
1.16,-0.99,11.18,31.28
2.26,-0.18,8.74,31.27
0.83,-1.73,7.76,31.27
-3.69,-2.2,10.51,31.27
-0.71,-1.3,11.71,31.27
3.45,-0.64,10.74,31.26
3.44,-1.12,9.22,31.3
0.18,-2.06,7.71,31.27
-2.82,-2.21,10.51,31.27
-0.72,-1.8,11.74,31.25
4.27,-0.58,10.29,31.27
6.73,-0.71,8.04,31.28
5.2,-1.6,7.37,31.24
-0.06,0.23,8.13,31.25
1.24,-0.62,11.32,31.3
-0.27,-2.17,9.08,31.29
-1.0,-0.77,10.85,31.22
3.01,0.2,11.02,31.29
5.43,-0.43,9.22,31.22
5.09,-0.8,6.62,31.26
0.79,-1.17,7.75,31.23
-0.88,0.35,9.5,31.25
3.9,0.48,10.38,31.24
6.74,-1.78,10.05,31.23
4.43,-1.31,7.28,31.26
0.17,-2.16,8.9,31.3
-0.48,-0.23,11.39,31.28
3.02,0.51,10.77,31.25
5.46,-0.47,9.48,31.25
5.52,-1.29,7.21,31.24
-1.14,-0.02,8.01,31.27
-1.23,0.18,10.98,31.26
2.25,0.96,9.43,31.25
3.76,1.31,7.89,31.26
3.49,-1.27,9.38,31.24
0.02,1.09,6.97,31.26
2.22,-1.85,8.22,31.26
-2.35,-0.56,8.74,31.26
-1.47,0.14,10.32,31.29
2.35,-0.41,10.36,31.29
4.56,-0.47,8.3,31.27
5.41,-1.82,7.4,31.24
-1.31,-0.54,7.81,31.25
-1.83,-0.07,11.25,31.24
3.54,-0.06,10.86,31.23
5.32,-1.14,8.25,31.24
4.46,-1.54,6.97,31.22
-0.3,-0.14,8.51,31.27
-0.64,1.58,9.17,31.26
3.79,-0.58,10.69,31.26
4.51,-1.31,8.46,31.25
5.37,-1.58,6.2,31.24
0.6,-0.26,8.52,31.24
-1.08,-0.35,10.18,31.24
4.74,0.02,10.11,31.23
7.94,-1.14,7.71,31.22
4.72,-0.87,6.94,31.28
-0.08,-0.59,8.76,31.24
3.32,-1.66,11.56,31.26
8.0,-0.03,9.86,31.22
7.4,-0.97,7.37,31.27
3.41,-1.33,7.44,31.26
0.3,-0.77,9.3,31.26
1.98,-1.28,11.07,31.25
8.05,0.16,9.55,31.26
9.71,-0.95,7.16,31.28
4.41,-0.96,7.15,31.25
0.94,-0.47,8.97,31.26
3.04,-1.11,11.16,31.24
5.82,-0.7,9.91,31.3
8.26,-1.21,8.19,31.31
5.51,-0.92,7.04,31.26
-1.54,-0.26,7.83,31.27
1.37,0.71,10.26,31.22
4.83,-0.5,8.85,31.26
5.33,-0.89,7.9,31.24
0.62,-1.7,8.32,31.26
-1.7,-0.63,9.6,31.29
0.97,-0.42,11.21,31.27
2.62,-0.07,9.87,31.24
3.73,-1.24,8.36,31.24
-3.36,-0.94,7.9,31.29
-2.99,-0.41,9.47,31.27
-0.7,-0.51,12.28,31.22
2.05,0.05,9.99,31.25
-1.1,-1.23,11.02,31.26
0.24,-0.43,11.36,31.26
3.34,-0.51,9.78,31.27
3.32,0.44,6.97,31.24
0.61,-0.34,7.32,31.28
-4.28,-1.42,10.1,31.23
-0.39,0.37,10.7,31.21
3.46,-0.85,10.07,31.21
4.95,0.29,7.58,31.24
5.5,-0.57,6.61,31.29
-1.42,-0.27,9.12,31.31
-0.69,0.08,11.36,31.25
4.03,-0.32,10.08,31.27
3.91,-1.72,8.1,31.27
0.85,-1.03,6.83,31.24
-2.11,-1.74,10.51,31.25
0.17,0.67,10.34,31.24
5.24,-0.04,9.28,31.26
6.13,-1.05,8.3,31.22
1.9,-0.61,10.9,31.27
2.09,-0.1,10.79,31.27
6.03,-0.79,8.08,31.24
3.3,-2.11,8.49,31.24
-2.06,-0.37,8.46,31.23
0.14,-0.43,11.2,31.24
4.4,-0.7,11.22,31.24
5.99,-0.44,7.44,31.27
2.8,-1.23,7.75,31.24
1.77,-1.62,7.95,31.26
-1.14,-0.52,9.8,31.27
2.61,-2.0,12.13,31.21
7.15,-0.41,9.76,31.25
6.07,-1.85,7.98,31.26
1.83,-1.64,8.53,31.3
-0.36,-0.28,10.77,31.29
2.19,-1.63,11.64,31.26
5.59,-0.92,10.76,31.24
6.78,-1.35,8.03,31.25
2.03,-0.88,7.18,31.23
-2.79,0.11,10.96,31.23
1.17,0.96,8.73,31.24
3.15,-0.74,7.42,31.26
-2.58,-1.26,8.02,31.24
-5.07,-1.02,11.48,31.21
0.54,0.16,10.8,31.22
3.0,0.3,7.87,31.23
2.77,-0.54,5.96,31.24
-2.14,-0.77,7.78,31.26
-2.97,-1.05,10.81,31.21
1.16,0.56,10.54,31.23
2.76,0.75,7.69,31.25
3.67,-1.31,7.66,31.25
-1.7,-1.06,8.31,31.29
-2.55,-0.74,11.52,31.22
3.17,0.12,10.12,31.24
4.39,0.28,7.13,31.29
4.66,0.01,6.0,31.26
-1.48,-0.45,7.98,31.22
-3.37,0.39,10.32,31.24
2.74,0.9,10.18,31.23
2.29,-0.11,7.92,31.24
1.96,-0.23,5.95,31.28
-3.12,-0.39,8.09,31.24
-4.92,0.07,9.94,31.24
-0.65,0.21,11.36,31.24
2.92,-0.62,7.83,31.26
3.48,0.41,5.91,31.27
-1.92,-1.07,8.82,31.25
-1.99,0.2,10.78,31.27
1.9,-0.51,11.14,31.26
3.37,-0.25,7.69,31.27
2.8,-0.57,6.45,31.27
-0.1,-1.13,8.63,31.28
-0.3,-0.04,10.29,31.25
4.69,0.34,9.23,31.22
4.7,-0.3,8.22,31.19
1.39,-0.6,6.36,31.3
-2.56,0.34,7.74,31.23
-2.76,-0.94,10.99,31.26
0.74,0.45,10.21,31.24
3.28,-0.02,7.94,31.25
0.89,-1.03,6.95,31.26
-4.25,0.0,8.92,31.26
-1.27,-1.09,11.89,31.24
2.68,-0.94,11.0,31.21
4.49,-1.01,9.14,31.26
4.28,-1.61,7.77,31.27
-0.12,0.12,8.51,31.25
1.41,0.38,10.13,31.26
4.56,0.36,10.18,31.27
3.82,-1.57,9.69,31.23
2.4,-1.11,6.98,31.23
-1.91,0.74,8.21,31.27
-1.12,-0.92,11.04,31.24
5.59,0.09,10.1,31.27
7.2,-1.11,7.81,31.23
3.56,-0.79,6.57,31.2
0.91,0.42,10.12,31.28
0.63,-0.94,10.65,31.25
2.93,-0.39,8.65,31.3
2.53,-0.64,7.11,31.25
-4.26,-1.17,9.44,31.27
-2.03,-0.59,11.82,31.25
4.2,-0.29,10.17,31.28
6.26,-0.41,7.48,31.29
2.62,-0.68,7.55,31.25
-1.87,-2.32,10.53,31.28
0.91,0.47,10.75,31.24
5.13,-0.64,10.31,31.24
4.71,-0.83,7.98,31.24
3.83,-0.67,6.35,31.26
-0.57,-0.02,8.43,31.25
-0.57,1.04,10.43,31.27
4.5,-1.4,10.85,31.28
3.29,0.24,6.69,31.24
0.5,-0.77,6.89,31.28
-1.04,0.49,9.65,31.22
0.37,0.36,10.6,31.23
2.78,-0.32,10.34,31.23
2.55,-0.81,8.31,31.25
-1.87,-1.72,9.23,31.23
-2.93,-0.28,10.46,31.24
0.68,0.47,10.67,31.24
4.79,-0.14,9.18,31.21
3.86,-1.28,8.45,31.34
-2.44,-1.65,9.33,31.25
-1.86,-1.12,11.2,31.24
0.34,-0.28,11.59,31.24
3.35,0.66,9.75,31.23
6.22,-1.87,7.84,31.28
-1.38,-1.45,8.64,31.24
-3.46,-0.63,10.36,31.24
-0.45,0.75,11.12,31.24
1.39,0.8,8.93,31.22
2.38,-0.34,7.39,31.25
-4.15,-1.87,9.87,31.25
-3.25,-0.29,10.83,31.22
0.78,1.09,9.58,31.24
2.35,0.71,8.1,31.23
3.8,-0.8,7.06,31.23
-3.4,-0.71,8.21,31.23
-2.49,-1.01,10.61,31.24
1.28,0.45,11.43,31.27
4.19,0.02,8.41,31.23
5.45,-0.53,6.52,31.23
-2.21,-0.89,7.86,31.22
-4.01,-0.17,10.56,31.24
0.85,0.94,10.39,31.24
3.3,-0.01,8.64,31.31
3.31,0.25,6.46,31.24
-2.69,-0.58,7.68,31.23
-4.64,-0.01,10.77,31.22
-0.15,0.58,10.35,31.28
2.57,-0.92,9.4,31.25
2.24,-0.84,7.27,31.25
7.06,-0.71,9.54,31.25
4.03,-1.59,8.77,31.22
1.73,-1.46,8.03,31.29
-0.97,-0.54,9.5,31.25
-1.08,0.34,10.21,31.22
0.58,-0.22,10.41,31.22
3.51,-2.35,8.56,31.25
0.31,-1.12,7.8,31.19
-0.09,-0.44,9.19,31.24
1.02,0.63,9.55,31.25
2.85,1.24,8.78,31.24
5.0,-0.98,8.05,31.24
-0.36,-1.96,8.16,31.22
-4.16,-1.24,9.78,31.24
-1.96,-0.02,11.81,31.26
2.55,-1.36,11.78,31.25
5.84,-1.6,8.72,31.27
-1.02,-1.64,8.43,31.24
-5.26,-0.99,11.02,31.28
-1.55,0.27,10.95,31.22
3.32,0.09,10.84,31.22
5.12,-1.66,8.33,31.24
-0.21,-0.96,8.41,31.25
-1.41,-1.52,10.63,31.24
-0.92,0.12,10.31,31.23
1.98,-0.11,9.92,31.19
3.76,-1.95,10.64,31.24
3.33,-2.27,8.86,31.23
0.41,-2.14,10.04,31.23
0.33,-0.87,11.0,31.24
3.75,0.02,10.16,31.22
5.09,-0.77,9.96,31.23
2.98,-2.19,9.01,31.23
-1.11,-1.82,9.38,31.22
-0.06,-0.72,11.32,31.21
0.13,0.71,10.96,31.24
5.38,-0.34,9.34,31.22
3.62,-2.31,8.74,31.26
-5.15,-0.26,8.59,31.22
-1.44,0.33,10.25,31.24
2.07,-0.45,11.56,31.17
1.79,-0.46,9.59,31.26
1.84,-1.62,8.15,31.19
-2.71,-1.26,10.06,31.24
-0.88,0.2,10.08,31.27
1.92,-1.1,7.31,31.22
-2.47,-1.18,8.06,31.28
-3.43,-1.55,11.76,31.23
0.51,-0.16,11.41,31.22
2.62,-0.19,9.3,31.25
6.22,-1.48,7.82,31.21
1.02,-0.46,6.73,31.24
-1.27,0.85,9.33,31.26
4.5,0.23,10.46,31.27
6.16,0.53,8.28,31.26
4.91,-0.4,5.84,31.21
-0.22,-1.1,6.98,31.23
-3.06,0.16,9.38,31.26
1.7,-0.57,11.0,31.19
6.23,-0.34,9.16,31.24
4.59,-0.31,6.22,31.27
-0.68,0.42,7.48,31.24
0.04,0.25,9.15,31.24
2.95,0.73,10.21,31.26
4.25,0.66,8.26,31.25
4.92,-0.74,7.54,31.26
0.31,-0.56,8.08,31.25
0.14,-0.59,9.19,31.26
6.42,0.35,10.74,31.23
8.23,-0.39,7.75,31.23
5.92,0.11,6.34,31.24
1.88,-0.61,7.41,31.23
-0.64,-0.6,10.24,31.19
4.48,-0.91,11.67,31.23
6.54,-0.7,7.55,31.22
4.36,0.66,5.78,31.25
0.61,-0.65,8.54,31.25
-2.42,-0.51,10.2,31.24
4.36,0.16,10.25,31.22
7.34,-1.7,9.01,31.21
2.64,-0.43,7.04,31.25
1.28,-1.02,8.53,31.22
1.03,-1.03,11.03,31.25
1.81,0.29,10.95,31.25
-1.93,-1.2,9.84,31.27
0.33,-0.69,11.36,31.23
3.35,-0.91,11.15,31.25
5.63,-1.43,8.39,31.27
3.28,-1.37,7.92,31.24
0.05,-0.07,8.95,31.22
1.61,-1.23,11.54,31.32
4.31,-1.5,11.14,31.25
5.22,-2.09,7.93,31.24
3.8,-1.63,8.15,31.3
-0.02,-1.29,9.62,31.22
2.26,-0.79,10.81,31.24
8.45,-0.32,9.24,31.25
7.3,-0.57,6.88,31.27
1.94,-0.96,8.16,31.25
2.06,-0.62,8.87,31.25
5.68,-0.72,10.4,31.28
7.1,1.36,7.77,31.21
7.09,-0.6,7.31,31.24
5.86,-2.52,9.12,31.24
5.4,-1.38,6.91,31.26
0.27,-1.22,9.09,31.29
0.75,0.14,9.19,31.29
3.98,1.18,10.18,31.26
7.5,-0.84,9.13,31.24
6.33,-0.75,7.63,31.23
4.88,-0.46,6.64,31.24
1.69,0.28,9.05,31.28
3.1,1.98,8.66,31.26
7.81,-0.89,9.39,31.24
5.34,-1.38,6.99,31.23
3.59,-0.71,7.15,31.29
0.83,0.52,9.22,31.27
2.69,0.51,10.15,31.21
6.34,-0.89,9.45,31.26
4.74,-0.54,7.4,31.24
1.06,-0.17,6.83,31.21
-1.32,0.68,9.7,31.24
0.46,-0.5,11.33,31.23
4.56,-0.09,8.83,31.24
4.39,0.26,6.3,31.22
0.54,-0.51,8.04,31.24
-0.14,0.76,9.03,31.23
3.62,1.22,9.66,31.27
5.13,-0.62,9.26,31.24
2.71,-0.89,7.3,31.28
-0.29,-0.91,8.35,31.19
-2.81,0.9,9.99,31.27
0.61,0.64,11.43,31.32
5.05,-0.15,8.37,31.28
1.31,-0.64,6.9,31.31
-3.07,-0.67,9.24,31.25
-1.92,-0.57,11.26,31.29
2.71,0.9,9.38,31.27
5.43,-1.29,9.61,31.21
1.07,-1.06,8.67,31.24
-1.77,-1.85,9.12,31.24
-3.05,-1.06,10.99,31.26
-0.53,0.48,11.24,31.24
3.86,-2.21,11.08,31.24
1.67,-0.8,7.58,31.25
4.25,-0.27,8.96,31.25
4.91,-2.1,8.5,31.25
-0.47,-2.0,8.97,31.2
-0.94,-1.75,10.75,31.25
1.4,-0.07,11.41,31.26
3.83,-0.58,9.27,31.25
3.93,-0.7,8.15,31.26
-1.68,-2.26,8.68,31.29
-4.03,-0.1,10.71,31.24
0.04,-0.78,11.78,31.29
2.82,0.74,9.15,31.28
4.3,-1.34,8.73,31.26
0.4,-0.88,7.84,31.21
-1.98,-0.0,10.24,31.28
-0.94,0.38,11.14,31.22
2.61,0.46,9.45,31.29
5.87,-0.51,7.81,31.27
0.4,-1.41,7.99,31.24
-2.12,-0.82,10.91,31.22
5.09,-1.62,7.55,31.24
-2.48,-0.88,8.52,31.28
0.93,-1.63,11.58,31.28
3.79,0.59,10.32,31.25
5.33,0.55,8.28,31.27
1.83,-1.81,8.23,31.24
-3.6,-1.46,9.4,31.24
-1.18,-1.49,12.19,31.22
0.95,0.83,9.62,31.24
2.57,0.47,8.44,31.26
0.35,-1.5,7.88,31.24
-6.04,-0.51,9.29,31.27
-2.03,-0.99,11.32,31.22
1.5,0.72,10.63,31.24
5.49,0.17,7.8,31.24
1.81,-1.27,7.92,31.27
-6.1,-0.8,9.75,31.28
-1.48,-0.11,11.2,31.27
2.59,-1.78,11.94,31.23
2.24,0.42,7.36,31.26
3.23,-0.99,6.23,31.25
-1.93,1.04,7.51,31.23
-1.57,0.48,10.72,31.22
4.41,-0.21,10.02,31.27
4.63,-0.73,7.67,31.26
3.21,-0.82,6.9,31.3
0.07,0.32,8.98,31.25
2.47,0.31,10.43,31.23
5.73,0.21,9.36,31.25
6.11,-1.08,8.24,31.29
3.39,-0.93,7.57,31.25
1.03,0.16,8.25,31.23
3.12,1.15,9.58,31.25
5.94,-0.57,10.49,31.25
5.47,-1.25,8.54,31.26
1.99,-1.1,8.09,31.27
-0.81,-0.27,9.28,31.26
-0.08,-0.91,11.98,31.27
4.9,0.13,9.21,31.29
5.34,-1.14,8.12,31.25
1.29,-0.81,8.13,31.23
-0.66,0.67,8.31,31.26
1.77,0.43,9.71,31.24
5.2,1.52,8.45,31.22
4.51,-1.66,8.53,31.24
4.07,-1.04,7.3,31.25
0.44,-0.56,9.29,31.27
-0.75,0.09,9.6,31.26
1.61,0.24,10.08,31.27
2.86,-1.52,8.37,31.24
0.26,-1.29,8.3,31.24
-1.46,-1.43,9.47,31.26
-0.46,-0.52,11.36,31.3
3.78,-0.86,10.13,31.3
4.53,-1.83,8.31,31.21
0.24,-1.46,8.05,31.23
-0.99,-0.68,9.94,31.26
0.61,-0.32,10.66,31.28
1.51,-1.01,10.69,31.21
2.64,-3.13,9.75,31.24
-0.32,-1.96,9.01,31.24
0.32,-1.98,10.78,31.24
0.58,-2.16,8.28,31.24
-0.94,-0.43,9.67,31.27
4.74,-1.08,12.06,31.26
5.94,-0.95,10.5,31.27
7.35,-0.72,6.97,31.26
3.42,-2.11,8.92,31.29
-0.49,-1.04,9.92,31.26
4.75,0.14,10.34,31.25
6.79,-0.16,8.91,31.26
4.02,-0.77,7.22,31.21
-1.47,-1.64,8.7,31.24
-0.71,-1.03,10.02,31.27
0.61,0.49,10.95,31.22
3.16,0.63,9.34,31.26
4.6,-1.07,8.31,31.26
-1.39,-1.83,8.23,31.24
-2.12,-0.55,9.73,31.25
1.38,-0.74,10.71,31.29
0.81,1.24,9.51,31.26
4.58,-0.7,7.94,31.24
0.57,-1.22,8.5,31.27
-4.69,-0.62,10.81,31.22
-2.16,-0.29,11.61,31.28
1.33,-1.11,10.57,31.26
1.61,-0.19,7.3,31.24
-2.55,-2.15,9.49,31.25
-2.37,-2.49,12.31,31.23
1.74,-0.54,10.86,31.25
4.88,-0.74,9.22,31.25
4.16,-0.9,7.92,31.23
-0.45,-1.95,9.12,31.28
-0.97,-1.61,11.77,31.23
0.26,-0.99,11.03,31.26
3.3,0.23,9.99,31.26
3.62,-0.82,7.61,31.24
3.96,-0.91,7.1,31.23
-1.1,-0.06,9.09,31.25
-0.71,0.12,10.93,31.24
4.31,0.48,9.34,31.26
4.14,-1.51,10.55,31.28
4.44,-2.5,9.44,31.27
1.47,-1.57,8.15,31.24
-0.46,-1.37,10.2,31.23
1.47,-0.2,10.3,31.25
4.64,-0.04,10.14,31.2
6.83,-0.4,7.9,31.24
0.84,-0.74,7.19,31.25
-1.78,-0.17,8.85,31.26
1.34,-0.12,10.19,31.24
3.45,-0.16,10.5,31.24
4.08,-1.61,9.49,31.23
-0.21,-1.58,8.07,31.28
-4.29,-0.4,9.6,31.26
-2.88,-0.66,11.45,31.23
-0.04,0.17,11.31,31.32
5.5,-2.18,9.07,31.24
2.54,-0.84,8.85,31.26
3.51,-0.03,6.91,31.23
-1.99,-0.39,8.21,31.31
-1.7,0.21,10.5,31.27
2.63,-0.41,11.12,31.25
4.46,-0.48,8.06,31.25
3.43,-0.58,7.13,31.29
-1.81,-0.81,8.27,31.22
-1.56,0.87,10.49,31.27
4.25,0.08,9.28,31.22
3.98,0.66,7.5,31.24
2.53,-0.01,6.36,31.26
-0.62,-0.79,8.79,31.26
-0.74,0.83,9.08,31.27
4.95,0.17,9.72,31.26
6.24,-0.5,8.62,31.26
3.0,-0.69,7.09,31.25
0.49,-0.06,8.53,31.25
-1.72,-1.02,11.17,31.29
3.0,0.1,10.59,31.29
7.8,-1.33,8.97,31.22
5.59,-1.06,6.93,31.23
1.17,0.16,6.94,31.26
1.59,-0.36,10.2,31.26
5.54,-0.45,10.42,31.3
4.63,-0.14,8.03,31.25
3.67,-0.81,6.73,31.24
0.24,-1.7,9.56,31.27
-0.7,-1.19,10.96,31.25
5.02,-0.35,11.32,31.26
6.06,-1.36,8.78,31.24
3.01,-1.42,7.92,31.23
5.32,-2.01,7.77,31.22
0.47,-0.77,10.76,31.22
1.25,-0.04,10.68,31.24
7.77,-0.35,9.72,31.23
7.44,-1.5,7.32,31.27
4.28,-0.65,6.96,31.24
0.28,-0.83,9.51,31.24
6.12,-2.09,9.41,31.23
7.04,-1.75,8.08,31.27
2.49,-1.62,7.91,31.22
0.68,-0.95,10.02,31.27
3.46,-0.72,10.64,31.22
6.98,0.53,9.46,31.28
8.01,-1.09,6.92,31.27
2.6,-0.56,7.45,31.23
-1.33,0.87,9.22,31.27
2.78,0.4,9.96,31.26
4.61,0.29,8.76,31.22
4.67,-0.82,7.04,31.27
0.46,-0.91,7.85,31.28
-1.54,-0.13,9.8,31.23
1.33,-0.5,11.64,31.28
3.58,-0.45,9.31,31.27
3.05,-1.24,7.77,31.25
-2.12,-2.05,8.36,31.26
-2.53,-0.58,9.95,31.24
1.22,-0.83,7.51,31.2
0.05,-2.34,9.21,31.3
-4.36,-1.37,10.93,31.28
-0.76,-0.01,11.46,31.2
0.32,-0.28,10.21,31.24
1.76,0.73,7.01,31.25
-1.84,-1.02,7.99,31.24
-4.66,-1.47,10.38,31.24
-1.02,-0.24,11.84,31.28
2.0,-0.62,10.08,31.23
3.05,-0.44,7.79,31.25
1.97,-2.12,7.81,31.25
-0.93,-0.58,9.32,31.26
1.99,-0.44,11.54,31.27
4.53,0.53,8.79,31.21
5.34,-0.49,7.27,31.21
3.54,-1.09,7.03,31.25
-0.56,1.11,7.26,31.22
2.49,1.31,10.04,31.25
5.76,-0.38,9.16,31.26
4.81,0.07,7.37,31.22
-0.38,-1.3,7.91,31.23
-1.69,-1.4,10.21,31.27
1.54,-0.59,11.01,31.24
4.72,-0.4,9.89,31.26
1.98,-0.68,8.82,31.23
-3.88,-1.19,8.0,31.22
-4.86,-0.58,9.43,31.25
-1.4,-0.3,10.84,31.22
1.77,0.55,9.86,31.23
5.26,-0.95,8.31,31.26
-2.28,-1.36,8.27,31.22
-6.2,-1.38,11.39,31.22
0.94,-0.63,11.22,31.26
3.7,-0.07,9.07,31.26
4.33,-0.67,7.7,31.26
-1.64,-2.22,8.61,31.27
-4.33,-0.96,11.4,31.23
-0.74,-1.43,11.53,31.26
2.84,0.35,9.73,31.21
5.66,-0.63,7.14,31.24
0.81,-1.15,7.46,31.28
-1.14,-0.36,9.85,31.19
0.59,-0.02,10.91,31.28
1.74,-0.02,10.13,31.2
4.1,-0.19,8.03,31.25
2.75,-1.69,8.41,31.22
-2.61,-1.0,9.64,31.23
-0.17,-0.22,10.85,31.3
3.89,-0.26,10.02,31.26
5.03,-0.01,7.8,31.29
3.04,-0.4,6.38,31.25
-1.71,0.33,8.1,31.22
-0.88,-0.79,10.54,31.23
3.14,1.88,8.65,31.24
6.42,-0.35,7.19,31.26
3.72,0.17,5.15,31.23
-2.77,0.34,7.28,31.22
-3.18,-1.03,11.76,31.25
3.28,0.8,9.58,31.24
-0.96,-0.02,11.74,31.23
3.56,-0.81,10.42,31.23
2.84,-0.18,7.48,31.24
0.09,-0.65,6.83,31.26
-2.09,-0.46,9.67,31.26
2.47,-0.06,11.4,31.27
6.33,-0.89,10.09,31.25
4.92,-0.09,6.51,31.27
3.17,0.39,5.81,31.27
-2.93,-1.58,10.45,31.27
-1.67,-0.54,10.67,31.23
6.74,-1.37,10.64,31.23
4.68,-0.31,8.47,31.24
3.82,-0.23,6.52,31.24
0.26,-0.28,7.42,31.26
-0.32,-0.32,10.51,31.2
3.24,-0.39,11.35,31.26
5.69,-0.19,7.45,31.27
3.05,-0.4,7.01,31.29
-3.8,-0.59,7.25,31.25
-0.29,0.51,9.05,31.25
5.16,-0.89,11.03,31.23
4.41,-0.59,7.31,31.24
4.83,-1.72,7.58,31.28
1.22,-1.65,9.26,31.26
-1.62,0.56,9.77,31.22
3.46,-0.78,10.83,31.27
6.67,-0.61,8.61,31.24
5.94,-0.8,6.77,31.24
-0.76,-0.31,7.46,31.16
-0.95,-1.26,10.85,31.22
3.94,-0.95,11.11,31.25
6.47,-1.53,8.36,31.27
6.03,-1.43,6.85,31.26
1.22,-0.84,8.44,31.25
1.27,-0.65,10.5,31.23
6.23,0.03,10.57,31.24
8.04,-0.38,7.48,31.25
5.63,-0.85,6.89,31.25
0.2,-0.05,7.99,31.24
4.05,-0.63,11.17,31.29
2.76,-0.81,9.7,31.25
3.45,-0.74,7.49,31.23
0.48,-1.79,7.45,31.24
-2.35,-0.44,10.13,31.25
3.04,-0.66,11.37,31.24
5.0,0.48,9.95,31.22
2.55,-1.62,8.51,31.19
1.23,-0.83,7.84,31.28
-0.12,-0.81,9.73,31.28
0.3,-0.33,10.79,31.22
3.49,-1.6,10.86,31.23
4.18,-2.2,8.91,31.32
1.53,-1.27,8.34,31.24
-1.85,-0.76,10.56,31.22
0.57,-0.74,12.37,31.27
5.62,-0.04,10.34,31.23
6.29,-1.05,7.54,31.22
0.97,-1.29,8.19,31.2
-3.66,-1.95,9.31,31.26
-1.34,-1.25,10.09,31.24
-0.57,-1.24,11.62,31.26
3.01,-0.02,10.57,31.17
4.3,0.27,8.42,31.23
-0.09,-1.26,7.47,31.27
-5.73,-1.08,10.39,31.23
-1.21,0.04,11.34,31.23
3.07,-0.53,10.65,31.23
3.78,0.64,8.11,31.22
-0.02,-1.77,7.95,31.21
-6.54,-0.86,10.26,31.22
-4.01,-1.17,12.39,31.24
-1.17,0.6,10.82,31.25
1.79,0.0,9.0,31.23
-0.46,-1.9,8.11,31.27
-6.7,-0.78,10.5,31.22
-1.35,-1.32,11.47,31.28
2.32,0.49,11.29,31.23
3.95,-1.14,8.17,31.2
-2.59,-0.59,11.6,31.26
1.58,-0.25,11.21,31.21
4.53,-0.82,8.9,31.22
4.1,-1.32,7.35,31.28
0.01,-0.41,7.98,31.27
-0.84,0.14,9.75,31.25
2.24,0.4,9.93,31.22
2.32,-0.35,8.43,31.24
3.97,-1.7,7.24,31.24
2.73,-0.9,6.85,31.26
-3.89,-0.3,10.11,31.24
-2.31,-0.34,11.08,31.24
2.67,-0.74,10.64,31.23
2.37,-0.71,7.62,31.22
-0.58,-0.51,6.9,31.26
-6.09,-2.01,10.57,31.23
-2.09,-0.87,12.09,31.24
3.23,-0.5,10.23,31.24
4.85,-1.75,7.9,31.27
5.16,-0.35,6.17,31.23
0.95,-0.32,6.75,31.26
-4.66,-0.58,8.76,31.25
-1.21,1.03,9.87,31.24
2.97,-0.52,9.5,31.28
3.98,0.52,7.17,31.24
3.26,-1.07,6.67,31.2
-4.25,0.37,8.38,31.25
-2.51,-0.67,11.38,31.19
3.31,-0.15,9.85,31.23
4.4,0.04,7.53,31.24
4.52,-1.61,8.45,31.23
0.98,0.66,7.99,31.25
-0.8,1.45,9.74,31.25
2.24,0.24,10.03,31.25
4.95,-0.23,7.61,31.25
3.81,-1.26,6.88,31.24
-3.65,0.78,8.04,31.28
-1.52,0.24,10.35,31.24
2.11,-1.19,10.55,31.24
1.9,0.3,9.96,31.24
4.96,-1.89,10.43,31.27
4.42,-2.39,9.05,31.27
-1.49,-2.74,10.19,31.26
-0.51,-0.65,10.46,31.25
2.82,-0.89,11.94,31.24
5.54,-0.74,8.99,31.23
5.16,-1.12,7.35,31.27
-2.13,-0.65,8.41,31.26
-2.8,0.84,10.82,31.29
0.04,0.16,11.29,31.26
3.01,-0.76,9.4,31.25
1.58,-1.94,8.15,31.25
-3.91,-1.67,9.69,31.25
-1.97,-0.89,11.33,31.2
-0.74,0.38,9.72,31.29
3.62,-0.36,9.16,31.28
3.43,-2.21,8.56,31.25
-2.12,-1.01,9.6,31.25
2.02,-1.01,7.85,31.28
0.08,-0.8,9.19,31.29
1.41,0.01,10.86,31.26
4.68,0.96,9.6,31.3
5.81,-0.18,7.36,31.26
1.47,-1.08,7.41,31.21
-2.05,-1.77,10.11,31.26
0.98,-0.73,10.88,31.27
3.91,-0.25,9.84,31.27
3.98,-1.68,8.22,31.26
-0.77,-1.35,7.96,31.26
-1.41,-0.9,9.24,31.26
0.03,-0.18,10.44,31.25
2.17,-0.41,10.54,31.28
3.39,-1.87,9.95,31.23
-0.63,-2.3,8.67,31.26
-2.19,-1.74,10.44,31.27
0.33,-0.51,10.74,31.2
3.33,0.34,9.69,31.26
5.9,-1.86,9.29,31.25
-0.18,-1.93,8.62,31.25
-2.32,-1.37,10.22,31.27
1.68,-0.96,11.68,31.26
5.17,-0.06,9.78,31.24
6.22,-0.79,8.15,31.22
3.88,-1.96,8.87,31.29
0.9,-1.64,9.91,31.28
0.57,0.76,9.54,31.32
4.35,-0.08,10.52,31.29
4.54,-1.8,9.35,31.27
-0.33,-1.69,7.57,31.26
-3.52,-1.33,9.9,31.27
-2.49,-0.89,11.77,31.23
1.72,0.66,10.09,31.24
6.36,-1.69,8.37,31.3
5.03,-1.65,7.18,31.22
-0.12,-1.82,9.19,31.24
0.55,-0.47,10.67,31.26
3.63,-0.18,10.85,31.25
6.38,-1.51,8.0,31.25
7.52,-0.56,8.93,31.27
5.65,-0.24,8.08,31.23
5.91,-0.04,5.64,31.27
-1.6,-0.48,7.9,31.25
-3.43,-0.22,10.74,31.27
3.58,-0.28,10.95,31.22
5.38,-0.6,7.11,31.29
3.88,-0.03,6.62,31.28
0.0,-0.06,7.13,31.25
-0.43,-0.24,10.48,31.23
2.14,-0.87,10.8,31.27
5.51,-1.02,8.07,31.3
5.3,-1.47,7.14,31.29
-2.18,-0.63,7.47,31.28
-1.77,-0.37,10.84,31.29
5.09,-0.36,10.19,31.26
7.16,-0.23,6.69,31.24
3.88,-0.85,6.94,31.25
-0.33,-0.74,8.77,31.28
2.1,-0.9,10.82,31.21
5.21,-0.79,10.07,31.24
6.65,0.19,8.66,31.26
6.62,-0.98,6.7,31.24
1.9,-1.14,8.13,31.23
-0.64,-1.42,10.26,31.24
2.39,1.97,9.27,31.26
6.31,0.17,7.97,31.22
4.76,-0.59,7.05,31.25
-0.45,-1.18,8.3,31.26
-0.39,-1.1,10.54,31.29
1.0,0.2,10.05,31.22
4.22,0.64,8.17,31.24
3.43,-2.0,8.28,31.24
-3.14,-2.26,9.52,31.24
-0.86,-0.42,10.45,31.23
0.53,0.46,10.22,31.25
3.15,0.59,8.28,31.27
4.2,-0.7,7.96,31.25
-0.24,-2.04,9.29,31.27
4.34,-0.4,7.88,31.27
4.58,-0.94,7.32,31.27
1.4,-1.14,8.16,31.23
-2.14,-0.24,9.78,31.25
-0.03,-0.89,11.22,31.27
4.45,0.27,8.64,31.26
6.89,-0.91,7.31,31.23
2.07,0.05,6.41,31.25
-1.17,0.86,8.7,31.29
1.9,-0.03,10.62,31.23
5.61,-0.19,8.71,31.24
6.22,-1.0,6.79,31.22
1.5,-1.45,7.74,31.25
-3.69,-0.11,9.95,31.22
1.05,0.17,10.68,31.25
4.05,0.45,8.46,31.29
4.36,-0.21,7.07,31.22
0.64,-0.09,7.21,31.27
-5.09,0.17,9.12,31.26
-0.78,0.04,10.35,31.27
3.91,-0.32,8.93,31.25
4.68,-0.15,6.35,31.21
1.19,-0.78,6.6,31.24
-4.38,0.62,9.08,31.26
0.12,0.2,10.93,31.27
4.75,-1.03,9.45,31.24
3.6,-1.82,7.22,31.23
0.23,-1.58,7.69,31.23
-2.27,-1.27,9.88,31.23
1.0,0.22,11.12,31.29
4.35,-1.61,9.61,31.25
5.65,-1.28,8.29,31.25
2.96,-1.45,7.66,31.24
-0.68,-0.93,9.65,31.26
1.32,-1.06,11.21,31.24
6.16,-0.66,8.7,31.23
6.65,-1.66,8.16,31.26
2.83,-0.84,7.5,31.26
0.43,0.22,9.27,31.27
2.45,-0.09,10.88,31.27
5.22,0.32,9.1,31.24
3.77,-0.62,7.41,31.23
0.75,-0.14,7.63,31.24
-3.55,-0.04,9.39,31.2
0.97,-0.11,10.92,31.28
5.13,-1.26,9.96,31.24
3.63,-1.89,7.77,31.27
-0.72,-1.64,8.6,31.25
-2.22,-0.6,9.69,31.25
-0.45,-1.42,11.86,31.29
2.97,-0.7,9.67,31.24
2.22,-1.44,8.25,31.22
0.19,-1.55,8.59,31.23
-0.05,0.22,9.5,31.28
2.95,-0.33,11.39,31.21
5.65,-1.87,9.26,31.24
4.87,-1.81,7.67,31.27
1.66,-0.92,8.6,31.27
0.19,-0.13,10.06,31.25
2.54,-0.89,11.52,31.27
5.79,-0.57,8.4,31.23
1.43,-1.75,7.71,31.22
-1.24,-0.31,9.64,31.28
0.52,-0.48,10.94,31.25
2.82,0.26,10.38,31.24
7.39,-0.55,7.6,31.24
1.65,-1.77,8.21,31.26
0.45,-1.48,8.17,31.27
0.23,-0.84,11.02,31.24
1.02,0.76,10.72,31.23
4.13,-1.57,8.77,31.23
-0.06,-1.91,7.21,31.28
-4.0,-0.99,9.79,31.25
-1.64,-1.17,11.03,31.28
1.67,-0.74,11.92,31.26
7.19,-0.74,11.29,31.25
8.72,-1.37,7.84,31.24
5.39,-1.75,8.01,31.26
-0.95,0.45,9.0,31.24
1.28,0.44,10.06,31.3
5.95,-0.01,10.1,31.25
8.18,-1.19,7.23,31.2
4.76,-1.3,7.83,31.27
0.51,-0.76,9.33,31.24
1.79,0.76,9.55,31.29
3.08,-0.23,10.45,31.25
5.95,-0.54,7.95,31.21
1.22,-1.13,8.08,31.27
-2.24,-0.44,9.55,31.24
-0.07,0.07,10.89,31.21
2.82,-0.27,10.62,31.24
3.8,0.02,8.19,31.22
-0.67,-2.19,8.71,31.26
-3.08,-0.85,10.21,31.21
3.85,-0.48,7.79,31.27
-0.9,-0.53,7.28,31.28
-3.31,-1.42,9.55,31.25
0.48,-0.94,11.52,31.27
2.0,-1.24,11.31,31.24
3.29,0.21,6.74,31.23
2.36,-1.59,7.85,31.24
-3.97,-1.56,9.89,31.26
2.55,-0.06,10.53,31.2
7.18,0.4,8.97,31.22
5.09,-0.47,7.06,31.26
3.45,-1.21,7.85,31.24
-0.67,-0.3,8.97,31.23
1.37,0.46,10.58,31.24
5.2,0.25,9.68,31.23
5.48,-0.25,7.42,31.25
4.33,-0.92,6.18,31.26
-1.37,0.06,8.07,31.26
1.87,1.23,9.25,31.21
5.43,0.13,9.2,31.23
7.46,0.47,6.36,31.22
6.01,-1.31,6.44,31.24
-1.28,-0.04,8.13,31.22
-4.48,0.22,9.62,31.23
4.2,-0.75,11.1,31.26
3.93,-0.93,6.91,31.22
2.95,-1.26,7.17,31.21
-0.18,-0.81,8.23,31.24
-3.18,-0.65,10.85,31.24
1.87,-0.58,10.73,31.31
4.68,-0.08,8.94,31.26
1.53,-1.17,6.96,31.29
-0.66,-0.79,7.87,31.24
-2.22,-1.19,11.71,31.21
2.83,-0.38,11.38,31.23
6.38,-0.8,8.87,31.23
6.73,-1.2,6.83,31.22
2.79,-0.65,8.12,31.25
0.44,0.37,9.07,31.27
-3.71,0.05,11.15,31.26
0.46,1.05,9.32,31.25
1.21,0.02,8.19,31.24
0.47,-0.79,7.58,31.24
-2.46,-1.04,9.23,31.21
-2.69,-0.34,10.64,31.22
2.37,0.16,10.21,31.23
5.75,-0.85,7.86,31.21
3.91,-0.84,6.67,31.22
0.28,-0.7,8.07,31.23
0.74,0.68,10.71,31.22
5.21,-0.14,9.39,31.27
3.53,-0.46,7.52,31.25
0.6,-0.59,6.84,31.24
-4.7,-1.39,9.18,31.22
-4.54,-0.87,10.4,31.24
4.97,-1.2,10.56,31.22
3.43,-1.0,10.16,31.23
5.48,-0.76,7.26,31.26
0.97,-1.53,8.16,31.22
-3.0,-0.71,10.95,31.18
2.62,-0.57,10.87,31.21
6.49,-1.24,7.86,31.25
6.97,-0.56,6.81,31.22
2.65,-0.34,7.15,31.23
-1.06,0.44,8.72,31.26
1.18,0.94,9.68,31.24
3.02,-0.07,8.31,31.26
4.81,-1.06,7.26,31.23
-0.16,-0.14,7.35,31.27
-3.68,1.23,8.29,31.24
2.44,0.09,11.65,31.22
5.62,-1.66,9.68,31.24
3.15,0.1,6.73,31.22
-0.48,-0.52,8.03,31.24
-3.74,-1.7,11.32,31.22
3.0,-0.36,11.13,31.24
6.93,-1.27,9.05,31.27
4.5,-0.21,6.72,31.23
2.41,-0.98,8.01,31.23
-0.57,0.55,9.34,31.2
1.94,1.85,9.12,31.22
-0.43,-1.21,11.26,31.25
0.5,-0.22,11.42,31.2
3.78,-0.2,10.4,31.24
5.95,-1.61,9.18,31.22
3.11,-2.9,7.99,31.27
-2.58,-0.94,9.53,31.2
0.34,0.12,11.29,31.24
4.43,0.66,9.36,31.17
6.94,0.49,7.06,31.27
3.13,-0.73,6.39,31.19
-3.21,-0.8,9.22,31.24
-0.98,0.58,10.71,31.21
1.98,0.4,10.3,31.23
3.43,-0.79,8.01,31.23
0.52,-0.66,7.15,31.23
-3.47,-0.89,9.42,31.21
-2.04,0.43,11.09,31.28
1.7,-0.26,10.34,31.26
5.06,-0.76,7.14,31.21
-0.74,-0.68,7.33,31.22
-0.24,-0.15,9.46,31.28
1.5,-0.83,12.48,31.24
5.22,-1.4,10.25,31.26
6.7,-2.65,8.74,31.27
0.34,-2.09,9.31,31.24
-1.14,-0.92,10.58,31.22
3.36,-0.27,11.41,31.22
6.37,-2.17,10.48,31.24
5.68,-1.72,8.3,31.27
0.42,-2.4,10.03,31.22
0.4,-1.62,10.46,31.26
2.39,-0.36,11.01,31.24
5.28,-0.73,9.85,31.26
4.0,-1.62,7.92,31.24
-3.34,-1.67,8.96,31.22
-3.75,-1.25,11.38,31.24
0.65,-0.82,12.15,31.25
3.82,0.19,8.73,31.26
3.3,-0.97,7.56,31.25
-2.65,-2.27,9.62,31.22
-2.7,-1.01,11.46,31.24
0.89,-1.49,11.81,31.22
3.45,0.23,9.24,31.29
3.45,-1.25,7.78,31.27
-2.58,-0.79,8.44,31.23
-2.08,-0.64,10.99,31.26
1.22,0.07,10.12,31.21
2.79,-0.28,8.85,31.2
3.22,-0.99,7.34,31.23
1.76,-1.36,7.79,31.21
-1.23,-1.0,10.1,31.22
0.53,-0.93,11.04,31.25
2.72,0.19,9.42,31.26
6.04,-0.62,7.75,31.23
2.16,-1.46,8.41,31.25
-2.26,-1.11,10.09,31.22
2.37,-0.76,10.58,31.24
1.91,0.48,10.31,31.2
3.68,1.09,7.12,31.24
4.97,-0.95,8.66,31.21
5.68,-2.05,8.96,31.26
3.83,-1.47,8.3,31.22
1.37,0.48,7.67,31.23
1.66,-0.67,10.32,31.24
3.86,1.7,8.43,31.21
6.02,-0.88,7.65,31.21
3.75,-1.86,8.08,31.23
0.15,-0.59,8.31,31.26
1.71,0.81,10.02,31.25
4.26,0.49,9.81,31.25
4.85,-0.47,8.16,31.21
1.5,-1.53,7.89,31.29
-3.46,-0.73,9.73,31.23
-0.09,-0.08,11.32,31.24
4.1,-2.04,12.25,31.23
6.85,-0.85,8.43,31.26
2.2,-2.01,8.72,31.23
-2.59,-0.59,10.08,31.26
0.62,-0.19,10.95,31.19
2.73,-1.39,11.78,31.22
3.29,-1.2,8.11,31.25
0.29,-1.76,8.89,31.23
-3.46,-1.47,10.2,31.25
-0.52,0.65,10.22,31.23
3.71,-0.12,10.22,31.24
4.13,-0.92,8.11,31.24
-1.4,-1.16,8.03,31.24
-0.32,-0.76,9.86,31.23
0.34,-0.59,11.51,31.23
2.24,0.81,10.58,31.27
6.27,-0.38,7.07,31.24
-0.65,-1.27,7.39,31.23
-3.08,-0.46,9.49,31.23
1.21,0.24,10.14,31.27
4.73,0.0,9.36,31.24
5.82,-0.97,7.5,31.22
2.12,-2.0,8.1,31.26
-1.82,-0.96,9.76,31.22
6.82,-1.14,8.46,31.25
6.3,-0.63,6.73,31.22
-1.05,-0.76,7.46,31.22
-2.48,-0.52,10.74,31.23
1.78,-0.21,10.33,31.27
6.32,0.11,8.18,31.29
6.73,-1.09,6.95,31.23
0.51,-0.48,6.9,31.24
-0.99,1.05,9.7,31.25
1.58,-1.53,11.71,31.24
4.65,0.23,8.29,31.24
7.03,-1.42,7.56,31.23
0.8,-1.3,8.99,31.21
-1.66,0.56,9.19,31.24
2.91,-0.7,11.23,31.27
6.03,0.42,8.4,31.22
7.41,-0.93,6.24,31.25
4.38,0.06,7.16,31.24
2.37,0.58,9.37,31.21
-2.24,-1.88,9.12,31.22
-2.24,-1.27,9.11,31.22
-1.22,-0.76,11.29,31.24
1.73,0.0,11.08,31.24
4.57,-1.08,8.72,31.22
1.13,-2.13,8.93,31.24
-3.41,-2.59,10.63,31.26
0.31,-0.26,10.56,31.23
2.32,-0.26,10.59,31.26
3.33,-1.28,9.09,31.23
1.36,-2.11,8.84,31.27
-2.69,-1.69,10.27,31.25
-1.54,-1.7,12.27,31.26
0.41,-0.06,10.78,31.25
2.79,0.1,7.9,31.28
1.67,-1.34,7.99,31.25
-1.98,-2.53,10.89,31.22
0.34,-0.19,10.76,31.2
3.2,0.89,9.49,31.19
5.06,-0.93,8.76,31.27
2.12,-1.48,7.79,31.24
-1.95,-1.53,10.18,31.25
0.31,-1.01,11.2,31.24
1.32,-0.07,9.79,31.25
3.69,-0.24,7.4,31.27
2.21,-0.82,7.13,31.25
-3.59,-0.91,9.31,31.19
-1.49,-0.75,11.14,31.25
1.55,0.97,9.36,31.25
3.5,-0.06,6.79,31.24
1.0,-1.04,7.03,31.21
-4.9,-0.93,9.35,31.26
-2.59,-0.86,11.05,31.26
1.63,-0.54,11.49,31.26
3.0,-0.05,7.56,31.23
0.61,-0.56,6.25,31.25
-6.45,-0.81,9.33,31.21
-0.89,-1.29,12.28,31.25
4.46,-0.74,10.09,31.25
3.22,-0.18,6.9,31.29
0.07,-1.57,8.64,31.23
-3.44,-2.14,9.72,31.22
-2.8,-0.49,10.63,31.29
0.49,0.46,11.21,31.27
2.94,-0.29,9.89,31.27
5.45,-1.65,8.58,31.28
-1.1,-1.63,7.95,31.26
-4.18,0.04,10.38,31.26
2.22,-0.89,11.05,31.21
4.7,-0.19,10.06,31.28
4.72,-1.66,7.87,31.23
0.13,-1.11,9.29,31.24
-0.18,-1.51,10.72,31.25
1.49,0.15,10.26,31.23
3.51,-0.78,10.23,31.26
4.68,-1.47,8.38,31.26
-1.28,-1.36,9.36,31.24
-1.07,-0.75,10.66,31.28
1.71,-0.47,11.11,31.28
2.38,-0.32,11.02,31.28
2.94,-0.39,10.19,31.27
4.28,-0.8,8.49,31.21
2.78,-2.07,8.45,31.24
-1.08,-0.16,8.22,31.22
1.11,-0.02,10.92,31.28
7.1,-1.2,9.14,31.21
7.06,-0.93,7.62,31.26
2.71,-1.32,7.91,31.25
-0.8,-0.41,9.05,31.27
1.64,-0.11,10.52,31.23
5.56,0.03,9.62,31.28
5.44,-1.3,7.41,31.21
3.53,-0.9,7.09,31.26
-0.46,-0.1,9.49,31.31
1.81,0.05,10.46,31.26
7.06,-0.31,9.89,31.22
5.52,-2.07,8.06,31.22
2.56,-2.18,8.31,31.25
2.48,-1.41,9.99,31.24
2.81,-0.79,10.64,31.27
4.81,-0.61,10.07,31.25
5.82,-2.48,9.43,31.22
3.09,-2.48,8.28,31.27
-0.51,-0.61,9.58,31.24
1.31,-1.68,11.5,31.23
3.23,-0.0,10.52,31.23
5.78,-1.88,8.35,31.23
4.77,-1.68,7.81,31.24
-0.5,-0.38,8.61,31.27
3.09,0.41,10.1,31.24
6.3,-0.44,10.81,31.24
7.64,-2.0,7.63,31.25
4.11,-1.2,7.81,31.25
0.77,-0.63,9.69,31.25
2.94,0.39,9.82,31.26
5.67,-0.63,9.9,31.25
7.2,-1.51,6.72,31.26
0.69,-0.66,7.23,31.24
5.41,-0.17,8.29,31.23
0.6,-0.08,11.4,31.22
4.1,0.2,9.41,31.28
4.63,-1.5,8.26,31.24
-2.35,-1.79,9.47,31.22
-3.16,-1.5,11.24,31.22
-0.77,0.84,10.63,31.25
2.82,-0.42,10.18,31.24
2.49,-2.69,9.69,31.22
0.68,-2.48,8.32,31.25
-2.31,-1.14,9.1,31.24
-1.53,0.36,10.87,31.27
4.04,0.4,8.68,31.24
4.54,-1.66,8.01,31.27
0.58,-1.42,7.8,31.24
-2.9,-1.63,10.24,31.26
-0.08,-1.17,11.39,31.24
2.29,0.27,10.29,31.22
5.23,-0.71,8.72,31.28
1.32,-1.69,8.66,31.22
-3.67,-1.48,10.02,31.26
-0.91,0.13,11.38,31.27
1.46,0.53,9.48,31.24
4.52,-0.9,8.81,31.26
2.32,-1.49,8.3,31.29
-0.15,-0.03,8.58,31.27
0.49,-0.03,10.46,31.26
2.07,-0.35,10.81,31.31
4.69,-1.08,8.68,31.27
3.3,-0.65,7.01,31.24
-3.22,-0.73,9.51,31.24
-1.45,0.09,10.83,31.23
2.8,-0.6,10.03,31.28
3.65,-0.52,8.03,31.24
1.56,-0.58,6.92,31.26
-3.19,-0.56,9.2,31.24
-1.8,-0.13,11.0,31.21
2.48,-0.51,9.66,31.24
3.62,-0.81,8.03,31.24
2.98,-0.94,7.04,31.25
-2.8,-0.58,9.47,31.24
-0.57,-0.36,11.02,31.27
4.56,-0.05,8.92,31.22
6.65,-0.25,7.1,31.26
3.19,-0.29,6.51,31.24
-1.56,0.93,7.58,31.25
1.53,0.18,9.87,31.26
4.76,-0.1,9.8,31.22
6.19,-0.4,8.71,31.22
5.02,-1.22,7.31,31.23
-0.28,0.38,6.97,31.22
-2.21,0.27,9.06,31.25
2.12,0.52,10.81,31.24
7.13,-0.75,9.32,31.21
6.14,-1.73,7.26,31.24
2.13,-0.74,7.52,31.26
2.02,-0.36,10.32,31.19
4.05,0.12,10.98,31.21
5.27,-0.75,8.98,31.19
3.07,-0.51,7.69,31.24
-1.22,-1.1,8.92,31.24
-1.78,-0.5,11.14,31.24
2.86,-1.05,11.91,31.22
3.68,-0.51,8.89,31.25
0.49,-1.42,7.8,31.26
-1.27,-1.97,9.65,31.23
0.01,-1.18,10.96,31.25
2.09,-1.36,11.95,31.24
5.77,-1.67,9.24,31.21
1.88,-2.44,8.49,31.24
-1.92,-2.22,9.75,31.24
1.22,-1.0,10.69,31.23
3.54,-0.73,11.36,31.26
5.1,-1.1,8.97,31.21
3.06,-1.42,8.74,31.24
-1.04,-2.2,9.79,31.24
-0.66,-0.12,9.55,31.2
1.27,-0.18,11.13,31.23
4.45,-1.38,9.75,31.22
2.84,-1.05,7.93,31.23
-2.98,-1.36,9.06,31.28
-1.71,-0.02,10.84,31.24
1.54,0.34,10.24,31.24
4.57,-0.34,8.37,31.23
3.91,-0.61,6.36,31.24
-1.61,-0.46,8.5,31.28
-1.48,-0.52,11.17,31.21
-2.55,-1.05,10.49,31.23
2.54,0.45,11.17,31.21
5.32,-0.32,7.45,31.26
4.11,0.49,5.99,31.23
-0.03,-0.8,8.25,31.27
-2.24,0.13,9.12,31.23
0.94,0.35,10.48,31.28
4.36,-0.17,8.06,31.2
3.53,-1.17,7.52,31.24
2.41,-1.22,8.43,31.26
1.7,-0.64,10.14,31.27
3.97,-0.67,11.45,31.22
4.94,-2.14,9.62,31.23
5.18,-1.7,8.45,31.2
1.6,-1.24,8.8,31.21
1.01,0.3,9.44,31.21
5.62,0.77,10.34,31.2
7.44,-1.03,9.09,31.22
3.56,-0.82,7.37,31.28
1.21,-1.77,7.69,31.21
1.22,-1.3,8.11,31.21
0.5,0.53,9.51,31.21
4.74,-0.33,10.57,31.23
8.02,0.26,8.29,31.24
4.59,-1.02,7.39,31.24
1.83,-1.81,8.74,31.24
-0.26,-0.42,10.26,31.25
3.17,-0.07,10.49,31.22
5.47,-0.34,9.44,31.21
4.19,-2.67,8.94,31.23
0.17,-1.46,9.43,31.26
-0.25,0.4,9.59,31.26
2.44,0.79,9.76,31.26
5.4,-0.99,9.62,31.24
4.47,-1.51,7.72,31.24
-0.54,-0.38,8.76,31.26
-1.5,-0.46,10.22,31.23
0.29,1.2,10.39,31.21
5.53,0.13,8.48,31.22
4.33,-1.2,7.2,31.22
-2.83,-1.31,9.61,31.25
-1.63,-0.66,11.13,31.23
0.0,-0.28,11.07,31.19
3.35,-0.81,9.45,31.22
1.15,-1.5,8.32,31.21
-6.18,-0.67,8.69,31.27
-3.77,-1.14,11.61,31.24
1.05,-0.38,11.19,31.23
4.72,-0.01,8.34,31.22
2.71,-1.02,7.22,31.25
-3.74,-0.49,8.32,31.21
-2.87,-0.67,12.24,31.23
0.54,-0.98,11.17,31.22
2.6,0.88,7.58,31.23
2.46,-1.3,7.47,31.26
-5.73,-1.41,9.79,31.19
-2.57,-0.78,11.16,31.24
2.85,-0.45,10.36,31.24
8.71,-1.66,7.68,31.19
6.11,-1.73,6.99,31.21
1.47,-0.6,7.47,31.25
-0.22,-0.92,9.83,31.22
2.76,0.57,10.62,31.23
8.11,-1.38,8.19,31.22
3.55,-1.15,7.3,31.27
0.56,-0.67,7.65,31.24
0.23,-0.25,10.09,31.25
1.97,-1.02,12.16,31.25
6.38,-0.76,8.71,31.21
5.0,-1.81,7.66,31.21
-1.64,-1.02,9.37,31.28
-2.01,-0.45,10.17,31.27
1.17,-1.15,12.4,31.29
4.84,-1.19,9.56,31.22
3.74,-1.65,7.95,31.22
0.53,-2.24,9.61,31.23
-0.63,-0.5,10.6,31.19
4.48,0.06,11.12,31.22
7.18,-0.77,8.94,31.23
2.7,-1.03,8.18,31.19
1.96,-1.56,9.35,31.24
1.7,-1.43,10.92,31.23
4.31,1.63,8.06,31.25
5.32,0.14,8.62,31.26
2.28,-1.17,7.64,31.24
5.44,-1.04,9.45,31.26
3.34,-0.09,5.63,31.23
-0.68,0.51,7.64,31.25
-2.96,-0.87,11.45,31.25
5.02,0.42,9.43,31.25
5.6,-0.33,7.6,31.25
-0.28,0.21,5.66,31.22
-5.49,-0.33,9.17,31.23
-0.82,-1.36,12.22,31.23
4.08,0.2,9.25,31.24
2.84,-0.12,6.62,31.22
0.87,1.47,5.38,31.23
-2.85,-0.54,7.85,31.22
2.38,-0.22,6.43,31.28
0.54,-0.15,6.72,31.19
-4.83,-0.51,9.18,31.24
-2.54,-0.71,11.8,31.25
1.53,0.69,10.41,31.24
2.43,-0.41,7.71,31.24
0.44,-0.8,7.43,31.26
-3.32,-0.89,9.62,31.24
-0.32,-1.76,11.9,31.25
2.1,-1.87,11.96,31.22
3.89,-1.21,8.79,31.23
8.07,-2.51,7.87,31.24
1.65,-1.26,9.06,31.21
1.08,0.08,10.06,31.23
5.89,-0.93,11.31,31.25
7.02,-1.53,8.48,31.28
4.88,-1.34,7.12,31.23
1.92,-0.03,7.26,31.26
1.03,1.11,9.12,31.27
-1.8,-0.87,10.64,31.2
0.73,-0.92,11.14,31.27
4.41,0.15,10.67,31.23
8.39,-2.2,9.0,31.21
0.76,-1.85,8.59,31.23
-1.77,-1.05,10.33,31.22
1.97,-0.79,11.96,31.22
4.52,0.13,10.23,31.23
5.3,0.42,7.84,31.22
2.94,-0.72,7.24,31.26
-0.89,-0.04,9.57,31.23
-0.42,0.21,10.45,31.25
4.89,1.04,8.82,31.22
4.68,-0.24,8.24,31.25
-1.94,-0.25,6.93,31.26
-3.09,-0.1,9.81,31.24
-0.63,-0.51,11.45,31.25
0.98,1.17,9.09,31.2
4.32,-0.44,8.2,31.19
-0.29,-1.75,8.03,31.22
-5.46,-1.39,10.67,31.23
-1.15,-0.64,12.18,31.22
1.12,0.3,10.55,31.25
3.24,-1.13,8.81,31.24
-1.16,-2.46,8.43,31.23
-5.51,-0.38,9.56,31.25
0.08,-0.04,10.93,31.23
3.49,-0.2,10.66,31.22
4.98,-0.28,7.8,31.26
1.59,-1.72,7.6,31.22
-2.09,-1.74,10.89,31.22
-1.02,0.13,10.86,31.25
3.8,0.85,8.7,31.22
5.8,-1.67,8.36,31.22
0.65,-0.66,6.86,31.25
-1.92,-0.16,8.59,31.2
0.94,0.82,10.49,31.23
3.39,0.12,8.97,31.2
4.83,0.13,6.34,31.17
1.7,-1.03,6.78,31.24
3.45,-0.53,7.96,31.22
0.31,-1.48,7.87,31.2
-2.48,-1.58,10.69,31.24
-1.22,0.24,11.08,31.22
2.7,0.35,9.01,31.23
4.88,-0.77,8.07,31.27
-1.25,-1.39,6.11,31.22
-4.05,-0.2,9.29,31.23
0.77,-0.91,11.67,31.23
2.64,0.46,9.42,31.22
4.92,-0.15,7.28,31.2
2.35,-0.59,7.15,31.22
-4.32,-0.01,8.66,31.22
-0.15,-0.36,10.52,31.24
2.81,0.57,8.78,31.25
2.83,-0.1,7.37,31.25
-0.37,-0.87,7.95,31.2
-3.49,-0.04,8.92,31.24
-0.76,0.94,9.88,31.21
-1.38,-1.51,7.63,31.2
-4.72,-2.55,10.52,31.26
-1.9,-1.54,12.66,31.24
1.74,-0.95,10.12,31.22
2.96,-0.29,7.76,31.2
1.33,-1.82,8.24,31.2
-1.81,-1.76,10.99,31.2
2.88,-0.62,11.37,31.2
6.55,-0.57,10.17,31.25
5.41,-0.55,7.9,31.24
3.98,-0.62,7.08,31.24
-1.68,-0.47,9.29,31.25
0.41,0.21,10.15,31.27
6.02,0.25,9.2,31.21
6.5,-1.64,7.07,31.23
3.11,0.17,5.48,31.25
1.15,0.05,8.15,31.22
2.08,1.26,10.25,31.23
0.53,-0.09,11.37,31.27
5.44,0.06,7.85,31.23
3.34,-0.22,8.15,31.21
4.01,0.47,6.84,31.26
-0.51,-0.78,7.34,31.19
-2.32,-0.08,9.46,31.23
0.72,-0.65,10.79,31.23
5.41,0.06,8.6,31.21
5.59,-0.82,7.24,31.23
0.36,-0.78,6.52,31.23
-2.52,0.06,9.09,31.23
1.73,-0.97,11.65,31.26
2.55,-0.22,9.53,31.26
2.97,-0.83,7.47,31.26
-1.39,-0.71,8.17,31.29
-5.62,-0.99,10.01,31.24
0.08,-0.91,11.33,31.22
3.55,0.45,8.31,31.26
3.22,-0.47,7.02,31.28
-0.59,-1.03,8.3,31.24
-3.38,-0.78,9.69,31.26
0.6,0.66,10.27,31.28
3.79,-0.79,9.07,31.24
3.11,-1.86,8.56,31.24
-3.69,-1.02,9.28,31.27
-1.36,0.55,10.32,31.19
1.2,0.38,10.47,31.26
4.54,-0.23,8.6,31.26
1.22,-2.0,8.62,31.21
-4.02,-1.58,9.42,31.2
-3.04,-0.42,11.38,31.24
-0.42,-0.32,10.99,31.22
3.23,-0.36,8.59,31.26
0.21,-2.8,8.68,31.23
-4.58,-1.25,10.63,31.26
-0.85,-1.21,11.9,31.23
2.48,-0.92,11.26,31.25
5.93,-1.31,8.9,31.27
2.5,-2.51,8.77,31.23
-3.38,-1.87,10.69,31.27
0.11,-0.39,11.37,31.22
5.87,-1.38,7.28,31.25
2.56,-0.2,6.08,31.27
-4.94,-0.77,8.77,31.26
-0.83,-0.28,11.39,31.22
3.69,-0.39,10.75,31.23
1.76,0.27,6.96,31.22
-0.43,-0.42,6.77,31.26
-2.79,0.16,8.74,31.22
-1.07,0.1,10.25,31.19
1.96,0.1,9.92,31.22
4.33,-1.07,7.63,31.18
2.72,-1.56,6.92,31.24
-1.27,-0.9,9.24,31.27
2.34,-0.11,10.96,31.23
5.05,0.65,8.97,31.25
7.55,0.32,6.15,31.22
5.24,0.12,6.22,31.27
-0.42,-0.91,8.33,31.24
0.65,1.01,9.54,31.22
0.82,0.86,9.74,31.26
4.18,-0.75,9.3,31.22
1.14,-2.03,7.93,31.25
-5.52,-1.61,10.24,31.24
-1.36,-0.52,11.43,31.24
2.73,-0.6,10.7,31.25
5.26,-1.39,9.11,31.25
0.87,-1.42,8.39,31.23
-3.99,-0.71,10.75,31.2
0.32,0.1,11.02,31.22
3.39,-0.49,10.31,31.24
4.43,0.4,7.02,31.23
-0.03,-1.12,7.03,31.23
-4.63,-1.17,10.23,31.27
-1.53,-0.73,11.19,31.22
1.56,0.4,9.56,31.22
4.9,0.24,7.1,31.22
-0.54,-1.04,6.85,31.24
-4.81,-0.51,9.73,31.2
1.1,-0.33,11.24,31.24
1.49,-0.06,9.78,31.25
3.54,0.14,6.64,31.22
1.01,-1.64,7.7,31.27
-4.87,-0.05,9.73,31.24
0.64,0.68,11.1,31.26
4.11,-1.62,9.65,31.24
4.18,0.93,6.28,31.3
1.3,-0.97,7.01,31.22
-1.51,1.01,8.35,31.23
0.08,0.4,10.12,31.21
3.62,0.15,8.87,31.25
1.99,-0.86,8.59,31.22
-3.27,-0.4,7.4,31.22
-6.41,-1.11,10.26,31.26
-4.58,-0.97,12.58,31.22
1.72,0.6,9.5,31.24
4.56,-1.89,8.44,31.22
-1.28,-0.93,7.92,31.22
-2.45,-1.19,9.31,31.25
-2.74,-2.4,10.01,31.25
-1.45,-0.58,10.11,31.21
1.3,-0.19,11.35,31.29
6.2,0.61,8.84,31.27
5.61,-1.88,7.25,31.26
0.5,-1.45,8.59,31.25
0.84,-0.31,10.24,31.21
2.04,-1.4,10.52,31.24
5.42,0.93,7.85,31.24
5.27,-1.58,7.98,31.27
0.52,-1.51,8.56,31.22
0.56,-1.14,10.51,31.2
5.07,-0.2,10.91,31.24
6.79,-1.66,10.59,31.23
7.81,-0.02,7.53,31.25
2.53,-1.31,6.53,31.27
-2.58,-1.24,8.74,31.26
1.76,-0.46,10.01,31.23
2.44,-0.02,10.57,31.23
3.14,0.07,7.35,31.21
2.02,-1.39,7.27,31.23
-3.48,-1.92,9.48,31.23
-1.73,-0.66,10.9,31.23
2.04,0.4,10.23,31.24
4.7,-0.77,8.1,31.23
-0.54,-2.24,7.29,31.24
-4.17,-1.78,10.01,31.19
0.99,-1.21,11.09,31.23
4.21,1.83,8.69,31.29
4.86,-0.01,7.57,31.26
0.73,-0.75,6.2,31.24
-2.41,-1.29,9.51,31.27
-1.61,0.28,10.47,31.22
2.35,0.36,9.55,31.21
2.69,0.09,7.08,31.24
0.41,-0.86,6.83,31.21
-4.17,-1.41,9.99,31.24
-2.07,-1.04,11.48,31.27
4.11,-0.1,9.32,31.26
2.97,-0.12,7.74,31.25
-0.76,-0.96,7.84,31.22
-0.87,-1.93,8.86,31.2
-0.91,-1.0,10.08,31.22
0.82,-0.1,10.73,31.21
4.0,-0.06,10.9,31.24
3.39,-1.54,8.58,31.23
-1.48,-0.72,7.88,31.21
-1.33,-1.41,10.66,31.28
-0.18,-1.0,12.71,31.27
4.91,-0.25,10.22,31.24
3.24,-1.75,8.26,31.23
-2.31,-0.84,8.29,31.19
-0.36,-1.07,10.69,31.27
2.92,-0.1,11.48,31.21
5.09,0.65,9.47,31.23
3.49,-0.38,7.76,31.24
-1.63,-1.45,8.74,31.22
-1.83,-0.55,9.58,31.22
2.46,-1.57,12.76,31.25
3.38,-0.08,9.93,31.23
2.45,-0.06,11.0,31.25
4.36,1.22,8.41,31.26
4.84,-1.13,7.42,31.22
-2.52,-0.6,7.59,31.24
-3.76,-1.52,11.26,31.25
0.86,0.89,10.18,31.24
3.65,-0.3,8.37,31.26
3.48,-1.14,6.31,31.26
-2.61,0.25,7.52,31.24
-3.64,-1.22,11.23,31.2
-0.15,0.76,10.36,31.24
2.43,0.11,7.99,31.28
0.32,-0.98,6.75,31.2
-5.83,0.35,7.2,31.22
-3.75,-0.28,11.08,31.23
-0.09,0.06,11.02,31.24
1.88,-0.28,8.28,31.23
1.3,-0.41,6.67,31.21
-4.09,-0.8,8.14,31.24
-3.52,-0.43,10.97,31.24
-2.7,-0.82,9.6,31.18
-1.1,-0.28,11.02,31.23
4.35,-0.37,11.21,31.25
5.54,-1.02,9.17,31.24
2.34,-2.0,8.88,31.16
-1.36,-1.01,9.17,31.22
0.87,-0.6,10.92,31.24
1.68,0.56,10.44,31.23
5.18,0.05,8.87,31.24
5.17,-1.7,7.68,31.23
-1.07,-0.91,8.24,31.23
-2.49,0.64,10.95,31.29
1.58,-0.79,11.25,31.25
5.69,-1.73,8.94,31.23
2.38,-1.75,7.37,31.21
-1.5,-0.74,9.27,31.24
-0.18,-0.13,10.93,31.24
2.9,0.46,8.65,31.22
4.67,0.11,8.01,31.22
3.35,-1.29,7.35,31.25
-2.64,0.1,6.45,31.27
-1.9,0.73,9.98,31.24
0.89,-0.8,11.22,31.27
4.64,1.06,7.53,31.23
4.99,-0.85,6.73,31.23
-1.01,0.66,6.27,31.24
-2.45,0.17,10.14,31.22
2.53,-0.18,10.2,31.24
3.87,-0.31,8.26,31.2
2.85,-1.06,7.65,31.22
-0.28,0.03,7.79,31.26
-0.35,0.31,9.64,31.23
3.31,0.95,9.98,31.19
6.48,-0.8,8.15,31.22
6.37,-1.55,6.76,31.19
0.13,-0.2,7.27,31.21
-0.49,0.43,9.11,31.18
6.36,0.41,9.93,31.26
6.78,-0.43,7.25,31.24
1.13,-1.24,10.69,31.21
2.63,0.02,11.22,31.23
4.5,-1.22,9.15,31.24
4.48,-0.77,7.63,31.21
1.33,-0.44,7.73,31.26
-2.12,-0.57,10.23,31.22
1.76,0.07,10.31,31.25
5.66,-0.65,9.07,31.23
5.66,-1.26,7.24,31.21
3.82,-1.67,8.16,31.24
1.65,-0.49,10.12,31.24
1.98,-0.63,10.57,31.23
6.79,-2.23,10.42,31.22
6.07,-2.28,8.07,31.26
2.0,-1.29,8.48,31.26
0.13,0.0,9.8,31.19
4.15,-0.42,11.06,31.23
8.17,-1.04,9.09,31.2
7.31,-1.24,6.74,31.24
2.84,0.51,10.02,31.18
4.92,0.0,8.96,31.23
2.69,-2.13,8.69,31.23
-2.9,-1.01,9.22,31.22
-2.04,-0.43,11.13,31.22
0.69,0.01,11.03,31.28
4.96,-1.01,9.88,31.26
2.34,-1.53,7.81,31.25
-4.09,-0.25,9.05,31.23
-0.96,-0.42,10.78,31.22
1.67,0.26,10.6,31.23
3.85,-1.72,9.67,31.23
1.8,-1.75,8.42,31.24
-3.73,-2.0,9.19,31.23
-0.87,-1.64,11.96,31.27
0.47,-0.34,11.41,31.22
3.47,0.24,9.38,31.22
1.91,-1.39,8.11,31.24
-3.12,-2.12,9.15,31.23
-3.59,-1.88,10.22,31.24
1.19,-0.44,12.09,31.22
2.61,0.55,9.58,31.22
5.07,-0.82,7.43,31.22
-0.96,-1.6,8.41,31.25
-3.91,-0.48,10.02,31.23
-0.82,0.41,10.91,31.22
0.42,0.71,9.61,31.21
5.08,-1.21,8.16,31.26
-0.19,-2.08,7.74,31.24
-5.48,-0.34,10.08,31.25
1.06,-0.05,11.49,31.21
2.66,0.68,9.14,31.24
4.03,0.34,6.52,31.18
0.11,-0.84,6.86,31.24
-3.62,-0.98,10.69,31.22
2.94,0.19,10.47,31.26
6.47,-0.15,8.94,31.21
6.46,0.41,4.76,31.22
-1.21,-0.99,7.12,31.22
-4.21,-0.02,9.74,31.24
-2.23,-2.87,9.18,31.24
-3.18,-0.96,11.66,31.22
2.62,-0.76,10.93,31.23
2.84,0.35,9.87,31.21
3.56,-2.76,8.52,31.21
0.24,-0.61,7.64,31.23
-4.0,-2.09,12.26,31.25
0.74,1.05,9.83,31.27
7.12,0.68,8.7,31.22
2.99,-0.23,6.97,31.23
-2.82,-0.53,8.04,31.2
-2.5,-1.71,11.71,31.26
-0.9,-0.15,10.45,31.26
2.6,-0.86,9.8,31.22
3.19,-0.78,7.62,31.27
-2.4,-1.56,9.24,31.26
-2.17,-1.23,11.25,31.26
1.69,-0.35,11.22,31.2
2.38,0.21,8.24,31.27
1.08,-1.2,9.58,31.24
-0.2,0.14,9.44,31.19
5.03,0.13,10.59,31.22
7.83,-0.96,8.78,31.22
5.01,-0.93,6.26,31.22
1.28,0.13,7.01,31.22
-0.44,0.5,9.3,31.21
3.67,0.22,9.77,31.21
6.46,-0.57,7.75,31.22
5.05,-1.16,7.02,31.24
1.08,-0.15,7.09,31.21
0.29,-0.01,9.69,31.21
4.55,0.19,10.24,31.21
7.4,-0.62,8.08,31.2
3.98,-2.3,7.95,31.16
-0.33,-1.22,8.7,31.23
1.56,-1.26,10.6,31.19
4.63,-0.26,10.67,31.23
7.99,-0.07,8.17,31.22
7.15,-1.59,6.37,31.2
4.69,-0.91,9.87,31.2
3.7,-1.13,7.23,31.2
3.9,0.23,5.65,31.21
-0.83,-0.43,8.96,31.2
-0.14,-0.42,10.84,31.22
4.13,0.22,9.91,31.19
5.07,-0.36,7.65,31.2
1.33,-0.53,6.74,31.22
-1.51,0.27,8.65,31.22
2.03,-0.67,10.82,31.23
3.63,0.52,10.18,31.24
4.11,-0.43,7.41,31.21
2.96,-2.32,8.01,31.23
-1.56,-0.65,9.51,31.2
1.92,-1.25,11.6,31.22
5.78,0.96,9.39,31.23
4.7,-1.59,8.23,31.19
1.24,-0.87,7.83,31.2
-1.59,-1.0,9.51,31.23
0.51,-1.36,8.62,31.19
0.25,-0.8,9.8,31.23
4.16,-1.35,11.75,31.27
7.36,-1.13,8.58,31.21
5.35,-1.56,7.68,31.25
4.48,-2.46,8.99,31.22
1.25,-1.0,10.53,31.22
2.55,-1.02,11.27,31.23
8.99,-0.94,9.05,31.2
5.77,-2.07,9.05,31.22
0.54,-0.8,7.75,31.18
1.44,0.53,9.22,31.21
1.74,0.02,11.2,31.19
5.61,-0.06,9.1,31.19
5.67,-0.98,7.02,31.23
2.23,-1.07,7.81,31.22
-0.73,-0.43,10.46,31.23
3.3,0.28,10.15,31.2
4.58,-0.15,8.82,31.23
2.27,-1.19,6.87,31.24
5.73,-0.79,7.63,31.24
3.2,-1.48,7.33,31.19
-0.13,-1.09,9.22,31.23
0.35,-0.98,10.97,31.22
4.43,-0.62,10.24,31.22
8.71,-1.41,8.26,31.23
6.15,-1.38,7.05,31.22
1.26,-0.16,8.32,31.23
0.63,-0.96,11.42,31.23
4.62,-0.8,10.67,31.26
6.27,-0.02,7.23,31.19
5.19,-1.9,7.8,31.22
-0.21,-1.19,9.22,31.23
0.68,0.84,9.72,31.22
5.02,-0.22,10.22,31.23
5.09,-1.75,8.15,31.27
4.47,-1.49,8.27,31.23
2.27,-2.05,9.78,31.27
0.01,0.74,9.8,31.22
3.78,0.92,10.31,31.19
4.27,0.8,9.75,31.24
2.79,0.03,9.2,31.25
2.82,-0.71,7.41,31.21
-1.0,-0.46,6.99,31.22
-2.75,-0.59,9.74,31.21
0.5,-1.08,11.2,31.23
2.09,-0.61,9.78,31.25
3.96,-1.23,8.53,31.21
3.28,-1.7,8.05,31.22
-3.41,-0.98,9.92,31.25
0.01,0.3,10.66,31.2
4.55,0.15,8.93,31.22
6.17,-0.41,6.92,31.23
3.76,-0.15,6.72,31.19
-1.73,-0.18,9.29,31.23
0.14,-0.06,10.58,31.24
3.9,0.72,9.0,31.21
5.28,-1.81,7.76,31.22
1.62,0.75,6.93,31.2
7.1,-2.01,9.01,31.28
6.29,-1.69,7.81,31.21
3.28,-1.78,8.79,31.24
-0.21,-0.54,9.59,31.3
2.2,-0.17,10.57,31.23
6.7,-0.27,10.29,31.23
5.15,-1.13,7.62,31.19
0.09,-1.56,8.35,31.2
-0.92,-0.93,10.21,31.24
1.31,-0.84,12.81,31.21
2.72,-2.1,11.61,31.23
3.19,-1.53,8.16,31.19
0.78,-1.47,8.26,31.22
-2.11,-0.26,10.71,31.18
3.13,0.19,10.89,31.19
5.31,-1.64,10.52,31.22
3.56,-1.58,7.97,31.24
1.79,-1.43,9.19,31.22
1.07,-0.89,10.47,31.23
1.38,0.15,10.96,31.24
5.53,-0.28,10.04,31.22
5.18,-1.8,8.44,31.22
-3.6,-1.31,8.77,31.22
-1.36,-0.78,10.79,31.24
1.45,1.42,10.29,31.24
4.48,0.01,9.49,31.19
3.43,-0.63,7.58,31.22
-1.81,-1.09,8.63,31.19
-2.92,0.28,10.53,31.25
-0.18,1.69,9.37,31.21
3.91,0.7,8.45,31.22
1.22,-1.11,8.28,31.23
-3.87,-1.59,8.91,31.22
-2.95,-0.7,11.18,31.18
-1.23,0.3,10.8,31.25
2.84,0.04,9.16,31.25
2.74,-1.97,7.98,31.24
-3.91,-1.27,8.56,31.22
-2.49,-0.46,10.94,31.22
1.62,0.95,9.87,31.2
-0.59,-3.43,10.08,31.22
-3.21,-0.78,10.59,31.21
0.51,-0.64,11.86,31.23
4.29,-1.17,10.52,31.21
3.24,-2.89,9.05,31.21
-1.92,-2.0,9.5,31.23
-1.13,-1.46,10.76,31.22
1.03,0.19,10.49,31.23
4.43,-0.31,9.45,31.18
6.05,-0.89,8.89,31.2
1.62,-1.54,7.88,31.25
-1.31,-1.56,10.13,31.24
3.4,0.2,10.38,31.24
4.92,-0.5,9.29,31.24
4.25,-1.39,6.41,31.2
1.06,-2.1,8.14,31.24
-5.35,-1.13,10.56,31.23
1.02,-0.12,10.86,31.21
4.06,-0.35,9.49,31.18
2.49,0.66,9.58,31.23
5.42,-0.56,10.22,31.22
6.55,-1.72,7.84,31.23
-0.5,-1.67,8.46,31.23
-1.26,-1.64,11.1,31.27
0.64,-0.71,12.61,31.23
3.98,-0.82,10.82,31.22
5.05,-2.19,8.97,31.24
-2.68,-1.95,8.91,31.19
-3.17,-1.12,10.43,31.23
-0.06,-0.42,11.64,31.2
4.27,-0.89,10.61,31.22
3.17,-1.6,8.66,31.22
-2.14,-2.17,9.35,31.24
-0.93,-0.96,11.33,31.19
0.34,0.25,11.88,31.19
6.55,-0.81,9.47,31.23
6.25,-1.94,7.6,31.2
-2.55,-0.95,7.76,31.2
-1.91,-0.92,10.96,31.24
-5.18,-1.2,10.45,31.23
-1.32,-1.19,11.09,31.2
1.4,-0.18,11.85,31.24
3.38,-0.12,10.43,31.21
6.33,-0.65,7.47,31.23
-0.52,-1.71,9.07,31.21
-1.15,-0.91,10.03,31.21
2.58,0.35,9.98,31.14
5.33,-1.45,11.01,31.2
5.71,-1.08,7.43,31.18
2.13,-1.19,7.67,31.22
-1.18,-0.92,10.36,31.22
0.5,0.65,11.12,31.18
6.62,-0.34,8.94,31.2
5.46,-0.41,7.44,31.18
-2.52,-0.97,8.18,31.24
-2.16,-0.04,10.33,31.22
2.15,0.08,11.46,31.21
2.53,0.5,8.27,31.25
2.6,0.02,10.4,31.2
4.95,-0.11,9.08,31.2
3.52,-1.81,6.99,31.22
-0.01,-0.54,7.69,31.24
0.56,-0.2,9.91,31.25
2.67,-0.51,11.15,31.17
5.57,-0.4,9.5,31.24
3.6,-1.58,7.84,31.22
0.41,-1.08,8.71,31.22
2.06,-1.56,10.24,31.22
5.49,-0.28,11.5,31.19
7.13,-1.63,9.12,31.2
4.11,-1.87,7.41,31.27
0.18,-1.22,9.24,31.2
-0.2,-1.2,10.47,31.23
3.25,0.54,10.69,31.21
7.64,-1.26,8.99,31.21
3.6,-1.16,7.53,31.2
1.07,-1.88,9.11,31.23
1.14,-0.5,10.56,31.25
2.04,-1.59,8.87,31.2
2.13,-1.0,8.36,31.22
-0.23,0.03,9.99,31.24
4.07,-0.16,10.99,31.19
6.73,-0.94,8.97,31.24
2.47,-1.58,7.26,31.23
-2.48,-1.09,9.3,31.22
-1.44,0.26,11.07,31.24
2.82,1.06,9.28,31.2
5.25,0.5,7.53,31.21
1.21,-0.96,7.1,31.19
-4.92,-0.18,8.94,31.27
-1.94,-0.44,11.27,31.21
1.46,0.52,9.42,31.22
4.87,-0.07,7.86,31.24
3.4,-1.52,7.78,31.22
-1.85,-0.79,9.54,31.25
0.48,0.1,10.56,31.23
0.44,-0.16,9.79,31.22
3.53,-0.37,9.09,31.21
1.36,-2.79,8.54,31.23
-3.71,-1.26,9.74,31.24
-1.28,0.12,10.22,31.2
0.39,-0.11,9.94,31.24
2.43,-0.11,8.03,31.2
0.83,-1.88,7.54,31.2
-3.65,-0.53,8.83,31.21
0.36,-0.4,10.39,31.22
2.46,-0.47,10.18,31.2
5.18,-0.62,8.25,31.22
2.27,-1.41,6.93,31.2
-4.07,-0.19,8.83,31.2
-1.6,-0.39,11.32,31.21
2.46,-0.56,9.58,31.2
3.23,-0.39,7.16,31.21
0.31,-1.2,7.24,31.22
-4.87,-0.3,9.03,31.24
-2.42,-0.97,11.67,31.22
1.3,-0.17,10.26,31.19
5.29,-0.69,6.97,31.2
5.2,0.21,6.99,31.22
0.62,-1.25,6.35,31.21
-5.83,-0.15,10.28,31.23
-0.06,-0.41,10.8,31.19
1.7,1.43,8.31,31.19
2.12,0.31,7.16,31.2
-1.74,-1.5,8.07,31.24
-4.29,-0.69,11.13,31.2
0.7,-1.37,11.52,31.17
2.59,-0.49,10.09,31.26
3.1,-0.29,6.42,31.21
-0.39,-1.0,6.96,31.24
-3.31,-0.48,10.32,31.18
0.17,0.0,11.49,31.21
3.59,1.06,8.78,31.23
3.59,-0.96,7.5,31.22
0.25,-0.28,6.97,31.22
-1.41,0.08,8.85,31.23
-0.68,-0.13,10.72,31.23
8.48,-1.4,8.87,31.25
7.42,-0.63,7.07,31.26
4.28,-2.07,7.95,31.24
-0.38,-0.28,8.97,31.23
3.55,-0.3,9.79,31.22
5.41,0.27,10.16,31.24
6.21,-0.62,7.31,31.23
4.7,-1.07,7.58,31.22
-1.07,-1.63,9.49,31.22
0.47,0.91,10.13,31.22
4.47,-0.87,11.63,31.25
5.31,-1.55,8.34,31.2
1.41,-1.94,8.48,31.23
-0.59,-1.91,9.84,31.24
1.87,0.55,10.17,31.23
4.61,-0.26,10.43,31.22
5.4,0.3,6.79,31.19
-0.72,-0.52,7.13,31.22
-1.73,-1.33,9.88,31.21
1.36,0.51,10.03,31.25
-3.11,-0.37,10.92,31.21
0.46,-1.52,11.25,31.22
1.69,0.5,10.55,31.23
4.36,-1.02,9.46,31.24
3.2,-2.05,8.78,31.22
-1.25,-1.96,9.6,31.24
-1.3,-0.78,11.55,31.21
2.94,-0.11,11.13,31.23
5.75,-1.58,10.29,31.26
2.08,-3.3,9.32,31.23
-0.05,-1.58,9.26,31.19
1.56,-1.0,12.13,31.27
5.6,0.41,10.06,31.24
8.33,-0.26,8.08,31.2
3.05,-1.11,6.69,31.24
-1.9,-0.77,9.42,31.24
-1.0,-1.14,11.34,31.23
1.67,1.14,10.0,31.25
6.48,-0.06,8.05,31.25
3.68,-1.64,7.26,31.23
-3.34,-1.09,9.6,31.25
-0.42,0.14,10.47,31.24
-0.07,0.67,10.22,31.23
1.9,-0.22,8.25,31.19
-0.55,-2.41,8.68,31.24
-6.03,-1.98,10.74,31.22
-2.32,-0.88,12.48,31.21
0.51,-0.12,11.17,31.23
2.59,-0.52,8.98,31.26
0.23,-2.14,8.73,31.22
-4.66,-2.07,10.38,31.24
-1.08,-0.78,12.51,31.24
3.33,-0.13,10.51,31.25
5.94,-0.2,7.46,31.22
2.14,-1.26,7.16,31.24
-1.03,-0.76,9.6,31.23
1.72,-0.41,11.01,31.24
5.53,0.08,9.8,31.26
7.52,-0.6,7.86,31.2
4.86,-0.98,6.03,31.23
3.9,0.04,8.01,31.2
2.74,-0.34,7.33,31.22
-1.6,-0.23,6.85,31.21
-4.35,-1.36,10.82,31.23
0.22,0.18,10.32,31.2
3.97,0.4,8.6,31.22
5.07,-0.8,7.18,31.2
-2.56,-0.99,7.56,31.2
-4.62,-1.21,11.09,31.21
0.93,-1.26,11.69,31.22
1.63,-0.63,10.32,31.21
2.54,0.11,6.93,31.21
-1.79,-1.7,8.45,31.23
-5.87,-1.64,11.42,31.24
-1.72,-0.47,11.8,31.21
2.94,-0.71,9.75,31.25
2.96,-0.23,7.45,31.22
-4.19,-1.02,8.32,31.19
-5.07,-0.58,11.16,31.19
5.6,-2.01,8.67,31.21
2.19,-2.08,8.84,31.22
-0.78,0.22,9.4,31.24
1.32,0.3,11.42,31.24
3.91,-1.3,11.26,31.19
4.8,-2.1,8.85,31.18
0.72,-1.93,9.02,31.18
-0.36,-1.64,10.48,31.2
0.84,-0.11,9.48,31.27
6.54,-0.04,9.74,31.21
8.37,-0.51,9.08,31.21
3.37,-1.45,7.56,31.22
0.18,-1.59,9.03,31.22
0.76,-1.1,10.49,31.25
3.92,-1.19,11.79,31.23
7.67,-0.02,8.42,31.23
5.11,-1.02,7.73,31.22
-1.26,-1.4,8.9,31.2
-1.34,-0.34,9.69,31.26
2.8,-0.97,11.67,31.19
-2.6,-0.17,7.58,31.19
-6.13,-1.25,9.55,31.22
-5.46,-0.68,11.75,31.24
0.86,-0.16,11.0,31.22
4.24,-0.24,8.8,31.21
2.61,-1.19,7.71,31.22
-2.52,-2.39,10.29,31.22
-1.62,-1.92,12.24,31.19
2.0,0.8,10.67,31.22
3.74,-0.1,8.15,31.23
2.33,-1.36,7.76,31.22
-1.51,-0.97,9.09,31.24
-0.11,-0.24,11.83,31.22
3.54,0.22,10.31,31.22
6.13,-0.25,7.61,31.2
5.22,-1.31,7.86,31.22
-1.04,-0.57,9.26,31.24
0.3,0.12,10.49,31.23
4.28,0.39,9.68,31.26
4.18,0.94,7.16,31.18
3.65,-0.79,6.77,31.22
-0.8,-0.26,7.8,31.24
0.28,0.26,10.67,31.23
4.93,0.96,9.45,31.19
5.55,0.45,7.46,31.2
3.95,-0.42,5.93,31.22
-0.46,0.4,8.08,31.22
-0.19,-0.6,11.37,31.2
3.17,-0.25,10.78,31.22
5.9,-0.22,7.58,31.21
4.32,-0.56,7.22,31.22
-1.19,-0.42,8.71,31.2
-0.29,0.19,10.58,31.19
3.4,0.28,10.04,31.16
4.37,-0.19,7.33,31.21
2.88,-0.69,6.82,31.22
-0.77,-0.57,8.2,31.17
-0.86,1.35,9.18,31.19
3.24,-0.16,9.97,31.18
4.08,-1.09,7.98,31.26
4.22,-1.3,9.88,31.22
0.99,-2.09,8.83,31.23
-2.14,-2.38,10.66,31.22
-0.09,-1.17,11.51,31.22
3.09,0.21,10.16,31.18
6.57,0.16,8.26,31.18
3.3,-0.93,7.09,31.22
-3.01,-1.07,8.77,31.23
-1.09,-0.11,10.82,31.22
2.05,-0.04,10.72,31.26
4.63,-0.46,8.39,31.19
4.39,-1.34,7.38,31.2
-1.25,-1.25,10.23,31.23
-1.01,-1.51,12.22,31.25
4.5,-0.5,10.69,31.21
5.55,-1.66,8.68,31.27
2.72,-0.83,6.81,31.21
-4.0,-0.02,8.46,31.23
-1.25,-0.38,10.65,31.2
2.02,0.21,10.36,31.25
5.95,-0.28,9.64,31.24
6.15,-1.66,7.22,31.19
0.62,-1.66,8.75,31.23
-0.21,-0.81,10.63,31.22
2.56,-0.61,10.61,31.21
7.31,1.01,9.14,31.25
6.28,-1.94,7.45,31.21
-1.73,-0.06,7.63,31.23
-0.21,-0.45,10.55,31.19
2.49,-0.18,10.12,31.22
4.25,1.66,7.73,31.21
4.01,-1.63,7.75,31.18
-2.19,-1.13,8.6,31.22
-1.02,-0.24,10.56,31.26
2.73,0.27,10.11,31.24
4.99,0.08,8.58,31.24
6.77,-0.22,7.78,31.23
2.91,-1.2,7.22,31.23
-3.52,-0.84,9.48,31.21
5.44,-1.31,8.47,31.23
4.89,-2.46,8.62,31.17
0.91,-1.31,8.43,31.21
-0.29,0.55,10.7,31.19
1.43,-1.71,11.55,31.21
3.59,-1.1,8.1,31.21
0.75,-1.78,8.22,31.2
-2.48,-1.64,10.32,31.27
0.01,0.14,10.44,31.23
4.62,-1.2,10.83,31.24
5.67,-1.18,8.05,31.18
1.24,-1.35,7.88,31.22
-1.75,-2.21,10.17,31.2
1.61,0.75,9.36,31.24
5.87,-0.54,10.11,31.19
6.02,-1.19,8.83,31.27
3.97,-1.82,7.47,31.24
-0.63,-0.57,7.88,31.2
-1.48,-0.65,10.34,31.2
2.28,-0.26,11.8,31.17
5.23,0.33,8.87,31.19
3.49,-1.63,8.54,31.23
-1.55,-1.97,10.02,31.22
0.32,-0.73,11.43,31.23
3.87,-0.97,11.68,31.25
4.72,-0.16,9.24,31.23
1.19,-1.59,7.91,31.2
-1.81,-1.72,10.47,31.18
-0.44,-1.23,10.99,31.26
1.93,0.25,10.22,31.2
6.18,-0.56,8.89,31.24
1.84,-1.82,8.45,31.21
-3.9,-1.8,9.81,31.22
0.14,-0.1,10.4,31.25
1.62,0.61,10.22,31.22
3.33,-0.46,8.57,31.25
2.53,-0.99,7.25,31.2
-3.62,-1.22,8.76,31.21
-2.0,-0.27,11.2,31.21
1.62,-0.35,10.63,31.23
-2.29,-0.51,7.6,31.24
-4.17,-1.75,9.28,31.22
-0.94,-0.79,11.53,31.23
0.49,0.79,10.05,31.2
1.91,0.61,8.25,31.24
0.48,-1.08,7.57,31.22
-5.16,-1.61,9.04,31.2
-3.37,-0.62,11.51,31.22
0.43,0.42,9.73,31.23
2.33,0.46,8.44,31.24
3.26,-1.1,6.9,31.19
-2.19,-0.59,7.46,31.24
-5.14,-0.28,11.05,31.23
0.12,0.74,10.66,31.23
2.98,-0.56,7.92,31.2
1.53,-0.52,6.48,31.2
-3.6,-1.71,8.73,31.25
-2.4,0.14,11.17,31.22
2.49,-0.12,10.09,31.25
2.27,0.08,7.57,31.23
2.68,-0.89,7.35,31.19
-0.83,-1.41,9.48,31.21
-0.99,0.3,10.7,31.22
2.92,1.54,8.82,31.22
3.98,0.04,7.47,31.2
2.26,-1.24,7.76,31.19
-1.97,-0.85,8.83,31.24
1.98,0.37,10.26,31.26
2.5,1.56,8.53,31.19
4.43,-0.62,7.69,31.19
3.93,-2.16,7.7,31.24
-1.45,-0.92,8.69,31.23
0.02,0.1,10.26,31.22
4.3,-0.78,10.7,31.2
8.2,-0.48,7.47,31.22
6.82,-2.36,6.97,31.19
1.09,-0.67,6.73,31.2
-2.19,0.96,7.94,31.18
6.36,-0.82,10.59,31.19
5.42,-1.18,8.53,31.23
1.13,-1.05,7.47,31.23
2.14,-1.13,9.32,31.22
0.24,-0.57,11.46,31.26
4.87,0.86,10.18,31.21
6.58,-1.77,8.99,31.19
0.42,-0.09,6.46,31.21
-0.5,0.08,7.82,31.2
0.25,-0.61,10.88,31.27
4.31,1.02,9.54,31.18
8.48,-0.75,7.84,31.21
4.02,-2.01,8.03,31.22
0.51,-1.06,9.03,31.23
1.19,-0.05,10.74,31.21
0.27,-1.23,11.7,31.19
2.24,-2.4,9.38,31.2
-0.44,-2.25,8.79,31.22
-2.41,-2.09,10.28,31.18
-0.81,0.33,10.2,31.25
2.72,-0.52,11.12,31.24
5.77,-1.2,8.36,31.2
2.66,-1.74,7.78,31.24
-1.29,-0.76,10.23,31.22
-0.45,0.05,10.56,31.2
5.17,-0.3,9.61,31.19
5.35,-0.98,8.79,31.22
3.76,-1.43,7.79,31.22
2.49,-1.07,8.6,31.22
0.07,0.08,9.38,31.23
4.06,1.18,9.86,31.22
7.51,-1.5,8.6,31.21
5.79,-0.41,6.9,31.26
1.65,-1.06,7.41,31.23
0.06,0.62,9.08,31.22
2.77,0.32,9.94,31.19
6.03,1.53,7.21,31.23
5.44,-0.33,6.68,31.22
-0.92,0.08,8.0,31.23
-0.58,0.74,9.58,31.23
4.52,0.49,10.01,31.22
1.96,-0.16,11.07,31.23
6.48,-0.21,10.77,31.2
4.78,-0.43,8.68,31.21
2.57,-2.42,7.95,31.18
-1.5,-1.92,9.68,31.18
-1.53,-0.47,10.45,31.17
1.27,0.51,10.41,31.18
4.22,-0.95,9.16,31.2
2.88,-2.54,7.69,31.18
-2.48,-1.85,9.56,31.2
-1.61,-0.98,11.1,31.18
1.85,0.11,11.81,31.19
4.91,0.01,8.39,31.17
1.71,-2.52,8.08,31.19
-3.02,-1.7,9.19,31.15
-0.81,0.41,9.95,31.23
0.95,1.54,10.36,31.22
5.09,2.32,6.37,31.21
2.71,-0.55,6.14,31.19
-3.4,0.12,7.52,31.2
-1.73,0.36,10.01,31.19
-0.15,0.37,10.93,31.19
0.19,0.82,9.45,31.23
-2.05,-1.24,7.31,31.17
-7.33,-1.7,9.79,31.19
-5.54,-0.65,11.54,31.22
0.18,1.17,10.37,31.19
2.61,-0.03,9.1,31.19
0.65,-2.28,7.58,31.19
-4.35,-2.69,9.84,31.19
-0.82,-0.91,11.26,31.19
2.09,0.25,9.91,31.26
4.9,1.03,7.72,31.18
4.56,-1.75,7.02,31.18
-2.44,-0.11,7.89,31.27
-0.84,-1.19,11.1,31.21
2.09,0.62,10.32,31.22
3.07,-0.09,8.29,31.24
1.96,-0.79,7.4,31.2
-3.44,-1.86,8.94,31.22
-1.96,-0.66,11.02,31.19
4.01,-1.01,6.72,31.19
1.19,-1.13,11.87,31.15
4.85,0.17,9.59,31.17
3.89,-1.7,8.08,31.21
-0.57,-2.03,8.49,31.19
-2.23,-1.14,10.37,31.15
1.62,-1.19,12.16,31.2
6.34,0.95,8.81,31.22
6.56,-1.23,6.98,31.2
1.37,-2.19,8.99,31.2
-1.61,-1.37,8.4,31.16
2.22,-0.62,11.59,31.2
4.39,-0.43,11.07,31.18
5.44,1.39,6.97,31.2
4.55,-0.94,7.15,31.18
-2.55,-0.4,8.02,31.19
1.07,0.89,10.43,31.21
4.07,0.18,10.53,31.16
5.06,1.06,7.3,31.18
3.28,-1.25,6.95,31.2
-2.19,-0.65,8.48,31.22
-0.05,0.47,10.75,31.21
4.83,-0.12,9.4,31.18
2.47,1.28,7.14,31.17
1.44,-1.7,7.18,31.2
-2.29,-0.97,9.91,31.19
-0.17,0.32,9.81,31.23
3.96,-0.3,10.95,31.19
4.22,0.14,7.63,31.19
5.79,-0.36,6.39,31.2
1.41,-0.71,8.44,31.21
-2.38,1.85,8.6,31.22
3.91,0.51,10.04,31.2
4.06,0.12,8.43,31.2
0.69,-0.88,7.41,31.2
-0.49,-0.27,7.95,31.21
-0.06,-0.3,10.12,31.19
1.02,0.48,10.39,31.19
2.8,-0.78,8.51,31.21
3.62,-1.98,7.13,31.22
-3.96,-1.41,10.03,31.19
-1.98,-0.91,11.61,31.19
2.38,1.75,9.22,31.2
6.99,-2.42,9.34,31.18
-0.14,-1.73,8.68,31.19
-1.44,-0.27,8.8,31.2
-0.57,-0.4,11.66,31.18
0.54,0.07,11.02,31.21
5.57,-1.1,8.62,31.22
1.31,-2.83,9.97,31.18
-4.67,-2.17,11.17,31.17
1.11,-0.28,11.03,31.19
5.64,-1.48,12.13,31.17
6.03,-0.93,8.28,31.22
3.79,-0.52,6.51,31.22
-1.34,-0.75,10.1,31.21
-1.43,0.29,10.91,31.19
4.55,0.55,9.78,31.18
7.31,0.06,7.48,31.18
0.37,0.8,11.2,31.19
2.78,0.19,9.7,31.16
3.21,0.22,7.86,31.19
-0.42,-1.22,7.3,31.17
-2.72,-2.12,9.8,31.18
1.59,0.84,10.05,31.19
1.93,2.4,8.63,31.19
3.6,0.82,7.9,31.22
-0.48,-1.72,7.44,31.18
-2.1,-2.01,9.93,31.24
-0.75,-0.27,10.83,31.21
1.15,2.47,8.79,31.22
6.0,-1.59,8.18,31.18
-0.33,-1.08,6.83,31.19
-5.09,-1.99,10.11,31.22
-1.12,0.04,11.44,31.19
0.89,0.57,10.18,31.2
4.42,0.22,7.95,31.21
1.84,-1.97,7.51,31.22
-5.2,-1.49,10.3,31.17
1.34,-2.06,9.24,31.24
0.46,-1.11,7.97,31.19
2.94,0.57,9.36,31.2
6.62,0.34,10.07,31.19
7.81,-0.78,7.84,31.18
5.25,-1.84,7.61,31.19
1.66,-1.87,8.63,31.19
2.96,0.21,9.51,31.2
6.48,0.78,9.74,31.2
6.85,-0.5,6.6,31.19
1.48,-1.31,6.78,31.2
0.14,-1.39,9.35,31.17
1.82,-0.27,9.99,31.16
2.55,0.29,9.93,31.24
4.04,-1.23,8.83,31.22
0.1,-1.66,7.72,31.2
-1.92,-1.17,8.8,31.2
0.23,-0.1,10.58,31.19
3.41,-0.62,11.1,31.2
5.04,-1.05,8.4,31.17
-0.12,-1.58,8.85,31.21
-0.79,-2.81,10.69,31.22
3.25,-0.03,10.59,31.17
5.77,0.15,10.14,31.23
6.47,-1.38,8.48,31.16
-0.13,-1.92,8.09,31.19
-1.72,-1.43,10.05,31.19
0.97,0.09,11.45,31.22
5.59,-0.43,9.73,31.18
6.14,-0.03,7.11,31.23
-0.74,-1.68,8.19,31.17
-2.02,-1.64,10.14,31.16
1.21,-0.69,10.77,31.2
4.19,0.78,8.99,31.18
4.44,-1.53,8.32,31.23
-0.33,-2.09,9.0,31.21
-3.46,-1.82,10.59,31.19
-0.64,-0.21,11.5,31.18
2.48,1.26,9.5,31.18
5.53,-1.09,7.48,31.23
-0.14,-1.8,7.2,31.24
-3.37,-0.81,9.96,31.2
0.47,0.52,10.65,31.2
2.28,0.62,8.95,31.22
3.34,-0.59,7.13,31.22
-3.58,-1.51,8.37,31.19
-4.84,-1.35,10.94,31.19
0.89,0.35,11.12,31.2
2.6,0.36,10.27,31.22
5.13,-0.44,9.08,31.23
3.28,-1.92,6.57,31.23
-1.97,-1.15,10.86,31.2
-3.12,-0.68,11.65,31.17
1.63,0.9,10.16,31.21
4.22,-0.96,9.07,31.23
2.78,-2.48,8.36,31.17
-1.91,-1.58,9.56,31.16
-0.82,-0.73,10.76,31.19
0.87,0.6,10.12,31.18
4.99,-0.26,9.22,31.23
0.9,-0.56,10.65,31.2
1.34,1.17,8.2,31.25
1.42,-0.87,7.41,31.26
-2.71,-1.23,8.3,31.19
-3.3,-0.47,10.27,31.22
0.47,0.18,10.37,31.17
3.04,0.51,9.17,31.21
2.84,-0.94,7.55,31.26
-3.8,-1.63,8.71,31.18
-4.54,-1.27,11.61,31.21
1.37,0.1,11.36,31.18
4.22,-0.74,9.13,31.22
2.09,-1.36,6.65,31.24
-4.77,-1.12,8.15,31.19
-0.84,-1.12,11.68,31.17
2.3,0.81,10.28,31.15
4.81,0.7,7.1,31.23
4.31,-1.44,6.48,31.21
-5.05,-1.34,8.69,31.21
2.37,0.81,9.87,31.22
2.91,1.19,9.88,31.2
3.3,-1.34,8.15,31.24
0.21,-1.1,7.19,31.18
-2.97,-1.41,9.82,31.22
0.7,0.38,11.82,31.19
3.3,0.07,9.63,31.22
4.07,-1.11,7.69,31.23
2.39,-1.11,7.44,31.19
-2.57,-0.69,9.73,31.17
1.14,0.16,11.19,31.24
6.62,-0.25,9.76,31.21
5.05,0.69,6.7,31.21
0.59,-0.6,7.35,31.19
-2.08,0.11,8.31,31.22
1.46,0.32,10.19,31.21
4.61,0.3,9.09,31.22
6.31,-1.04,6.79,31.23
0.54,-0.77,5.88,31.23
-4.26,-0.19,8.51,31.22
6.85,-0.29,9.05,31.2
5.21,-0.89,7.91,31.24
1.68,-1.55,8.19,31.18
0.66,-0.26,9.54,31.22
3.34,-0.46,10.71,31.2
6.13,0.65,8.74,31.17
1.72,-2.19,8.3,31.22
-1.94,-2.61,9.26,31.22
-0.24,-0.51,9.5,31.19
1.98,-0.02,11.33,31.22
6.19,-0.51,10.14,31.18
4.74,-2.06,7.71,31.17
-0.96,-1.36,7.54,31.24
-3.01,-0.51,10.76,31.23
0.82,-0.67,12.08,31.23
3.22,-0.88,10.84,31.24
1.01,-1.75,8.05,31.24
-2.65,-1.59,9.08,31.24
-2.78,-0.27,11.12,31.2
3.24,2.43,8.5,31.22
7.69,0.56,8.25,31.18
5.08,0.22,6.17,31.21
1.5,-0.75,7.25,31.25
-0.16,-0.65,8.99,31.2
1.69,1.41,9.52,31.24
5.16,-0.59,10.47,31.19
5.05,-1.3,7.92,31.17
2.04,-0.62,7.24,31.25
0.06,-1.41,9.64,31.2
1.09,-0.91,11.64,31.23
6.79,-0.02,8.56,31.21
5.54,-0.45,6.96,31.27
0.77,-1.45,7.7,31.15
-0.43,0.04,8.97,31.21
2.57,-0.11,11.11,31.2
7.8,-0.22,9.43,31.19
4.83,0.3,6.62,31.24
-0.84,-1.83,8.07,31.23
-1.44,-1.19,10.49,31.16
4.08,-0.05,11.42,31.23
6.17,-1.08,7.97,31.18
3.22,-1.62,7.98,31.24
-1.8,-2.48,9.87,31.25
-1.4,0.71,10.14,31.22
3.53,-0.14,11.11,31.24
5.26,-2.52,9.63,31.22
1.7,-3.19,9.24,31.24
1.78,-0.84,9.09,31.21
2.26,-0.61,11.82,31.19
5.43,0.32,10.14,31.22
8.26,-0.17,7.94,31.22
1.33,-1.76,7.69,31.23
-2.08,-0.7,8.84,31.22
1.11,-0.58,10.94,31.2
3.69,0.06,10.67,31.17
4.88,-1.19,9.04,31.22
1.56,-1.98,8.07,31.17
-2.29,-1.1,9.9,31.25
-0.25,-0.43,11.16,31.23
3.76,0.05,10.93,31.21
5.94,-1.31,8.93,31.21
-0.27,-2.7,8.38,31.17
-2.84,-1.33,9.97,31.2
1.75,-1.05,11.47,31.2
5.89,-0.1,9.85,31.23
8.1,-1.26,7.8,31.23
3.27,-2.34,7.6,31.2
-1.63,-1.36,9.33,31.22
2.11,0.27,10.47,31.23
4.37,0.34,9.9,31.21
6.9,-0.55,7.26,31.18
0.38,-0.41,6.4,31.23
-4.49,-1.16,9.25,31.18
-1.06,0.44,10.69,31.19
3.15,1.22,9.39,31.2
2.95,1.18,9.08,31.18
-0.85,-0.82,7.11,31.23
-6.6,-0.87,10.54,31.22
1.03,-0.32,10.21,31.2
5.3,-1.01,11.53,31.21
8.81,0.87,9.55,31.18
8.18,1.03,6.38,31.22
4.4,-1.75,8.32,31.22
0.25,0.12,8.64,31.24
4.76,-0.34,10.29,31.17
6.19,0.95,9.17,31.19
0.34,-1.12,7.72,31.21
-0.02,-2.47,9.48,31.25
-2.1,-1.36,9.47,31.22
2.74,0.4,10.7,31.19
5.65,0.43,10.13,31.19
4.56,0.1,7.51,31.24
1.74,-1.61,7.72,31.18
-0.24,-1.55,10.06,31.21
0.56,-0.11,10.98,31.22
2.64,-0.22,10.37,31.17
3.48,-1.12,7.94,31.21
-2.05,-1.45,8.89,31.23
-0.98,-1.22,10.17,31.2
2.27,0.59,10.26,31.2
3.05,0.06,10.28,31.19
2.12,-1.55,8.39,31.24
-2.48,-2.7,9.34,31.18
-1.9,-1.35,10.05,31.23
0.93,1.58,10.16,31.19
3.51,0.93,9.79,31.22
3.44,-0.78,9.02,31.2
-3.0,-2.54,8.68,31.23
-3.08,-0.41,10.39,31.18
-0.14,-0.31,11.99,31.21
4.53,0.66,10.16,31.19
5.86,-0.94,7.33,31.21
-2.83,-1.19,7.59,31.14
-4.38,-0.3,9.8,31.17
-0.84,0.78,11.44,31.2
3.58,1.45,8.62,31.19
1.06,-0.58,7.91,31.22
-1.63,-1.07,10.08,31.19
0.83,-0.33,10.37,31.18
3.0,-1.16,12.05,31.2
7.43,0.2,8.83,31.19
4.23,-1.78,7.88,31.19
-3.0,-1.04,8.86,31.24
-1.22,-0.11,10.03,31.23
2.61,0.94,9.63,31.22
3.02,0.28,8.69,31.22
0.91,-1.82,8.08,31.22
-1.62,-1.91,9.86,31.25
-0.43,-1.49,10.82,31.19
1.35,0.13,11.29,31.17
5.04,-2.63,10.66,31.21
0.99,-3.29,9.0,31.2
-1.77,-2.79,9.82,31.18
-0.24,-1.11,11.22,31.18
1.96,-0.87,11.83,31.15
5.04,0.25,8.82,31.21
2.95,-1.75,8.31,31.23
-1.53,-1.25,9.8,31.22
-0.62,-0.32,10.09,31.19
4.9,1.04,9.8,31.24
6.15,0.57,8.1,31.21
2.41,-1.33,6.84,31.22
-2.46,-1.09,8.8,31.21
-1.29,-0.29,10.87,31.19
2.01,2.46,9.23,31.18
4.6,-0.67,8.4,31.17
-0.09,-2.07,7.83,31.24
-6.34,-2.22,9.9,31.2
-2.6,-0.24,11.74,31.21
1.75,0.44,9.97,31.2
4.6,0.96,7.99,31.19
1.89,-1.91,7.52,31.17
-5.2,-1.31,9.77,31.2
-0.94,-0.09,11.03,31.2
0.66,0.47,11.04,31.22
2.17,1.18,7.78,31.21
7.04,-0.54,7.39,31.23
5.22,-0.77,7.38,31.15
3.04,-1.59,7.83,31.22
0.45,-1.81,10.64,31.18
2.16,0.85,10.94,31.22
7.1,-0.67,9.84,31.19
4.82,-1.33,7.87,31.21
0.34,-1.98,8.03,31.21
-0.31,-0.89,10.37,31.21
1.76,-0.77,11.6,31.21
5.41,0.24,9.47,31.23
6.13,-0.93,6.95,31.17
0.93,-1.39,7.45,31.21
-0.02,0.34,9.06,31.17
3.48,-0.4,11.53,31.2
5.09,-0.38,9.38,31.22
3.9,-1.13,6.81,31.2
-0.29,-2.84,9.53,31.22
-1.54,-2.04,10.98,31.2
2.95,-1.71,11.53,31.22
3.92,-1.11,7.22,31.23
3.76,-0.57,6.4,31.21
0.1,-0.71,9.6,31.17
3.58,0.78,10.4,31.18
7.19,-0.35,10.26,31.19
4.64,-1.45,8.03,31.21
3.52,-1.14,7.58,31.18
0.53,-0.0,9.3,31.23
0.63,1.0,10.21,31.19
6.43,0.56,9.08,31.26
6.5,-0.2,6.7,31.21
0.24,-0.39,6.98,31.21
-3.62,0.16,10.13,31.2
-0.63,0.04,10.66,31.22
2.83,0.71,8.62,31.23
1.58,-1.18,7.7,31.23
0.83,-1.46,8.45,31.19
1.07,-0.19,8.6,31.2
1.23,0.76,10.35,31.21
3.2,-0.02,9.29,31.24
4.01,-1.42,7.91,31.21
-0.18,-2.48,9.25,31.19
0.3,-0.24,9.64,31.19
2.15,-1.13,11.72,31.18
5.81,-1.34,10.27,31.21
4.74,-2.49,8.54,31.23
1.01,-2.56,8.95,31.21
-0.28,-0.61,9.88,31.17
0.92,-0.06,11.83,31.22
5.21,-0.78,9.45,31.19
4.54,-1.43,8.05,31.19
0.68,-1.69,9.02,31.19
0.13,-1.44,11.08,31.19
2.96,-1.3,11.73,31.23
6.32,-0.57,9.66,31.19
5.98,-2.12,7.46,31.19
0.92,-1.22,8.7,31.21
-1.45,-0.81,11.14,31.21
3.97,-0.19,10.29,31.19
7.15,0.27,8.37,31.21
6.34,-1.22,6.65,31.22
-0.82,-1.31,8.92,31.22
-2.5,-0.87,10.83,31.23
4.93,-0.22,10.77,31.17
4.47,-0.49,8.42,31.21
3.08,-0.62,6.76,31.23
0.03,-1.38,8.81,31.21
-1.3,-0.71,10.96,31.17
2.43,-0.14,11.51,31.2
4.72,-1.84,8.81,31.21
2.19,-1.84,8.02,31.19
-0.47,-1.59,9.03,31.2
0.52,-1.42,11.26,31.18
1.51,-0.93,11.88,31.2
4.56,-1.4,8.99,31.17
3.6,-1.47,7.99,31.22
-1.23,-1.63,9.17,31.18
0.83,-1.36,11.0,31.2
4.2,-0.71,12.66,31.19
4.13,-0.57,9.85,31.18
7.62,-0.81,7.64,31.2
4.12,-0.87,6.49,31.17
-1.09,-1.23,9.63,31.19
1.38,-0.63,10.62,31.17
4.75,0.29,9.44,31.18
4.07,0.03,6.79,31.17
2.2,-2.3,8.17,31.18
0.15,-1.26,8.21,31.18
3.16,0.98,9.72,31.18
5.37,-1.09,11.12,31.19
5.64,0.2,6.99,31.21
5.92,-1.86,7.33,31.2
0.3,-1.44,8.72,31.18
1.38,-0.04,11.13,31.21
7.71,-0.27,10.26,31.22
6.61,0.07,7.02,31.19
3.43,-1.01,6.7,31.14
0.41,0.31,7.8,31.17
2.33,0.39,10.51,31.21
5.16,0.94,9.13,31.2
4.84,-0.06,7.24,31.17
-1.0,0.04,5.2,31.17
-3.12,-0.08,7.37,31.19
-2.17,-0.07,10.28,31.14
0.81,2.12,9.31,31.21
4.14,-1.84,8.3,31.16
1.01,-0.9,5.96,31.17
-3.8,-0.54,8.37,31.18
-0.08,-0.05,10.48,31.21
1.69,-0.1,9.62,31.2
2.23,-0.74,7.84,31.17
0.58,-0.45,6.59,31.2
-4.63,-1.1,9.47,31.19
0.04,0.15,11.02,31.15
5.13,0.78,9.81,31.14
4.64,-0.71,6.79,31.2
-0.18,-0.33,6.76,31.17
-4.22,-1.56,9.47,31.15
-1.8,1.43,10.3,31.21
2.89,-0.12,9.58,31.23
4.14,-1.41,7.52,31.2
1.47,0.01,6.3,31.2
-3.71,-0.16,8.59,31.21
-0.14,0.1,11.61,31.17
2.21,-0.47,9.56,31.2
3.41,-0.67,7.23,31.16
1.6,-1.85,7.45,31.19
-2.75,-0.3,8.83,31.19
2.53,0.09,10.61,31.21
4.76,-1.07,9.66,31.21
3.86,-1.2,7.46,31.18
0.84,-1.8,7.89,31.2
-1.42,-1.4,9.7,31.19
1.24,-0.44,11.22,31.2
4.9,-1.14,10.42,31.19
4.87,-1.55,8.11,31.17
3.02,-1.9,7.26,31.19
0.26,-1.0,9.21,31.21
4.98,-0.46,7.53,31.18
1.27,-0.6,6.08,31.22
-4.35,-0.29,7.61,31.19
-1.74,-1.19,12.4,31.24
3.12,-0.72,10.46,31.2
4.97,0.54,6.79,31.19
1.72,-0.63,6.75,31.2
-4.7,0.03,8.69,31.22
1.05,0.71,10.65,31.15
4.61,-0.93,9.94,31.22
4.18,0.97,6.45,31.21
3.94,0.23,5.91,31.15
-3.96,-0.03,9.03,31.15
0.61,0.97,9.66,31.22
4.92,-0.39,9.18,31.19
4.27,-0.36,7.08,31.21
3.17,-0.93,7.48,31.23
-0.61,-0.38,9.88,31.22
2.43,-0.59,10.98,31.18
4.42,-0.48,7.57,31.16
2.91,-1.72,7.7,31.16
0.79,-0.3,8.21,31.18
0.29,-0.93,10.38,31.2
2.63,1.0,9.68,31.22
4.76,-0.62,7.96,31.2
3.66,0.21,7.13,31.21
0.3,-0.61,8.46,31.2
2.22,-1.05,10.7,31.17
4.31,0.31,10.13,31.16
5.1,-0.51,9.61,31.21
5.78,-1.79,8.23,31.18
3.51,-2.15,8.59,31.19
0.97,-0.7,9.62,31.21
3.61,0.64,10.53,31.23
6.13,-0.02,8.64,31.19
6.39,0.07,5.97,31.18
2.96,-1.64,7.98,31.18
-0.15,-0.56,9.44,31.19
0.83,-0.78,11.62,31.19
0.91,-0.47,11.66,31.17
3.65,-0.64,10.0,31.18
4.43,-0.85,7.18,31.22
0.3,-0.34,5.7,31.17
-5.39,-1.03,9.43,31.17
-2.68,-1.11,13.27,31.2
2.94,-0.42,9.42,31.17
2.88,-0.12,7.39,31.19
0.38,0.46,6.35,31.19
-4.35,-0.74,9.39,31.21
-0.24,-0.32,10.63,31.19
4.37,0.07,10.11,31.22
4.84,-1.4,7.19,31.19
3.68,-0.98,7.22,31.19
-2.14,-1.36,9.63,31.19
0.2,-0.46,11.31,31.17
5.41,0.29,9.26,31.18
6.01,-1.0,7.5,31.19
2.72,-0.55,6.91,31.23
-2.94,0.03,8.28,31.16
-2.93,-1.0,9.71,31.21
0.09,-0.05,11.12,31.19
0.58,0.31,10.47,31.22
3.71,1.01,8.04,31.19
3.26,-2.21,7.66,31.22
-3.48,-1.04,9.02,31.19
-1.32,-0.75,11.17,31.2
3.34,1.3,9.58,31.25
3.41,1.24,7.15,31.19
2.3,-0.49,6.95,31.21
-2.62,-0.73,8.79,31.19
-1.84,-0.91,11.23,31.19
2.69,-0.15,10.94,31.22
5.7,-1.21,8.47,31.13
2.79,-0.54,6.55,31.19
-4.63,-1.1,8.85,31.22
-3.17,-0.67,11.67,31.19
2.26,1.15,9.26,31.21
4.96,-0.81,7.93,31.18
-3.04,0.95,9.51,31.17
2.43,-0.35,11.08,31.17
4.78,0.3,7.91,31.22
5.09,-1.17,7.76,31.18
0.98,-1.48,8.77,31.17
-0.85,-0.75,10.2,31.21
2.47,-0.22,10.81,31.14
5.32,-0.87,8.81,31.22
5.24,-1.88,7.42,31.2
1.4,-0.42,8.35,31.19
-3.22,-0.72,10.03,31.15
1.3,0.28,10.65,31.19
5.01,-1.21,8.48,31.21
3.36,-0.97,6.68,31.17
1.59,-0.98,8.63,31.21
0.62,-0.58,10.37,31.17
4.32,-0.11,10.72,31.19
6.43,-1.13,8.9,31.18
5.19,-1.44,7.03,31.17
1.98,-0.47,8.47,31.16
-1.72,-1.81,9.25,31.2
-0.98,-1.24,11.26,31.17
2.96,-0.31,11.12,31.22
4.92,-1.0,9.83,31.2
3.07,-2.22,8.6,31.19
-2.51,-1.99,9.79,31.2
-1.68,-1.51,11.78,31.16
0.5,0.04,11.41,31.19
3.64,-0.37,9.43,31.17
2.15,-1.94,9.18,31.18
-2.84,-1.21,9.39,31.15
0.99,-0.76,10.8,31.18
2.4,-0.14,10.91,31.2
4.95,1.15,8.01,31.17
2.42,-1.28,8.03,31.17
-3.85,-1.25,8.28,31.19
-2.15,-1.06,11.5,31.19
0.46,0.15,10.41,31.19
2.76,0.88,7.99,31.2
4.17,-1.03,9.37,31.17
4.38,-0.51,7.43,31.24
2.01,-0.68,7.66,31.17
-1.3,0.84,9.32,31.2
3.27,1.09,10.13,31.21
2.72,-0.32,9.61,31.24
3.92,-0.03,6.58,31.18
2.05,0.28,6.55,31.15
-1.68,-0.21,7.81,31.17
0.46,0.38,10.03,31.17
3.7,0.58,8.45,31.17
4.45,-0.52,7.81,31.19
1.51,-0.9,6.84,31.24
-0.77,-1.07,8.71,31.19
-0.13,-0.23,10.86,31.22
2.43,0.4,9.19,31.21
3.32,-0.73,7.64,31.15
1.5,-0.98,6.75,31.25
-1.6,-0.7,9.42,31.15
-0.57,-0.79,11.53,31.19
6.12,-0.5,6.79,31.16
0.98,-0.17,6.51,31.19
-4.1,-0.37,9.02,31.19
0.6,-0.04,10.64,31.19
5.6,-0.6,9.14,31.22
3.34,-1.1,7.87,31.2
1.35,-0.36,6.82,31.22
-1.68,0.04,9.55,31.18
0.62,-0.05,11.0,31.18
5.61,0.37,8.55,31.22
6.87,-1.65,7.6,31.18
0.12,-0.88,7.94,31.18
-3.36,-0.28,9.73,31.22
2.19,-0.97,11.72,31.19
6.0,-0.19,8.77,31.15
5.96,-0.99,7.36,31.17
1.49,-0.42,7.14,31.19
-2.91,1.13,9.06,31.22
2.33,0.22,10.55,31.19
5.91,0.53,9.24,31.19
6.75,-1.81,6.77,31.17
2.5,0.25,6.31,31.17
0.12,-0.4,9.2,31.19
3.36,-0.09,11.09,31.16
5.6,-1.53,10.1,31.23
5.55,-0.43,6.5,31.14
0.73,-1.35,7.92,31.16
-1.76,-1.21,10.2,31.21
4.67,-0.65,11.55,31.19
9.76,-1.35,9.87,31.22
6.55,-1.36,6.82,31.19
2.7,-1.05,7.71,31.21
1.07,-0.35,9.51,31.18
2.45,0.46,10.86,31.18
7.79,-0.7,9.09,31.19
6.14,-1.19,6.81,31.17
2.77,-0.95,7.99,31.14
1.98,-0.53,10.21,31.23
3.73,0.1,11.42,31.21
8.31,-1.24,9.04,31.18
3.6,-1.79,8.76,31.2
0.34,-1.73,8.64,31.16
0.5,-1.1,9.17,31.21
-0.16,-0.37,8.97,31.18
2.11,1.12,9.48,31.15
5.86,0.03,10.14,31.21
6.33,-0.8,7.88,31.19
3.21,-0.86,7.32,31.17
-0.38,-0.51,9.05,31.18
0.58,0.24,10.52,31.24
4.46,-0.01,9.73,31.17
5.2,-0.91,7.5,31.17
1.66,-1.19,8.4,31.16
-0.97,-1.49,10.34,31.14
0.45,-1.56,11.65,31.2
2.13,-2.26,10.06,31.2
2.99,-2.15,8.17,31.17
0.28,-1.89,8.66,31.17
0.66,-0.61,9.73,31.17
4.02,-0.52,10.79,31.2
8.06,0.44,8.03,31.17
7.45,-0.9,6.72,31.19
2.04,-1.67,8.25,31.16
0.11,-0.09,9.2,31.2
4.02,-1.09,11.07,31.17
8.22,-0.04,8.74,31.2
4.77,-1.67,8.35,31.19
1.02,-1.41,8.39,31.21
-0.27,-0.15,10.54,31.19
2.02,0.27,10.19,31.18
5.67,0.33,9.35,31.22
4.73,-0.46,7.08,31.17
-1.05,-0.82,8.19,31.2
-2.13,-0.62,11.05,31.19
0.63,0.2,11.05,31.19
3.41,-1.36,10.65,31.16
3.37,-2.21,8.75,31.17
-2.04,-1.02,8.73,31.15
-2.99,-0.21,10.66,31.19
-0.17,0.4,10.87,31.18
2.24,-1.03,10.25,31.18
7.87,-1.61,9.66,31.17
5.28,-0.83,8.1,31.17
4.99,-0.77,6.09,31.19
1.01,-0.71,8.15,31.22
-1.74,0.78,9.63,31.2
5.35,1.42,8.42,31.18
6.06,0.43,6.6,31.25
2.78,-0.92,6.38,31.22
0.78,-0.75,7.97,31.24
-1.54,-0.79,10.69,31.18
1.39,0.3,9.78,31.2
6.06,-1.88,8.41,31.18
3.59,-1.01,7.01,31.2
-0.58,-0.71,8.92,31.22
0.64,-0.28,10.89,31.17
3.26,-0.7,10.13,31.17
3.95,-1.24,8.46,31.18
2.79,-1.6,7.4,31.17
0.8,-0.59,8.68,31.16
0.35,-0.59,10.63,31.19
-0.48,-1.85,10.77,31.19
1.17,-0.27,10.8,31.2
5.52,-1.43,11.0,31.18
9.37,0.06,8.27,31.24
5.23,-1.57,7.59,31.18
-0.73,-1.39,9.35,31.2
-1.4,-0.36,11.07,31.19
1.53,-0.89,11.57,31.16
4.21,-0.56,9.19,31.19
3.07,-1.96,7.98,31.19
-0.62,-0.02,8.36,31.19
-0.39,0.09,10.84,31.15
1.73,0.96,10.57,31.24
3.63,-0.82,9.72,31.19
1.85,-1.57,7.95,31.21
0.55,-0.56,8.6,31.17
-0.2,-1.16,10.86,31.19
1.27,1.08,10.38,31.19
7.81,-1.68,9.55,31.19
-4.55,-1.08,10.42,31.17
-2.2,-0.16,10.98,31.2
1.24,-1.27,11.57,31.18
0.88,-0.77,9.35,31.18
-0.76,-1.87,8.89,31.2
-5.22,-2.43,10.69,31.19
-3.43,-0.53,11.2,31.18
1.13,-0.3,10.17,31.21
3.59,-0.46,8.78,31.22
0.05,-1.04,6.97,31.17
-5.25,-1.46,9.58,31.17
-0.46,-0.62,10.53,31.24
2.94,-0.55,9.89,31.18
3.59,-0.18,8.22,31.17
2.11,-1.4,6.66,31.19
-3.33,-0.7,9.38,31.17
0.3,-0.44,10.92,31.17
4.8,-0.55,9.99,31.2
4.67,-0.55,7.37,31.18
2.24,-0.58,6.5,31.24
0.3,-0.91,8.7,31.17
1.65,0.49,9.26,31.15
2.12,0.51,11.49,31.19
4.1,0.34,9.52,31.2
2.02,-0.78,7.28,31.22
-1.37,-0.88,9.33,31.19
-0.31,-0.06,9.19,31.19
1.41,-0.04,10.87,31.21
3.58,-0.87,10.97,31.19
2.97,-1.67,8.27,31.18
0.65,-1.45,8.98,31.14
-0.96,-0.13,10.11,31.16
0.5,1.02,10.15,31.15
4.02,-0.02,9.61,31.18
2.76,-2.07,9.02,31.17
0.78,-1.92,9.39,31.17
0.14,-0.76,10.28,31.23
1.15,-0.03,11.03,31.22
2.79,-0.27,10.29,31.24
-2.45,-0.83,10.32,31.17
-2.15,-0.95,10.26,31.17
1.43,-0.23,11.09,31.23
4.67,-2.14,10.07,31.17
2.41,-1.93,7.9,31.22
-0.29,-1.96,9.65,31.22
0.9,-0.96,11.16,31.19
1.93,-1.1,11.29,31.21
3.85,-1.39,8.71,31.18
2.95,-1.75,8.53,31.2
0.88,-1.75,9.28,31.18
2.56,-0.17,10.54,31.19
4.4,-1.51,11.82,31.22
4.64,-1.41,9.36,31.19
1.06,-2.01,8.25,31.17
-1.36,-1.81,9.5,31.2
0.33,-1.0,10.78,31.13
3.32,-0.35,10.81,31.18
7.52,0.45,7.91,31.17
3.84,-1.18,7.17,31.17
2.25,-1.55,12.28,31.18
6.67,-2.26,10.29,31.14
4.66,-1.29,8.0,31.12
0.36,-1.75,9.25,31.16
-0.51,-0.7,10.25,31.21
3.43,-0.61,10.52,31.22
6.63,-0.14,10.4,31.19
7.02,-0.82,8.49,31.19
3.27,-1.64,8.04,31.18
-1.41,-0.91,9.93,31.18
0.49,-0.83,10.93,31.19
4.55,-0.85,11.22,31.22
5.15,-1.91,9.28,31.19
-0.73,-1.94,8.49,31.17
-1.57,-0.99,9.95,31.19
1.46,-0.7,11.71,31.17
3.9,0.26,10.56,31.18
7.71,-1.23,7.94,31.19
1.09,-1.44,8.51,31.18
-1.55,-0.57,9.47,31.17
1.02,-0.83,11.36,31.19
3.6,-0.19,9.57,31.19
3.88,-0.15,8.03,31.17
-0.39,-1.99,8.98,31.22
-2.34,-1.92,10.54,31.15
-1.34,-0.54,11.4,31.17
2.64,1.24,9.11,31.18
4.05,-0.77,9.05,31.19
-1.43,-2.71,8.98,31.17
-1.1,-1.22,10.54,31.17
2.98,-1.74,11.87,31.2
0.65,1.09,9.32,31.17
4.61,0.0,7.48,31.17
1.96,-1.09,7.48,31.13
-4.44,-0.4,9.44,31.22
1.09,-0.11,10.63,31.17
2.66,0.32,9.85,31.19
3.35,0.13,7.05,31.17
-1.57,-1.25,8.15,31.21
2.89,0.88,8.76,31.16
5.13,-0.78,7.07,31.17
0.21,-1.16,7.08,31.21
-2.34,-0.5,10.25,31.18
2.98,0.16,10.38,31.19
5.45,0.32,8.78,31.15
4.18,-0.96,7.15,31.17
0.95,-1.5,8.23,31.19
-1.9,-0.78,9.85,31.17
1.99,-0.39,11.47,31.18
4.26,-1.73,9.84,31.22
4.24,-0.86,6.78,31.17
1.58,-1.41,8.0,31.17
-2.88,-0.9,10.35,31.18
2.94,-0.34,11.17,31.18
7.42,-1.2,9.13,31.18
5.26,0.22,5.72,31.21
0.66,0.05,7.43,31.16
-0.13,-0.37,10.05,31.19
-0.06,-0.74,11.0,31.14
2.48,-0.34,10.78,31.15
3.87,0.1,9.06,31.24
3.57,0.76,6.4,31.19
1.62,-1.42,7.52,31.18
-2.47,-0.88,10.25,31.14
0.53,-0.78,11.31,31.19
4.15,-0.07,9.45,31.21
4.21,-1.3,9.02,31.18
0.16,-1.77,8.32,31.23
-1.75,-1.33,10.86,31.2
2.26,-1.15,12.19,31.21
4.83,-0.35,9.59,31.24
5.31,-0.4,7.37,31.2
1.94,-1.32,8.34,31.16
-1.87,-0.47,9.7,31.2
0.6,0.64,10.47,31.19
3.22,0.36,8.62,31.21
2.3,-1.48,7.78,31.14
-0.47,-1.67,7.91,31.19
-1.52,-2.36,11.01,31.19
0.91,-1.27,11.12,31.15
3.88,0.84,9.22,31.18
5.34,-1.08,8.26,31.17
-0.76,-1.13,7.73,31.17
-3.33,-1.49,10.69,31.17
0.15,-1.51,12.14,31.19
2.69,0.11,10.23,31.21
6.3,-0.44,7.17,31.17
-0.01,-0.81,8.14,31.2
-4.87,-2.36,11.92,31.17
-0.29,0.92,9.9,31.16
1.97,0.18,9.62,31.21
1.65,0.03,7.71,31.24
-0.5,-2.01,8.83,31.19
-2.26,-1.24,11.13,31.17
-0.48,0.86,10.9,31.19
2.18,-0.24,9.24,31.18
3.1,-0.54,7.47,31.17
-4.28,-0.68,11.49,31.17
-0.75,0.46,10.4,31.18
3.93,-0.62,8.98,31.17
4.82,-0.39,7.86,31.17
-3.56,-0.31,8.54,31.19
-3.11,-1.11,10.7,31.18
-1.61,0.25,10.65,31.18
2.78,0.2,9.72,31.18
4.38,-0.31,7.22,31.17
-0.67,-0.07,6.51,31.19
-4.88,-0.7,10.02,31.21
-1.5,-0.42,11.39,31.16
0.6,0.72,9.69,31.13
3.32,-0.23,7.29,31.16
-1.19,-0.59,7.44,31.16
-4.47,-0.34,9.84,31.17
1.3,-0.0,11.37,31.16
3.4,-0.1,9.7,31.13
1.79,0.16,6.96,31.16
2.3,0.34,9.49,31.18
5.42,-1.36,9.39,31.15
1.98,-2.04,8.39,31.18
-3.52,-1.36,8.54,31.14
-0.94,-0.32,10.84,31.13
4.45,-1.24,11.57,31.19
6.9,-1.43,9.2,31.19
3.96,-2.16,8.32,31.2
0.67,-1.36,9.02,31.14
1.07,-1.96,11.21,31.16
0.81,-0.84,11.75,31.15
5.12,-1.34,9.99,31.17
3.7,-2.33,8.62,31.17
-1.61,-0.46,9.34,31.17
0.18,-1.34,11.59,31.18
4.54,-0.16,10.51,31.18
7.7,-0.01,8.3,31.17
4.1,-0.89,6.53,31.18
-1.73,-0.44,8.83,31.17
1.48,-0.58,10.97,31.19
-0.9,-1.36,10.04,31.17
1.46,0.17,10.58,31.11
4.77,-0.63,9.51,31.19
3.83,-1.11,8.35,31.17
2.61,-1.37,8.1,31.13
-0.26,-1.43,9.49,31.17
2.02,0.89,9.98,31.17
6.26,-0.18,8.42,31.13
5.9,0.15,7.31,31.15
4.71,-1.47,8.1,31.16
0.55,-0.75,9.27,31.15
1.43,1.86,9.56,31.17
5.78,-0.57,9.07,31.19
6.27,0.07,6.47,31.21
2.03,-0.96,6.73,31.21
-2.56,-0.4,9.21,31.2
0.12,0.57,9.83,31.16
5.52,-0.62,8.99,31.14
2.6,-0.28,6.74,31.19
0.12,-0.73,6.88,31.17
3.07,-0.58,10.43,31.19
4.66,-0.25,9.84,31.16
4.17,-1.6,8.42,31.2
1.28,-0.97,7.25,31.17
0.62,-0.89,9.63,31.18
3.81,0.67,9.98,31.19
7.58,0.25,9.08,31.13
5.65,-2.1,8.05,31.23
1.3,-1.63,8.55,31.14
0.3,-0.6,9.84,31.14
3.54,-1.53,11.47,31.14
5.24,0.89,8.9,31.17
3.75,-1.08,7.47,31.17
0.14,-1.59,8.98,31.17
-0.91,-1.35,9.77,31.15
1.77,-0.13,10.91,31.18
5.09,-0.43,10.18,31.14
2.45,-1.67,8.71,31.18
-0.52,-2.38,8.94,31.17
1.34,-0.38,9.99,31.17
4.35,1.15,9.87,31.22
5.92,-0.24,9.08,31.17
5.42,-0.89,6.84,31.19
2.3,-0.83,7.94,31.17
-0.2,-1.33,10.51,31.21
4.16,1.28,9.81,31.19
7.45,0.16,7.73,31.17
4.78,-0.39,6.49,31.2
1.47,0.04,6.77,31.17
3.17,0.26,9.4,31.19
3.38,0.68,10.27,31.17
2.84,0.84,9.01,31.17
3.53,-0.88,7.46,31.17
-1.17,-0.47,8.11,31.16
-2.06,0.13,8.75,31.18
3.93,-0.24,11.06,31.19
6.42,-0.6,8.98,31.14
6.01,-1.23,8.11,31.16
1.99,-1.77,8.27,31.15
2.27,0.56,9.9,31.16
4.9,0.66,9.19,31.19
3.64,-1.29,7.76,31.2
-3.18,-0.25,7.9,31.2
-4.21,-1.35,10.31,31.21
-2.12,1.16,10.84,31.19
1.87,0.66,10.01,31.17
2.98,-2.14,8.96,31.16
-3.17,-1.34,8.76,31.17
-3.38,-0.6,10.84,31.2
-1.0,-0.15,11.63,31.19
1.11,-0.05,10.64,31.18
2.29,-1.72,9.08,31.2
-2.63,-2.38,9.99,31.14
-1.22,-0.54,10.18,31.16
1.41,-0.65,10.98,31.22
5.03,-0.94,9.67,31.17
3.15,-2.15,8.86,31.21
-2.59,-1.53,8.63,31.22
-2.54,-0.61,10.75,31.15
0.72,0.07,10.73,31.18
4.46,1.52,7.59,31.16
3.77,-0.91,7.46,31.2
-4.02,-1.7,8.72,31.18
-4.26,-1.46,11.17,31.16
2.06,-0.21,10.9,31.16
3.34,-0.13,9.05,31.15
3.17,-0.62,7.26,31.16
-1.76,-0.25,7.83,31.19
-1.99,-0.63,10.66,31.17
0.69,0.03,11.53,31.21
2.82,-0.89,8.86,31.19
3.48,-0.49,7.22,31.21
-2.79,-0.96,8.08,31.22
-3.82,-0.55,11.62,31.16
1.72,-0.69,10.96,31.14
3.01,-0.66,7.98,31.19
1.65,0.1,7.17,31.15
-3.14,-1.71,8.66,31.22
3.49,-0.69,7.43,31.19
0.82,-0.76,8.76,31.22
-0.06,-0.26,10.5,31.16
5.88,0.78,9.78,31.19
9.4,-1.17,7.43,31.19
5.94,-1.03,7.44,31.21
2.97,-1.22,8.94,31.16
1.04,-0.26,10.2,31.15
3.95,1.39,9.61,31.19
7.97,-2.45,8.7,31.17
6.47,-1.07,6.34,31.14
-0.99,0.4,7.74,31.13
-0.11,-0.34,9.9,31.18
2.12,0.44,10.36,31.2
4.58,-1.4,8.1,31.21
3.27,-1.47,8.26,31.19
-2.03,-0.6,8.94,31.18
0.92,1.13,9.65,31.19
3.94,-1.79,11.88,31.18
5.5,-1.58,8.33,31.17
3.78,-1.62,8.53,31.17
-3.8,-1.25,8.85,31.19
0.68,-1.06,10.6,31.17
2.14,-0.14,10.17,31.22
3.85,1.9,7.25,31.19
4.73,-1.47,8.07,31.15
-3.98,-2.23,9.45,31.16
-3.18,-0.49,10.35,31.17
0.84,-0.25,10.52,31.2
3.46,-0.08,10.09,31.16
5.51,-2.27,9.35,31.17
-0.1,-3.14,9.57,31.14
-2.23,-1.66,10.54,31.15
2.59,-1.09,11.77,31.17
5.7,-1.29,11.04,31.19
6.29,-1.94,8.96,31.18
1.32,-1.58,7.77,31.18
-0.95,-2.54,11.0,31.22
1.82,-1.11,11.6,31.18
3.32,-0.53,10.33,31.19
5.14,-0.18,7.58,31.2
0.31,-1.67,7.94,31.18
-1.78,-1.67,10.47,31.19
1.97,-0.22,11.06,31.2
3.69,0.28,9.12,31.18
4.83,-1.25,8.07,31.19
0.71,-1.66,8.1,31.16
-1.96,-1.72,11.26,31.18
0.8,-0.46,11.23,31.17
4.19,0.23,9.09,31.18
5.63,-0.89,7.0,31.13
1.13,-0.69,6.49,31.17
-0.17,-0.66,9.91,31.17
3.33,-0.71,10.82,31.2
6.02,1.1,8.32,31.18
8.07,-0.56,6.62,31.17
2.11,0.26,5.0,31.18
-1.99,1.03,7.04,31.17
1.32,0.68,10.1,31.17
5.95,-0.81,9.38,31.12
0.04,0.62,9.61,31.21
3.45,0.95,8.52,31.22
3.19,-0.69,7.38,31.18
1.47,-0.32,6.93,31.21
-0.68,-0.23,8.66,31.15
1.75,0.42,10.44,31.19
6.04,-0.14,9.2,31.2
5.48,-0.29,8.93,31.19
3.08,-0.23,6.4,31.18
-1.34,-0.97,8.08,31.18
-2.9,-0.18,10.57,31.18
2.16,0.25,9.92,31.19
4.72,-0.29,8.12,31.17
3.54,-0.97,7.22,31.23
-0.07,-0.88,9.22,31.18
-0.43,-1.25,11.45,31.16
3.17,-0.42,10.86,31.17
6.75,-0.66,8.41,31.16
4.81,-1.69,7.51,31.17
1.75,-0.46,8.1,31.18
3.67,-0.61,10.51,31.14
7.33,1.09,9.65,31.19
7.65,-1.4,7.76,31.17
4.58,-0.93,7.29,31.16
1.52,-0.42,8.26,31.16
1.51,-0.72,10.62,31.17
5.31,0.83,9.5,31.19
6.72,-0.49,7.71,31.19
3.37,-0.41,6.9,31.18
1.57,-1.13,8.97,31.16
0.08,0.13,10.56,31.19
3.11,0.27,9.93,31.2
6.05,-0.32,8.33,31.17
2.29,-0.77,7.82,31.22
-0.36,-0.77,9.22,31.17
1.13,-1.13,10.82,31.15
3.84,-1.33,11.05,31.19
6.47,-0.83,8.51,31.17
1.95,-1.2,7.14,31.13
-0.53,-1.64,9.45,31.15
1.11,0.64,10.8,31.15
4.88,0.59,7.84,31.18
3.87,-0.43,6.96,31.18
-4.23,-1.39,8.49,31.19
-1.98,-0.69,10.97,31.16
2.56,-0.36,10.04,31.15
1.74,0.11,7.97,31.17
3.83,-1.3,7.25,31.17
-2.6,-1.59,8.31,31.21
-1.75,-0.85,10.86,31.13
4.42,-0.62,11.43,31.17
7.44,-0.3,7.47,31.16
5.97,-0.44,5.9,31.16
0.65,0.3,6.92,31.16
1.09,0.89,10.01,31.18
4.66,0.09,10.22,31.13
6.37,0.27,7.41,31.18
6.22,-0.54,5.75,31.17
-1.48,-0.57,8.3,31.17
-1.3,0.74,9.26,31.19
4.1,0.64,9.97,31.18
4.09,0.03,7.87,31.16
3.87,0.02,6.38,31.17
-0.77,0.16,7.96,31.19
-1.69,0.42,10.57,31.19
2.24,-0.09,10.79,31.17
5.33,-0.07,7.81,31.19
3.17,-0.5,6.63,31.16
-2.57,-1.24,9.64,31.18
-1.61,-2.04,11.67,31.15
2.08,-0.27,11.24,31.17
2.59,-0.57,8.31,31.19
2.16,-1.73,8.1,31.14
-1.97,-1.13,8.6,31.15
0.92,-0.55,10.78,31.19
3.96,0.16,10.31,31.16
5.23,-0.19,7.86,31.15
2.02,-1.41,7.94,31.16
-1.52,-0.28,8.47,31.15
3.11,0.26,9.36,31.17
0.77,1.28,8.81,31.2
3.92,0.13,10.18,31.12
5.19,-0.9,7.35,31.17
1.05,-0.94,7.3,31.19
0.26,-0.45,8.95,31.2
1.26,-0.06,11.11,31.15
5.09,0.37,8.94,31.15
6.41,-1.61,7.86,31.15
2.04,-1.12,7.67,31.21
0.37,-0.31,9.49,31.18
2.74,-0.33,11.03,31.17
6.94,0.78,8.89,31.16
3.96,-0.73,7.28,31.18
0.05,-1.69,7.95,31.19
4.05,-0.59,10.85,31.19
6.08,-1.1,8.68,31.22
0.35,-1.74,8.02,31.18
-1.17,-1.67,9.58,31.17
1.17,-0.14,10.05,31.17
3.25,0.26,9.85,31.13
5.44,0.19,8.42,31.2
2.0,-0.28,7.16,31.2
-2.99,-1.49,9.65,31.21
-1.73,-0.16,10.63,31.15
2.72,-0.34,11.08,31.17
4.53,-0.62,9.94,31.18
1.07,-2.33,8.33,31.17
-2.47,-2.54,10.61,31.14
0.23,-1.64,11.21,31.14
3.32,0.79,10.34,31.17
5.68,-0.67,9.24,31.13
2.9,-1.2,7.83,31.15
-0.44,-1.43,9.23,31.14
2.79,0.18,8.93,31.22
4.03,0.71,7.75,31.17
3.33,-1.29,7.69,31.13
-3.18,-0.96,8.49,31.17
-0.91,-0.12,10.64,31.18
0.51,0.17,10.41,31.15
2.76,0.35,8.28,31.19
3.19,-1.39,7.7,31.17
-3.88,-1.35,8.69,31.14
-3.04,-0.94,10.87,31.17
1.2,0.44,10.12,31.15
2.55,-0.23,8.6,31.18
0.58,-1.14,8.11,31.15
-3.12,-1.89,9.57,31.19
-3.91,-1.14,12.17,31.13
-0.36,0.03,11.13,31.16
4.9,-0.78,8.32,31.15
1.51,-1.11,8.14,31.12
-4.3,-1.41,9.67,31.13
0.77,-1.09,11.68,31.17
3.59,-0.91,10.46,31.14
3.43,0.57,7.5,31.15
2.9,-1.6,8.18,31.13
-4.38,-0.65,8.87,31.17
-2.29,0.02,10.67,31.15
4.33,0.25,9.9,31.13
5.88,0.35,6.51,31.12
3.73,-0.12,5.64,31.14
-2.47,0.06,7.74,31.11
-1.02,-0.78,10.78,31.17
3.11,0.3,9.43,31.15
3.09,-0.49,7.72,31.12
3.68,-0.32,6.22,31.15
-0.94,-0.47,8.32,31.16
0.09,-0.43,10.46,31.13
5.37,-1.33,11.22,31.16
7.55,-0.21,6.8,31.19
5.05,-0.87,6.14,31.12
-0.73,-1.42,9.95,31.18
1.66,0.03,9.95,31.16
4.76,-0.95,10.3,31.16
6.69,-2.33,9.23,31.19
2.72,-1.55,8.51,31.17
2.57,-0.38,8.77,31.15
5.36,0.69,10.16,31.18
4.95,0.93,9.28,31.14
7.24,-0.66,7.84,31.17
2.82,-1.28,8.25,31.17
-1.32,-0.4,8.87,31.16
-0.94,-0.04,10.18,31.17
4.3,0.53,10.18,31.17
5.45,-0.91,8.07,31.2
-1.23,-1.17,7.26,31.12
-5.94,-1.49,10.51,31.17
-2.6,0.29,10.85,31.16
2.14,0.87,9.72,31.15
3.55,-2.29,8.82,31.17
-2.44,-1.12,7.2,31.16
-0.96,-1.29,10.57,31.14
0.06,-0.43,10.64,31.19
3.66,0.11,8.9,31.14
5.53,-0.67,6.7,31.19
-1.45,-0.13,7.29,31.12
-2.01,-1.96,11.03,31.2
1.69,-0.49,11.26,31.17
3.34,0.37,8.64,31.16
5.63,1.13,6.66,31.14
1.61,-0.85,6.81,31.15
-4.19,0.02,9.74,31.14
1.49,-0.01,10.51,31.12
1.87,0.5,10.18,31.14
1.04,0.42,7.13,31.18
-4.42,-1.09,7.87,31.22
-5.83,-0.55,9.81,31.17
-0.35,0.1,11.25,31.18
2.29,0.77,8.79,31.11
5.29,-1.09,7.36,31.12
-2.32,-1.45,7.83,31.14
-5.43,-1.03,10.3,31.18
0.35,0.23,10.76,31.15
3.87,-0.91,8.36,31.18
4.32,-0.09,6.9,31.12
0.66,-0.97,7.3,31.13
-2.25,1.13,9.0,31.15
-1.1,-1.09,11.71,31.17
3.58,0.48,8.49,31.15
4.92,-0.08,5.98,31.19
0.62,0.98,6.1,31.18
-3.19,-0.37,9.79,31.13
1.38,-0.21,11.29,31.16
5.14,-0.4,9.09,31.16
2.93,-1.54,7.41,31.18
-1.89,-0.51,8.45,31.13
-2.2,-1.3,11.4,31.14
1.9,-0.64,11.47,31.12
3.5,-0.29,9.13,31.15
3.71,-1.13,7.75,31.15
1.05,-0.67,8.21,31.14
-1.18,-0.56,10.13,31.19
2.82,1.08,10.13,31.15
7.33,-1.38,8.83,31.15
5.1,-0.7,6.84,31.17
2.16,-1.08,8.46,31.16
0.75,-1.87,10.24,31.17
3.36,0.51,10.39,31.15
6.02,-2.13,9.82,31.14
5.23,-0.9,7.26,31.14
3.34,-1.3,7.9,31.17
1.75,0.18,9.46,31.16
1.28,0.34,10.21,31.16
4.87,-1.06,9.63,31.17
3.69,-1.16,7.83,31.16
2.55,-1.04,9.17,31.16
-0.04,-0.6,9.55,31.16
1.81,0.07,10.97,31.16
4.23,-0.07,11.01,31.18
2.57,-1.13,7.36,31.13
4.04,-1.61,8.3,31.17
1.05,-1.02,9.37,31.19
1.0,-0.15,10.54,31.18
4.27,0.46,10.17,31.18
3.79,-0.85,8.77,31.17
1.84,-2.62,8.6,31.14
-1.08,-0.93,9.46,31.17
0.56,-0.43,11.14,31.12
4.36,-0.48,10.25,31.11
6.0,-1.36,8.04,31.2
2.73,-1.34,7.25,31.15
-0.38,-0.47,9.92,31.14
3.08,-0.63,10.4,31.17
1.69,-0.84,11.35,31.13
5.19,-0.64,10.51,31.16
5.19,-0.82,7.42,31.15
1.33,-0.66,7.63,31.17
-1.88,-1.73,10.63,31.12
1.87,-0.11,10.59,31.15
2.51,-0.4,9.35,31.17
2.78,0.04,7.35,31.18
3.12,-1.49,8.56,31.15
-0.61,-0.71,10.15,31.18
1.73,-0.01,10.63,31.18
7.19,0.06,9.63,31.18
5.89,-1.21,7.84,31.15
2.53,-0.86,8.52,31.18
3.59,-0.21,9.39,31.13
3.3,0.01,10.83,31.2
4.17,-1.0,9.46,31.16
4.6,-0.2,7.68,31.17
0.76,-0.77,7.52,31.21
-0.63,0.35,9.25,31.18
3.74,0.45,9.95,31.16
6.03,1.07,8.41,31.15
2.63,-0.69,7.89,31.16
0.66,-1.53,8.38,31.12
-0.42,0.84,9.81,31.16
2.61,0.0,10.56,31.14
5.5,0.29,9.4,31.17
2.83,-1.24,7.72,31.16
-0.26,-1.74,9.53,31.17
-0.65,-1.15,10.44,31.16
1.22,-0.44,10.82,31.14
1.06,0.26,9.44,31.16
1.35,-2.13,8.87,31.16
-1.26,-1.3,9.15,31.17
-1.78,-0.26,9.66,31.16
2.79,2.0,9.48,31.14
5.02,0.86,8.71,31.13
2.49,-0.33,7.25,31.2
-1.6,-0.71,8.55,31.17
0.1,-0.44,9.75,31.16
2.0,0.96,10.02,31.19
5.17,-0.88,10.28,31.18
2.61,-2.02,8.76,31.22
-4.26,-2.28,9.28,31.15
-3.66,-1.75,12.1,31.17
-0.53,-1.33,9.18,31.15
-0.73,-1.45,8.89,31.18
-0.24,0.02,10.43,31.14
2.8,0.71,10.35,31.19
4.78,-0.32,9.21,31.14
0.56,-1.22,7.85,31.15
-2.38,-1.51,9.84,31.17
-0.79,-0.67,11.31,31.13
0.91,0.41,10.24,31.15
3.04,-1.07,9.64,31.15
-0.28,-2.38,8.97,31.15
-2.68,-1.74,10.14,31.14
-1.63,-0.58,10.94,31.17
-0.45,0.59,10.36,31.13
3.0,-0.97,9.18,31.15
0.74,-1.42,7.87,31.18
-4.68,-1.37,9.59,31.17
-3.09,-0.07,11.63,31.19
1.77,0.21,11.74,31.17
1.72,-0.04,11.35,31.14
4.72,-0.47,9.3,31.17
2.17,-2.67,9.8,31.15
-2.98,-1.67,9.79,31.12
-0.29,-0.75,11.7,31.16
1.22,-0.6,10.97,31.14
3.56,0.45,8.32,31.16
1.87,-2.44,8.76,31.11
-2.93,-2.76,10.22,31.13
-0.16,-0.19,10.35,31.16
3.36,-0.58,10.74,31.15
3.53,-1.23,9.77,31.12
2.12,-1.48,7.84,31.18
-1.69,-1.77,10.05,31.14
-1.95,-0.43,11.6,31.17
2.54,0.55,9.48,31.16
6.19,-1.32,9.4,31.19
1.97,-1.91,8.15,31.16
-4.07,-0.75,10.21,31.2
-0.41,-0.28,11.28,31.17
-0.38,-0.13,10.45,31.18
3.09,0.56,7.83,31.13
2.93,-2.14,8.79,31.15
-3.92,-1.33,10.01,31.14
-1.2,-0.01,10.9,31.17
4.42,0.06,10.05,31.2
5.3,-0.61,7.58,31.17
3.44,-1.92,8.26,31.16
-1.77,-0.24,9.13,31.12
-1.59,-0.27,10.95,31.18
2.02,0.07,10.64,31.17
4.97,-0.47,7.79,31.17
3.07,-1.06,6.56,31.15
-2.82,0.8,8.01,31.13
0.43,-0.72,11.48,31.15
3.65,0.21,9.16,31.17
2.8,-0.82,8.17,31.19
1.77,-0.69,6.94,31.16
-2.2,-0.15,8.58,31.16
-2.51,-0.96,10.5,31.16
-1.81,0.05,11.15,31.17
3.47,-0.08,8.57,31.12
3.31,0.25,7.1,31.15
-0.5,-0.18,7.12,31.16
-4.4,0.19,9.73,31.16
0.33,-0.01,10.65,31.14
2.45,0.73,8.29,31.16
2.96,-0.8,7.27,31.17
0.0,-1.63,8.45,31.16
-4.69,-1.6,10.76,31.17
-1.13,-0.64,12.09,31.17
2.99,-1.69,10.13,31.18
4.93,-1.63,8.27,31.14
2.63,-1.5,7.95,31.17
-0.03,-0.29,9.94,31.15
3.26,0.79,10.79,31.12
6.29,-0.15,8.77,31.15
5.91,-1.74,7.58,31.12
3.24,-1.02,8.0,31.16
0.41,-1.07,11.39,31.16
1.95,0.12,10.02,31.15
4.84,0.15,10.55,31.18
5.59,-0.09,7.08,31.12
-0.56,-0.02,6.98,31.14
-2.16,-0.85,9.22,31.18
-1.38,0.02,10.53,31.15
1.79,0.72,10.19,31.13
2.83,-0.78,8.07,31.13
-2.25,-1.06,7.87,31.16
-3.94,-0.96,10.01,31.17
0.64,0.5,10.04,31.11
3.35,1.09,9.0,31.15
3.96,-0.09,7.65,31.14
-0.81,-0.87,7.11,31.17
-3.98,-0.03,9.72,31.17
-0.72,-1.01,11.7,31.15
2.9,0.06,9.39,31.18
6.48,-0.49,7.29,31.12
-0.36,-0.0,6.96,31.17
-4.5,-2.09,10.63,31.18
0.4,-0.4,10.61,31.13
2.87,-0.26,9.64,31.17
3.11,-1.36,8.54,31.17
-1.61,-2.45,8.51,31.17
-5.75,-2.15,11.05,31.17
-1.41,-0.8,11.66,31.16
2.77,0.34,9.81,31.14
3.98,0.07,8.19,31.18
-1.6,-2.81,9.05,31.25
-3.0,-1.22,10.8,31.16
2.99,0.56,11.23,31.14
4.05,-0.72,10.3,31.14
5.12,-1.92,9.04,31.12
-0.34,-2.9,9.83,31.15
-2.06,-0.8,11.25,31.15
1.81,-0.95,11.99,31.19
5.54,0.42,8.81,31.17
7.95,-0.7,6.26,31.17
2.8,-0.27,10.38,31.12
4.01,0.12,10.14,31.16
4.89,-0.18,7.39,31.19
0.33,-0.55,7.51,31.15
-2.5,-0.59,9.99,31.19
2.96,-0.28,10.98,31.17
5.94,0.11,8.44,31.12
4.8,-0.89,7.41,31.17
2.99,0.03,6.5,31.16
-1.91,-0.49,8.77,31.18
-1.56,0.67,10.05,31.16
4.61,0.91,7.95,31.14
3.83,0.83,6.29,31.15
1.68,-0.57,6.25,31.14
-4.46,-0.3,9.21,31.18
4.93,-1.39,10.36,31.19
7.92,-0.11,6.87,31.15
2.09,-0.29,6.84,31.18
-0.27,-0.45,10.84,31.17
1.4,-0.46,10.28,31.16
4.67,1.55,7.59,31.16
3.65,0.56,7.24,31.14
-1.91,-1.35,7.38,31.18
-3.51,-1.44,8.91,31.15
-2.07,-0.89,11.22,31.14
1.33,0.81,10.58,31.15
3.79,-0.51,8.43,31.14
1.72,-0.81,6.84,31.15
-3.5,-0.71,9.02,31.14
-2.39,-0.21,10.85,31.19
1.45,1.38,9.73,31.19
4.76,-0.14,7.59,31.15
1.63,-1.0,6.64,31.15
-4.61,-0.77,8.88,31.15
-1.49,-0.31,11.27,31.15
2.31,0.37,9.8,31.17
3.35,-0.99,7.91,31.15
1.19,0.22,6.3,31.14
-2.66,-1.24,8.49,31.14
0.21,0.49,10.91,31.17
4.26,-0.47,9.5,31.19
5.84,0.26,6.87,31.16
2.83,0.4,6.1,31.17
-2.33,-0.12,8.42,31.16
1.13,0.59,10.03,31.18
5.54,0.05,9.56,31.17
4.91,0.1,6.67,31.14
4.52,-0.04,6.02,31.15
-0.49,-0.49,9.19,31.15
0.53,-0.41,10.71,31.16
4.82,-1.18,10.01,31.16
3.32,0.85,6.72,31.16
0.97,-0.57,6.76,31.12
-3.06,0.26,8.94,31.17
1.58,0.07,8.11,31.17
3.59,-2.04,8.73,31.17
-2.0,-1.6,8.77,31.12
-3.04,-0.58,10.69,31.18
-0.38,-0.44,11.41,31.17
1.87,-0.35,10.91,31.16
2.44,-3.03,9.12,31.19
-2.51,-2.25,10.03,31.16
-2.68,-1.27,11.29,31.16
0.59,-0.34,11.37,31.17
4.94,-0.13,9.66,31.15
6.14,-1.45,7.99,31.18
-2.1,-0.04,8.28,31.17
-1.71,-0.41,10.55,31.12
1.97,-0.49,11.76,31.17
5.29,0.21,8.46,31.18
4.19,-0.87,7.2,31.17
-3.31,-1.86,9.02,31.16
-2.68,-0.84,11.68,31.16
-4.7,-1.07,10.33,31.13
-3.08,-0.59,11.43,31.16
-0.74,-0.12,10.85,31.17
2.88,0.15,8.88,31.13
3.43,-2.24,8.89,31.15
-3.31,-2.03,9.56,31.15
-1.7,1.21,10.08,31.18
2.79,-1.57,11.19,31.14
0.6,0.4,8.12,31.14
-0.02,-1.51,8.39,31.16
-4.13,-1.78,9.85,31.12
-4.51,-0.92,11.53,31.1
-1.05,0.22,10.64,31.17
2.62,-1.13,9.13,31.15
1.48,-0.6,7.35,31.13
-3.13,-1.24,9.06,31.12
-1.98,-1.18,11.92,31.14
2.27,-1.19,11.51,31.19
5.31,-0.63,9.53,31.17
5.71,-0.99,7.17,31.14
-1.61,-0.96,8.39,31.18
-0.13,-1.07,11.56,31.13
4.92,-0.77,11.23,31.16
5.31,-0.12,8.31,31.16
5.07,-0.76,6.74,31.12
-3.16,-0.95,9.24,31.12
-1.38,0.08,11.05,31.16
3.61,-1.06,11.68,31.14
5.42,-0.77,7.91,31.15
6.8,-0.83,6.29,31.14
1.38,-1.35,8.8,31.14
1.16,0.93,9.4,31.17
5.76,0.79,9.41,31.16
6.5,-0.26,7.18,31.12
4.68,0.14,5.56,31.14
2.22,0.3,6.88,31.13
-0.05,1.59,8.63,31.14
2.38,0.42,10.19,31.13
4.8,-1.29,8.39,31.18
-0.44,-0.31,6.62,31.16
-4.36,-0.94,8.87,31.17
-3.62,-0.89,10.79,31.14
1.97,0.34,9.91,31.17
3.23,-0.62,8.26,31.15
3.94,0.65,5.64,31.12
0.82,-0.42,6.72,31.13
-1.42,-0.16,10.64,31.15
1.53,-0.74,11.16,31.12
4.44,-0.23,7.92,31.15
3.66,-1.15,6.82,31.15
-2.4,-0.25,8.62,31.14
-1.45,-1.62,12.05,31.22
3.84,-0.43,10.18,31.17
6.09,-0.02,7.38,31.17
4.29,-1.39,7.15,31.13
-0.51,0.13,7.93,31.15
0.9,-0.69,11.17,31.14
5.94,-0.86,11.08,31.16
7.99,-0.01,7.09,31.16
-3.51,-0.85,10.09,31.12
1.25,0.0,10.56,31.16
5.69,-0.73,9.18,31.13
6.08,-1.13,7.69,31.14
2.87,-0.47,7.22,31.15
-1.57,-0.45,10.44,31.14
0.23,-0.09,11.25,31.13
6.01,-0.55,9.49,31.14
4.54,-1.43,7.53,31.14
1.6,-0.7,8.05,31.16
-0.46,-1.97,11.12,31.18
1.21,-1.63,11.57,31.15
6.91,-1.41,9.8,31.15
5.11,-0.38,6.88,31.16
0.96,-1.48,8.01,31.14
2.8,-0.12,9.5,31.11
5.5,-0.34,10.11,31.15
6.95,1.0,7.89,31.15
3.54,-1.19,7.56,31.15
-0.28,-1.13,7.95,31.12
-3.04,-0.92,9.04,31.14
-2.09,-1.24,10.88,31.17
2.01,-1.22,11.88,31.13
4.06,-0.38,8.43,31.14
3.03,-0.38,7.0,31.15
-1.47,-1.48,9.16,31.16
-2.96,-2.15,11.86,31.15
3.25,-1.44,11.95,31.17
5.69,-0.96,9.34,31.16
3.25,-0.72,7.32,31.15
0.0,-1.09,8.74,31.18
0.32,-0.48,10.15,31.16
3.32,0.63,10.29,31.12
4.98,-0.32,8.74,31.14
2.68,-0.64,7.69,31.17
1.01,-1.17,8.57,31.16
1.41,-1.27,10.2,31.17
2.47,0.04,11.0,31.19
4.71,-1.11,9.12,31.15
-3.88,-1.02,10.29,31.17
-0.66,-0.91,11.76,31.18
2.68,-1.02,11.09,31.14
3.54,-1.67,8.74,31.17
-2.1,-1.9,9.22,31.14
-1.89,-0.66,9.94,31.18
0.99,0.09,11.37,31.12
3.98,-0.65,9.67,31.17
3.85,-0.73,7.5,31.15
-3.68,-1.43,9.34,31.14
-2.65,-1.08,11.21,31.17
1.99,-0.07,11.4,31.17
3.09,0.55,7.96,31.13
2.3,-0.72,7.63,31.15
-2.67,-2.47,9.79,31.14
-1.44,-1.66,12.11,31.19
2.31,-1.27,12.27,31.13
4.93,-0.44,9.13,31.19
4.95,-2.52,8.49,31.16
-1.38,-1.16,8.83,31.13
2.05,-0.56,11.54,31.16
4.37,1.07,9.07,31.17
4.08,0.57,7.48,31.18
0.88,-1.13,7.52,31.11
-4.18,-1.07,9.44,31.13
-0.35,0.91,9.78,31.14
2.57,-0.91,10.09,31.14
3.8,0.52,7.39,31.13
0.58,-1.07,7.38,31.18
-4.72,-1.19,10.32,31.17
0.94,-0.41,11.09,31.15
3.04,-0.98,10.79,31.15
3.91,-0.73,7.44,31.18
1.34,-2.03,7.72,31.11
-3.07,-0.91,10.17,31.18
-0.93,0.04,11.64,31.17
1.38,-0.17,10.19,31.14
4.17,0.15,6.54,31.15
2.23,-0.38,6.17,31.14
-1.87,-0.85,8.2,31.09
-4.9,0.71,10.21,31.15
4.03,-1.15,11.1,31.18
5.58,-1.16,8.45,31.15
3.95,-1.01,7.21,31.14
1.52,-1.11,8.36,31.15
-2.83,-0.65,10.39,31.15
1.78,-1.36,11.55,31.16
6.92,-0.5,9.85,31.14
7.19,-2.18,7.37,31.12
1.2,-0.12,7.83,31.14
-0.41,-1.83,11.0,31.14
3.46,-0.26,11.31,31.14
7.06,-0.21,8.93,31.12
4.83,-1.18,7.97,31.16
1.17,-1.49,8.67,31.17
-1.68,-0.26,9.51,31.15
3.11,0.68,10.41,31.2
6.22,-0.45,9.31,31.21
4.92,-0.1,7.21,31.17
0.83,-0.14,11.09,31.12
4.9,-1.39,11.29,31.16
5.14,-0.42,8.31,31.13
3.27,-0.67,6.99,31.17
2.01,-1.03,8.66,31.14
2.08,-0.35,10.09,31.11
6.18,-0.02,9.93,31.14
7.91,-1.43,8.77,31.12
4.53,-0.43,6.8,31.15
2.04,-0.76,7.12,31.12
0.36,-0.27,10.58,31.13
5.55,0.74,9.92,31.12
8.64,-0.14,8.03,31.11
3.33,-1.87,8.17,31.1
-0.49,-1.7,9.44,31.17
0.91,-1.58,11.15,31.12
6.37,0.39,10.12,31.19
9.46,-0.7,8.15,31.15
-1.66,-1.46,8.62,31.16
3.99,0.08,6.55,31.15
1.68,-0.67,7.04,31.17
-6.68,-1.46,9.51,31.17
-3.55,-1.08,12.14,31.15
1.83,-0.57,10.72,31.14
1.67,0.63,7.5,31.18
2.04,-0.85,7.93,31.16
-0.27,-1.38,9.43,31.16
0.99,-0.53,11.51,31.16
7.39,-0.76,10.53,31.1
6.61,-0.08,7.11,31.14
2.33,-0.76,6.76,31.14
0.39,-0.31,8.64,31.15
3.2,-0.31,11.14,31.16
6.03,1.03,8.42,31.16
5.77,0.31,7.25,31.16
3.31,-1.37,7.61,31.17
-0.14,-0.8,8.93,31.18
1.8,0.58,9.47,31.16
4.94,0.43,8.71,31.14
4.91,-0.76,10.55,31.14
2.08,-1.73,8.77,31.18
-1.22,-1.33,8.6,31.14
-0.75,-0.81,9.24,31.14
0.98,-0.39,11.13,31.19
3.35,-0.97,10.56,31.16
2.0,-1.3,8.65,31.18
-1.39,-1.59,8.49,31.17
-3.06,-1.04,10.54,31.14
0.37,-0.73,11.02,31.17
5.71,-0.77,10.14,31.15
3.5,-1.55,8.43,31.15
-2.04,-1.76,8.97,31.14
0.34,-0.73,10.82,31.14
3.67,0.2,10.1,31.15
4.84,0.11,9.51,31.2
2.38,-2.27,9.13,31.17
-1.73,-1.94,9.43,31.18
-2.76,-0.36,11.05,31.19
0.2,-1.56,7.95,31.16
0.74,-0.09,9.27,31.13
3.27,-1.27,11.94,31.16
5.34,0.64,8.6,31.18
3.16,-0.65,7.6,31.18
-1.64,-1.88,8.94,31.17
-1.79,-0.39,9.53,31.18
1.41,-1.04,11.69,31.15
4.77,-0.07,9.26,31.19
3.63,-1.47,8.3,31.13
-1.13,-1.42,8.9,31.13
-2.41,-0.72,10.23,31.15
3.33,0.45,10.23,31.15
6.07,-1.1,9.73,31.2
5.19,-1.2,8.97,31.18
-3.12,-1.63,8.62,31.12
-2.18,-0.44,9.38,31.19
0.4,-0.75,12.09,31.16
4.41,-1.17,11.34,31.15
7.66,-1.12,8.1,31.18
5.17,-0.12,9.42,31.17
4.49,0.08,8.53,31.16
3.38,-0.57,6.81,31.18
-2.5,-1.71,9.78,31.17
-2.74,-0.51,11.63,31.13
2.28,0.37,9.56,31.15
2.91,0.34,8.34,31.14
0.67,-1.28,7.81,31.19
-5.39,-1.94,10.03,31.14
-1.46,0.6,10.14,31.16
1.69,-0.85,11.05,31.12
2.53,1.05,7.41,31.12
2.44,-0.56,7.01,31.15
-3.3,-1.21,9.2,31.13
-1.65,-0.89,11.14,31.13
3.3,0.23,10.04,31.17
3.58,-0.4,8.35,31.16
1.42,-0.79,6.79,31.12
-4.17,-0.43,8.68,31.18
-1.73,-0.45,11.48,31.16
2.53,0.42,9.12,31.15
3.09,-0.01,7.21,31.12
3.15,-0.02,6.41,31.16
-1.53,1.33,7.26,31.14
-0.32,0.19,9.81,31.12
3.88,1.08,8.67,31.14
4.76,-0.09,6.82,31.14
0.82,-0.9,7.65,31.17
-3.04,-0.28,9.34,31.13
-0.02,0.06,10.9,31.15
1.93,-1.06,10.94,31.12
4.45,-1.59,8.59,31.18
3.34,-1.05,7.42,31.15
-1.89,-0.74,9.78,31.16
1.23,-1.16,12.36,31.17
5.69,-1.3,10.44,31.17
6.28,-0.56,7.52,31.11
3.67,-2.38,8.4,31.16
-0.14,-0.16,9.18,31.13
0.88,-0.35,10.82,31.15
3.73,-0.24,9.45,31.15
3.11,-0.83,7.99,31.14
0.74,-1.26,8.02,31.16
0.09,-0.99,9.98,31.13
0.19,-0.36,11.38,31.13
5.27,-0.07,8.96,31.13
4.74,-0.77,8.07,31.15
-0.83,-1.32,8.09,31.17
0.35,-0.44,9.55,31.13
2.75,-0.14,10.33,31.17
4.74,0.11,9.3,31.14
1.82,-0.64,7.29,31.19
-0.29,-1.84,8.93,31.16
-2.02,-0.73,10.77,31.14
0.81,-0.79,11.67,31.17
-2.86,-1.34,9.1,31.14
-3.24,-0.46,11.32,31.16
1.43,-0.75,10.89,31.13
3.52,-0.14,8.08,31.15
1.94,-0.38,6.8,31.15
-2.87,-0.77,8.6,31.12
-2.07,-0.31,11.2,31.14
4.68,-0.92,10.84,31.14
6.31,0.07,6.8,31.17
1.64,-0.31,6.81,31.14
-2.5,-1.08,8.67,31.16
-0.79,-0.6,11.36,31.15
2.11,0.0,9.82,31.14
3.78,0.39,7.05,31.12
1.39,-0.15,7.51,31.14
-5.67,-0.97,9.11,31.19
-0.24,0.11,10.68,31.12
4.1,-0.47,9.77,31.11
2.33,1.03,7.71,31.12
3.06,-0.39,6.91,31.17
-2.91,-0.84,9.37,31.17
-0.11,0.38,10.65,31.14
6.24,-0.41,10.68,31.11
4.46,-1.59,9.05,31.16
1.59,-0.05,6.53,31.13
-1.37,-0.56,8.03,31.19
-1.74,-0.63,11.77,31.15
3.49,-1.52,11.29,31.17
7.81,0.46,7.85,31.16
1.96,-1.78,6.79,31.16
-1.37,-0.02,7.52,31.14
0.31,-0.46,9.74,31.07
2.82,0.61,10.22,31.15
4.5,-0.19,9.2,31.18
7.55,-1.04,9.12,31.19
5.23,-0.75,6.89,31.15
-1.57,-0.86,9.16,31.17
1.31,-1.5,11.09,31.13
2.98,0.04,9.57,31.17
5.65,0.36,7.42,31.17
3.73,-1.28,8.02,31.13
-2.42,-0.03,8.65,31.17
0.49,-0.33,9.82,31.17
1.43,0.59,9.42,31.17
3.91,-0.02,7.63,31.14
2.94,0.5,5.91,31.14
-2.41,1.13,6.67,31.17
-2.57,-0.23,10.77,31.16
3.27,0.17,10.26,31.14
4.92,-0.79,8.15,31.13
2.83,-0.47,6.62,31.15
-3.27,-1.38,9.5,31.15
-0.02,-1.38,11.88,31.16
3.41,-0.65,9.77,31.14
3.99,-0.79,8.09,31.18
2.78,-0.51,7.89,31.17
-2.72,-0.74,9.26,31.18
-0.46,-0.68,11.71,31.15
2.71,-0.08,9.52,31.19
3.96,-0.39,7.26,31.18
1.7,-0.83,7.76,31.16
-2.77,-1.46,10.56,31.15
1.73,-0.96,10.76,31.17
4.3,-0.72,9.21,31.18
5.92,-0.13,8.02,31.13
5.25,-1.25,7.64,31.14
0.45,-0.73,9.11,31.17
2.89,0.5,10.15,31.13
6.61,-0.32,8.88,31.17
4.6,0.17,6.58,31.18
3.48,-0.8,7.21,31.15
0.53,-0.08,9.21,31.21
1.56,0.48,10.75,31.16
5.27,-0.34,10.06,31.13
5.56,-1.09,7.64,31.14
-2.24,-0.11,9.84,31.15
2.09,0.11,10.3,31.19
6.23,-0.07,7.71,31.17
4.65,0.07,7.07,31.18
3.63,-0.36,6.81,31.2
-1.91,0.85,8.35,31.2
0.83,0.83,9.85,31.16
4.08,-0.54,9.63,31.17
5.82,-0.62,7.62,31.15
4.13,-1.07,7.38,31.17
-1.33,-0.08,9.1,31.17
0.67,-0.53,10.76,31.18
6.03,-0.34,9.34,31.19
8.24,0.16,7.3,31.16
3.15,-1.37,8.53,31.19
-0.53,0.18,8.7,31.15
2.01,-0.71,10.54,31.18
3.53,0.02,9.28,31.17
5.01,-0.08,6.99,31.15
5.28,-1.36,9.44,31.19
3.94,-0.93,7.78,31.16
1.62,-1.37,8.47,31.16
-1.76,-1.47,10.29,31.17
2.23,-0.93,11.16,31.12
4.71,-1.3,10.08,31.16
3.16,-1.32,7.07,31.16
-1.73,-1.37,9.03,31.17
-3.03,-1.2,11.34,31.21
1.41,0.27,10.6,31.19
5.48,-0.18,9.28,31.16
4.72,-1.2,8.0,31.15
-2.49,-1.1,9.15,31.13
-1.41,-0.54,10.27,31.14
-0.22,-0.02,11.34,31.16
3.34,-0.02,8.8,31.11
3.68,-1.75,8.87,31.14
-3.02,-1.64,9.79,31.16
-2.03,-1.43,10.71,31.15
-0.13,0.43,10.41,31.18
7.17,-1.25,6.83,31.16
2.92,-0.9,8.12,31.15
1.62,-0.44,9.55,31.17
3.38,-0.37,10.59,31.16
7.23,-1.08,9.15,31.18
4.22,-0.36,6.77,31.18
2.54,-1.08,8.82,31.17
1.89,-0.98,10.48,31.19
3.82,0.74,9.76,31.13
7.06,-0.88,9.03,31.18
2.38,-1.7,8.38,31.17
-1.77,-0.83,8.72,31.16
-1.74,0.04,10.47,31.16
1.05,-0.58,11.42,31.2
5.31,0.17,8.28,31.19
1.24,-1.04,8.31,31.17
-3.0,-1.26,9.27,31.18
-2.68,0.12,10.55,31.14
-0.96,-0.12,10.14,31.17
1.76,-0.4,9.2,31.17
-0.34,-0.72,8.69,31.18
-2.76,-1.45,10.13,31.13
-3.69,-0.09,10.73,31.15
0.27,0.08,9.32,31.15
5.19,-1.3,9.65,31.18
2.82,-3.17,9.46,31.16
0.36,-1.13,10.18,31.17
1.58,-1.07,10.76,31.18
3.08,-0.76,10.89,31.17
6.79,-0.05,8.26,31.18
4.69,-1.19,7.18,31.19
-4.1,-1.64,10.53,31.18
-0.45,-0.37,10.6,31.17
2.81,-0.76,10.01,31.19
5.15,-0.04,7.92,31.14
4.25,-0.93,7.66,31.18
-1.28,0.43,8.7,31.16
-2.47,-0.24,10.27,31.18
0.71,-0.56,10.76,31.17
3.73,0.51,8.4,31.17
1.18,-0.71,6.8,31.17
6.79,0.8,6.8,31.24
5.83,-1.1,7.47,31.25
-1.52,-0.61,8.91,31.21
2.23,-0.96,10.71,31.2
1.8,-0.74,9.67,31.2
1.3,2.18,6.79,31.21
2.73,-0.97,7.81,31.16
-3.53,-1.53,9.57,31.2
-2.8,-1.45,11.89,31.22
0.39,-0.76,10.06,31.21
1.51,-0.62,9.0,31.21
1.44,-0.68,7.54,31.22
-5.21,-0.32,9.15,31.21
-3.22,-1.61,11.86,31.19
-1.47,-0.78,11.43,31.26
1.2,1.49,8.4,31.25
1.84,-1.21,7.26,31.26
-6.1,-1.2,9.38,31.23
-4.33,-1.65,11.52,31.22
0.57,0.54,10.45,31.21
0.92,-0.3,9.15,31.2
2.51,-0.64,7.3,31.21
-2.79,-1.82,10.46,31.22
-1.49,-1.37,11.68,31.2
2.81,-0.81,9.99,31.26
4.91,0.46,7.35,31.2
5.03,-1.23,7.41,31.27
-2.16,-0.43,9.26,31.2
0.51,0.08,9.85,31.24
2.81,0.32,8.96,31.18
3.1,0.21,7.33,31.22
3.56,-0.3,7.09,31.21
-1.24,-0.85,7.66,31.23
-5.74,-0.5,10.75,31.16
-2.13,-0.74,11.0,31.19
0.98,0.56,9.01,31.22
2.52,-1.42,7.43,31.22
0.81,-1.04,7.22,31.21
-2.72,-1.03,9.95,31.26
1.28,-0.87,11.18,31.17
0.71,-0.1,10.27,31.19
3.65,-0.19,10.34,31.2
5.98,-1.68,9.23,31.24
1.91,-1.8,7.96,31.19
-2.04,-1.22,9.94,31.2
-2.59,-0.65,10.59,31.26
0.21,-0.19,10.86,31.23
3.6,-1.21,9.05,31.23
0.75,-0.6,6.96,31.17
-2.12,-0.83,10.35,31.19
-0.59,-1.3,11.35,31.27
2.56,0.18,9.73,31.25
6.26,-0.65,8.58,31.24
1.83,-1.24,8.62,31.23
-1.81,-0.79,9.75,31.17
0.44,-1.56,10.57,31.17
0.65,0.24,11.31,31.23
4.72,-1.26,8.95,31.22
4.2,-0.85,7.58,31.2
-3.06,-1.26,10.07,31.22
0.56,-1.29,11.6,31.23
3.1,-0.74,7.27,31.22
2.39,-1.41,7.63,31.2
-0.84,-0.96,9.16,31.21
-1.84,-0.23,10.53,31.25
2.04,-0.08,10.07,31.22
5.91,-1.08,7.71,31.23
3.38,-0.17,6.48,31.19
0.39,0.43,8.56,31.22
-0.89,-0.39,10.6,31.23
3.03,0.46,9.61,31.22
6.06,-1.85,8.69,31.21
5.86,-1.79,7.85,31.21
1.39,-0.68,9.39,31.15
1.82,-0.63,9.87,31.19
5.14,-0.08,9.99,31.25
6.25,-1.14,8.17,31.22
2.63,-1.72,7.81,31.21
-0.63,-0.86,8.95,31.19
0.6,-0.75,11.06,31.2
